Assume you are a 25-year-old single man; and there is a 25-year-old woman who is courting you. Your career type is tech professional. You evaluated her on six dimensions with scores out of 10. These are attractiveness: 8.0/10; sincerity: 10.0/10; intelligence: 9.0/10; being funny: 9.0/10; ambition: 8.0/10; shared interests: 4.0/10. Your importance weights for these attributes are: attractiveness: 25.0; sincerity: 20.0; intelligence: 25.0; being funny: 20.0; ambition: 10.0; shared interests: 0.0. Would you be willing to date this woman? And also tell me the reason. Your answer must be (YES) or (NO) followed by your reason. You must FOLLOW THIS RULE! You MUST NOT SAY other words.,YES; because the overall evaluation based on your weighted priorities shows high scores in the areas you find most important; and shared interests; which score low; are not weighted by you at all.,25,40,,1
Assume you are a 22-year-old woman with career type Speech Language Pathologist; currently matched with a partner. Your current partner's scores (out of 10): attractiveness: 8.0/10; sincerity: 10.0/10; intelligence: 9.0/10; being funny: 9.0/10; ambition: 8.0/10; shared interests: 4.0/10. A new man is courting you with scores: attractiveness: 2.0/10; sincerity: 6.0/10; intelligence: 6.0/10; being funny: 6.0/10; ambition: 6.0/10; shared interests: nan/10. Your importance weights are: attractiveness: 17.0; sincerity: 10.0; intelligence: 18.0; being funny: 20.0; ambition: 25.0; shared interests: 10.0. Would you leave your current partner for the new man? Your answer must be (YES) or (NO) followed by your reason. You must FOLLOW THIS RULE! You MUST NOT SAY other words.,NO; because your current partner scores significantly higher in sincerity; intelligence; ambition; and being funny; which are highly weighted in your importance scale.,40,27,25,0
Assume you are a 25-year-old single man; and there is a 27-year-old woman who is courting you. Your career type is Entrepreneur. You evaluated her on six dimensions with scores out of 10. These are attractiveness: 7.0/10; sincerity: 8.0/10; intelligence: 7.0/10; being funny: 7.0/10; ambition: 7.0/10; shared interests: nan/10. Your importance weights for these attributes are: attractiveness: 20.0; sincerity: 20.0; intelligence: 20.0; being funny: 20.0; ambition: 5.0; shared interests: 15.0. Would you be willing to date this woman? And also tell me the reason. Your answer must be (YES) or (NO) followed by your reason. You must FOLLOW THIS RULE! You MUST NOT SAY other words.,YES; because she has strong scores in key attributes that are important to you and weights for shared interests can be flexible as you potentially discover commonalities over time.,22,49,,1
Assume you are a 21-year-old single woman; and there is a 26-year-old man who is courting you. Your career type is Banking. You evaluated him on six dimensions with scores out of 10. These are attractiveness: 9.0/10; sincerity: 8.0/10; intelligence: 9.0/10; being funny: 7.0/10; ambition: 8.0/10; shared interests: nan/10. Your importance weights for these attributes are: attractiveness: 30.0; sincerity: 5.0; intelligence: 30.0; being funny: 15.0; ambition: 15.0; shared interests: 5.0. Would you be willing to date this man? And also tell me the reason. Your answer must be (YES) or (NO) followed by your reason. You must FOLLOW THIS RULE! You MUST NOT SAY other words.,YES; because his high scores in key attributes like attractiveness; intelligence; and ambition align well with the high importance you place on these factors; suggesting a strong potential match despite the unknown shared interests.,46,34,,1
Assume you are a 28-year-old man with career type consulting; currently matched with a partner. Your current partner's scores (out of 10): attractiveness: 7.0/10; sincerity: 8.0/10; intelligence: 9.0/10; being funny: 6.0/10; ambition: 8.0/10; shared interests: 5.0/10. A new woman is courting you with scores: attractiveness: 8.0/10; sincerity: 9.0/10; intelligence: 9.0/10; being funny: 9.0/10; ambition: 7.0/10; shared interests: 5.0/10. Your importance weights are: attractiveness: 40.0; sincerity: 20.0; intelligence: 20.0; being funny: 20.0; ambition: 0.0; shared interests: 0.0. Would you leave your current partner for the new woman? Your answer must be (YES) or (NO) followed by your reason. You must FOLLOW THIS RULE! You MUST NOT SAY other words.,NO; because based on your weighted importance of attributes; the total weighted scores of your current partner (28.2) and the new woman (28.4) are very close; implying that the potential increase in satisfaction might not be worth the risks and ethical implications of leaving a committed relationship.,25,54,40,0
Assume you are a 22-year-old single man; and there is a 23-year-old woman who is courting you. Your career type is Music production. You evaluated her on six dimensions with scores out of 10. These are attractiveness: 9.0/10; sincerity: 8.0/10; intelligence: 7.0/10; being funny: 9.0/10; ambition: nan/10; shared interests: 8.0/10. Your importance weights for these attributes are: attractiveness: 30.0; sincerity: 15.0; intelligence: 25.0; being funny: 25.0; ambition: 5.0; shared interests: 0.0. Would you be willing to date this woman? And also tell me the reason. Your answer must be (YES) or (NO) followed by your reason. You must FOLLOW THIS RULE! You MUST NOT SAY other words.,YES; because despite the missing value for ambition; the high scores in key areas such as attractiveness; sincerity; intelligence; and being funny; weighted heavily according to your priorities; suggest a strong potential compatibility.,26,48,,1
Assume you are a 21-year-old woman with career type Undecided; currently matched with a partner. Your current partner's scores (out of 10): attractiveness: 7.0/10; sincerity: 8.0/10; intelligence: 7.0/10; being funny: 7.0/10; ambition: 7.0/10; shared interests: nan/10. A new man is courting you with scores: attractiveness: 9.0/10; sincerity: 9.0/10; intelligence: 10.0/10; being funny: 9.0/10; ambition: 9.0/10; shared interests: 8.0/10. Your importance weights are: attractiveness: 12.0; sincerity: 18.0; intelligence: 20.0; being funny: 16.0; ambition: 16.0; shared interests: 18.0. Would you leave your current partner for the new man? Your answer must be (YES) or (NO) followed by your reason. You must FOLLOW THIS RULE! You MUST NOT SAY other words.,YES; because the new man has significantly higher scores in all categories; which align with your higher importance weights; suggesting a potentially more fulfilling relationship based on your stated preferences.,49,21,22,1
Assume you are a 24-year-old woman with career type lawyer; currently matched with a partner. Your current partner's scores (out of 10): attractiveness: 8.0/10; sincerity: 10.0/10; intelligence: 9.0/10; being funny: 9.0/10; ambition: 8.0/10; shared interests: 4.0/10. A new man is courting you with scores: attractiveness: 6.0/10; sincerity: 7.0/10; intelligence: 9.0/10; being funny: 9.0/10; ambition: 9.0/10; shared interests: 8.0/10. Your importance weights are: attractiveness: 20.0; sincerity: 20.0; intelligence: 20.0; being funny: 15.0; ambition: 15.0; shared interests: 10.0. Would you leave your current partner for the new man? Your answer must be (YES) or (NO) followed by your reason. You must FOLLOW THIS RULE! You MUST NOT SAY other words.,NO; because your current partner has higher scores in areas of high importance to you; like attractiveness; sincerity; and intelligence; which align well with your weighted priorities.,40,39,25,0
Assume you are a 30-year-old single woman; and there is a 21-year-old man who is courting you. Your career type is Clidren's TV. You evaluated him on six dimensions with scores out of 10. These are attractiveness: 9.0/10; sincerity: 9.0/10; intelligence: 8.0/10; being funny: 9.0/10; ambition: 7.0/10; shared interests: 9.0/10. Your importance weights for these attributes are: attractiveness: 30.0; sincerity: 20.0; intelligence: 30.0; being funny: 10.0; ambition: 0.0; shared interests: 10.0. Would you be willing to date this man? And also tell me the reason. Your answer must be (YES) or (NO) followed by your reason. You must FOLLOW THIS RULE! You MUST NOT SAY other words.,YES; because based on your weighted evaluation; he scores highly on the dimensions that are most important to you; indicating a strong potential match.,52,33,,1
Assume you are a 23-year-old single man; and there is a 23-year-old woman who is courting you. Your career type is LAWYER. You evaluated her on six dimensions with scores out of 10. These are attractiveness: 7.0/10; sincerity: 9.0/10; intelligence: 10.0/10; being funny: 10.0/10; ambition: 10.0/10; shared interests: 10.0/10. Your importance weights for these attributes are: attractiveness: 20.0; sincerity: 25.0; intelligence: 25.0; being funny: 10.0; ambition: 10.0; shared interests: 10.0. Would you be willing to date this woman? And also tell me the reason. Your answer must be (YES) or (NO) followed by your reason. You must FOLLOW THIS RULE! You MUST NOT SAY other words.,YES; because her overall score aligns well with your weighted importance on sincerity; intelligence; being funny; ambition; and shared interests; indicating a strong compatibility despite a slightly lower score in attractiveness.,30,55,,1
Assume you are a 23-year-old single man; and there is a 27-year-old woman who is courting you. Your career type is Law. You evaluated her on six dimensions with scores out of 10. These are attractiveness: 8.0/10; sincerity: 7.0/10; intelligence: 7.0/10; being funny: 9.0/10; ambition: 5.0/10; shared interests: 4.0/10. Your importance weights for these attributes are: attractiveness: 25.0; sincerity: 10.0; intelligence: 35.0; being funny: 15.0; ambition: 0.0; shared interests: 15.0. Would you be willing to date this woman? And also tell me the reason. Your answer must be (YES) or (NO) followed by your reason. You must FOLLOW THIS RULE! You MUST NOT SAY other words.,YES; because the weighted average based on your importance weights suggests that her scores align well with what you value most (attractiveness and intelligence); outweighing the areas of lesser importance to you (ambition and shared interests).,32,51,,1
Assume you are a 21-year-old woman with career type psychologist; currently matched with a partner. Your current partner's scores (out of 10): attractiveness: 8.0/10; sincerity: 10.0/10; intelligence: 9.0/10; being funny: 9.0/10; ambition: 8.0/10; shared interests: 4.0/10. A new man is courting you with scores: attractiveness: 5.0/10; sincerity: 7.0/10; intelligence: 6.0/10; being funny: 6.0/10; ambition: 6.0/10; shared interests: 7.0/10. Your importance weights are: attractiveness: 10.0; sincerity: 20.0; intelligence: 40.0; being funny: 10.0; ambition: 10.0; shared interests: 10.0. Would you leave your current partner for the new man? Your answer must be (YES) or (NO) followed by your reason. You must FOLLOW THIS RULE! You MUST NOT SAY other words.,NO; because your current partner has higher scores in key weighted areas such as intelligence; sincerity; and is generally better aligned with your weighted priorities compared to the new man.,40,23,25,0
Assume you are a 28-year-old single man; and there is a 22-year-old woman who is courting you. Your career type is consulting. You evaluated her on six dimensions with scores out of 10. These are attractiveness: 9.0/10; sincerity: 9.0/10; intelligence: 8.0/10; being funny: 9.0/10; ambition: 8.0/10; shared interests: 7.0/10. Your importance weights for these attributes are: attractiveness: 40.0; sincerity: 20.0; intelligence: 20.0; being funny: 20.0; ambition: 0.0; shared interests: 0.0. Would you be willing to date this woman? And also tell me the reason. Your answer must be (YES) or (NO) followed by your reason. You must FOLLOW THIS RULE! You MUST NOT SAY other words.,YES; because her scores are high on the attributes you prioritize most heavily; indicating a strong compatibility based on your valued criteria.,27,54,,1
Assume you are a 24-year-old woman with career type law; currently matched with a partner. Your current partner's scores (out of 10): attractiveness: 7.0/10; sincerity: 9.0/10; intelligence: 10.0/10; being funny: 10.0/10; ambition: 10.0/10; shared interests: 10.0/10. A new man is courting you with scores: attractiveness: 9.0/10; sincerity: 8.0/10; intelligence: 7.0/10; being funny: 10.0/10; ambition: 9.0/10; shared interests: 8.0/10. Your importance weights are: attractiveness: 35.0; sincerity: 10.0; intelligence: 20.0; being funny: 20.0; ambition: 10.0; shared interests: 5.0. Would you leave your current partner for the new man? Your answer must be (YES) or (NO) followed by your reason. You must FOLLOW THIS RULE! You MUST NOT SAY other words.,NO; because your current partner scores higher in sincerity; intelligence; ambition; and shared interests which are important aspects of a lasting relationship; outweighing the higher attractiveness score of the new man.,55,31,30,0
Assume you are a 24-year-old woman with career type law; currently matched with a partner. Your current partner's scores (out of 10): attractiveness: 7.0/10; sincerity: 7.0/10; intelligence: 7.0/10; being funny: 9.0/10; ambition: 8.0/10; shared interests: 7.0/10. A new man is courting you with scores: attractiveness: 9.0/10; sincerity: 6.0/10; intelligence: 7.0/10; being funny: 7.0/10; ambition: 6.0/10; shared interests: 5.0/10. Your importance weights are: attractiveness: 35.0; sincerity: 10.0; intelligence: 20.0; being funny: 20.0; ambition: 10.0; shared interests: 5.0. Would you leave your current partner for the new man? Your answer must be (YES) or (NO) followed by your reason. You must FOLLOW THIS RULE! You MUST NOT SAY other words.,NO; because the overall weighted scores suggest your current partner aligns better with your priorities and values in a relationship.,46,31,34,0
Assume you are a 25-year-old woman with career type Capital Markets; currently matched with a partner. Your current partner's scores (out of 10): attractiveness: 6.0/10; sincerity: 7.0/10; intelligence: 8.0/10; being funny: 4.0/10; ambition: 6.0/10; shared interests: 4.0/10. A new man is courting you with scores: attractiveness: 7.0/10; sincerity: 9.0/10; intelligence: 9.0/10; being funny: 9.0/10; ambition: 9.0/10; shared interests: 10.0/10. Your importance weights are: attractiveness: 20.0; sincerity: 23.0; intelligence: 23.0; being funny: 22.0; ambition: 7.0; shared interests: 5.0. Would you leave your current partner for the new man? Your answer must be (YES) or (NO) followed by your reason. You must FOLLOW THIS RULE! You MUST NOT SAY other words.,YES. Based on your weighted importance of each attribute; the new man scores consistently higher in categories you value; indicating a potentially more compatible and satisfying partnership.,49,35,21,1
Assume you are a 24-year-old single man; and there is a 21-year-old woman who is courting you. Your career type is Academic. You evaluated her on six dimensions with scores out of 10. These are attractiveness: 4.0/10; sincerity: 5.0/10; intelligence: 6.0/10; being funny: 4.0/10; ambition: 6.0/10; shared interests: 2.0/10. Your importance weights for these attributes are: attractiveness: 25.0; sincerity: 35.0; intelligence: 30.0; being funny: 10.0; ambition: 0.0; shared interests: 0.0. Would you be willing to date this woman? And also tell me the reason. Your answer must be (YES) or (NO) followed by your reason. You must FOLLOW THIS RULE! You MUST NOT SAY other words.,NO; the woman's attributes and scores are generally low according to your specific importance weights and the dimensions you value highly; such as sincerity and intelligence; do not meet your expectations.,21,43,,0
Assume you are a 23-year-old woman with career type law; currently matched with a partner. Your current partner's scores (out of 10): attractiveness: 8.0/10; sincerity: 8.0/10; intelligence: 10.0/10; being funny: 5.0/10; ambition: 6.0/10; shared interests: 5.0/10. A new man is courting you with scores: attractiveness: 9.0/10; sincerity: 9.0/10; intelligence: 9.0/10; being funny: 8.0/10; ambition: 5.0/10; shared interests: 3.0/10. Your importance weights are: attractiveness: 50.0; sincerity: 10.0; intelligence: 20.0; being funny: 10.0; ambition: 10.0; shared interests: 0.0. Would you leave your current partner for the new man? Your answer must be (YES) or (NO) followed by your reason. You must FOLLOW THIS RULE! You MUST NOT SAY other words.,NO; because your current partner scores higher in ambition and matches your weighted priorities more closely; especially in intelligence; which is very important to you.,49,38,35,0
Assume you are a 24-year-old single man; and there is a 21-year-old woman who is courting you. Your career type is academia. You evaluated her on six dimensions with scores out of 10. These are attractiveness: 6.0/10; sincerity: 7.0/10; intelligence: 8.0/10; being funny: 6.0/10; ambition: 7.0/10; shared interests: 7.0/10. Your importance weights for these attributes are: attractiveness: 25.0; sincerity: 15.0; intelligence: 25.0; being funny: 25.0; ambition: 15.0; shared interests: 15.0. Would you be willing to date this woman? And also tell me the reason. Your answer must be (YES) or (NO) followed by your reason. You must FOLLOW THIS RULE! You MUST NOT SAY other words.,YES; because her scores are generally good in the areas you value most (intelligence; being funny); align well with your weighted priorities; and she meets your expectations in sincerity; ambition; and shared interests; forming a strong overall compatibility.,21,44,,1
Assume you are a 24-year-old man with career type Academic; currently matched with a partner. Your current partner's scores (out of 10): attractiveness: 7.0/10; sincerity: 8.0/10; intelligence: 9.0/10; being funny: 6.0/10; ambition: 8.0/10; shared interests: 5.0/10. A new woman is courting you with scores: attractiveness: 8.0/10; sincerity: 5.0/10; intelligence: 6.0/10; being funny: 6.0/10; ambition: 5.0/10; shared interests: 1.0/10. Your importance weights are: attractiveness: 25.0; sincerity: 35.0; intelligence: 30.0; being funny: 10.0; ambition: 0.0; shared interests: 0.0. Would you leave your current partner for the new woman? Your answer must be (YES) or (NO) followed by your reason. You must FOLLOW THIS RULE! You MUST NOT SAY other words.,NO because the current partner scores higher overall in sincerity and intelligence; which are highly weighted in your importance criteria; indicating a better overall match based on your values.,25,43,40,0
Assume you are a 27-year-old woman with career type Organizational Change Consultant; currently matched with a partner. Your current partner's scores (out of 10): attractiveness: 6.0/10; sincerity: 7.0/10; intelligence: 8.0/10; being funny: 6.0/10; ambition: 7.0/10; shared interests: 7.0/10. A new man is courting you with scores: attractiveness: 7.0/10; sincerity: 6.0/10; intelligence: 8.0/10; being funny: 6.0/10; ambition: 9.0/10; shared interests: 6.0/10. Your importance weights are: attractiveness: 10.0; sincerity: 10.0; intelligence: 30.0; being funny: 25.0; ambition: 10.0; shared interests: 15.0. Would you leave your current partner for the new man? Your answer must be (YES) or (NO) followed by your reason. You must FOLLOW THIS RULE! You MUST NOT SAY other words.,NO; because your current partner scores higher overall when considering your weighted importance values for each attribute.,44,37,21,0
Assume you are a 21-year-old single woman; and there is a 24-year-old man who is courting you. Your career type is psychologist. You evaluated him on six dimensions with scores out of 10. These are attractiveness: 5.0/10; sincerity: 7.0/10; intelligence: 8.0/10; being funny: 6.0/10; ambition: 6.0/10; shared interests: 7.0/10. Your importance weights for these attributes are: attractiveness: 10.0; sincerity: 20.0; intelligence: 40.0; being funny: 10.0; ambition: 10.0; shared interests: 10.0. Would you be willing to date this man? And also tell me the reason. Your answer must be (YES) or (NO) followed by your reason. You must FOLLOW THIS RULE! You MUST NOT SAY other words.,YES; because his intelligence aligns well with your highest priority; and other scores are reasonably compatible with your values and interests.,43,23,,1
Assume you are a 23-year-old woman with career type law; currently matched with a partner. Your current partner's scores (out of 10): attractiveness: 9.0/10; sincerity: 9.0/10; intelligence: 8.0/10; being funny: 9.0/10; ambition: 8.0/10; shared interests: 7.0/10. A new man is courting you with scores: attractiveness: 3.0/10; sincerity: 9.0/10; intelligence: 9.0/10; being funny: 5.0/10; ambition: 9.0/10; shared interests: 5.0/10. Your importance weights are: attractiveness: 50.0; sincerity: 10.0; intelligence: 20.0; being funny: 10.0; ambition: 10.0; shared interests: 0.0. Would you leave your current partner for the new man? Your answer must be (YES) or (NO) followed by your reason. You must FOLLOW THIS RULE! You MUST NOT SAY other words.,NO; because based on your weighted scores; your current partner has higher overall compatibility based on your stated preferences; especially in attractiveness which is your most valued trait.,54,38,27,0
Assume you are a 24-year-old woman with career type law; currently matched with a partner. Your current partner's scores (out of 10): attractiveness: 9.0/10; sincerity: 8.0/10; intelligence: 7.0/10; being funny: 9.0/10; ambition: nan/10; shared interests: 8.0/10. A new man is courting you with scores: attractiveness: 8.0/10; sincerity: 9.0/10; intelligence: 8.0/10; being funny: 8.0/10; ambition: 8.0/10; shared interests: 8.0/10. Your importance weights are: attractiveness: 35.0; sincerity: 10.0; intelligence: 20.0; being funny: 20.0; ambition: 10.0; shared interests: 5.0. Would you leave your current partner for the new man? Your answer must be (YES) or (NO) followed by your reason. You must FOLLOW THIS RULE! You MUST NOT SAY other words.,NO; based on the importance weights and how you value certain attributes; your current partner scores higher in attractiveness and being funny; which are your most valued traits.,48,31,26,0
Assume you are a 26-year-old woman with career type Biostatistics; currently matched with a partner. Your current partner's scores (out of 10): attractiveness: 8.0/10; sincerity: 8.0/10; intelligence: 10.0/10; being funny: 5.0/10; ambition: 6.0/10; shared interests: 5.0/10. A new man is courting you with scores: attractiveness: 4.0/10; sincerity: 5.0/10; intelligence: 8.0/10; being funny: 8.0/10; ambition: 10.0/10; shared interests: 8.0/10. Your importance weights are: attractiveness: 20.0; sincerity: 25.0; intelligence: 20.0; being funny: 15.0; ambition: 15.0; shared interests: 5.0. Would you leave your current partner for the new man? Your answer must be (YES) or (NO) followed by your reason. You must FOLLOW THIS RULE! You MUST NOT SAY other words.,NO; because your current partner has higher weighted scores in the areas you value most; such as sincerity and intelligence; which align better with your priority of attributes.,49,36,35,0
Assume you are a 26-year-old woman with career type Biostatistics; currently matched with a partner. Your current partner's scores (out of 10): attractiveness: 7.0/10; sincerity: 9.0/10; intelligence: 10.0/10; being funny: 10.0/10; ambition: 10.0/10; shared interests: 10.0/10. A new man is courting you with scores: attractiveness: 5.0/10; sincerity: 6.0/10; intelligence: 8.0/10; being funny: 6.0/10; ambition: 8.0/10; shared interests: 4.0/10. Your importance weights are: attractiveness: 20.0; sincerity: 25.0; intelligence: 20.0; being funny: 15.0; ambition: 15.0; shared interests: 5.0. Would you leave your current partner for the new man? Your answer must be (YES) or (NO) followed by your reason. You must FOLLOW THIS RULE! You MUST NOT SAY other words.,NO; because the current partner scores significantly higher in most categories; particularly in intelligence; ambition; and shared interests; which align closely with your stated priorities.,55,36,30,0
Assume you are a 23-year-old man with career type Engineer; currently matched with a partner. Your current partner's scores (out of 10): attractiveness: 5.0/10; sincerity: 7.0/10; intelligence: 8.0/10; being funny: 6.0/10; ambition: 6.0/10; shared interests: 7.0/10. A new woman is courting you with scores: attractiveness: 6.0/10; sincerity: 10.0/10; intelligence: 9.0/10; being funny: 8.0/10; ambition: 9.0/10; shared interests: nan/10. Your importance weights are: attractiveness: 20.0; sincerity: 25.0; intelligence: 20.0; being funny: 15.0; ambition: 10.0; shared interests: 10.0. Would you leave your current partner for the new woman? Your answer must be (YES) or (NO) followed by your reason. You must FOLLOW THIS RULE! You MUST NOT SAY other words.,NO; because shared interests are important in determining long-term compatibility; and this information is missing for the new woman; making it risky to make a decision based on incomplete comparisons.,23,42,43,0
Assume you are a 27-year-old woman with career type Organizational Change Consultant; currently matched with a partner. Your current partner's scores (out of 10): attractiveness: 7.0/10; sincerity: 7.0/10; intelligence: 7.0/10; being funny: 9.0/10; ambition: 8.0/10; shared interests: 7.0/10. A new man is courting you with scores: attractiveness: 8.0/10; sincerity: 5.0/10; intelligence: 9.0/10; being funny: 7.0/10; ambition: 6.0/10; shared interests: 5.0/10. Your importance weights are: attractiveness: 10.0; sincerity: 10.0; intelligence: 30.0; being funny: 25.0; ambition: 10.0; shared interests: 15.0. Would you leave your current partner for the new man? Your answer must be (YES) or (NO) followed by your reason. You must FOLLOW THIS RULE! You MUST NOT SAY other words.,NO; the new man has lower scores in sincerity and shared interests; which are significant due to your high importance weights on these attributes.,46,37,34,0
Assume you are a 23-year-old man with career type Engineer; currently matched with a partner. Your current partner's scores (out of 10): attractiveness: 5.0/10; sincerity: 6.0/10; intelligence: 7.0/10; being funny: 6.0/10; ambition: 7.0/10; shared interests: 5.0/10. A new woman is courting you with scores: attractiveness: 5.0/10; sincerity: 9.0/10; intelligence: 10.0/10; being funny: 8.0/10; ambition: 10.0/10; shared interests: 4.0/10. Your importance weights are: attractiveness: 20.0; sincerity: 25.0; intelligence: 20.0; being funny: 15.0; ambition: 10.0; shared interests: 10.0. Would you leave your current partner for the new woman? Your answer must be (YES) or (NO) followed by your reason. You must FOLLOW THIS RULE! You MUST NOT SAY other words.,NO; because the overall weighted scores when calculated considering your importance weights indicate that your current partner and the new woman may offer different but relatively balanced benefits; suggesting that a decision based on scores alone might overlook unquantified aspects of your current relationship; such as emotional connection and history together; which are important to consider in relationship decisions.,32,42,51,0
Assume you are a 27-year-old woman with career type Organizational Change Consultant; currently matched with a partner. Your current partner's scores (out of 10): attractiveness: 9.0/10; sincerity: 8.0/10; intelligence: 7.0/10; being funny: 9.0/10; ambition: nan/10; shared interests: 8.0/10. A new man is courting you with scores: attractiveness: 8.0/10; sincerity: 5.0/10; intelligence: 6.0/10; being funny: 9.0/10; ambition: 4.0/10; shared interests: 6.0/10. Your importance weights are: attractiveness: 10.0; sincerity: 10.0; intelligence: 30.0; being funny: 25.0; ambition: 10.0; shared interests: 15.0. Would you leave your current partner for the new man? Your answer must be (YES) or (NO) followed by your reason. You must FOLLOW THIS RULE! You MUST NOT SAY other words.,NO; because the new man scores lower in sincerity; intelligence; ambition; and shared interests; which are highly valued according to your importance weights.,48,37,26,0
Assume you are a 24-year-old single woman; and there is a 30-year-old man who is courting you. Your career type is lawyer. You evaluated him on six dimensions with scores out of 10. These are attractiveness: 3.0/10; sincerity: 10.0/10; intelligence: 9.0/10; being funny: 6.0/10; ambition: 8.0/10; shared interests: nan/10. Your importance weights for these attributes are: attractiveness: 20.0; sincerity: 20.0; intelligence: 20.0; being funny: 15.0; ambition: 15.0; shared interests: 10.0. Would you be willing to date this man? And also tell me the reason. Your answer must be (YES) or (NO) followed by your reason. You must FOLLOW THIS RULE! You MUST NOT SAY other words.,NO; because the score for shared interests is unknown; which impacts the overall evaluation significantly.,41,39,,0
Assume you are a 24-year-old single woman; and there is a 23-year-old man who is courting you. Your career type is lawyer. You evaluated him on six dimensions with scores out of 10. These are attractiveness: 5.0/10; sincerity: 5.0/10; intelligence: 9.0/10; being funny: 7.0/10; ambition: 9.0/10; shared interests: nan/10. Your importance weights for these attributes are: attractiveness: 20.0; sincerity: 20.0; intelligence: 20.0; being funny: 15.0; ambition: 15.0; shared interests: 10.0. Would you be willing to date this man? And also tell me the reason. Your answer must be (YES) or (NO) followed by your reason. You must FOLLOW THIS RULE! You MUST NOT SAY other words.,NO; the scores for attractiveness and sincerity are relatively low according to your importance weights; and shared interests are unknown which could be crucial for long-term compatibility.,42,39,,0
Assume you are a 22-year-old woman with career type Social Work Administration; currently matched with a partner. Your current partner's scores (out of 10): attractiveness: 8.0/10; sincerity: 10.0/10; intelligence: 9.0/10; being funny: 9.0/10; ambition: 8.0/10; shared interests: 4.0/10. A new man is courting you with scores: attractiveness: 4.0/10; sincerity: 9.0/10; intelligence: 4.0/10; being funny: 4.0/10; ambition: 5.0/10; shared interests: nan/10. Your importance weights are: attractiveness: 20.0; sincerity: 22.0; intelligence: 18.0; being funny: 15.0; ambition: 15.0; shared interests: 10.0. Would you leave your current partner for the new man? Your answer must be (YES) or (NO) followed by your reason. You must FOLLOW THIS RULE! You MUST NOT SAY other words.,NO; because your current partner scores significantly higher in all key attributes according to your importance weights; making them a better match overall.,40,29,25,0
Assume you are a 28-year-old man with career type banker / academia; currently matched with a partner. Your current partner's scores (out of 10): attractiveness: 7.0/10; sincerity: 7.0/10; intelligence: 8.0/10; being funny: 5.0/10; ambition: 7.0/10; shared interests: 2.0/10. A new woman is courting you with scores: attractiveness: 7.0/10; sincerity: 8.0/10; intelligence: 8.0/10; being funny: 7.0/10; ambition: 9.0/10; shared interests: 6.0/10. Your importance weights are: attractiveness: 25.0; sincerity: 15.0; intelligence: 25.0; being funny: 15.0; ambition: 0.0; shared interests: 20.0. Would you leave your current partner for the new woman? Your answer must be (YES) or (NO) followed by your reason. You must FOLLOW THIS RULE! You MUST NOT SAY other words.,NO; because shared interests; which are significantly important to you (20.0 weight); are still relatively low with the new woman despite being higher compared to your current partner.,21,45,44,0
Assume you are a 30-year-old man with career type Academic; currently matched with a partner. Your current partner's scores (out of 10): attractiveness: 9.0/10; sincerity: 8.0/10; intelligence: 9.0/10; being funny: 7.0/10; ambition: 8.0/10; shared interests: nan/10. A new woman is courting you with scores: attractiveness: 5.0/10; sincerity: 6.0/10; intelligence: 7.0/10; being funny: 7.0/10; ambition: 7.0/10; shared interests: 6.0/10. Your importance weights are: attractiveness: 20.0; sincerity: 20.0; intelligence: 25.0; being funny: 25.0; ambition: 5.0; shared interests: 5.0. Would you leave your current partner for the new woman? Your answer must be (YES) or (NO) followed by your reason. You must FOLLOW THIS RULE! You MUST NOT SAY other words.,NO; because your current partner scores higher in the categories you value most: attractiveness; sincerity; and intelligence; aligning better with your weighted priorities.,34,47,46,0
Assume you are a 30-year-old man with career type law; currently matched with a partner. Your current partner's scores (out of 10): attractiveness: 9.0/10; sincerity: 9.0/10; intelligence: 8.0/10; being funny: 9.0/10; ambition: 7.0/10; shared interests: 9.0/10. A new woman is courting you with scores: attractiveness: 10.0/10; sincerity: 10.0/10; intelligence: 10.0/10; being funny: 10.0/10; ambition: 10.0/10; shared interests: nan/10. Your importance weights are: attractiveness: 30.0; sincerity: 20.0; intelligence: 10.0; being funny: 30.0; ambition: 0.0; shared interests: 10.0. Would you leave your current partner for the new woman? Your answer must be (YES) or (NO) followed by your reason. You must FOLLOW THIS RULE! You MUST NOT SAY other words.,NO; because the absence of information on shared interests with the new woman may significantly impact long-term compatibility and relationship satisfaction; which is crucial given the importance weight you place on this attribute.,33,41,52,0
Assume you are a 27-year-old woman with career type Informatics; currently matched with a partner. Your current partner's scores (out of 10): attractiveness: 7.0/10; sincerity: 7.0/10; intelligence: 7.0/10; being funny: 9.0/10; ambition: 8.0/10; shared interests: 7.0/10. A new man is courting you with scores: attractiveness: 8.0/10; sincerity: 7.0/10; intelligence: 7.0/10; being funny: 7.0/10; ambition: 6.0/10; shared interests: 7.0/10. Your importance weights are: attractiveness: 20.0; sincerity: 20.0; intelligence: 20.0; being funny: 10.0; ambition: 10.0; shared interests: 20.0. Would you leave your current partner for the new man? Your answer must be (YES) or (NO) followed by your reason. You must FOLLOW THIS RULE! You MUST NOT SAY other words.,NO; because the overall weighted score of your current partner is higher than that of the new man; indicating a better overall match based on your importance weights.,46,22,34,0
Assume you are a 27-year-old woman with career type Organizational Change Consultant; currently matched with a partner. Your current partner's scores (out of 10): attractiveness: 8.0/10; sincerity: 7.0/10; intelligence: 7.0/10; being funny: 9.0/10; ambition: 5.0/10; shared interests: 4.0/10. A new man is courting you with scores: attractiveness: 7.0/10; sincerity: 4.0/10; intelligence: 7.0/10; being funny: 7.0/10; ambition: 6.0/10; shared interests: 8.0/10. Your importance weights are: attractiveness: 10.0; sincerity: 10.0; intelligence: 30.0; being funny: 25.0; ambition: 10.0; shared interests: 15.0. Would you leave your current partner for the new man? Your answer must be (YES) or (NO) followed by your reason. You must FOLLOW THIS RULE! You MUST NOT SAY other words.,NO; because although the new man scores higher in shared interests and ambition; the significant decrease in sincerity makes him a less suitable match based on your importance weights.,51,37,32,0
Assume you are a 27-year-old single woman; and there is a 23-year-old man who is courting you. Your career type is Organizational Change Consultant. You evaluated him on six dimensions with scores out of 10. These are attractiveness: 4.0/10; sincerity: 4.0/10; intelligence: 6.0/10; being funny: 7.0/10; ambition: 5.0/10; shared interests: 4.0/10. Your importance weights for these attributes are: attractiveness: 10.0; sincerity: 10.0; intelligence: 30.0; being funny: 25.0; ambition: 10.0; shared interests: 15.0. Would you be willing to date this man? And also tell me the reason. Your answer must be (YES) or (NO) followed by your reason. You must FOLLOW THIS RULE! You MUST NOT SAY other words.,NO; because his low scores in key areas such as attractiveness; sincerity; and shared interests; especially given their high importance to you; suggest that this relationship may not meet your emotional and intellectual needs.,42,37,,0
Assume you are a 30-year-old man with career type law; currently matched with a partner. Your current partner's scores (out of 10): attractiveness: 7.0/10; sincerity: 7.0/10; intelligence: 8.0/10; being funny: 8.0/10; ambition: 7.0/10; shared interests: 8.0/10. A new woman is courting you with scores: attractiveness: 10.0/10; sincerity: 10.0/10; intelligence: 10.0/10; being funny: 10.0/10; ambition: 10.0/10; shared interests: nan/10. Your importance weights are: attractiveness: 30.0; sincerity: 20.0; intelligence: 10.0; being funny: 30.0; ambition: 0.0; shared interests: 10.0. Would you leave your current partner for the new woman? Your answer must be (YES) or (NO) followed by your reason. You must FOLLOW THIS RULE! You MUST NOT SAY other words.,NO; because strong relationships are built on more than just high scores in certain categories; and the quality of shared interests which is unknown with the new woman is crucial for long-term compatibility.,30,41,55,0
Assume you are a 26-year-old woman with career type Biostatistics; currently matched with a partner. Your current partner's scores (out of 10): attractiveness: 9.0/10; sincerity: 9.0/10; intelligence: 8.0/10; being funny: 9.0/10; ambition: 8.0/10; shared interests: 7.0/10. A new man is courting you with scores: attractiveness: 3.0/10; sincerity: 4.0/10; intelligence: 6.0/10; being funny: 4.0/10; ambition: 5.0/10; shared interests: 2.0/10. Your importance weights are: attractiveness: 20.0; sincerity: 25.0; intelligence: 20.0; being funny: 15.0; ambition: 15.0; shared interests: 5.0. Would you leave your current partner for the new man? Your answer must be (YES) or (NO) followed by your reason. You must FOLLOW THIS RULE! You MUST NOT SAY other words.,NO; because the new man scores lower in every attribute according to your weighted priorities; making your current partner a better match overall.,54,36,27,0
Assume you are a 28-year-old man with career type banker / academia; currently matched with a partner. Your current partner's scores (out of 10): attractiveness: 6.0/10; sincerity: 5.0/10; intelligence: 5.0/10; being funny: 7.0/10; ambition: 6.0/10; shared interests: 3.0/10. A new woman is courting you with scores: attractiveness: 7.0/10; sincerity: 6.0/10; intelligence: 8.0/10; being funny: 7.0/10; ambition: 6.0/10; shared interests: 7.0/10. Your importance weights are: attractiveness: 25.0; sincerity: 15.0; intelligence: 25.0; being funny: 15.0; ambition: 0.0; shared interests: 20.0. Would you leave your current partner for the new woman? Your answer must be (YES) or (NO) followed by your reason. You must FOLLOW THIS RULE! You MUST NOT SAY other words.,NO; because your current relationship might have deeper emotional connections and history that aren't captured by these scores and weights.,26,45,48,0
Assume you are a 30-year-old single man; and there is a 26-year-old woman who is courting you. Your career type is Academic. You evaluated her on six dimensions with scores out of 10. These are attractiveness: 6.0/10; sincerity: 6.0/10; intelligence: 6.0/10; being funny: 5.0/10; ambition: 8.0/10; shared interests: 4.0/10. Your importance weights for these attributes are: attractiveness: 20.0; sincerity: 20.0; intelligence: 25.0; being funny: 25.0; ambition: 5.0; shared interests: 5.0. Would you be willing to date this woman? And also tell me the reason. Your answer must be (YES) or (NO) followed by your reason. You must FOLLOW THIS RULE! You MUST NOT SAY other words.,NO; because her scores in the most weighted categories; intelligence and being funny; are average; and there are fewer shared interests; which might affect long-term compatibility.,36,47,,0
Assume you are a 24-year-old woman with career type lawyer; currently matched with a partner. Your current partner's scores (out of 10): attractiveness: 7.0/10; sincerity: 7.0/10; intelligence: 7.0/10; being funny: 9.0/10; ambition: 8.0/10; shared interests: 7.0/10. A new man is courting you with scores: attractiveness: 8.0/10; sincerity: 6.0/10; intelligence: 9.0/10; being funny: 9.0/10; ambition: 6.0/10; shared interests: nan/10. Your importance weights are: attractiveness: 20.0; sincerity: 20.0; intelligence: 20.0; being funny: 15.0; ambition: 15.0; shared interests: 10.0. Would you leave your current partner for the new man? Your answer must be (YES) or (NO) followed by your reason. You must FOLLOW THIS RULE! You MUST NOT SAY other words.,NO; because the current partner scores more consistently across your important categories like sincerity and ambition; both crucial for a long-term relationship; and outweighs the slight advantages in attractiveness and intelligence offered by the new man.,46,39,34,0
Assume you are a 27-year-old single woman; and there is a 28-year-old man who is courting you. Your career type is Organizational Change Consultant. You evaluated him on six dimensions with scores out of 10. These are attractiveness: 6.0/10; sincerity: 4.0/10; intelligence: 7.0/10; being funny: 4.0/10; ambition: 5.0/10; shared interests: 2.0/10. Your importance weights for these attributes are: attractiveness: 10.0; sincerity: 10.0; intelligence: 30.0; being funny: 25.0; ambition: 10.0; shared interests: 15.0. Would you be willing to date this man? And also tell me the reason. Your answer must be (YES) or (NO) followed by your reason. You must FOLLOW THIS RULE! You MUST NOT SAY other words.,NO; because the scores in key weighted dimensions such as sincerity and shared interests are low; which are crucial for a compatible and trustworthy relationship.,45,37,,0
Assume you are a 23-year-old man with career type Engineer; currently matched with a partner. Your current partner's scores (out of 10): attractiveness: 9.0/10; sincerity: 9.0/10; intelligence: 8.0/10; being funny: 9.0/10; ambition: 7.0/10; shared interests: 9.0/10. A new woman is courting you with scores: attractiveness: 6.0/10; sincerity: 10.0/10; intelligence: 10.0/10; being funny: 8.0/10; ambition: 10.0/10; shared interests: 6.0/10. Your importance weights are: attractiveness: 20.0; sincerity: 25.0; intelligence: 20.0; being funny: 15.0; ambition: 10.0; shared interests: 10.0. Would you leave your current partner for the new woman? Your answer must be (YES) or (NO) followed by your reason. You must FOLLOW THIS RULE! You MUST NOT SAY other words.,NO because your current partner's scores align more closely with your weighted importance preferences; resulting in a higher overall satisfaction based on the attributes you value most.,33,42,52,0
Assume you are a 23-year-old single man; and there is a 23-year-old woman who is courting you. Your career type is Engineer. You evaluated her on six dimensions with scores out of 10. These are attractiveness: 6.0/10; sincerity: 10.0/10; intelligence: 9.0/10; being funny: 8.0/10; ambition: 10.0/10; shared interests: nan/10. Your importance weights for these attributes are: attractiveness: 20.0; sincerity: 25.0; intelligence: 20.0; being funny: 15.0; ambition: 10.0; shared interests: 10.0. Would you be willing to date this woman? And also tell me the reason. Your answer must be (YES) or (NO) followed by your reason. You must FOLLOW THIS RULE! You MUST NOT SAY other words.,YES; because her high scores in sincerity; intelligence; and ambition align strongly with the attributes you value most.,38,42,,1
Assume you are a 27-year-old woman with career type Informatics; currently matched with a partner. Your current partner's scores (out of 10): attractiveness: 8.0/10; sincerity: 10.0/10; intelligence: 9.0/10; being funny: 9.0/10; ambition: 8.0/10; shared interests: 4.0/10. A new man is courting you with scores: attractiveness: 5.0/10; sincerity: 7.0/10; intelligence: 7.0/10; being funny: 6.0/10; ambition: 7.0/10; shared interests: 5.0/10. Your importance weights are: attractiveness: 20.0; sincerity: 20.0; intelligence: 20.0; being funny: 10.0; ambition: 10.0; shared interests: 20.0. Would you leave your current partner for the new man? Your answer must be (YES) or (NO) followed by your reason. You must FOLLOW THIS RULE! You MUST NOT SAY other words.,NO; because your current partner has significantly higher ratings in key categories that matter most to you such as sincerity; intelligence; and being funny; outweighing the slight improvement in shared interests with the new man.,40,22,25,0
Assume you are a 27-year-old single woman; and there is a 30-year-old man who is courting you. Your career type is Organizational Change Consultant. You evaluated him on six dimensions with scores out of 10. These are attractiveness: 3.0/10; sincerity: 5.0/10; intelligence: 7.0/10; being funny: 6.0/10; ambition: 6.0/10; shared interests: 6.0/10. Your importance weights for these attributes are: attractiveness: 10.0; sincerity: 10.0; intelligence: 30.0; being funny: 25.0; ambition: 10.0; shared interests: 15.0. Would you be willing to date this man? And also tell me the reason. Your answer must be (YES) or (NO) followed by your reason. You must FOLLOW THIS RULE! You MUST NOT SAY other words.,NO; because based on the weighted importance of each attribute and the scores you provided; the overall compatibility score is lower than would be ideal for a successful relationship. This suggests he may not meet your personal criteria sufficiently in key areas such as attractiveness; sincerity; and shared interests.,47,37,,0
Assume you are a 24-year-old woman with career type law; currently matched with a partner. Your current partner's scores (out of 10): attractiveness: 8.0/10; sincerity: 10.0/10; intelligence: 9.0/10; being funny: 9.0/10; ambition: 8.0/10; shared interests: 4.0/10. A new man is courting you with scores: attractiveness: 4.0/10; sincerity: 6.0/10; intelligence: 6.0/10; being funny: 6.0/10; ambition: 6.0/10; shared interests: 4.0/10. Your importance weights are: attractiveness: 35.0; sincerity: 10.0; intelligence: 20.0; being funny: 20.0; ambition: 10.0; shared interests: 5.0. Would you leave your current partner for the new man? Your answer must be (YES) or (NO) followed by your reason. You must FOLLOW THIS RULE! You MUST NOT SAY other words.,NO; because based on your weighted importance scores and the ratings of both individuals; your current partner significantly exceeds the new man in every important attribute except shared interests; where they are equal.,40,31,25,0
Assume you are a 27-year-old single woman; and there is a 30-year-old man who is courting you. Your career type is Informatics. You evaluated him on six dimensions with scores out of 10. These are attractiveness: 4.0/10; sincerity: 7.0/10; intelligence: 6.0/10; being funny: 6.0/10; ambition: 7.0/10; shared interests: 2.0/10. Your importance weights for these attributes are: attractiveness: 20.0; sincerity: 20.0; intelligence: 20.0; being funny: 10.0; ambition: 10.0; shared interests: 20.0. Would you be willing to date this man? And also tell me the reason. Your answer must be (YES) or (NO) followed by your reason. You must FOLLOW THIS RULE! You MUST NOT SAY other words.,NO; because the weights assigned to each attribute indicate that shared interests and attractiveness are highly valued; both of which scored low. This suggests a significant misalignment in crucial aspects you value in a relationship.,41,22,,0
Assume you are a 22-year-old single woman; and there is a 30-year-old man who is courting you. Your career type is Social Work Administration. You evaluated him on six dimensions with scores out of 10. These are attractiveness: 5.0/10; sincerity: 6.0/10; intelligence: 6.0/10; being funny: 7.0/10; ambition: 6.0/10; shared interests: nan/10. Your importance weights for these attributes are: attractiveness: 20.0; sincerity: 22.0; intelligence: 18.0; being funny: 15.0; ambition: 15.0; shared interests: 10.0. Would you be willing to date this man? And also tell me the reason. Your answer must be (YES) or (NO) followed by your reason. You must FOLLOW THIS RULE! You MUST NOT SAY other words.,NO; because the evaluation scores suggest that he does not meet your criteria in key areas that are important to you; such as attractiveness and sincerity; which are essential for a meaningful relationship.,47,29,,0
Assume you are a 30-year-old man with career type law; currently matched with a partner. Your current partner's scores (out of 10): attractiveness: 5.0/10; sincerity: 6.0/10; intelligence: 7.0/10; being funny: 6.0/10; ambition: 7.0/10; shared interests: 5.0/10. A new woman is courting you with scores: attractiveness: 10.0/10; sincerity: 10.0/10; intelligence: 10.0/10; being funny: 10.0/10; ambition: 10.0/10; shared interests: nan/10. Your importance weights are: attractiveness: 30.0; sincerity: 20.0; intelligence: 10.0; being funny: 30.0; ambition: 0.0; shared interests: 10.0. Would you leave your current partner for the new woman? Your answer must be (YES) or (NO) followed by your reason. You must FOLLOW THIS RULE! You MUST NOT SAY other words.,NO; because relationship decisions should not be based solely on comparing numerical scores as human relationships are complex and involve emotional; moral; and personal factors that cannot be quantified.,32,41,51,0
Assume you are a 30-year-old man with career type law; currently matched with a partner. Your current partner's scores (out of 10): attractiveness: 9.0/10; sincerity: 8.0/10; intelligence: 9.0/10; being funny: 7.0/10; ambition: 8.0/10; shared interests: nan/10. A new woman is courting you with scores: attractiveness: 10.0/10; sincerity: 10.0/10; intelligence: 10.0/10; being funny: 10.0/10; ambition: 10.0/10; shared interests: nan/10. Your importance weights are: attractiveness: 30.0; sincerity: 20.0; intelligence: 10.0; being funny: 30.0; ambition: 0.0; shared interests: 10.0. Would you leave your current partner for the new woman? Your answer must be (YES) or (NO) followed by your reason. You must FOLLOW THIS RULE! You MUST NOT SAY other words.,NO; because shared interests and compatibility in life goals; which are not calculated here; are crucial for a long-term relationship.,34,41,46,0
Assume you are a 30-year-old man with career type Academic; currently matched with a partner. Your current partner's scores (out of 10): attractiveness: 7.0/10; sincerity: 7.0/10; intelligence: 8.0/10; being funny: 5.0/10; ambition: 7.0/10; shared interests: 2.0/10. A new woman is courting you with scores: attractiveness: 9.0/10; sincerity: 5.0/10; intelligence: 6.0/10; being funny: 5.0/10; ambition: 5.0/10; shared interests: 7.0/10. Your importance weights are: attractiveness: 20.0; sincerity: 20.0; intelligence: 25.0; being funny: 25.0; ambition: 5.0; shared interests: 5.0. Would you leave your current partner for the new woman? Your answer must be (YES) or (NO) followed by your reason. You must FOLLOW THIS RULE! You MUST NOT SAY other words.,NO; because your current partner has higher weighted scores in sincerity; intelligence; and ambition; which align more closely with your prioritized values of intelligence and sincerity.,21,47,44,0
Assume you are a 22-year-old single woman; and there is a 30-year-old man who is courting you. Your career type is Social Work Administration. You evaluated him on six dimensions with scores out of 10. These are attractiveness: 4.0/10; sincerity: 8.0/10; intelligence: 6.0/10; being funny: 3.0/10; ambition: 6.0/10; shared interests: nan/10. Your importance weights for these attributes are: attractiveness: 20.0; sincerity: 22.0; intelligence: 18.0; being funny: 15.0; ambition: 15.0; shared interests: 10.0. Would you be willing to date this man? And also tell me the reason. Your answer must be (YES) or (NO) followed by your reason. You must FOLLOW THIS RULE! You MUST NOT SAY other words.,NO; because the scores for attractiveness and being funny are significantly low; which are important traits for initial compatibility and enjoyment in a relationship; and shared interests were not evaluated but are also crucial for long-term compatibility.,41,29,,0
Assume you are a 24-year-old woman with career type law; currently matched with a partner. Your current partner's scores (out of 10): attractiveness: 6.0/10; sincerity: 10.0/10; intelligence: 9.0/10; being funny: 8.0/10; ambition: 10.0/10; shared interests: nan/10. A new man is courting you with scores: attractiveness: 4.0/10; sincerity: 5.0/10; intelligence: 6.0/10; being funny: 5.0/10; ambition: 6.0/10; shared interests: 4.0/10. Your importance weights are: attractiveness: 35.0; sincerity: 10.0; intelligence: 20.0; being funny: 20.0; ambition: 10.0; shared interests: 5.0. Would you leave your current partner for the new man? Your answer must be (YES) or (NO) followed by your reason. You must FOLLOW THIS RULE! You MUST NOT SAY other words.,NO; because your current partner scores significantly higher in all important aspects compared to the new man; especially in areas you value most like sincerity; intelligence; and ambition.,42,31,38,0
Assume you are a 30-year-old single man; and there is a 27-year-old woman who is courting you. Your career type is Academic. You evaluated her on six dimensions with scores out of 10. These are attractiveness: nan/10; sincerity: 5.0/10; intelligence: 6.0/10; being funny: 5.0/10; ambition: 6.0/10; shared interests: 3.0/10. Your importance weights for these attributes are: attractiveness: 20.0; sincerity: 20.0; intelligence: 25.0; being funny: 25.0; ambition: 5.0; shared interests: 5.0. Would you be willing to date this woman? And also tell me the reason. Your answer must be (YES) or (NO) followed by your reason. You must FOLLOW THIS RULE! You MUST NOT SAY other words.,NO; due to the low compatibility in shared interests and an undefined attractiveness score; which is highly weighted in your criteria.,22,47,,0
Assume you are a 22-year-old woman with career type Social Work Administration; currently matched with a partner. Your current partner's scores (out of 10): attractiveness: 6.0/10; sincerity: 10.0/10; intelligence: 9.0/10; being funny: 8.0/10; ambition: 10.0/10; shared interests: nan/10. A new man is courting you with scores: attractiveness: 6.0/10; sincerity: 8.0/10; intelligence: 7.0/10; being funny: 5.0/10; ambition: 5.0/10; shared interests: nan/10. Your importance weights are: attractiveness: 20.0; sincerity: 22.0; intelligence: 18.0; being funny: 15.0; ambition: 15.0; shared interests: 10.0. Would you leave your current partner for the new man? Your answer must be (YES) or (NO) followed by your reason. You must FOLLOW THIS RULE! You MUST NOT SAY other words.,NO; because your current partner has higher scores in sincerity; intelligence; ambition; and being funny; which are important attributes based on your weighted preferences.,42,29,38,0
Assume you are a 22-year-old woman with career type Social Work Administration; currently matched with a partner. Your current partner's scores (out of 10): attractiveness: 6.0/10; sincerity: 7.0/10; intelligence: 8.0/10; being funny: 6.0/10; ambition: 7.0/10; shared interests: 7.0/10. A new man is courting you with scores: attractiveness: 8.0/10; sincerity: 6.0/10; intelligence: 7.0/10; being funny: 3.0/10; ambition: 7.0/10; shared interests: 2.0/10. Your importance weights are: attractiveness: 20.0; sincerity: 22.0; intelligence: 18.0; being funny: 15.0; ambition: 15.0; shared interests: 10.0. Would you leave your current partner for the new man? Your answer must be (YES) or (NO) followed by your reason. You must FOLLOW THIS RULE! You MUST NOT SAY other words.,NO; because the overall weighted scores when calculated based on your preferences suggest your current partner aligns better with your priorities.,44,29,21,0
Assume you are a 24-year-old woman with career type law; currently matched with a partner. Your current partner's scores (out of 10): attractiveness: 6.0/10; sincerity: 7.0/10; intelligence: 8.0/10; being funny: 6.0/10; ambition: 7.0/10; shared interests: 7.0/10. A new man is courting you with scores: attractiveness: 4.0/10; sincerity: 6.0/10; intelligence: 7.0/10; being funny: 5.0/10; ambition: 8.0/10; shared interests: 5.0/10. Your importance weights are: attractiveness: 35.0; sincerity: 10.0; intelligence: 20.0; being funny: 20.0; ambition: 10.0; shared interests: 5.0. Would you leave your current partner for the new man? Your answer must be (YES) or (NO) followed by your reason. You must FOLLOW THIS RULE! You MUST NOT SAY other words.,NO; because your current partner scores higher overall according to your importance weights; particularly in traits you value highly like attractiveness; intelligence; and being funny.,44,31,21,0
Assume you are a 26-year-old single woman; and there is a 28-year-old man who is courting you. Your career type is Biostatistics. You evaluated him on six dimensions with scores out of 10. These are attractiveness: 2.0/10; sincerity: 2.0/10; intelligence: 5.0/10; being funny: 2.0/10; ambition: 8.0/10; shared interests: 4.0/10. Your importance weights for these attributes are: attractiveness: 20.0; sincerity: 25.0; intelligence: 20.0; being funny: 15.0; ambition: 15.0; shared interests: 5.0. Would you be willing to date this man? And also tell me the reason. Your answer must be (YES) or (NO) followed by your reason. You must FOLLOW THIS RULE! You MUST NOT SAY other words.,NO; because his low scores in key areas such as attractiveness; sincerity; and being funny do not align well with your high weighted preferences for these attributes; despite his high ambition.,45,36,,0
Assume you are a 24-year-old single woman; and there is a 28-year-old man who is courting you. Your career type is law. You evaluated him on six dimensions with scores out of 10. These are attractiveness: 4.0/10; sincerity: 5.0/10; intelligence: 7.0/10; being funny: 3.0/10; ambition: 6.0/10; shared interests: 4.0/10. Your importance weights for these attributes are: attractiveness: 35.0; sincerity: 10.0; intelligence: 20.0; being funny: 20.0; ambition: 10.0; shared interests: 5.0. Would you be willing to date this man? And also tell me the reason. Your answer must be (YES) or (NO) followed by your reason. You must FOLLOW THIS RULE! You MUST NOT SAY other words.,NO; because the weighted scores based on your preferences suggest that his qualities do not align well enough with what you value most in a relationship.,45,31,,0
Assume you are a 27-year-old woman with career type Informatics; currently matched with a partner. Your current partner's scores (out of 10): attractiveness: 6.0/10; sincerity: 10.0/10; intelligence: 9.0/10; being funny: 8.0/10; ambition: 10.0/10; shared interests: nan/10. A new man is courting you with scores: attractiveness: 5.0/10; sincerity: 6.0/10; intelligence: 6.0/10; being funny: 5.0/10; ambition: 6.0/10; shared interests: 3.0/10. Your importance weights are: attractiveness: 20.0; sincerity: 20.0; intelligence: 20.0; being funny: 10.0; ambition: 10.0; shared interests: 20.0. Would you leave your current partner for the new man? Your answer must be (YES) or (NO) followed by your reason. You must FOLLOW THIS RULE! You MUST NOT SAY other words.,NO; because your current partner significantly outperforms the new man in all rated categories; suggesting a more fulfilling and aligned partnership based on your weighted preferences.,42,22,38,0
Assume you are a 26-year-old woman with career type Biostatistics; currently matched with a partner. Your current partner's scores (out of 10): attractiveness: 7.0/10; sincerity: 7.0/10; intelligence: 7.0/10; being funny: 9.0/10; ambition: 8.0/10; shared interests: 7.0/10. A new man is courting you with scores: attractiveness: 2.0/10; sincerity: 5.0/10; intelligence: 4.0/10; being funny: 3.0/10; ambition: 4.0/10; shared interests: 2.0/10. Your importance weights are: attractiveness: 20.0; sincerity: 25.0; intelligence: 20.0; being funny: 15.0; ambition: 15.0; shared interests: 5.0. Would you leave your current partner for the new man? Your answer must be (YES) or (NO) followed by your reason. You must FOLLOW THIS RULE! You MUST NOT SAY other words.,NO; because the new man scores lower in every category; especially in areas you value highly such as attractiveness; sincerity; and intelligence.,46,36,34,0
Assume you are a 24-year-old woman with career type lawyer; currently matched with a partner. Your current partner's scores (out of 10): attractiveness: 5.0/10; sincerity: 7.0/10; intelligence: 6.0/10; being funny: 6.0/10; ambition: 6.0/10; shared interests: 6.0/10. A new man is courting you with scores: attractiveness: 3.0/10; sincerity: 9.0/10; intelligence: 9.0/10; being funny: 6.0/10; ambition: 9.0/10; shared interests: nan/10. Your importance weights are: attractiveness: 20.0; sincerity: 20.0; intelligence: 20.0; being funny: 15.0; ambition: 15.0; shared interests: 10.0. Would you leave your current partner for the new man? Your answer must be (YES) or (NO) followed by your reason. You must FOLLOW THIS RULE! You MUST NOT SAY other words.,NO; because the lack of information on shared interests with the new man could lead to compatibility issues; and this factor has a significant weight in your priority list.,52,39,33,0
Assume you are a 24-year-old woman with career type law; currently matched with a partner. Your current partner's scores (out of 10): attractiveness: 8.0/10; sincerity: 8.0/10; intelligence: 10.0/10; being funny: 5.0/10; ambition: 6.0/10; shared interests: 5.0/10. A new man is courting you with scores: attractiveness: 7.0/10; sincerity: 8.0/10; intelligence: 8.0/10; being funny: 6.0/10; ambition: 7.0/10; shared interests: 5.0/10. Your importance weights are: attractiveness: 35.0; sincerity: 10.0; intelligence: 20.0; being funny: 20.0; ambition: 10.0; shared interests: 5.0. Would you leave your current partner for the new man? Your answer must be (YES) or (NO) followed by your reason. You must FOLLOW THIS RULE! You MUST NOT SAY other words.,NO; because based on the scores and your weighted preferences; your current partner has a higher overall score; particularly excelling in intelligence which has a high weight in your importance scale.,49,31,35,0
Assume you are a 27-year-old woman with career type Informatics; currently matched with a partner. Your current partner's scores (out of 10): attractiveness: 4.0/10; sincerity: 6.0/10; intelligence: 5.0/10; being funny: 4.0/10; ambition: 3.0/10; shared interests: 2.0/10. A new man is courting you with scores: attractiveness: 5.0/10; sincerity: 7.0/10; intelligence: 7.0/10; being funny: 5.0/10; ambition: 7.0/10; shared interests: 3.0/10. Your importance weights are: attractiveness: 20.0; sincerity: 20.0; intelligence: 20.0; being funny: 10.0; ambition: 10.0; shared interests: 20.0. Would you leave your current partner for the new man? Your answer must be (YES) or (NO) followed by your reason. You must FOLLOW THIS RULE! You MUST NOT SAY other words.,YES; because the new man has higher scores in areas you value equally (sincerity; intelligence; and attractiveness) which align more with your weighted priorities; suggesting a potentially more fulfilling partnership.,43,22,23,1
Assume you are a 22-year-old single woman; and there is a 28-year-old man who is courting you. Your career type is Social Work Administration. You evaluated him on six dimensions with scores out of 10. These are attractiveness: 6.0/10; sincerity: 8.0/10; intelligence: 7.0/10; being funny: 4.0/10; ambition: 7.0/10; shared interests: 2.0/10. Your importance weights for these attributes are: attractiveness: 20.0; sincerity: 22.0; intelligence: 18.0; being funny: 15.0; ambition: 15.0; shared interests: 10.0. Would you be willing to date this man? And also tell me the reason. Your answer must be (YES) or (NO) followed by your reason. You must FOLLOW THIS RULE! You MUST NOT SAY other words.,NO; because the shared interests score is very low; indicating potential long-term compatibility issues.,45,29,,0
Assume you are a 21-year-old woman with career type psychologist; currently matched with a partner. Your current partner's scores (out of 10): attractiveness: 6.0/10; sincerity: 7.0/10; intelligence: 8.0/10; being funny: 6.0/10; ambition: 7.0/10; shared interests: 7.0/10. A new man is courting you with scores: attractiveness: 7.0/10; sincerity: 7.0/10; intelligence: 7.0/10; being funny: 6.0/10; ambition: 6.0/10; shared interests: 9.0/10. Your importance weights are: attractiveness: 10.0; sincerity: 20.0; intelligence: 40.0; being funny: 10.0; ambition: 10.0; shared interests: 10.0. Would you leave your current partner for the new man? Your answer must be (YES) or (NO) followed by your reason. You must FOLLOW THIS RULE! You MUST NOT SAY other words.,NO; because the current partner scores higher in intelligence and ambition; which are heavily weighted in your importance scale; suggesting a better overall match according to your priorities.,44,23,21,0
Assume you are a 30-year-old single man; and there is a 21-year-old woman who is courting you. Your career type is law. You evaluated her on six dimensions with scores out of 10. These are attractiveness: 8.0/10; sincerity: 8.0/10; intelligence: 8.0/10; being funny: 8.0/10; ambition: 8.0/10; shared interests: nan/10. Your importance weights for these attributes are: attractiveness: 30.0; sincerity: 20.0; intelligence: 10.0; being funny: 30.0; ambition: 0.0; shared interests: 10.0. Would you be willing to date this woman? And also tell me the reason. Your answer must be (YES) or (NO) followed by your reason. You must FOLLOW THIS RULE! You MUST NOT SAY other words.,NO; because the score for shared interests is missing (nan); which is crucial for assessing overall compatibility.,23,41,,0
Assume you are a 27-year-old woman with career type Organizational Change Consultant; currently matched with a partner. Your current partner's scores (out of 10): attractiveness: 5.0/10; sincerity: 7.0/10; intelligence: 6.0/10; being funny: 6.0/10; ambition: 6.0/10; shared interests: 6.0/10. A new man is courting you with scores: attractiveness: 2.0/10; sincerity: 6.0/10; intelligence: 6.0/10; being funny: 6.0/10; ambition: 4.0/10; shared interests: 5.0/10. Your importance weights are: attractiveness: 10.0; sincerity: 10.0; intelligence: 30.0; being funny: 25.0; ambition: 10.0; shared interests: 15.0. Would you leave your current partner for the new man? Your answer must be (YES) or (NO) followed by your reason. You must FOLLOW THIS RULE! You MUST NOT SAY other words.,NO; because the new man scores lower in every category that is important to you based on your weighted preferences; particularly in areas you value most like intelligence and being funny.,52,37,33,0
Assume you are a 28-year-old man with career type banker / academia; currently matched with a partner. Your current partner's scores (out of 10): attractiveness: 2.0/10; sincerity: 4.0/10; intelligence: 7.0/10; being funny: 3.0/10; ambition: 6.0/10; shared interests: 2.0/10. A new woman is courting you with scores: attractiveness: 8.0/10; sincerity: 8.0/10; intelligence: 7.0/10; being funny: 8.0/10; ambition: 6.0/10; shared interests: 7.0/10. Your importance weights are: attractiveness: 25.0; sincerity: 15.0; intelligence: 25.0; being funny: 15.0; ambition: 0.0; shared interests: 20.0. Would you leave your current partner for the new woman? Your answer must be (YES) or (NO) followed by your reason. You must FOLLOW THIS RULE! You MUST NOT SAY other words.,NO; because decision based solely on numerical ratings of traits does not take into account emotional connection; commitment; and the complexities of relationships.,27,45,54,0
Assume you are a 30-year-old single man; and there is a 21-year-old woman who is courting you. Your career type is Academic. You evaluated her on six dimensions with scores out of 10. These are attractiveness: 5.0/10; sincerity: 6.0/10; intelligence: 6.0/10; being funny: 4.0/10; ambition: 7.0/10; shared interests: 4.0/10. Your importance weights for these attributes are: attractiveness: 20.0; sincerity: 20.0; intelligence: 25.0; being funny: 25.0; ambition: 5.0; shared interests: 5.0. Would you be willing to date this woman? And also tell me the reason. Your answer must be (YES) or (NO) followed by your reason. You must FOLLOW THIS RULE! You MUST NOT SAY other words.,NO; the low scores on shared interests and being funny; which are highly weighted in importance; indicate a potential mismatch in personality and lifestyle compatibility; essential for a successful relationship.,23,47,,0
Assume you are a 24-year-old woman with career type law; currently matched with a partner. Your current partner's scores (out of 10): attractiveness: 9.0/10; sincerity: 9.0/10; intelligence: 8.0/10; being funny: 9.0/10; ambition: 8.0/10; shared interests: 7.0/10. A new man is courting you with scores: attractiveness: 4.0/10; sincerity: 5.0/10; intelligence: 6.0/10; being funny: 4.0/10; ambition: 5.0/10; shared interests: 5.0/10. Your importance weights are: attractiveness: 35.0; sincerity: 10.0; intelligence: 20.0; being funny: 20.0; ambition: 10.0; shared interests: 5.0. Would you leave your current partner for the new man? Your answer must be (YES) or (NO) followed by your reason. You must FOLLOW THIS RULE! You MUST NOT SAY other words.,NO; because the current partner significantly outperforms the new man in every category that is important to you.,54,31,27,0
Assume you are a 21-year-old woman with career type psychologist; currently matched with a partner. Your current partner's scores (out of 10): attractiveness: 7.0/10; sincerity: 7.0/10; intelligence: 7.0/10; being funny: 9.0/10; ambition: 8.0/10; shared interests: 7.0/10. A new man is courting you with scores: attractiveness: 7.0/10; sincerity: 6.0/10; intelligence: 7.0/10; being funny: 7.0/10; ambition: 7.0/10; shared interests: 6.0/10. Your importance weights are: attractiveness: 10.0; sincerity: 20.0; intelligence: 40.0; being funny: 10.0; ambition: 10.0; shared interests: 10.0. Would you leave your current partner for the new man? Your answer must be (YES) or (NO) followed by your reason. You must FOLLOW THIS RULE! You MUST NOT SAY other words.,NO; because your current partner scores higher overall based on the importance weights you've assigned to each attribute; suggesting a better overall match according to your priorities.,46,23,34,0
Assume you are a 24-year-old single woman; and there is a 30-year-old man who is courting you. Your career type is law. You evaluated him on six dimensions with scores out of 10. These are attractiveness: 3.0/10; sincerity: 6.0/10; intelligence: 6.0/10; being funny: 3.0/10; ambition: 6.0/10; shared interests: 2.0/10. Your importance weights for these attributes are: attractiveness: 35.0; sincerity: 10.0; intelligence: 20.0; being funny: 20.0; ambition: 10.0; shared interests: 5.0. Would you be willing to date this man? And also tell me the reason. Your answer must be (YES) or (NO) followed by your reason. You must FOLLOW THIS RULE! You MUST NOT SAY other words.,NO; because his attractiveness and shared interests ratings are low; which are significant given the high weight you place on attractiveness; and his overall alignment with your values and personality does not seem strong.,41,31,,0
Assume you are a 22-year-old woman with career type Social Work Administration; currently matched with a partner. Your current partner's scores (out of 10): attractiveness: 7.0/10; sincerity: 7.0/10; intelligence: 7.0/10; being funny: 9.0/10; ambition: 8.0/10; shared interests: 7.0/10. A new man is courting you with scores: attractiveness: 8.0/10; sincerity: 6.0/10; intelligence: 6.0/10; being funny: 5.0/10; ambition: nan/10; shared interests: nan/10. Your importance weights are: attractiveness: 20.0; sincerity: 22.0; intelligence: 18.0; being funny: 15.0; ambition: 15.0; shared interests: 10.0. Would you leave your current partner for the new man? Your answer must be (YES) or (NO) followed by your reason. You must FOLLOW THIS RULE! You MUST NOT SAY other words.,NO; because your current partner scores higher overall in key qualities like sincerity; intelligence; and humor; which align better with your weighted preferences.,46,29,34,0
Assume you are a 30-year-old man with career type law; currently matched with a partner. Your current partner's scores (out of 10): attractiveness: 2.0/10; sincerity: 4.0/10; intelligence: 7.0/10; being funny: 3.0/10; ambition: 6.0/10; shared interests: 2.0/10. A new woman is courting you with scores: attractiveness: 8.0/10; sincerity: 8.0/10; intelligence: 8.0/10; being funny: 8.0/10; ambition: 8.0/10; shared interests: nan/10. Your importance weights are: attractiveness: 30.0; sincerity: 20.0; intelligence: 10.0; being funny: 30.0; ambition: 0.0; shared interests: 10.0. Would you leave your current partner for the new woman? Your answer must be (YES) or (NO) followed by your reason. You must FOLLOW THIS RULE! You MUST NOT SAY other words.,YES; because the new woman has significantly higher scores in areas you value highly such as attractiveness; sincerity; intelligence; and being funny; which align more with your stated priorities.,27,41,54,1
Assume you are a 30-year-old man with career type Academic; currently matched with a partner. Your current partner's scores (out of 10): attractiveness: 6.0/10; sincerity: 5.0/10; intelligence: 5.0/10; being funny: 7.0/10; ambition: 6.0/10; shared interests: 3.0/10. A new woman is courting you with scores: attractiveness: 5.0/10; sincerity: 6.0/10; intelligence: 6.0/10; being funny: 6.0/10; ambition: 6.0/10; shared interests: 6.0/10. Your importance weights are: attractiveness: 20.0; sincerity: 20.0; intelligence: 25.0; being funny: 25.0; ambition: 5.0; shared interests: 5.0. Would you leave your current partner for the new woman? Your answer must be (YES) or (NO) followed by your reason. You must FOLLOW THIS RULE! You MUST NOT SAY other words.,NO. The current partner scores higher overall based on your priority of intelligence and humor; which carry a higher importance in your weighted preferences.,26,47,48,0
Assume you are a 24-year-old woman with career type law; currently matched with a partner. Your current partner's scores (out of 10): attractiveness: 4.0/10; sincerity: 5.0/10; intelligence: 5.0/10; being funny: 3.0/10; ambition: 5.0/10; shared interests: 1.0/10. A new man is courting you with scores: attractiveness: 4.0/10; sincerity: 5.0/10; intelligence: 6.0/10; being funny: 5.0/10; ambition: 5.0/10; shared interests: 5.0/10. Your importance weights are: attractiveness: 35.0; sincerity: 10.0; intelligence: 20.0; being funny: 20.0; ambition: 10.0; shared interests: 5.0. Would you leave your current partner for the new man? Your answer must be (YES) or (NO) followed by your reason. You must FOLLOW THIS RULE! You MUST NOT SAY other words.,YES. The new man scores higher in intelligence; being funny; and shared interests; which align better with your weighted preferences; particularly in areas you value most such as being funny and intelligence.,43,31,22,1
Assume you are a 21-year-old woman with career type psychologist; currently matched with a partner. Your current partner's scores (out of 10): attractiveness: 8.0/10; sincerity: 8.0/10; intelligence: 10.0/10; being funny: 5.0/10; ambition: 6.0/10; shared interests: 5.0/10. A new man is courting you with scores: attractiveness: 7.0/10; sincerity: 7.0/10; intelligence: 6.0/10; being funny: 7.0/10; ambition: 6.0/10; shared interests: 7.0/10. Your importance weights are: attractiveness: 10.0; sincerity: 20.0; intelligence: 40.0; being funny: 10.0; ambition: 10.0; shared interests: 10.0. Would you leave your current partner for the new man? Your answer must be (YES) or (NO) followed by your reason. You must FOLLOW THIS RULE! You MUST NOT SAY other words.,NO; because the current partner has higher weighted scores in sincerity and intelligence; which are heavily prioritized in your importance weights.,49,23,35,0
Assume you are a 28-year-old man with career type banker / academia; currently matched with a partner. Your current partner's scores (out of 10): attractiveness: 7.0/10; sincerity: 7.0/10; intelligence: 8.0/10; being funny: 8.0/10; ambition: 7.0/10; shared interests: 8.0/10. A new woman is courting you with scores: attractiveness: 6.0/10; sincerity: 6.0/10; intelligence: 6.0/10; being funny: 6.0/10; ambition: 6.0/10; shared interests: 5.0/10. Your importance weights are: attractiveness: 25.0; sincerity: 15.0; intelligence: 25.0; being funny: 15.0; ambition: 0.0; shared interests: 20.0. Would you leave your current partner for the new woman? Your answer must be (YES) or (NO) followed by your reason. You must FOLLOW THIS RULE! You MUST NOT SAY other words.,NO; because your current partner scores higher in all the categories that are important to you according to your weighted preferences.,30,45,55,0
Assume you are a 28-year-old single man; and there is a 21-year-old woman who is courting you. Your career type is consulting. You evaluated her on six dimensions with scores out of 10. These are attractiveness: 6.0/10; sincerity: 7.0/10; intelligence: 7.0/10; being funny: 7.0/10; ambition: 9.0/10; shared interests: 7.0/10. Your importance weights for these attributes are: attractiveness: 40.0; sincerity: 20.0; intelligence: 20.0; being funny: 20.0; ambition: 0.0; shared interests: 0.0. Would you be willing to date this woman? And also tell me the reason. Your answer must be (YES) or (NO) followed by your reason. You must FOLLOW THIS RULE! You MUST NOT SAY other words.,NO; because the most important attribute to you; attractiveness; has a low score relative to your weighting; significantly affecting the overall compatibility score based on your priorities.,23,54,,0
Assume you are a 26-year-old woman with career type Biostatistics; currently matched with a partner. Your current partner's scores (out of 10): attractiveness: 8.0/10; sincerity: 7.0/10; intelligence: 7.0/10; being funny: 9.0/10; ambition: 5.0/10; shared interests: 4.0/10. A new man is courting you with scores: attractiveness: 5.0/10; sincerity: 2.0/10; intelligence: 6.0/10; being funny: 2.0/10; ambition: 5.0/10; shared interests: 4.0/10. Your importance weights are: attractiveness: 20.0; sincerity: 25.0; intelligence: 20.0; being funny: 15.0; ambition: 15.0; shared interests: 5.0. Would you leave your current partner for the new man? Your answer must be (YES) or (NO) followed by your reason. You must FOLLOW THIS RULE! You MUST NOT SAY other words.,NO; because your current partner scores higher in areas you value more such as attractiveness; sincerity; and being funny; which align better with your weighted preferences.,51,36,32,0
Assume you are a 22-year-old woman with career type Social Work Administration; currently matched with a partner. Your current partner's scores (out of 10): attractiveness: 9.0/10; sincerity: 8.0/10; intelligence: 7.0/10; being funny: 9.0/10; ambition: nan/10; shared interests: 8.0/10. A new man is courting you with scores: attractiveness: 8.0/10; sincerity: 7.0/10; intelligence: 8.0/10; being funny: 8.0/10; ambition: 8.0/10; shared interests: 6.0/10. Your importance weights are: attractiveness: 20.0; sincerity: 22.0; intelligence: 18.0; being funny: 15.0; ambition: 15.0; shared interests: 10.0. Would you leave your current partner for the new man? Your answer must be (YES) or (NO) followed by your reason. You must FOLLOW THIS RULE! You MUST NOT SAY other words.,NO; because when comparing the weighted scores calculated based on your importance weights; your current partner accumulates a higher total score; highlighting a better overall match according to your stated preferences.,48,29,26,0
Assume you are a 24-year-old woman with career type lawyer; currently matched with a partner. Your current partner's scores (out of 10): attractiveness: 6.0/10; sincerity: 6.0/10; intelligence: 6.0/10; being funny: 6.0/10; ambition: 5.0/10; shared interests: 3.0/10. A new man is courting you with scores: attractiveness: 7.0/10; sincerity: 9.0/10; intelligence: 8.0/10; being funny: 7.0/10; ambition: 6.0/10; shared interests: 5.0/10. Your importance weights are: attractiveness: 20.0; sincerity: 20.0; intelligence: 20.0; being funny: 15.0; ambition: 15.0; shared interests: 10.0. Would you leave your current partner for the new man? Your answer must be (YES) or (NO) followed by your reason. You must FOLLOW THIS RULE! You MUST NOT SAY other words.,NO; because the decision to leave a partner should be based on more holistic and deep-seated reasons beyond numerical score comparisons; such as emotional connectivity; mutual respect; and long-term compatibility; which aren't quantifiable in this overview.,43,39,31,0
Assume you are a 26-year-old woman with career type Biostatistics; currently matched with a partner. Your current partner's scores (out of 10): attractiveness: 8.0/10; sincerity: 8.0/10; intelligence: 8.0/10; being funny: 8.0/10; ambition: 8.0/10; shared interests: nan/10. A new man is courting you with scores: attractiveness: 1.0/10; sincerity: 2.0/10; intelligence: 2.0/10; being funny: 1.0/10; ambition: 8.0/10; shared interests: 2.0/10. Your importance weights are: attractiveness: 20.0; sincerity: 25.0; intelligence: 20.0; being funny: 15.0; ambition: 15.0; shared interests: 5.0. Would you leave your current partner for the new man? Your answer must be (YES) or (NO) followed by your reason. You must FOLLOW THIS RULE! You MUST NOT SAY other words.,NO; because your current partner scores higher in most qualities that are important to you; including sincerity; intelligence; and being funny; all of which align more closely with your weighted priorities.,41,36,27,0
Assume you are a 27-year-old woman with career type Organizational Change Consultant; currently matched with a partner. Your current partner's scores (out of 10): attractiveness: 7.0/10; sincerity: 9.0/10; intelligence: 10.0/10; being funny: 10.0/10; ambition: 10.0/10; shared interests: 10.0/10. A new man is courting you with scores: attractiveness: 5.0/10; sincerity: 7.0/10; intelligence: 6.0/10; being funny: 7.0/10; ambition: 4.0/10; shared interests: 5.0/10. Your importance weights are: attractiveness: 10.0; sincerity: 10.0; intelligence: 30.0; being funny: 25.0; ambition: 10.0; shared interests: 15.0. Would you leave your current partner for the new man? Your answer must be (YES) or (NO) followed by your reason. You must FOLLOW THIS RULE! You MUST NOT SAY other words.,NO; because your current partner scores significantly higher in categories you value most; such as intelligence; being funny; and shared interests; which align closely with your weighted priorities.,55,37,30,0
Assume you are a 21-year-old woman with career type psychologist; currently matched with a partner. Your current partner's scores (out of 10): attractiveness: 8.0/10; sincerity: 8.0/10; intelligence: 8.0/10; being funny: 8.0/10; ambition: 8.0/10; shared interests: nan/10. A new man is courting you with scores: attractiveness: 5.0/10; sincerity: 7.0/10; intelligence: 7.0/10; being funny: 6.0/10; ambition: 6.0/10; shared interests: 7.0/10. Your importance weights are: attractiveness: 10.0; sincerity: 20.0; intelligence: 40.0; being funny: 10.0; ambition: 10.0; shared interests: 10.0. Would you leave your current partner for the new man? Your answer must be (YES) or (NO) followed by your reason. You must FOLLOW THIS RULE! You MUST NOT SAY other words.,NO; because the current partner scores higher in the most important categories of intelligence and sincerity; which are significantly weighted in your preferences.,41,23,27,0
Assume you are a 24-year-old woman with career type lawyer; currently matched with a partner. Your current partner's scores (out of 10): attractiveness: 8.0/10; sincerity: 8.0/10; intelligence: 10.0/10; being funny: 5.0/10; ambition: 6.0/10; shared interests: 5.0/10. A new man is courting you with scores: attractiveness: 5.0/10; sincerity: 7.0/10; intelligence: 7.0/10; being funny: 7.0/10; ambition: 9.0/10; shared interests: nan/10. Your importance weights are: attractiveness: 20.0; sincerity: 20.0; intelligence: 20.0; being funny: 15.0; ambition: 15.0; shared interests: 10.0. Would you leave your current partner for the new man? Your answer must be (YES) or (NO) followed by your reason. You must FOLLOW THIS RULE! You MUST NOT SAY other words.,NO because your current partner scores higher in areas you prioritize more; such as attractiveness; sincerity; and intelligence.,49,39,35,0
Assume you are a 28-year-old man with career type consulting; currently matched with a partner. Your current partner's scores (out of 10): attractiveness: 6.0/10; sincerity: 5.0/10; intelligence: 5.0/10; being funny: 7.0/10; ambition: 6.0/10; shared interests: 3.0/10. A new woman is courting you with scores: attractiveness: 8.0/10; sincerity: 8.0/10; intelligence: 7.0/10; being funny: 8.0/10; ambition: 7.0/10; shared interests: 6.0/10. Your importance weights are: attractiveness: 40.0; sincerity: 20.0; intelligence: 20.0; being funny: 20.0; ambition: 0.0; shared interests: 0.0. Would you leave your current partner for the new woman? Your answer must be (YES) or (NO) followed by your reason. You must FOLLOW THIS RULE! You MUST NOT SAY other words.,YES; because based on the importance weights and scores; the new woman aligns more closely with your priorities; particularly in areas you value most such as attractiveness; sincerity; intelligence; and being funny.,26,54,48,1
Assume you are a 21-year-old woman with career type psychologist; currently matched with a partner. Your current partner's scores (out of 10): attractiveness: 6.0/10; sincerity: 10.0/10; intelligence: 9.0/10; being funny: 8.0/10; ambition: 10.0/10; shared interests: nan/10. A new man is courting you with scores: attractiveness: 6.0/10; sincerity: 6.0/10; intelligence: 7.0/10; being funny: 6.0/10; ambition: 6.0/10; shared interests: 6.0/10. Your importance weights are: attractiveness: 10.0; sincerity: 20.0; intelligence: 40.0; being funny: 10.0; ambition: 10.0; shared interests: 10.0. Would you leave your current partner for the new man? Your answer must be (YES) or (NO) followed by your reason. You must FOLLOW THIS RULE! You MUST NOT SAY other words.,NO; because your current partner scores higher in sincerity; intelligence; and ambition; which are significantly weighted in your importance scale.,42,23,38,0
Assume you are a 27-year-old woman with career type Informatics; currently matched with a partner. Your current partner's scores (out of 10): attractiveness: 6.0/10; sincerity: 7.0/10; intelligence: 8.0/10; being funny: 6.0/10; ambition: 7.0/10; shared interests: 7.0/10. A new man is courting you with scores: attractiveness: 6.0/10; sincerity: 8.0/10; intelligence: 8.0/10; being funny: 7.0/10; ambition: 7.0/10; shared interests: 6.0/10. Your importance weights are: attractiveness: 20.0; sincerity: 20.0; intelligence: 20.0; being funny: 10.0; ambition: 10.0; shared interests: 20.0. Would you leave your current partner for the new man? Your answer must be (YES) or (NO) followed by your reason. You must FOLLOW THIS RULE! You MUST NOT SAY other words.,NO; because the differences in scores do not significantly outweigh your current relationship's established bond and mutual history.,44,22,21,0
Assume you are a 27-year-old single woman; and there is a 28-year-old man who is courting you. Your career type is Informatics. You evaluated him on six dimensions with scores out of 10. These are attractiveness: 6.0/10; sincerity: 7.0/10; intelligence: 7.0/10; being funny: 4.0/10; ambition: 6.0/10; shared interests: 6.0/10. Your importance weights for these attributes are: attractiveness: 20.0; sincerity: 20.0; intelligence: 20.0; being funny: 10.0; ambition: 10.0; shared interests: 20.0. Would you be willing to date this man? And also tell me the reason. Your answer must be (YES) or (NO) followed by your reason. You must FOLLOW THIS RULE! You MUST NOT SAY other words.,YES; because his scores align reasonably well with your weighted importance on various attributes; providing a balanced overall compatibility.,45,22,,1
Assume you are a 30-year-old man with career type Academic; currently matched with a partner. Your current partner's scores (out of 10): attractiveness: 1.0/10; sincerity: 6.0/10; intelligence: 4.0/10; being funny: 2.0/10; ambition: 1.0/10; shared interests: nan/10. A new woman is courting you with scores: attractiveness: 7.0/10; sincerity: 5.0/10; intelligence: 6.0/10; being funny: 6.0/10; ambition: 4.0/10; shared interests: 5.0/10. Your importance weights are: attractiveness: 20.0; sincerity: 20.0; intelligence: 25.0; being funny: 25.0; ambition: 5.0; shared interests: 5.0. Would you leave your current partner for the new woman? Your answer must be (YES) or (NO) followed by your reason. You must FOLLOW THIS RULE! You MUST NOT SAY other words.,NO; relationship decisions should not be based solely on quantifiable attributes but on deeper emotional; ethical; and personal compatibility factors.,27,47,41,0
Assume you are a 30-year-old single man; and there is a 22-year-old woman who is courting you. Your career type is Academic. You evaluated her on six dimensions with scores out of 10. These are attractiveness: 5.0/10; sincerity: 6.0/10; intelligence: 5.0/10; being funny: 6.0/10; ambition: 7.0/10; shared interests: 2.0/10. Your importance weights for these attributes are: attractiveness: 20.0; sincerity: 20.0; intelligence: 25.0; being funny: 25.0; ambition: 5.0; shared interests: 5.0. Would you be willing to date this woman? And also tell me the reason. Your answer must be (YES) or (NO) followed by your reason. You must FOLLOW THIS RULE! You MUST NOT SAY other words.,NO; because the weighted scores indicate the areas of highest importance to you (intelligence and being funny) are not met sufficiently; and there is a significant lack of shared interests which is crucial for long-term compatibility.,29,47,,0
Assume you are a 21-year-old woman with career type psychologist; currently matched with a partner. Your current partner's scores (out of 10): attractiveness: 7.0/10; sincerity: 7.0/10; intelligence: 7.0/10; being funny: 5.0/10; ambition: 6.0/10; shared interests: 5.0/10. A new man is courting you with scores: attractiveness: 6.0/10; sincerity: 7.0/10; intelligence: 7.0/10; being funny: 6.0/10; ambition: 7.0/10; shared interests: 5.0/10. Your importance weights are: attractiveness: 10.0; sincerity: 20.0; intelligence: 40.0; being funny: 10.0; ambition: 10.0; shared interests: 10.0. Would you leave your current partner for the new man? Your answer must be (YES) or (NO) followed by your reason. You must FOLLOW THIS RULE! You MUST NOT SAY other words.,NO; because the overall weighted scores for your current partner are higher when considering your importance weights.,45,23,22,0
Assume you are a 22-year-old man with career type Music production; currently matched with a partner. Your current partner's scores (out of 10): attractiveness: 1.0/10; sincerity: 6.0/10; intelligence: 4.0/10; being funny: 2.0/10; ambition: 1.0/10; shared interests: nan/10. A new woman is courting you with scores: attractiveness: 8.0/10; sincerity: 8.0/10; intelligence: 5.0/10; being funny: 6.0/10; ambition: nan/10; shared interests: 7.0/10. Your importance weights are: attractiveness: 30.0; sincerity: 15.0; intelligence: 25.0; being funny: 25.0; ambition: 5.0; shared interests: 0.0. Would you leave your current partner for the new woman? Your answer must be (YES) or (NO) followed by your reason. You must FOLLOW THIS RULE! You MUST NOT SAY other words.,YES; because the new woman has higher scores in areas you value highly like attractiveness; intelligence; and being funny; which align better with your weighted preferences.,27,48,41,1
Assume you are a 30-year-old single man; and there is a 22-year-old woman who is courting you. Your career type is law. You evaluated her on six dimensions with scores out of 10. These are attractiveness: 8.0/10; sincerity: 8.0/10; intelligence: 8.0/10; being funny: 8.0/10; ambition: 8.0/10; shared interests: nan/10. Your importance weights for these attributes are: attractiveness: 30.0; sincerity: 20.0; intelligence: 10.0; being funny: 30.0; ambition: 0.0; shared interests: 10.0. Would you be willing to date this woman? And also tell me the reason. Your answer must be (YES) or (NO) followed by your reason. You must FOLLOW THIS RULE! You MUST NOT SAY other words.,NO; because the value for shared interests is not available (nan/10); which could significantly impact your relationship compatibility; especially considering you assigned a 10% importance to this attribute.,29,41,,0
Assume you are a 24-year-old woman with career type lawyer; currently matched with a partner. Your current partner's scores (out of 10): attractiveness: 7.0/10; sincerity: 9.0/10; intelligence: 10.0/10; being funny: 10.0/10; ambition: 10.0/10; shared interests: 10.0/10. A new man is courting you with scores: attractiveness: 6.0/10; sincerity: 7.0/10; intelligence: 8.0/10; being funny: 10.0/10; ambition: 7.0/10; shared interests: nan/10. Your importance weights are: attractiveness: 20.0; sincerity: 20.0; intelligence: 20.0; being funny: 15.0; ambition: 15.0; shared interests: 10.0. Would you leave your current partner for the new man? Your answer must be (YES) or (NO) followed by your reason. You must FOLLOW THIS RULE! You MUST NOT SAY other words.,NO; because your current partner has higher scores in the qualities you value most; and there is no compelling advantage presented by the new man that would justify leaving a highly compatible partner.,55,39,30,0
Assume you are a 21-year-old single woman; and there is a 30-year-old man who is courting you. Your career type is psychologist. You evaluated him on six dimensions with scores out of 10. These are attractiveness: 5.0/10; sincerity: 6.0/10; intelligence: 7.0/10; being funny: 6.0/10; ambition: 6.0/10; shared interests: 6.0/10. Your importance weights for these attributes are: attractiveness: 10.0; sincerity: 20.0; intelligence: 40.0; being funny: 10.0; ambition: 10.0; shared interests: 10.0. Would you be willing to date this man? And also tell me the reason. Your answer must be (YES) or (NO) followed by your reason. You must FOLLOW THIS RULE! You MUST NOT SAY other words.,NO; because his scores on attributes you highly value; such as intelligence and sincerity; do not align strongly with your importance weights; suggesting a lower overall compatibility based on your prioritized criteria.,47,23,,0
Assume you are a 30-year-old man with career type Academic; currently matched with a partner. Your current partner's scores (out of 10): attractiveness: 4.0/10; sincerity: 5.0/10; intelligence: 6.0/10; being funny: 5.0/10; ambition: 5.0/10; shared interests: 5.0/10. A new woman is courting you with scores: attractiveness: 7.0/10; sincerity: 6.0/10; intelligence: 6.0/10; being funny: 5.0/10; ambition: 7.0/10; shared interests: 5.0/10. Your importance weights are: attractiveness: 20.0; sincerity: 20.0; intelligence: 25.0; being funny: 25.0; ambition: 5.0; shared interests: 5.0. Would you leave your current partner for the new woman? Your answer must be (YES) or (NO) followed by your reason. You must FOLLOW THIS RULE! You MUST NOT SAY other words.,NO; because the overall weighted value of sincerity; intelligence; and shared interests; which are important aspects of a relationship; do not significantly increase with the new option; and the primary enhancements are in areas less crucial to your weighted values (attractiveness and ambition).,31,47,43,0
Assume you are a 30-year-old man with career type law; currently matched with a partner. Your current partner's scores (out of 10): attractiveness: 4.0/10; sincerity: 5.0/10; intelligence: 6.0/10; being funny: 5.0/10; ambition: 5.0/10; shared interests: 5.0/10. A new woman is courting you with scores: attractiveness: 8.0/10; sincerity: 8.0/10; intelligence: 8.0/10; being funny: 8.0/10; ambition: 8.0/10; shared interests: nan/10. Your importance weights are: attractiveness: 30.0; sincerity: 20.0; intelligence: 10.0; being funny: 30.0; ambition: 0.0; shared interests: 10.0. Would you leave your current partner for the new woman? Your answer must be (YES) or (NO) followed by your reason. You must FOLLOW THIS RULE! You MUST NOT SAY other words.,NO; because values and relationship stability cannot be solely quantified by scores; and it's vital to consider deeper elements of compatibility and commitment beyond initial impressions and attractivenes.,31,41,43,0
Assume you are a 22-year-old woman with career type Social Work Administration; currently matched with a partner. Your current partner's scores (out of 10): attractiveness: 8.0/10; sincerity: 8.0/10; intelligence: 10.0/10; being funny: 5.0/10; ambition: 6.0/10; shared interests: 5.0/10. A new man is courting you with scores: attractiveness: 7.0/10; sincerity: 5.0/10; intelligence: 6.0/10; being funny: 8.0/10; ambition: 6.0/10; shared interests: 4.0/10. Your importance weights are: attractiveness: 20.0; sincerity: 22.0; intelligence: 18.0; being funny: 15.0; ambition: 15.0; shared interests: 10.0. Would you leave your current partner for the new man? Your answer must be (YES) or (NO) followed by your reason. You must FOLLOW THIS RULE! You MUST NOT SAY other words.,NO; because your current partner scores higher in the attributes you value most: attractiveness; sincerity; and intelligence; fitting better with your weighted priorities.,49,29,35,0
Assume you are a 24-year-old single woman; and there is a 30-year-old man who is courting you. Your career type is lawyer. You evaluated him on six dimensions with scores out of 10. These are attractiveness: 5.0/10; sincerity: 5.0/10; intelligence: 8.0/10; being funny: 8.0/10; ambition: 5.0/10; shared interests: 7.0/10. Your importance weights for these attributes are: attractiveness: 20.0; sincerity: 20.0; intelligence: 20.0; being funny: 15.0; ambition: 15.0; shared interests: 10.0. Would you be willing to date this man? And also tell me the reason. Your answer must be (YES) or (NO) followed by your reason. You must FOLLOW THIS RULE! You MUST NOT SAY other words.,NO; because his scores in key areas like attractiveness; sincerity; and ambition; which are highly weighted in your evaluation; are relatively low; suggesting he may not meet your most important relationship criteria.,47,39,,0
Assume you are a 26-year-old woman with career type Biostatistics; currently matched with a partner. Your current partner's scores (out of 10): attractiveness: 6.0/10; sincerity: 10.0/10; intelligence: 9.0/10; being funny: 8.0/10; ambition: 10.0/10; shared interests: nan/10. A new man is courting you with scores: attractiveness: 2.0/10; sincerity: 2.0/10; intelligence: 4.0/10; being funny: 1.0/10; ambition: 5.0/10; shared interests: 1.0/10. Your importance weights are: attractiveness: 20.0; sincerity: 25.0; intelligence: 20.0; being funny: 15.0; ambition: 15.0; shared interests: 5.0. Would you leave your current partner for the new man? Your answer must be (YES) or (NO) followed by your reason. You must FOLLOW THIS RULE! You MUST NOT SAY other words.,NO; because your current partner scores much higher in areas you value most such as sincerity; intelligence; and ambition; and significantly exceeds the new man in overall compatibility based on your weighted preferences.,42,36,38,0
Assume you are a 24-year-old woman with career type lawyer; currently matched with a partner. Your current partner's scores (out of 10): attractiveness: 8.0/10; sincerity: 8.0/10; intelligence: 5.0/10; being funny: 6.0/10; ambition: nan/10; shared interests: 7.0/10. A new man is courting you with scores: attractiveness: 8.0/10; sincerity: 5.0/10; intelligence: 6.0/10; being funny: 7.0/10; ambition: 5.0/10; shared interests: 5.0/10. Your importance weights are: attractiveness: 20.0; sincerity: 20.0; intelligence: 20.0; being funny: 15.0; ambition: 15.0; shared interests: 10.0. Would you leave your current partner for the new man? Your answer must be (YES) or (NO) followed by your reason. You must FOLLOW THIS RULE! You MUST NOT SAY other words.,NO; because your current partner scores higher overall in categories that are most important to you based on the weighted values.,48,39,27,0
Assume you are a 24-year-old woman with career type lawyer; currently matched with a partner. Your current partner's scores (out of 10): attractiveness: 8.0/10; sincerity: 8.0/10; intelligence: 7.0/10; being funny: 8.0/10; ambition: 7.0/10; shared interests: 6.0/10. A new man is courting you with scores: attractiveness: 4.0/10; sincerity: 8.0/10; intelligence: 8.0/10; being funny: 5.0/10; ambition: 6.0/10; shared interests: nan/10. Your importance weights are: attractiveness: 20.0; sincerity: 20.0; intelligence: 20.0; being funny: 15.0; ambition: 15.0; shared interests: 10.0. Would you leave your current partner for the new man? Your answer must be (YES) or (NO) followed by your reason. You must FOLLOW THIS RULE! You MUST NOT SAY other words.,NO; because your current partner has higher scores in most attributes according to your importance weights; suggesting better overall compatibility.,54,39,26,0
Assume you are a 21-year-old woman with career type psychologist; currently matched with a partner. Your current partner's scores (out of 10): attractiveness: 8.0/10; sincerity: 8.0/10; intelligence: 5.0/10; being funny: 6.0/10; ambition: nan/10; shared interests: 7.0/10. A new man is courting you with scores: attractiveness: 6.0/10; sincerity: 6.0/10; intelligence: 6.0/10; being funny: 8.0/10; ambition: 6.0/10; shared interests: 5.0/10. Your importance weights are: attractiveness: 10.0; sincerity: 20.0; intelligence: 40.0; being funny: 10.0; ambition: 10.0; shared interests: 10.0. Would you leave your current partner for the new man? Your answer must be (YES) or (NO) followed by your reason. You must FOLLOW THIS RULE! You MUST NOT SAY other words.,NO; your current partner scores higher in sincerity and shared interests; which are heavily weighted in your evaluations; making them a more compatible match based on what you value most.,48,23,27,0
Assume you are a 22-year-old woman with career type Social Work Administration; currently matched with a partner. Your current partner's scores (out of 10): attractiveness: 8.0/10; sincerity: 7.0/10; intelligence: 7.0/10; being funny: 9.0/10; ambition: 5.0/10; shared interests: 4.0/10. A new man is courting you with scores: attractiveness: 6.0/10; sincerity: 7.0/10; intelligence: 7.0/10; being funny: 4.0/10; ambition: 6.0/10; shared interests: 6.0/10. Your importance weights are: attractiveness: 20.0; sincerity: 22.0; intelligence: 18.0; being funny: 15.0; ambition: 15.0; shared interests: 10.0. Would you leave your current partner for the new man? Your answer must be (YES) or (NO) followed by your reason. You must FOLLOW THIS RULE! You MUST NOT SAY other words.,NO; because the overall compatibility and weighted scores indicate your current partner aligns better with your prioritized attributes; particularly in areas you find most important like attractiveness and being funny.,51,29,32,0
Assume you are a 30-year-old man with career type law; currently matched with a partner. Your current partner's scores (out of 10): attractiveness: 7.0/10; sincerity: 9.0/10; intelligence: 9.0/10; being funny: 9.0/10; ambition: 9.0/10; shared interests: 10.0/10. A new woman is courting you with scores: attractiveness: 10.0/10; sincerity: 5.0/10; intelligence: 10.0/10; being funny: 5.0/10; ambition: 5.0/10; shared interests: nan/10. Your importance weights are: attractiveness: 30.0; sincerity: 20.0; intelligence: 10.0; being funny: 30.0; ambition: 0.0; shared interests: 10.0. Would you leave your current partner for the new woman? Your answer must be (YES) or (NO) followed by your reason. You must FOLLOW THIS RULE! You MUST NOT SAY other words.,NO; because your current partner has higher overall compatibility based on your stated importance weights; particularly in sincerity; being funny; and shared interests; which are crucial for a long-term relationship.,35,41,49,0
Assume you are a 21-year-old woman with career type psychologist; currently matched with a partner. Your current partner's scores (out of 10): attractiveness: 5.0/10; sincerity: 7.0/10; intelligence: 6.0/10; being funny: 6.0/10; ambition: 6.0/10; shared interests: 6.0/10. A new man is courting you with scores: attractiveness: 6.0/10; sincerity: 6.0/10; intelligence: 5.0/10; being funny: 7.0/10; ambition: 5.0/10; shared interests: 6.0/10. Your importance weights are: attractiveness: 10.0; sincerity: 20.0; intelligence: 40.0; being funny: 10.0; ambition: 10.0; shared interests: 10.0. Would you leave your current partner for the new man? Your answer must be (YES) or (NO) followed by your reason. You must FOLLOW THIS RULE! You MUST NOT SAY other words.,NO; because your current partner scores higher in sincerity and intelligence; which are your highest weighted categories.,52,23,33,0
Assume you are a 26-year-old woman with career type Biostatistics; currently matched with a partner. Your current partner's scores (out of 10): attractiveness: 5.0/10; sincerity: 7.0/10; intelligence: 6.0/10; being funny: 6.0/10; ambition: 6.0/10; shared interests: 6.0/10. A new man is courting you with scores: attractiveness: 1.0/10; sincerity: 5.0/10; intelligence: 5.0/10; being funny: 2.0/10; ambition: 5.0/10; shared interests: 2.0/10. Your importance weights are: attractiveness: 20.0; sincerity: 25.0; intelligence: 20.0; being funny: 15.0; ambition: 15.0; shared interests: 5.0. Would you leave your current partner for the new man? Your answer must be (YES) or (NO) followed by your reason. You must FOLLOW THIS RULE! You MUST NOT SAY other words.,NO; because your current partner has higher scores in all the categories that are important to you; indicating a better overall match based on your weighted preferences.,52,36,33,0
Assume you are a 30-year-old man with career type Academic; currently matched with a partner. Your current partner's scores (out of 10): attractiveness: 5.0/10; sincerity: 6.0/10; intelligence: 7.0/10; being funny: 6.0/10; ambition: 7.0/10; shared interests: 5.0/10. A new woman is courting you with scores: attractiveness: 5.0/10; sincerity: 7.0/10; intelligence: 7.0/10; being funny: 6.0/10; ambition: 5.0/10; shared interests: 5.0/10. Your importance weights are: attractiveness: 20.0; sincerity: 20.0; intelligence: 25.0; being funny: 25.0; ambition: 5.0; shared interests: 5.0. Would you leave your current partner for the new woman? Your answer must be (YES) or (NO) followed by your reason. You must FOLLOW THIS RULE! You MUST NOT SAY other words.,NO; because the overall compatibility and importance scores calculated based on your weighted preferences demonstrate that your current partner aligns better with your values and priorities than the new woman.,32,47,51,0
Assume you are a 21-year-old woman with career type psychologist; currently matched with a partner. Your current partner's scores (out of 10): attractiveness: 8.0/10; sincerity: 8.0/10; intelligence: 7.0/10; being funny: 8.0/10; ambition: 7.0/10; shared interests: 6.0/10. A new man is courting you with scores: attractiveness: 6.0/10; sincerity: 7.0/10; intelligence: 6.0/10; being funny: 6.0/10; ambition: 5.0/10; shared interests: 5.0/10. Your importance weights are: attractiveness: 10.0; sincerity: 20.0; intelligence: 40.0; being funny: 10.0; ambition: 10.0; shared interests: 10.0. Would you leave your current partner for the new man? Your answer must be (YES) or (NO) followed by your reason. You must FOLLOW THIS RULE! You MUST NOT SAY other words.,NO; because your current partner scores higher in every category that is important to you based on your set importance weights.,54,23,26,0
Assume you are a 27-year-old woman with career type Organizational Change Consultant; currently matched with a partner. Your current partner's scores (out of 10): attractiveness: 8.0/10; sincerity: 10.0/10; intelligence: 9.0/10; being funny: 9.0/10; ambition: 8.0/10; shared interests: 4.0/10. A new man is courting you with scores: attractiveness: 2.0/10; sincerity: 4.0/10; intelligence: 5.0/10; being funny: 4.0/10; ambition: 4.0/10; shared interests: 3.0/10. Your importance weights are: attractiveness: 10.0; sincerity: 10.0; intelligence: 30.0; being funny: 25.0; ambition: 10.0; shared interests: 15.0. Would you leave your current partner for the new man? Your answer must be (YES) or (NO) followed by your reason. You must FOLLOW THIS RULE! You MUST NOT SAY other words.,NO; because your current partner scores higher in every category that is important to you based on your weighted priorities.,40,37,25,0
Assume you are a 30-year-old man with career type Academic; currently matched with a partner. Your current partner's scores (out of 10): attractiveness: 9.0/10; sincerity: 9.0/10; intelligence: 8.0/10; being funny: 9.0/10; ambition: 7.0/10; shared interests: 9.0/10. A new woman is courting you with scores: attractiveness: 5.0/10; sincerity: 6.0/10; intelligence: 7.0/10; being funny: 6.0/10; ambition: 6.0/10; shared interests: 3.0/10. Your importance weights are: attractiveness: 20.0; sincerity: 20.0; intelligence: 25.0; being funny: 25.0; ambition: 5.0; shared interests: 5.0. Would you leave your current partner for the new woman? Your answer must be (YES) or (NO) followed by your reason. You must FOLLOW THIS RULE! You MUST NOT SAY other words.,NO; because your current partner scores higher in every individual category and aligns better with your weighted priorities.,33,47,52,0
Assume you are a 24-year-old woman with career type lawyer; currently matched with a partner. Your current partner's scores (out of 10): attractiveness: 6.0/10; sincerity: 7.0/10; intelligence: 8.0/10; being funny: 6.0/10; ambition: 7.0/10; shared interests: 7.0/10. A new man is courting you with scores: attractiveness: 4.0/10; sincerity: 7.0/10; intelligence: 7.0/10; being funny: 4.0/10; ambition: 5.0/10; shared interests: 1.0/10. Your importance weights are: attractiveness: 20.0; sincerity: 20.0; intelligence: 20.0; being funny: 15.0; ambition: 15.0; shared interests: 10.0. Would you leave your current partner for the new man? Your answer must be (YES) or (NO) followed by your reason. You must FOLLOW THIS RULE! You MUST NOT SAY other words.,NO; because your current partner has higher scores in most categories that are important to you; especially in terms of your weighted values for attributes like attractiveness; intelligence; being funny; and ambition. Additionally; the new man notably has far fewer shared interests with you; which is crucial for long-term compatibility.,44,39,21,0
Assume you are a 26-year-old woman with career type Biostatistics; currently matched with a partner. Your current partner's scores (out of 10): attractiveness: 8.0/10; sincerity: 10.0/10; intelligence: 9.0/10; being funny: 9.0/10; ambition: 8.0/10; shared interests: 4.0/10. A new man is courting you with scores: attractiveness: 2.0/10; sincerity: 5.0/10; intelligence: 2.0/10; being funny: 3.0/10; ambition: 1.0/10; shared interests: 3.0/10. Your importance weights are: attractiveness: 20.0; sincerity: 25.0; intelligence: 20.0; being funny: 15.0; ambition: 15.0; shared interests: 5.0. Would you leave your current partner for the new man? Your answer must be (YES) or (NO) followed by your reason. You must FOLLOW THIS RULE! You MUST NOT SAY other words.,NO; because your current partner scores significantly higher in all the categories that are important to you; including the highest weighted categories of sincerity and intelligence.,40,36,25,0
Assume you are a 21-year-old woman with career type psychologist; currently matched with a partner. Your current partner's scores (out of 10): attractiveness: 7.0/10; sincerity: 9.0/10; intelligence: 10.0/10; being funny: 10.0/10; ambition: 10.0/10; shared interests: 10.0/10. A new man is courting you with scores: attractiveness: 6.0/10; sincerity: 8.0/10; intelligence: 7.0/10; being funny: 6.0/10; ambition: 7.0/10; shared interests: 5.0/10. Your importance weights are: attractiveness: 10.0; sincerity: 20.0; intelligence: 40.0; being funny: 10.0; ambition: 10.0; shared interests: 10.0. Would you leave your current partner for the new man? Your answer must be (YES) or (NO) followed by your reason. You must FOLLOW THIS RULE! You MUST NOT SAY other words.,NO; because your current partner has higher scores in almost all categories that are important to you; especially in areas which you value most such as intelligence; sincerity; and shared interests.,55,23,30,0
Assume you are a 26-year-old single woman; and there is a 30-year-old man who is courting you. Your career type is Biostatistics. You evaluated him on six dimensions with scores out of 10. These are attractiveness: 1.0/10; sincerity: 3.0/10; intelligence: 5.0/10; being funny: 1.0/10; ambition: 2.0/10; shared interests: 1.0/10. Your importance weights for these attributes are: attractiveness: 20.0; sincerity: 25.0; intelligence: 20.0; being funny: 15.0; ambition: 15.0; shared interests: 5.0. Would you be willing to date this man? And also tell me the reason. Your answer must be (YES) or (NO) followed by your reason. You must FOLLOW THIS RULE! You MUST NOT SAY other words.,NO; because the weighted scores calculated based on your individual ratings and importance weights suggest he does not meet your expectations sufficiently in the areas you value most.,47,36,,0
Assume you are a 22-year-old woman with career type Social Work Administration; currently matched with a partner. Your current partner's scores (out of 10): attractiveness: 5.0/10; sincerity: 7.0/10; intelligence: 6.0/10; being funny: 6.0/10; ambition: 6.0/10; shared interests: 6.0/10. A new man is courting you with scores: attractiveness: 6.0/10; sincerity: 8.0/10; intelligence: 8.0/10; being funny: 5.0/10; ambition: 7.0/10; shared interests: 5.0/10. Your importance weights are: attractiveness: 20.0; sincerity: 22.0; intelligence: 18.0; being funny: 15.0; ambition: 15.0; shared interests: 10.0. Would you leave your current partner for the new man? Your answer must be (YES) or (NO) followed by your reason. You must FOLLOW THIS RULE! You MUST NOT SAY other words.,NO; based on the given importance weights and scores; your current partner has a higher overall weighted score compared to the new man.,52,29,33,0
Assume you are a 26-year-old woman with career type Biostatistics; currently matched with a partner. Your current partner's scores (out of 10): attractiveness: 8.0/10; sincerity: 8.0/10; intelligence: 5.0/10; being funny: 6.0/10; ambition: nan/10; shared interests: 7.0/10. A new man is courting you with scores: attractiveness: 3.0/10; sincerity: 1.0/10; intelligence: 2.0/10; being funny: 2.0/10; ambition: 2.0/10; shared interests: 3.0/10. Your importance weights are: attractiveness: 20.0; sincerity: 25.0; intelligence: 20.0; being funny: 15.0; ambition: 15.0; shared interests: 5.0. Would you leave your current partner for the new man? Your answer must be (YES) or (NO) followed by your reason. You must FOLLOW THIS RULE! You MUST NOT SAY other words.,NO; because your current partner scores higher in every category that is important to you compared to the new man; indicating a better overall compatibility based on your weighted values.,48,36,27,0
Assume you are a 30-year-old man with career type Academic; currently matched with a partner. Your current partner's scores (out of 10): attractiveness: 7.0/10; sincerity: 9.0/10; intelligence: 9.0/10; being funny: 9.0/10; ambition: 9.0/10; shared interests: 10.0/10. A new woman is courting you with scores: attractiveness: 7.0/10; sincerity: 5.0/10; intelligence: 6.0/10; being funny: 5.0/10; ambition: 6.0/10; shared interests: 4.0/10. Your importance weights are: attractiveness: 20.0; sincerity: 20.0; intelligence: 25.0; being funny: 25.0; ambition: 5.0; shared interests: 5.0. Would you leave your current partner for the new woman? Your answer must be (YES) or (NO) followed by your reason. You must FOLLOW THIS RULE! You MUST NOT SAY other words.,NO; because the current partner scores higher in sincerity; intelligence; being funny; and ambition; which are highly weighted in your importance criteria.,35,47,49,0
Assume you are a 21-year-old woman with career type psychologist; currently matched with a partner. Your current partner's scores (out of 10): attractiveness: 8.0/10; sincerity: 7.0/10; intelligence: 7.0/10; being funny: 9.0/10; ambition: 5.0/10; shared interests: 4.0/10. A new man is courting you with scores: attractiveness: 7.0/10; sincerity: 6.0/10; intelligence: 5.0/10; being funny: 4.0/10; ambition: 4.0/10; shared interests: 4.0/10. Your importance weights are: attractiveness: 10.0; sincerity: 20.0; intelligence: 40.0; being funny: 10.0; ambition: 10.0; shared interests: 10.0. Would you leave your current partner for the new man? Your answer must be (YES) or (NO) followed by your reason. You must FOLLOW THIS RULE! You MUST NOT SAY other words.,NO; because your current partner scores higher overall on traits that are important to you; especially intelligence and sincerity; which carry the highest weight in your personal preferences.,51,23,32,0
Assume you are a 24-year-old woman with career type lawyer; currently matched with a partner. Your current partner's scores (out of 10): attractiveness: 7.0/10; sincerity: 7.0/10; intelligence: 7.0/10; being funny: 5.0/10; ambition: 6.0/10; shared interests: 5.0/10. A new man is courting you with scores: attractiveness: 4.0/10; sincerity: 5.0/10; intelligence: 7.0/10; being funny: 1.0/10; ambition: 5.0/10; shared interests: 1.0/10. Your importance weights are: attractiveness: 20.0; sincerity: 20.0; intelligence: 20.0; being funny: 15.0; ambition: 15.0; shared interests: 10.0. Would you leave your current partner for the new man? Your answer must be (YES) or (NO) followed by your reason. You must FOLLOW THIS RULE! You MUST NOT SAY other words.,NO; because the new man scores lower in most categories that are important to you based on your weighted preferences; suggesting a less compatible match than your current partner.,45,39,22,0
Assume you are a 22-year-old woman with career type Social Work Administration; currently matched with a partner. Your current partner's scores (out of 10): attractiveness: 8.0/10; sincerity: 8.0/10; intelligence: 7.0/10; being funny: 8.0/10; ambition: 7.0/10; shared interests: 6.0/10. A new man is courting you with scores: attractiveness: 6.0/10; sincerity: 7.0/10; intelligence: 6.0/10; being funny: 4.0/10; ambition: 6.0/10; shared interests: 5.0/10. Your importance weights are: attractiveness: 20.0; sincerity: 22.0; intelligence: 18.0; being funny: 15.0; ambition: 15.0; shared interests: 10.0. Would you leave your current partner for the new man? Your answer must be (YES) or (NO) followed by your reason. You must FOLLOW THIS RULE! You MUST NOT SAY other words.,NO; because your current partner scores higher across all categories that are important to you.,54,29,26,0
Assume you are a 30-year-old man with career type Academic; currently matched with a partner. Your current partner's scores (out of 10): attractiveness: 8.0/10; sincerity: 8.0/10; intelligence: 10.0/10; being funny: 7.0/10; ambition: 7.0/10; shared interests: 7.0/10. A new woman is courting you with scores: attractiveness: 6.0/10; sincerity: 7.0/10; intelligence: 7.0/10; being funny: 6.0/10; ambition: 6.0/10; shared interests: 6.0/10. Your importance weights are: attractiveness: 20.0; sincerity: 20.0; intelligence: 25.0; being funny: 25.0; ambition: 5.0; shared interests: 5.0. Would you leave your current partner for the new woman? Your answer must be (YES) or (NO) followed by your reason. You must FOLLOW THIS RULE! You MUST NOT SAY other words.,NO because your current partner scores higher in every category that is important to you.,38,47,42,0
Assume you are a 26-year-old woman with career type Biostatistics; currently matched with a partner. Your current partner's scores (out of 10): attractiveness: 6.0/10; sincerity: 6.0/10; intelligence: 6.0/10; being funny: 6.0/10; ambition: 5.0/10; shared interests: 3.0/10. A new man is courting you with scores: attractiveness: 1.0/10; sincerity: 1.0/10; intelligence: 1.0/10; being funny: 1.0/10; ambition: 1.0/10; shared interests: 1.0/10. Your importance weights are: attractiveness: 20.0; sincerity: 25.0; intelligence: 20.0; being funny: 15.0; ambition: 15.0; shared interests: 5.0. Would you leave your current partner for the new man? Your answer must be (YES) or (NO) followed by your reason. You must FOLLOW THIS RULE! You MUST NOT SAY other words.,NO; because the new man scores significantly lower in every category compared to your current partner; and therefore does not align well with your stated importance weights and preferences.,43,36,31,0
Assume you are a 27-year-old woman with career type Organizational Change Consultant; currently matched with a partner. Your current partner's scores (out of 10): attractiveness: 6.0/10; sincerity: 6.0/10; intelligence: 6.0/10; being funny: 6.0/10; ambition: 5.0/10; shared interests: 3.0/10. A new man is courting you with scores: attractiveness: 4.0/10; sincerity: 7.0/10; intelligence: 8.0/10; being funny: 2.0/10; ambition: 6.0/10; shared interests: 2.0/10. Your importance weights are: attractiveness: 10.0; sincerity: 10.0; intelligence: 30.0; being funny: 25.0; ambition: 10.0; shared interests: 15.0. Would you leave your current partner for the new man? Your answer must be (YES) or (NO) followed by your reason. You must FOLLOW THIS RULE! You MUST NOT SAY other words.,NO; because the overall weighted score of your current partner (6.0*10 + 6.0*10 + 6.0*30 + 6.0*25 + 5.0*10 + 3.0*15 = 600 + 600 + 1800 + 1500 + 500 + 450 = 5450) is higher than that of the new man (4.0*10 + 7.0*10 + 8.0*30 + 2.0*25 + 6.0*10 + 2.0*15 = 400 + 700 + 2400 + 500 + 600 + 300 = 4900).,43,37,31,0
Assume you are a 24-year-old woman with career type lawyer; currently matched with a partner. Your current partner's scores (out of 10): attractiveness: 8.0/10; sincerity: 7.0/10; intelligence: 7.0/10; being funny: 9.0/10; ambition: 5.0/10; shared interests: 4.0/10. A new man is courting you with scores: attractiveness: 3.0/10; sincerity: 1.0/10; intelligence: 8.0/10; being funny: 1.0/10; ambition: 9.0/10; shared interests: nan/10. Your importance weights are: attractiveness: 20.0; sincerity: 20.0; intelligence: 20.0; being funny: 15.0; ambition: 15.0; shared interests: 10.0. Would you leave your current partner for the new man? Your answer must be (YES) or (NO) followed by your reason. You must FOLLOW THIS RULE! You MUST NOT SAY other words.,NO; because the new man ranks significantly lower in sincerity; being funny; and attractiveness; which are important according to your weighted preferences.,51,39,32,0
Assume you are a 26-year-old woman with career type Biostatistics; currently matched with a partner. Your current partner's scores (out of 10): attractiveness: 6.0/10; sincerity: 7.0/10; intelligence: 8.0/10; being funny: 6.0/10; ambition: 7.0/10; shared interests: 7.0/10. A new man is courting you with scores: attractiveness: 1.0/10; sincerity: 1.0/10; intelligence: 1.0/10; being funny: 1.0/10; ambition: 1.0/10; shared interests: 1.0/10. Your importance weights are: attractiveness: 20.0; sincerity: 25.0; intelligence: 20.0; being funny: 15.0; ambition: 15.0; shared interests: 5.0. Would you leave your current partner for the new man? Your answer must be (YES) or (NO) followed by your reason. You must FOLLOW THIS RULE! You MUST NOT SAY other words.,NO; because the new man scores significantly lower in all categories compared to your current partner; and these categories are important to you based on your weighted preferences.,44,36,21,0
Assume you are a 22-year-old woman with career type Social Work Administration; currently matched with a partner. Your current partner's scores (out of 10): attractiveness: 7.0/10; sincerity: 9.0/10; intelligence: 10.0/10; being funny: 10.0/10; ambition: 10.0/10; shared interests: 10.0/10. A new man is courting you with scores: attractiveness: 6.0/10; sincerity: 8.0/10; intelligence: 7.0/10; being funny: 6.0/10; ambition: 5.0/10; shared interests: 3.0/10. Your importance weights are: attractiveness: 20.0; sincerity: 22.0; intelligence: 18.0; being funny: 15.0; ambition: 15.0; shared interests: 10.0. Would you leave your current partner for the new man? Your answer must be (YES) or (NO) followed by your reason. You must FOLLOW THIS RULE! You MUST NOT SAY other words.,NO; because your current partner has higher scores in all categories which align better with your defined importance weights; indicating a stronger overall compatibility.,55,29,30,0
Assume you are a 30-year-old single man; and there is a 24-year-old woman who is courting you. Your career type is Academic. You evaluated her on six dimensions with scores out of 10. These are attractiveness: 3.0/10; sincerity: 7.0/10; intelligence: 6.0/10; being funny: 5.0/10; ambition: 5.0/10; shared interests: 6.0/10. Your importance weights for these attributes are: attractiveness: 20.0; sincerity: 20.0; intelligence: 25.0; being funny: 25.0; ambition: 5.0; shared interests: 5.0. Would you be willing to date this woman? And also tell me the reason. Your answer must be (YES) or (NO) followed by your reason. You must FOLLOW THIS RULE! You MUST NOT SAY other words.,NO; because when the scores are weighted by the importance you have assigned to each dimension; the overall attractiveness of the relationship does not meet your defined criteria.,39,47,,0
Assume you are a 30-year-old single man; and there is a 24-year-old woman who is courting you. Your career type is law. You evaluated her on six dimensions with scores out of 10. These are attractiveness: 5.0/10; sincerity: 5.0/10; intelligence: 5.0/10; being funny: 10.0/10; ambition: 5.0/10; shared interests: nan/10. Your importance weights for these attributes are: attractiveness: 30.0; sincerity: 20.0; intelligence: 10.0; being funny: 30.0; ambition: 0.0; shared interests: 10.0. Would you be willing to date this woman? And also tell me the reason. Your answer must be (YES) or (NO) followed by your reason. You must FOLLOW THIS RULE! You MUST NOT SAY other words.,NO; the scores for sincerity; intelligence; and shared interests are critical; and their low ratings relative to their importance might lead to compatibility issues in a relationship.,39,41,,0
Assume you are a 22-year-old woman with career type Social Work Administration; currently matched with a partner. Your current partner's scores (out of 10): attractiveness: 6.0/10; sincerity: 6.0/10; intelligence: 6.0/10; being funny: 6.0/10; ambition: 5.0/10; shared interests: 3.0/10. A new man is courting you with scores: attractiveness: 5.0/10; sincerity: 7.0/10; intelligence: 5.0/10; being funny: 3.0/10; ambition: 5.0/10; shared interests: nan/10. Your importance weights are: attractiveness: 20.0; sincerity: 22.0; intelligence: 18.0; being funny: 15.0; ambition: 15.0; shared interests: 10.0. Would you leave your current partner for the new man? Your answer must be (YES) or (NO) followed by your reason. You must FOLLOW THIS RULE! You MUST NOT SAY other words.,NO; because your current partner scores higher overall considering your importance weights and the new man has lower scores in key areas like intelligence; being funny; and an unknown value in shared interests.,43,29,31,0
Assume you are a 30-year-old man with career type law; currently matched with a partner. Your current partner's scores (out of 10): attractiveness: 7.0/10; sincerity: 7.0/10; intelligence: 8.0/10; being funny: 5.0/10; ambition: 7.0/10; shared interests: 2.0/10. A new woman is courting you with scores: attractiveness: 5.0/10; sincerity: 5.0/10; intelligence: 5.0/10; being funny: 5.0/10; ambition: 5.0/10; shared interests: nan/10. Your importance weights are: attractiveness: 30.0; sincerity: 20.0; intelligence: 10.0; being funny: 30.0; ambition: 0.0; shared interests: 10.0. Would you leave your current partner for the new woman? Your answer must be (YES) or (NO) followed by your reason. You must FOLLOW THIS RULE! You MUST NOT SAY other words.,NO; because your current partner rates higher than the new woman in most qualities that are important to you; including those you've weighted most heavily; like attractiveness and being funny. Additionally; your current partner scores higher in intelligence and sincerity.,21,41,44,0
Assume you are a 27-year-old woman with career type Organizational Change Consultant; currently matched with a partner. Your current partner's scores (out of 10): attractiveness: 8.0/10; sincerity: 8.0/10; intelligence: 10.0/10; being funny: 5.0/10; ambition: 6.0/10; shared interests: 5.0/10. A new man is courting you with scores: attractiveness: 6.0/10; sincerity: 5.0/10; intelligence: 5.0/10; being funny: 4.0/10; ambition: 4.0/10; shared interests: 4.0/10. Your importance weights are: attractiveness: 10.0; sincerity: 10.0; intelligence: 30.0; being funny: 25.0; ambition: 10.0; shared interests: 15.0. Would you leave your current partner for the new man? Your answer must be (YES) or (NO) followed by your reason. You must FOLLOW THIS RULE! You MUST NOT SAY other words.,NO; because your current partner scores higher in the qualities you value most; such as intelligence; sincerity; and attractiveness; compared to the new man.,49,37,35,0
Assume you are a 30-year-old man with career type law; currently matched with a partner. Your current partner's scores (out of 10): attractiveness: 6.0/10; sincerity: 7.0/10; intelligence: 7.0/10; being funny: 4.0/10; ambition: 6.0/10; shared interests: 6.0/10. A new woman is courting you with scores: attractiveness: 5.0/10; sincerity: 5.0/10; intelligence: 5.0/10; being funny: 5.0/10; ambition: 5.0/10; shared interests: nan/10. Your importance weights are: attractiveness: 30.0; sincerity: 20.0; intelligence: 10.0; being funny: 30.0; ambition: 0.0; shared interests: 10.0. Would you leave your current partner for the new woman? Your answer must be (YES) or (NO) followed by your reason. You must FOLLOW THIS RULE! You MUST NOT SAY other words.,NO; because your current partner scores higher in the weighted areas that are important to you; like attractiveness; sincerity; and intelligence; compared to the new woman.,22,41,45,0
Assume you are a 30-year-old man with career type Academic; currently matched with a partner. Your current partner's scores (out of 10): attractiveness: 7.0/10; sincerity: 8.0/10; intelligence: 9.0/10; being funny: 6.0/10; ambition: 8.0/10; shared interests: 5.0/10. A new woman is courting you with scores: attractiveness: 6.0/10; sincerity: 7.0/10; intelligence: 5.0/10; being funny: 5.0/10; ambition: 5.0/10; shared interests: 2.0/10. Your importance weights are: attractiveness: 20.0; sincerity: 20.0; intelligence: 25.0; being funny: 25.0; ambition: 5.0; shared interests: 5.0. Would you leave your current partner for the new woman? Your answer must be (YES) or (NO) followed by your reason. You must FOLLOW THIS RULE! You MUST NOT SAY other words.,NO; because your current partner scores higher in the categories you value most; such as intelligence; sincerity; and being funny; which align better with your importance weights.,25,47,40,0
Assume you are a 30-year-old man with career type law; currently matched with a partner. Your current partner's scores (out of 10): attractiveness: 7.0/10; sincerity: 8.0/10; intelligence: 9.0/10; being funny: 6.0/10; ambition: 8.0/10; shared interests: 5.0/10. A new woman is courting you with scores: attractiveness: 5.0/10; sincerity: 5.0/10; intelligence: 5.0/10; being funny: 5.0/10; ambition: 5.0/10; shared interests: nan/10. Your importance weights are: attractiveness: 30.0; sincerity: 20.0; intelligence: 10.0; being funny: 30.0; ambition: 0.0; shared interests: 10.0. Would you leave your current partner for the new woman? Your answer must be (YES) or (NO) followed by your reason. You must FOLLOW THIS RULE! You MUST NOT SAY other words.,NO; because your current partner ranks higher in all evaluated categories according to your importance weights; suggesting a better overall match.,25,41,40,0
Assume you are a 30-year-old man with career type law; currently matched with a partner. Your current partner's scores (out of 10): attractiveness: 2.0/10; sincerity: 8.0/10; intelligence: 7.0/10; being funny: 2.0/10; ambition: 7.0/10; shared interests: 2.0/10. A new woman is courting you with scores: attractiveness: 5.0/10; sincerity: 5.0/10; intelligence: 5.0/10; being funny: 5.0/10; ambition: 5.0/10; shared interests: nan/10. Your importance weights are: attractiveness: 30.0; sincerity: 20.0; intelligence: 10.0; being funny: 30.0; ambition: 0.0; shared interests: 10.0. Would you leave your current partner for the new woman? Your answer must be (YES) or (NO) followed by your reason. You must FOLLOW THIS RULE! You MUST NOT SAY other words.,NO; because your current partner scores higher overall in the categories you value most according to your weighted priorities (sincerity; intelligence; and ambition); which seems more aligned with your long-term relationship satisfaction than merely physical attractiveness or being funny.,26,41,54,0
Assume you are a 30-year-old single man; and there is a 26-year-old woman who is courting you. Your career type is law. You evaluated her on six dimensions with scores out of 10. These are attractiveness: 5.0/10; sincerity: 5.0/10; intelligence: 5.0/10; being funny: 5.0/10; ambition: 5.0/10; shared interests: nan/10. Your importance weights for these attributes are: attractiveness: 30.0; sincerity: 20.0; intelligence: 10.0; being funny: 30.0; ambition: 0.0; shared interests: 10.0. Would you be willing to date this woman? And also tell me the reason. Your answer must be (YES) or (NO) followed by your reason. You must FOLLOW THIS RULE! You MUST NOT SAY other words.,NO; because based on your weighted importance of each characteristic; her overall scores do not meet your expectations sufficiently in the areas you value most.,36,41,,0
Assume you are a 27-year-old single woman; and there is a 30-year-old man who is courting you. Your career type is Organizational Change Consultant. You evaluated him on six dimensions with scores out of 10. These are attractiveness: 2.0/10; sincerity: 5.0/10; intelligence: 6.0/10; being funny: 3.0/10; ambition: 4.0/10; shared interests: 3.0/10. Your importance weights for these attributes are: attractiveness: 10.0; sincerity: 10.0; intelligence: 30.0; being funny: 25.0; ambition: 10.0; shared interests: 15.0. Would you be willing to date this man? And also tell me the reason. Your answer must be (YES) or (NO) followed by your reason. You must FOLLOW THIS RULE! You MUST NOT SAY other words.,NO; the scores and weighted importance you assigned to the attributes important to you suggest a significant mismatch in key areas; especially in intelligence; being funny; and shared interests; which are highly valued by you.,41,37,,0
Assume you are a 30-year-old man with career type Academic; currently matched with a partner. Your current partner's scores (out of 10): attractiveness: 7.0/10; sincerity: 7.0/10; intelligence: 8.0/10; being funny: 8.0/10; ambition: 7.0/10; shared interests: 8.0/10. A new woman is courting you with scores: attractiveness: 9.0/10; sincerity: 5.0/10; intelligence: 6.0/10; being funny: 3.0/10; ambition: 6.0/10; shared interests: 3.0/10. Your importance weights are: attractiveness: 20.0; sincerity: 20.0; intelligence: 25.0; being funny: 25.0; ambition: 5.0; shared interests: 5.0. Would you leave your current partner for the new woman? Your answer must be (YES) or (NO) followed by your reason. You must FOLLOW THIS RULE! You MUST NOT SAY other words.,NO; because your current partner has higher scores in the more important categories such as sincerity; intelligence; being funny; and shared interests; aligning better with your weighted priorities.,30,47,55,0
Assume you are a 30-year-old single man; and there is a 27-year-old woman who is courting you. Your career type is law. You evaluated her on six dimensions with scores out of 10. These are attractiveness: 5.0/10; sincerity: 5.0/10; intelligence: 5.0/10; being funny: 5.0/10; ambition: 5.0/10; shared interests: nan/10. Your importance weights for these attributes are: attractiveness: 30.0; sincerity: 20.0; intelligence: 10.0; being funny: 30.0; ambition: 0.0; shared interests: 10.0. Would you be willing to date this woman? And also tell me the reason. Your answer must be (YES) or (NO) followed by your reason. You must FOLLOW THIS RULE! You MUST NOT SAY other words.,NO; because the overall compatibility and scores in key categories do not meet your prioritized preferences sufficiently; notably in areas you deem most important like attractiveness and being funny.,37,41,,0
Assume you are a 30-year-old single man; and there is a 27-year-old woman who is courting you. Your career type is Academic. You evaluated her on six dimensions with scores out of 10. These are attractiveness: nan/10; sincerity: 3.0/10; intelligence: 8.0/10; being funny: 4.0/10; ambition: 6.0/10; shared interests: 3.0/10. Your importance weights for these attributes are: attractiveness: 20.0; sincerity: 20.0; intelligence: 25.0; being funny: 25.0; ambition: 5.0; shared interests: 5.0. Would you be willing to date this woman? And also tell me the reason. Your answer must be (YES) or (NO) followed by your reason. You must FOLLOW THIS RULE! You MUST NOT SAY other words.,NO; because the scores for sincerity and shared interests are low; which are crucial for a stable and compatible relationship; despite the high intelligence alignment.,37,47,,0
Assume you are a 30-year-old man with career type law; currently matched with a partner. Your current partner's scores (out of 10): attractiveness: 8.0/10; sincerity: 8.0/10; intelligence: 10.0/10; being funny: 7.0/10; ambition: 7.0/10; shared interests: 7.0/10. A new woman is courting you with scores: attractiveness: 5.0/10; sincerity: 5.0/10; intelligence: 5.0/10; being funny: 5.0/10; ambition: 5.0/10; shared interests: nan/10. Your importance weights are: attractiveness: 30.0; sincerity: 20.0; intelligence: 10.0; being funny: 30.0; ambition: 0.0; shared interests: 10.0. Would you leave your current partner for the new woman? Your answer must be (YES) or (NO) followed by your reason. You must FOLLOW THIS RULE! You MUST NOT SAY other words.,NO; because your current partner scores higher in all evaluated traits and aligns better with your stated priorities.,38,41,42,0
Assume you are a 27-year-old woman with career type Organizational Change Consultant; currently matched with a partner. Your current partner's scores (out of 10): attractiveness: 8.0/10; sincerity: 8.0/10; intelligence: 7.0/10; being funny: 8.0/10; ambition: 7.0/10; shared interests: 6.0/10. A new man is courting you with scores: attractiveness: 4.0/10; sincerity: 3.0/10; intelligence: 4.0/10; being funny: 2.0/10; ambition: 3.0/10; shared interests: 3.0/10. Your importance weights are: attractiveness: 10.0; sincerity: 10.0; intelligence: 30.0; being funny: 25.0; ambition: 10.0; shared interests: 15.0. Would you leave your current partner for the new man? Your answer must be (YES) or (NO) followed by your reason. You must FOLLOW THIS RULE! You MUST NOT SAY other words.,NO; because the current partner scores higher in all qualities which align better with the weighted importance factors you hold for a relationship.,54,37,26,0
