Assume you are a 24-year-old single woman; and there is a 23-year-old man who is courting you. Your career type is law. You evaluated him on six dimensions with scores out of 10. These are attractiveness: 9.0/10; sincerity: 8.0/10; intelligence: 7.0/10; being funny: 10.0/10; ambition: 9.0/10; shared interests: 8.0/10. Your importance weights for these attributes are: attractiveness: 35.0; sincerity: 10.0; intelligence: 20.0; being funny: 20.0; ambition: 10.0; shared interests: 5.0. Would you be willing to date this man? And also tell me the reason. Your answer must be (YES) or (NO) followed by your reason. You must FOLLOW THIS RULE! You MUST NOT SAY other words.,YES; because he scores highly in areas you prioritize most like attractiveness and ambition; and his overall qualities align well with your values.,55,31,,1
Assume you are a 24-year-old single man; and there is a 21-year-old woman who is courting you. Your career type is academia. You evaluated her on six dimensions with scores out of 10. These are attractiveness: 6.0/10; sincerity: 7.0/10; intelligence: 8.0/10; being funny: 6.0/10; ambition: 7.0/10; shared interests: 7.0/10. Your importance weights for these attributes are: attractiveness: 25.0; sincerity: 15.0; intelligence: 25.0; being funny: 25.0; ambition: 15.0; shared interests: 15.0. Would you be willing to date this woman? And also tell me the reason. Your answer must be (YES) or (NO) followed by your reason. You must FOLLOW THIS RULE! You MUST NOT SAY other words.,YES; because her scores indicate a good match in key areas like intelligence and shared interests; which align well with your high priority attributes.,21,44,,1
Assume you are a 24-year-old man with career type Academic; currently matched with a partner. Your current partner's scores (out of 10): attractiveness: 7.0/10; sincerity: 7.0/10; intelligence: 8.0/10; being funny: 5.0/10; ambition: 7.0/10; shared interests: 2.0/10. A new woman is courting you with scores: attractiveness: 4.0/10; sincerity: 5.0/10; intelligence: 6.0/10; being funny: 4.0/10; ambition: 6.0/10; shared interests: 2.0/10. Your importance weights are: attractiveness: 25.0; sincerity: 35.0; intelligence: 30.0; being funny: 10.0; ambition: 0.0; shared interests: 0.0. Would you leave your current partner for the new woman? Your answer must be (YES) or (NO) followed by your reason. You must FOLLOW THIS RULE! You MUST NOT SAY other words.,NO; because your current partner scores higher in every weighted category that is important to you.,21,43,44,0
Assume you are a 21-year-old single woman; and there is a 26-year-old man who is courting you. Your career type is Banking. You evaluated him on six dimensions with scores out of 10. These are attractiveness: 9.0/10; sincerity: 8.0/10; intelligence: 9.0/10; being funny: 7.0/10; ambition: 8.0/10; shared interests: nan/10. Your importance weights for these attributes are: attractiveness: 30.0; sincerity: 5.0; intelligence: 30.0; being funny: 15.0; ambition: 15.0; shared interests: 5.0. Would you be willing to date this man? And also tell me the reason. Your answer must be (YES) or (NO) followed by your reason. You must FOLLOW THIS RULE! You MUST NOT SAY other words.,YES; because the scores for key attributes such as attractiveness; intelligence; and ambition are high; suggesting a strong match in essential areas despite the unknown value for shared interests.,46,34,,1
Assume you are a 30-year-old man with career type Academic; currently matched with a partner. Your current partner's scores (out of 10): attractiveness: 9.0/10; sincerity: 8.0/10; intelligence: 9.0/10; being funny: 7.0/10; ambition: 8.0/10; shared interests: nan/10. A new woman is courting you with scores: attractiveness: 5.0/10; sincerity: 6.0/10; intelligence: 7.0/10; being funny: 7.0/10; ambition: 7.0/10; shared interests: 6.0/10. Your importance weights are: attractiveness: 20.0; sincerity: 20.0; intelligence: 25.0; being funny: 25.0; ambition: 5.0; shared interests: 5.0. Would you leave your current partner for the new woman? Your answer must be (YES) or (NO) followed by your reason. You must FOLLOW THIS RULE! You MUST NOT SAY other words.,NO; because your current partner scores higher in the categories you value most such as attractiveness; sincerity; and intelligence; which align with your higher weighted preferences.,34,47,46,0
Assume you are a 22-year-old single woman; and there is a 25-year-old man who is courting you. Your career type is Social Work Administration. You evaluated him on six dimensions with scores out of 10. These are attractiveness: 4.0/10; sincerity: 9.0/10; intelligence: 4.0/10; being funny: 4.0/10; ambition: 5.0/10; shared interests: nan/10. Your importance weights for these attributes are: attractiveness: 20.0; sincerity: 22.0; intelligence: 18.0; being funny: 15.0; ambition: 15.0; shared interests: 10.0. Would you be willing to date this man? And also tell me the reason. Your answer must be (YES) or (NO) followed by your reason. You must FOLLOW THIS RULE! You MUST NOT SAY other words.,NO; because his scores in attractiveness; intelligence; and being funny do not align well with your weighted importance for these attributes; which affects the overall compatibility.,40,29,,0
Assume you are a 25-year-old single woman; and there is a 25-year-old man who is courting you. Your career type is Capital Markets. You evaluated him on six dimensions with scores out of 10. These are attractiveness: 7.0/10; sincerity: 9.0/10; intelligence: 9.0/10; being funny: 9.0/10; ambition: 9.0/10; shared interests: 10.0/10. Your importance weights for these attributes are: attractiveness: 20.0; sincerity: 23.0; intelligence: 23.0; being funny: 22.0; ambition: 7.0; shared interests: 5.0. Would you be willing to date this man? And also tell me the reason. Your answer must be (YES) or (NO) followed by your reason. You must FOLLOW THIS RULE! You MUST NOT SAY other words.,YES; because his high scores in sincerity; intelligence; being funny; and shared interests align well with your prioritized attributes; indicating a strong potential match despite lower importance on ambition and shared interests.,49,35,,1
Assume you are a 27-year-old woman with career type Informatics; currently matched with a partner. Your current partner's scores (out of 10): attractiveness: 7.0/10; sincerity: 7.0/10; intelligence: 7.0/10; being funny: 9.0/10; ambition: 8.0/10; shared interests: 7.0/10. A new man is courting you with scores: attractiveness: 8.0/10; sincerity: 7.0/10; intelligence: 7.0/10; being funny: 7.0/10; ambition: 6.0/10; shared interests: 7.0/10. Your importance weights are: attractiveness: 20.0; sincerity: 20.0; intelligence: 20.0; being funny: 10.0; ambition: 10.0; shared interests: 20.0. Would you leave your current partner for the new man? Your answer must be (YES) or (NO) followed by your reason. You must FOLLOW THIS RULE! You MUST NOT SAY other words.,NO; because your current partner has a higher total score based on your weighted preferences; particularly in ambition and humor; which are crucial for long-term compatibility and enjoyment in a relationship.,46,22,34,0
Assume you are a 22-year-old single woman; and there is a 30-year-old man who is courting you. Your career type is Social Work Administration. You evaluated him on six dimensions with scores out of 10. These are attractiveness: 5.0/10; sincerity: 6.0/10; intelligence: 6.0/10; being funny: 7.0/10; ambition: 6.0/10; shared interests: nan/10. Your importance weights for these attributes are: attractiveness: 20.0; sincerity: 22.0; intelligence: 18.0; being funny: 15.0; ambition: 15.0; shared interests: 10.0. Would you be willing to date this man? And also tell me the reason. Your answer must be (YES) or (NO) followed by your reason. You must FOLLOW THIS RULE! You MUST NOT SAY other words.,NO; because the overall evaluation based on your weighted criteria shows average to below average scores; and important information regarding shared interests is missing; which could significantly impact compatibility.,47,29,,0
Assume you are a 23-year-old woman with career type Social work with children; currently matched with a partner. Your current partner's scores (out of 10): attractiveness: 6.0/10; sincerity: 7.0/10; intelligence: 8.0/10; being funny: 6.0/10; ambition: 7.0/10; shared interests: 7.0/10. A new man is courting you with scores: attractiveness: 3.0/10; sincerity: 8.0/10; intelligence: 7.0/10; being funny: 6.0/10; ambition: 6.0/10; shared interests: 4.0/10. Your importance weights are: attractiveness: 20.0; sincerity: 20.0; intelligence: 20.0; being funny: 15.0; ambition: 15.0; shared interests: 10.0. Would you leave your current partner for the new man? Your answer must be (YES) or (NO) followed by your reason. You must FOLLOW THIS RULE! You MUST NOT SAY other words.,NO; because the current partner has higher scores in several categories that are important to you; including attractiveness; intelligence; and shared interests; which align more closely with your weighted priorities.,44,26,21,0
Assume you are a 27-year-old single woman; and there is a 28-year-old man who is courting you. Your career type is Professor. You evaluated him on six dimensions with scores out of 10. These are attractiveness: 7.0/10; sincerity: 6.0/10; intelligence: 9.0/10; being funny: 8.0/10; ambition: 9.0/10; shared interests: 9.0/10. Your importance weights for these attributes are: attractiveness: 50.0; sincerity: 0.0; intelligence: 50.0; being funny: 0.0; ambition: 0.0; shared interests: 0.0. Would you be willing to date this man? And also tell me the reason. Your answer must be (YES) or (NO) followed by your reason. You must FOLLOW THIS RULE! You MUST NOT SAY other words.,YES; because his scores in intelligence and attractiveness; the attributes you value most; are high.,54,32,,1
Assume you are a 30-year-old single man; and there is a 30-year-old woman who is courting you. Your career type is law. You evaluated her on six dimensions with scores out of 10. These are attractiveness: 10.0/10; sincerity: 10.0/10; intelligence: 10.0/10; being funny: 10.0/10; ambition: 10.0/10; shared interests: nan/10. Your importance weights for these attributes are: attractiveness: 30.0; sincerity: 20.0; intelligence: 10.0; being funny: 30.0; ambition: 0.0; shared interests: 10.0. Would you be willing to date this woman? And also tell me the reason. Your answer must be (YES) or (NO) followed by your reason. You must FOLLOW THIS RULE! You MUST NOT SAY other words.,YES. Based on the high scores in five key dimensions (attractiveness; sincerity; intelligence; being funny; ambition) and given their weighted importance; not having a score for shared interests (NaN) can be overlooked; as the other attributes align well with your priorities.,33,41,,1
Assume you are a 23-year-old woman with career type Social work with children; currently matched with a partner. Your current partner's scores (out of 10): attractiveness: 7.0/10; sincerity: 7.0/10; intelligence: 7.0/10; being funny: 9.0/10; ambition: 8.0/10; shared interests: 7.0/10. A new man is courting you with scores: attractiveness: 7.0/10; sincerity: 4.0/10; intelligence: 5.0/10; being funny: 6.0/10; ambition: 5.0/10; shared interests: 4.0/10. Your importance weights are: attractiveness: 20.0; sincerity: 20.0; intelligence: 20.0; being funny: 15.0; ambition: 15.0; shared interests: 10.0. Would you leave your current partner for the new man? Your answer must be (YES) or (NO) followed by your reason. You must FOLLOW THIS RULE! You MUST NOT SAY other words.,NO; because your current partner scores higher in every category that is important to you based on your weighted values; suggesting a better overall compatibility compared to the new man.,46,26,34,0
Assume you are a 25-year-old single woman; and there is a 24-year-old man who is courting you. Your career type is Social Worker. You evaluated him on six dimensions with scores out of 10. These are attractiveness: 4.0/10; sincerity: 5.0/10; intelligence: 10.0/10; being funny: 4.0/10; ambition: 10.0/10; shared interests: 4.0/10. Your importance weights for these attributes are: attractiveness: 20.0; sincerity: 20.0; intelligence: 15.0; being funny: 15.0; ambition: 15.0; shared interests: 15.0. Would you be willing to date this man? And also tell me the reason. Your answer must be (YES) or (NO) followed by your reason. You must FOLLOW THIS RULE! You MUST NOT SAY other words.,NO; because the scores for attractiveness; sincerity; being funny; and shared interests are low; indicating limited emotional and personal connection despite high intelligence and ambition.,43,25,,0
Assume you are a 23-year-old single woman; and there is a 22-year-old man who is courting you. Your career type is Social work with children. You evaluated him on six dimensions with scores out of 10. These are attractiveness: 6.0/10; sincerity: 5.0/10; intelligence: 5.0/10; being funny: 7.0/10; ambition: 6.0/10; shared interests: 3.0/10. Your importance weights for these attributes are: attractiveness: 20.0; sincerity: 20.0; intelligence: 20.0; being funny: 15.0; ambition: 15.0; shared interests: 10.0. Would you be willing to date this man? And also tell me the reason. Your answer must be (YES) or (NO) followed by your reason. You must FOLLOW THIS RULE! You MUST NOT SAY other words.,NO; because his scores on sincerity; intelligence; and shared interests are relatively low; which might not fulfill your essential relationship criteria based on your weighted preferences.,48,26,,0
Assume you are a 27-year-old woman with career type Organizational Change Consultant; currently matched with a partner. Your current partner's scores (out of 10): attractiveness: 6.0/10; sincerity: 7.0/10; intelligence: 8.0/10; being funny: 6.0/10; ambition: 7.0/10; shared interests: 7.0/10. A new man is courting you with scores: attractiveness: 7.0/10; sincerity: 6.0/10; intelligence: 8.0/10; being funny: 6.0/10; ambition: 9.0/10; shared interests: 6.0/10. Your importance weights are: attractiveness: 10.0; sincerity: 10.0; intelligence: 30.0; being funny: 25.0; ambition: 10.0; shared interests: 15.0. Would you leave your current partner for the new man? Your answer must be (YES) or (NO) followed by your reason. You must FOLLOW THIS RULE! You MUST NOT SAY other words.,NO; because the new man's combined weighted scores based on your importance weights are lower; indicating that your current partner is a better match in terms of overall compatibility based on your priorities.,44,37,21,0
Assume you are a 23-year-old woman with career type law; currently matched with a partner. Your current partner's scores (out of 10): attractiveness: 8.0/10; sincerity: 8.0/10; intelligence: 10.0/10; being funny: 5.0/10; ambition: 6.0/10; shared interests: 5.0/10. A new man is courting you with scores: attractiveness: 9.0/10; sincerity: 9.0/10; intelligence: 9.0/10; being funny: 8.0/10; ambition: 5.0/10; shared interests: 3.0/10. Your importance weights are: attractiveness: 50.0; sincerity: 10.0; intelligence: 20.0; being funny: 10.0; ambition: 10.0; shared interests: 0.0. Would you leave your current partner for the new man? Your answer must be (YES) or (NO) followed by your reason. You must FOLLOW THIS RULE! You MUST NOT SAY other words.,NO; because your current partner scores higher in intelligence and ambition; attributes that are important given your career in law and personal priority settings.,49,38,35,0
Assume you are a 23-year-old woman with career type Lawyer; currently matched with a partner. Your current partner's scores (out of 10): attractiveness: 10.0/10; sincerity: 10.0/10; intelligence: 10.0/10; being funny: 10.0/10; ambition: 10.0/10; shared interests: nan/10. A new man is courting you with scores: attractiveness: 8.0/10; sincerity: 9.0/10; intelligence: 8.0/10; being funny: 5.0/10; ambition: 9.0/10; shared interests: 5.0/10. Your importance weights are: attractiveness: 10.0; sincerity: 20.0; intelligence: 20.0; being funny: 20.0; ambition: 20.0; shared interests: 10.0. Would you leave your current partner for the new man? Your answer must be (YES) or (NO) followed by your reason. You must FOLLOW THIS RULE! You MUST NOT SAY other words.,NO; because your current partner has higher scores in all important categories compared to the new man.,41,30,33,0
Assume you are a 25-year-old single man; and there is a 25-year-old woman who is courting you. Your career type is tech professional. You evaluated her on six dimensions with scores out of 10. These are attractiveness: 8.0/10; sincerity: 10.0/10; intelligence: 9.0/10; being funny: 9.0/10; ambition: 8.0/10; shared interests: 4.0/10. Your importance weights for these attributes are: attractiveness: 25.0; sincerity: 20.0; intelligence: 25.0; being funny: 20.0; ambition: 10.0; shared interests: 0.0. Would you be willing to date this woman? And also tell me the reason. Your answer must be (YES) or (NO) followed by your reason. You must FOLLOW THIS RULE! You MUST NOT SAY other words.,YES; because her scores are high in the areas you value most; and shared interests; which she scores lowest in; are not important to you based on your assigned weights.,25,40,,1
Assume you are a 23-year-old woman with career type law; currently matched with a partner. Your current partner's scores (out of 10): attractiveness: 7.0/10; sincerity: 8.0/10; intelligence: 8.0/10; being funny: 7.0/10; ambition: 8.0/10; shared interests: 6.0/10. A new man is courting you with scores: attractiveness: 3.0/10; sincerity: 9.0/10; intelligence: 9.0/10; being funny: 5.0/10; ambition: 9.0/10; shared interests: 5.0/10. Your importance weights are: attractiveness: 50.0; sincerity: 10.0; intelligence: 20.0; being funny: 10.0; ambition: 10.0; shared interests: 0.0. Would you leave your current partner for the new man? Your answer must be (YES) or (NO) followed by your reason. You must FOLLOW THIS RULE! You MUST NOT SAY other words.,NO; because the current partner scores higher in attractiveness; which you heavily prioritize (50.0); thus outweighing the advantages in sincerity; intelligence; and ambition offered by the new man.,54,38,32,0
Assume you are a 26-year-old woman with career type Biostatistics; currently matched with a partner. Your current partner's scores (out of 10): attractiveness: 8.0/10; sincerity: 8.0/10; intelligence: 10.0/10; being funny: 5.0/10; ambition: 6.0/10; shared interests: 5.0/10. A new man is courting you with scores: attractiveness: 4.0/10; sincerity: 5.0/10; intelligence: 8.0/10; being funny: 8.0/10; ambition: 10.0/10; shared interests: 8.0/10. Your importance weights are: attractiveness: 20.0; sincerity: 25.0; intelligence: 20.0; being funny: 15.0; ambition: 15.0; shared interests: 5.0. Would you leave your current partner for the new man? Your answer must be (YES) or (NO) followed by your reason. You must FOLLOW THIS RULE! You MUST NOT SAY other words.,NO; because your current partner scores higher in the categories you value most: attractiveness; sincerity; and intelligence; which align more closely with your weighted preferences.,49,36,35,0
Assume you are a 22-year-old woman with career type Speech Language Pathologist; currently matched with a partner. Your current partner's scores (out of 10): attractiveness: 8.0/10; sincerity: 10.0/10; intelligence: 9.0/10; being funny: 9.0/10; ambition: 8.0/10; shared interests: 4.0/10. A new man is courting you with scores: attractiveness: 2.0/10; sincerity: 6.0/10; intelligence: 6.0/10; being funny: 6.0/10; ambition: 6.0/10; shared interests: nan/10. Your importance weights are: attractiveness: 17.0; sincerity: 10.0; intelligence: 18.0; being funny: 20.0; ambition: 25.0; shared interests: 10.0. Would you leave your current partner for the new man? Your answer must be (YES) or (NO) followed by your reason. You must FOLLOW THIS RULE! You MUST NOT SAY other words.,NO; because the current partner scores significantly higher in key areas that are important to you such as intelligence; sincerity; and being funny; compared to the new man who has lower overall scores in these critical aspects.,40,27,25,0
Assume you are a 23-year-old single man; and there is a 21-year-old woman who is courting you. Your career type is Engineer. You evaluated her on six dimensions with scores out of 10. These are attractiveness: 6.0/10; sincerity: 10.0/10; intelligence: 9.0/10; being funny: 8.0/10; ambition: 9.0/10; shared interests: nan/10. Your importance weights for these attributes are: attractiveness: 20.0; sincerity: 25.0; intelligence: 20.0; being funny: 15.0; ambition: 10.0; shared interests: 10.0. Would you be willing to date this woman? And also tell me the reason. Your answer must be (YES) or (NO) followed by your reason. You must FOLLOW THIS RULE! You MUST NOT SAY other words.,YES; because her scores are high in key areas like sincerity; intelligence; and ambition; which align significantly with your most valued attributes; suggesting a strong overall compatibility despite the unknown evaluation for shared interests.,23,42,,1
Assume you are a 23-year-old man with career type Law; currently matched with a partner. Your current partner's scores (out of 10): attractiveness: 7.0/10; sincerity: 6.0/10; intelligence: 9.0/10; being funny: 8.0/10; ambition: 9.0/10; shared interests: 9.0/10. A new woman is courting you with scores: attractiveness: 8.0/10; sincerity: 7.0/10; intelligence: 7.0/10; being funny: 9.0/10; ambition: 5.0/10; shared interests: 4.0/10. Your importance weights are: attractiveness: 25.0; sincerity: 10.0; intelligence: 35.0; being funny: 15.0; ambition: 0.0; shared interests: 15.0. Would you leave your current partner for the new woman? Your answer must be (YES) or (NO) followed by your reason. You must FOLLOW THIS RULE! You MUST NOT SAY other words.,NO; because your current partner has higher scores in the areas you value most according to your importance weights; specifically in intelligence and shared interests; which carry more weight in your evaluation.,32,51,54,0
Assume you are a 22-year-old single man; and there is a 23-year-old woman who is courting you. Your career type is Music production. You evaluated her on six dimensions with scores out of 10. These are attractiveness: 9.0/10; sincerity: 8.0/10; intelligence: 7.0/10; being funny: 9.0/10; ambition: nan/10; shared interests: 8.0/10. Your importance weights for these attributes are: attractiveness: 30.0; sincerity: 15.0; intelligence: 25.0; being funny: 25.0; ambition: 5.0; shared interests: 0.0. Would you be willing to date this woman? And also tell me the reason. Your answer must be (YES) or (NO) followed by your reason. You must FOLLOW THIS RULE! You MUST NOT SAY other words.,YES; because based on the given weights and scores; most of the highly weighted attributes are rated high; indicating overall compatibility; and ambition; which is unknown; has the least weight; reducing its impact on the decision.,26,48,,1
Assume you are a 30-year-old single man; and there is a 26-year-old woman who is courting you. Your career type is Academic. You evaluated her on six dimensions with scores out of 10. These are attractiveness: 6.0/10; sincerity: 6.0/10; intelligence: 6.0/10; being funny: 5.0/10; ambition: 8.0/10; shared interests: 4.0/10. Your importance weights for these attributes are: attractiveness: 20.0; sincerity: 20.0; intelligence: 25.0; being funny: 25.0; ambition: 5.0; shared interests: 5.0. Would you be willing to date this woman? And also tell me the reason. Your answer must be (YES) or (NO) followed by your reason. You must FOLLOW THIS RULE! You MUST NOT SAY other words.,NO; her scores are significantly lower in the categories you value most; such as intelligence and being funny; which are important for compatibility.,36,47,,0
Assume you are a 22-year-old woman with career type Social Work Administration; currently matched with a partner. Your current partner's scores (out of 10): attractiveness: 10.0/10; sincerity: 10.0/10; intelligence: 10.0/10; being funny: 10.0/10; ambition: 10.0/10; shared interests: nan/10. A new man is courting you with scores: attractiveness: 4.0/10; sincerity: 8.0/10; intelligence: 6.0/10; being funny: 3.0/10; ambition: 6.0/10; shared interests: nan/10. Your importance weights are: attractiveness: 20.0; sincerity: 22.0; intelligence: 18.0; being funny: 15.0; ambition: 15.0; shared interests: 10.0. Would you leave your current partner for the new man? Your answer must be (YES) or (NO) followed by your reason. You must FOLLOW THIS RULE! You MUST NOT SAY other words.,NO; based on the scores and your weighted importance; your current partner significantly outperforms the new man in all evaluated categories.,41,29,33,0
Assume you are a 24-year-old man with career type Academic; currently matched with a partner. Your current partner's scores (out of 10): attractiveness: 7.0/10; sincerity: 8.0/10; intelligence: 9.0/10; being funny: 6.0/10; ambition: 8.0/10; shared interests: 5.0/10. A new woman is courting you with scores: attractiveness: 8.0/10; sincerity: 5.0/10; intelligence: 6.0/10; being funny: 6.0/10; ambition: 5.0/10; shared interests: 1.0/10. Your importance weights are: attractiveness: 25.0; sincerity: 35.0; intelligence: 30.0; being funny: 10.0; ambition: 0.0; shared interests: 0.0. Would you leave your current partner for the new woman? Your answer must be (YES) or (NO) followed by your reason. You must FOLLOW THIS RULE! You MUST NOT SAY other words.,NO; because your current partner has higher ratings in sincerity and intelligence which are more heavily weighted according to your importance preferences.,25,43,40,0
Assume you are a 24-year-old woman with career type lawyer; currently matched with a partner. Your current partner's scores (out of 10): attractiveness: 8.0/10; sincerity: 10.0/10; intelligence: 9.0/10; being funny: 9.0/10; ambition: 8.0/10; shared interests: 4.0/10. A new man is courting you with scores: attractiveness: 6.0/10; sincerity: 7.0/10; intelligence: 9.0/10; being funny: 9.0/10; ambition: 9.0/10; shared interests: 8.0/10. Your importance weights are: attractiveness: 20.0; sincerity: 20.0; intelligence: 20.0; being funny: 15.0; ambition: 15.0; shared interests: 10.0. Would you leave your current partner for the new man? Your answer must be (YES) or (NO) followed by your reason. You must FOLLOW THIS RULE! You MUST NOT SAY other words.,NO; because based on your importance weights and ratings; your current partner has an overall higher weighted score compared to the new man.,40,39,25,0
Assume you are a 26-year-old woman with career type Biostatistics; currently matched with a partner. Your current partner's scores (out of 10): attractiveness: 8.0/10; sincerity: 10.0/10; intelligence: 10.0/10; being funny: 10.0/10; ambition: 10.0/10; shared interests: 8.0/10. A new man is courting you with scores: attractiveness: 5.0/10; sincerity: 6.0/10; intelligence: 8.0/10; being funny: 6.0/10; ambition: 8.0/10; shared interests: 4.0/10. Your importance weights are: attractiveness: 20.0; sincerity: 25.0; intelligence: 20.0; being funny: 15.0; ambition: 15.0; shared interests: 5.0. Would you leave your current partner for the new man? Your answer must be (YES) or (NO) followed by your reason. You must FOLLOW THIS RULE! You MUST NOT SAY other words.,NO; because your current partner has significantly higher scores in all attributes; especially in those you value most; leading to a higher overall satisfaction based on your weighted preferences.,55,36,31,0
Assume you are a 22-year-old single woman; and there is a 24-year-old man who is courting you. Your career type is Speech Language Pathologist. You evaluated him on six dimensions with scores out of 10. These are attractiveness: 1.0/10; sincerity: 6.0/10; intelligence: 7.0/10; being funny: 6.0/10; ambition: 4.0/10; shared interests: 3.0/10. Your importance weights for these attributes are: attractiveness: 17.0; sincerity: 10.0; intelligence: 18.0; being funny: 20.0; ambition: 25.0; shared interests: 10.0. Would you be willing to date this man? And also tell me the reason. Your answer must be (YES) or (NO) followed by your reason. You must FOLLOW THIS RULE! You MUST NOT SAY other words.,NO; because his scores do not align well with the importance weights you place on each attribute; suggesting he may not meet your expectations or needs in a relationship.,43,27,,0
Assume you are a 23-year-old woman with career type Lawyer; currently matched with a partner. Your current partner's scores (out of 10): attractiveness: 6.0/10; sincerity: 7.0/10; intelligence: 8.0/10; being funny: 6.0/10; ambition: 7.0/10; shared interests: 7.0/10. A new man is courting you with scores: attractiveness: 6.0/10; sincerity: 9.0/10; intelligence: 7.0/10; being funny: 5.0/10; ambition: 6.0/10; shared interests: 3.0/10. Your importance weights are: attractiveness: 10.0; sincerity: 20.0; intelligence: 20.0; being funny: 20.0; ambition: 20.0; shared interests: 10.0. Would you leave your current partner for the new man? Your answer must be (YES) or (NO) followed by your reason. You must FOLLOW THIS RULE! You MUST NOT SAY other words.,NO. The current partner has a higher overall score based on your weighted importance values.,44,30,21,0
Assume you are a 24-year-old woman with career type lawyer; currently matched with a partner. Your current partner's scores (out of 10): attractiveness: 10.0/10; sincerity: 10.0/10; intelligence: 10.0/10; being funny: 10.0/10; ambition: 10.0/10; shared interests: nan/10. A new man is courting you with scores: attractiveness: 3.0/10; sincerity: 10.0/10; intelligence: 9.0/10; being funny: 6.0/10; ambition: 8.0/10; shared interests: nan/10. Your importance weights are: attractiveness: 20.0; sincerity: 20.0; intelligence: 20.0; being funny: 15.0; ambition: 15.0; shared interests: 10.0. Would you leave your current partner for the new man? Your answer must be (YES) or (NO) followed by your reason. You must FOLLOW THIS RULE! You MUST NOT SAY other words.,NO; because your current partner scores higher across most attributes that are important to you; indicating a stronger overall compatibility based on your weighted preferences.,41,39,33,0
Assume you are a 23-year-old woman with career type law; currently matched with a partner. Your current partner's scores (out of 10): attractiveness: 6.0/10; sincerity: 10.0/10; intelligence: 9.0/10; being funny: 8.0/10; ambition: 9.0/10; shared interests: nan/10. A new man is courting you with scores: attractiveness: 8.0/10; sincerity: 8.0/10; intelligence: 10.0/10; being funny: 7.0/10; ambition: 7.0/10; shared interests: 7.0/10. Your importance weights are: attractiveness: 50.0; sincerity: 10.0; intelligence: 20.0; being funny: 10.0; ambition: 10.0; shared interests: 0.0. Would you leave your current partner for the new man? Your answer must be (YES) or (NO) followed by your reason. You must FOLLOW THIS RULE! You MUST NOT SAY other words.,NO; because your current partner has higher ratings in sincerity and ambition which are crucial for long-term compatibility; despite the new man's higher attractiveness score.,42,38,23,0
Assume you are a 23-year-old woman with career type Lawyer; currently matched with a partner. Your current partner's scores (out of 10): attractiveness: 8.0/10; sincerity: 10.0/10; intelligence: 9.0/10; being funny: 9.0/10; ambition: 8.0/10; shared interests: 4.0/10. A new man is courting you with scores: attractiveness: 3.0/10; sincerity: 6.0/10; intelligence: 6.0/10; being funny: 5.0/10; ambition: 6.0/10; shared interests: 5.0/10. Your importance weights are: attractiveness: 10.0; sincerity: 20.0; intelligence: 20.0; being funny: 20.0; ambition: 20.0; shared interests: 10.0. Would you leave your current partner for the new man? Your answer must be (YES) or (NO) followed by your reason. You must FOLLOW THIS RULE! You MUST NOT SAY other words.,NO; because your current partner significantly outperforms the new man in nearly all categories that are important to you; including sincerity; intelligence; being funny; and ambition; which hold the highest weight in your preferences. Additionally; the new man does not offer a substantial improvement in the category of shared interests; where your current partner scores lowest.,40,30,25,0
Assume you are a 22-year-old woman with career type Speech Language Pathologist; currently matched with a partner. Your current partner's scores (out of 10): attractiveness: 7.0/10; sincerity: 7.0/10; intelligence: 7.0/10; being funny: 9.0/10; ambition: 8.0/10; shared interests: 7.0/10. A new man is courting you with scores: attractiveness: 8.0/10; sincerity: 7.0/10; intelligence: 6.0/10; being funny: 6.0/10; ambition: 4.0/10; shared interests: 4.0/10. Your importance weights are: attractiveness: 17.0; sincerity: 10.0; intelligence: 18.0; being funny: 20.0; ambition: 25.0; shared interests: 10.0. Would you leave your current partner for the new man? Your answer must be (YES) or (NO) followed by your reason. You must FOLLOW THIS RULE! You MUST NOT SAY other words.,NO; because your current partner has higher scores in the attributes you value most; like intelligence; being funny; ambition; and shared interests; which aligns better with your weighted importance of these characteristics.,46,27,34,0
Assume you are a 30-year-old man with career type Academic; currently matched with a partner. Your current partner's scores (out of 10): attractiveness: 7.0/10; sincerity: 7.0/10; intelligence: 8.0/10; being funny: 5.0/10; ambition: 7.0/10; shared interests: 2.0/10. A new woman is courting you with scores: attractiveness: 9.0/10; sincerity: 5.0/10; intelligence: 6.0/10; being funny: 5.0/10; ambition: 5.0/10; shared interests: 7.0/10. Your importance weights are: attractiveness: 20.0; sincerity: 20.0; intelligence: 25.0; being funny: 25.0; ambition: 5.0; shared interests: 5.0. Would you leave your current partner for the new woman? Your answer must be (YES) or (NO) followed by your reason. You must FOLLOW THIS RULE! You MUST NOT SAY other words.,NO; because your current partner scores higher in sincerity; intelligence; and ambition; which are more significant based on your importance weights; outweighing the elevated attractiveness and shared interests of the new woman.,21,47,44,0
Assume you are a 30-year-old single man; and there is a 27-year-old woman who is courting you. Your career type is Academic. You evaluated her on six dimensions with scores out of 10. These are attractiveness: nan/10; sincerity: 5.0/10; intelligence: 6.0/10; being funny: 5.0/10; ambition: 6.0/10; shared interests: 3.0/10. Your importance weights for these attributes are: attractiveness: 20.0; sincerity: 20.0; intelligence: 25.0; being funny: 25.0; ambition: 5.0; shared interests: 5.0. Would you be willing to date this woman? And also tell me the reason. Your answer must be (YES) or (NO) followed by your reason. You must FOLLOW THIS RULE! You MUST NOT SAY other words.,NO; because the very low scores in shared interests and the absence of data on attractiveness do not align with your stated high importance on these attributes; potentially leading to less compatibility.,22,47,,0
Assume you are a 23-year-old man with career type Law; currently matched with a partner. Your current partner's scores (out of 10): attractiveness: 2.0/10; sincerity: 6.0/10; intelligence: 7.0/10; being funny: 4.0/10; ambition: 6.0/10; shared interests: 2.0/10. A new woman is courting you with scores: attractiveness: 6.0/10; sincerity: 9.0/10; intelligence: 8.0/10; being funny: 6.0/10; ambition: 5.0/10; shared interests: 4.0/10. Your importance weights are: attractiveness: 25.0; sincerity: 10.0; intelligence: 35.0; being funny: 15.0; ambition: 0.0; shared interests: 15.0. Would you leave your current partner for the new woman? Your answer must be (YES) or (NO) followed by your reason. You must FOLLOW THIS RULE! You MUST NOT SAY other words.,NO; because the decision to stay in or leave a relationship should be based not merely on a comparison of attributes scored numerically; but on a deeper understanding of emotional compatibility; mutual respect; and committed partnership; which aren't reflected in the provided scores.,33,51,41,0
Assume you are a 24-year-old man with career type Academic; currently matched with a partner. Your current partner's scores (out of 10): attractiveness: 6.0/10; sincerity: 5.0/10; intelligence: 5.0/10; being funny: 7.0/10; ambition: 6.0/10; shared interests: 3.0/10. A new woman is courting you with scores: attractiveness: 6.0/10; sincerity: 5.0/10; intelligence: 7.0/10; being funny: 5.0/10; ambition: 5.0/10; shared interests: 2.0/10. Your importance weights are: attractiveness: 25.0; sincerity: 35.0; intelligence: 30.0; being funny: 10.0; ambition: 0.0; shared interests: 0.0. Would you leave your current partner for the new woman? Your answer must be (YES) or (NO) followed by your reason. You must FOLLOW THIS RULE! You MUST NOT SAY other words.,NO; because your current partner has higher overall compatibility scores based on weighted attributes; particularly in terms of sincerity and being funny; which are more aligned with your value priorities.,26,43,48,0
Assume you are a 23-year-old woman with career type Lawyer; currently matched with a partner. Your current partner's scores (out of 10): attractiveness: 6.0/10; sincerity: 10.0/10; intelligence: 9.0/10; being funny: 8.0/10; ambition: 9.0/10; shared interests: nan/10. A new man is courting you with scores: attractiveness: 6.0/10; sincerity: 7.0/10; intelligence: 8.0/10; being funny: 7.0/10; ambition: 8.0/10; shared interests: 7.0/10. Your importance weights are: attractiveness: 10.0; sincerity: 20.0; intelligence: 20.0; being funny: 20.0; ambition: 20.0; shared interests: 10.0. Would you leave your current partner for the new man? Your answer must be (YES) or (NO) followed by your reason. You must FOLLOW THIS RULE! You MUST NOT SAY other words.,NO; because your current partner scores higher in sincerity; intelligence; ambition; and being funny; which are the categories you value most.,42,30,23,0
Assume you are a 26-year-old woman with career type Biostatistics; currently matched with a partner. Your current partner's scores (out of 10): attractiveness: 7.0/10; sincerity: 8.0/10; intelligence: 8.0/10; being funny: 7.0/10; ambition: 8.0/10; shared interests: 6.0/10. A new man is courting you with scores: attractiveness: 3.0/10; sincerity: 4.0/10; intelligence: 6.0/10; being funny: 4.0/10; ambition: 5.0/10; shared interests: 2.0/10. Your importance weights are: attractiveness: 20.0; sincerity: 25.0; intelligence: 20.0; being funny: 15.0; ambition: 15.0; shared interests: 5.0. Would you leave your current partner for the new man? Your answer must be (YES) or (NO) followed by your reason. You must FOLLOW THIS RULE! You MUST NOT SAY other words.,NO; because the new man scores significantly lower in all categories that are important to you; making the current partner a better match based on your weighted preferences.,54,36,32,0
Assume you are a 23-year-old single woman; and there is a 24-year-old man who is courting you. Your career type is Lawyer. You evaluated him on six dimensions with scores out of 10. These are attractiveness: 4.0/10; sincerity: 6.0/10; intelligence: 6.0/10; being funny: 5.0/10; ambition: 7.0/10; shared interests: 6.0/10. Your importance weights for these attributes are: attractiveness: 10.0; sincerity: 20.0; intelligence: 20.0; being funny: 20.0; ambition: 20.0; shared interests: 10.0. Would you be willing to date this man? And also tell me the reason. Your answer must be (YES) or (NO) followed by your reason. You must FOLLOW THIS RULE! You MUST NOT SAY other words.,NO; because the weighted scores calculated based on your priorities suggest that the man does not meet your expectations; particularly in highly weighted categories like intelligence; being funny; and ambition; relative to your set importance weights.,43,30,,0
Assume you are a 23-year-old woman with career type law; currently matched with a partner. Your current partner's scores (out of 10): attractiveness: 6.0/10; sincerity: 7.0/10; intelligence: 8.0/10; being funny: 6.0/10; ambition: 7.0/10; shared interests: 7.0/10. A new man is courting you with scores: attractiveness: 5.0/10; sincerity: 10.0/10; intelligence: 7.0/10; being funny: 4.0/10; ambition: 5.0/10; shared interests: 7.0/10. Your importance weights are: attractiveness: 50.0; sincerity: 10.0; intelligence: 20.0; being funny: 10.0; ambition: 10.0; shared interests: 0.0. Would you leave your current partner for the new man? Your answer must be (YES) or (NO) followed by your reason. You must FOLLOW THIS RULE! You MUST NOT SAY other words.,NO; because your current partner has higher scores in categories that you value more such as attractiveness and intelligence; which align better with your weighted preferences.,44,38,21,0
Assume you are a 22-year-old woman with career type Social Work Administration; currently matched with a partner. Your current partner's scores (out of 10): attractiveness: 6.0/10; sincerity: 10.0/10; intelligence: 9.0/10; being funny: 8.0/10; ambition: 9.0/10; shared interests: nan/10. A new man is courting you with scores: attractiveness: 6.0/10; sincerity: 8.0/10; intelligence: 7.0/10; being funny: 5.0/10; ambition: 5.0/10; shared interests: nan/10. Your importance weights are: attractiveness: 20.0; sincerity: 22.0; intelligence: 18.0; being funny: 15.0; ambition: 15.0; shared interests: 10.0. Would you leave your current partner for the new man? Your answer must be (YES) or (NO) followed by your reason. You must FOLLOW THIS RULE! You MUST NOT SAY other words.,NO; because your current partner has higher scores in sincerity; intelligence; being funny; and ambition; which align more closely with your weighted importance values.,42,29,23,0
Assume you are a 21-year-old single man; and there is a 22-year-old woman who is courting you. Your career type is Intellectual Property Attorney. You evaluated her on six dimensions with scores out of 10. These are attractiveness: 8.0/10; sincerity: 7.0/10; intelligence: 7.0/10; being funny: 6.0/10; ambition: 6.0/10; shared interests: 7.0/10. Your importance weights for these attributes are: attractiveness: 15.0; sincerity: 20.0; intelligence: 15.0; being funny: 30.0; ambition: 5.0; shared interests: 15.0. Would you be willing to date this woman? And also tell me the reason. Your answer must be (YES) or (NO) followed by your reason. You must FOLLOW THIS RULE! You MUST NOT SAY other words.,NO because the overall weighted score is lower; particularly in areas like being funny and ambition which are important to you; indicating a potential mismatch in key personality aspects and long-term goals.,27,52,,0
Assume you are a 23-year-old single man; and there is a 27-year-old woman who is courting you. Your career type is Law. You evaluated her on six dimensions with scores out of 10. These are attractiveness: 2.0/10; sincerity: 9.0/10; intelligence: 9.0/10; being funny: 3.0/10; ambition: 7.0/10; shared interests: 7.0/10. Your importance weights for these attributes are: attractiveness: 25.0; sincerity: 10.0; intelligence: 35.0; being funny: 15.0; ambition: 0.0; shared interests: 15.0. Would you be willing to date this woman? And also tell me the reason. Your answer must be (YES) or (NO) followed by your reason. You must FOLLOW THIS RULE! You MUST NOT SAY other words.,NO; because her attractiveness and sense of humor scores are significantly low compared to their respective importance weights; impacting the overall compatibility based on your prioritized attributes.,37,51,,0
Assume you are a 28-year-old man with career type banker / academia; currently matched with a partner. Your current partner's scores (out of 10): attractiveness: 7.0/10; sincerity: 7.0/10; intelligence: 8.0/10; being funny: 5.0/10; ambition: 7.0/10; shared interests: 2.0/10. A new woman is courting you with scores: attractiveness: 7.0/10; sincerity: 8.0/10; intelligence: 8.0/10; being funny: 7.0/10; ambition: 9.0/10; shared interests: 6.0/10. Your importance weights are: attractiveness: 25.0; sincerity: 15.0; intelligence: 25.0; being funny: 15.0; ambition: 0.0; shared interests: 20.0. Would you leave your current partner for the new woman? Your answer must be (YES) or (NO) followed by your reason. You must FOLLOW THIS RULE! You MUST NOT SAY other words.,NO; because the importance of shared interests is high; and your current partner; despite lower scores overall; meets more of your prioritized need for shared interests compared to the new woman.,21,45,44,0
Assume you are a 24-year-old single man; and there is a 22-year-old woman who is courting you. Your career type is Academic. You evaluated her on six dimensions with scores out of 10. These are attractiveness: 7.0/10; sincerity: 6.0/10; intelligence: 5.0/10; being funny: 7.0/10; ambition: 3.0/10; shared interests: 5.0/10. Your importance weights for these attributes are: attractiveness: 25.0; sincerity: 35.0; intelligence: 30.0; being funny: 10.0; ambition: 0.0; shared interests: 0.0. Would you be willing to date this woman? And also tell me the reason. Your answer must be (YES) or (NO) followed by your reason. You must FOLLOW THIS RULE! You MUST NOT SAY other words.,YES; because the attributes that matter most to you (attractiveness; sincerity; and intelligence) are sufficiently met by her scores.,27,43,,1
Assume you are a 23-year-old single woman; and there is a 23-year-old man who is courting you. Your career type is law. You evaluated him on six dimensions with scores out of 10. These are attractiveness: 8.0/10; sincerity: 7.0/10; intelligence: 9.0/10; being funny: 8.0/10; ambition: 8.0/10; shared interests: 3.0/10. Your importance weights for these attributes are: attractiveness: 50.0; sincerity: 10.0; intelligence: 20.0; being funny: 10.0; ambition: 10.0; shared interests: 0.0. Would you be willing to date this man? And also tell me the reason. Your answer must be (YES) or (NO) followed by your reason. You must FOLLOW THIS RULE! You MUST NOT SAY other words.,YES; because the scores he received on your priority attributes like attractiveness; intelligence; and ambition align well with your preferences; and shared interests; which score low; are not important to you.,51,38,,1
Assume you are a 27-year-old woman with career type Informatics; currently matched with a partner. Your current partner's scores (out of 10): attractiveness: 8.0/10; sincerity: 10.0/10; intelligence: 9.0/10; being funny: 9.0/10; ambition: 8.0/10; shared interests: 4.0/10. A new man is courting you with scores: attractiveness: 5.0/10; sincerity: 7.0/10; intelligence: 7.0/10; being funny: 6.0/10; ambition: 7.0/10; shared interests: 5.0/10. Your importance weights are: attractiveness: 20.0; sincerity: 20.0; intelligence: 20.0; being funny: 10.0; ambition: 10.0; shared interests: 20.0. Would you leave your current partner for the new man? Your answer must be (YES) or (NO) followed by your reason. You must FOLLOW THIS RULE! You MUST NOT SAY other words.,NO; because the current partner scores significantly higher in major categories you value; such as attractiveness; sincerity; intelligence; and being funny; outweighing the slightly better score in shared interests with the new man.,40,22,25,0
Assume you are a 28-year-old man with career type banker / academia; currently matched with a partner. Your current partner's scores (out of 10): attractiveness: 6.0/10; sincerity: 5.0/10; intelligence: 5.0/10; being funny: 7.0/10; ambition: 6.0/10; shared interests: 3.0/10. A new woman is courting you with scores: attractiveness: 7.0/10; sincerity: 6.0/10; intelligence: 8.0/10; being funny: 7.0/10; ambition: 6.0/10; shared interests: 7.0/10. Your importance weights are: attractiveness: 25.0; sincerity: 15.0; intelligence: 25.0; being funny: 15.0; ambition: 0.0; shared interests: 20.0. Would you leave your current partner for the new woman? Your answer must be (YES) or (NO) followed by your reason. You must FOLLOW THIS RULE! You MUST NOT SAY other words.,NO; because based on weighted values tailored to your importance; your current partner has an overall score of 392.5; whereas the new woman scores 395. This small margin does not justify ending a relationship; especially considering factors such as sincerity and the complexity of human relationships that go beyond numerical values.,26,45,48,0
Assume you are a 26-year-old single woman; and there is a 28-year-old man who is courting you. Your career type is Biostatistics. You evaluated him on six dimensions with scores out of 10. These are attractiveness: 2.0/10; sincerity: 2.0/10; intelligence: 5.0/10; being funny: 2.0/10; ambition: 8.0/10; shared interests: 4.0/10. Your importance weights for these attributes are: attractiveness: 20.0; sincerity: 25.0; intelligence: 20.0; being funny: 15.0; ambition: 15.0; shared interests: 5.0. Would you be willing to date this man? And also tell me the reason. Your answer must be (YES) or (NO) followed by your reason. You must FOLLOW THIS RULE! You MUST NOT SAY other words.,NO; because the scores he received in the attributes you value most highly (attractiveness and sincerity) are very low; suggesting compatibility issues based on your priorities.,45,36,,0
Assume you are a 28-year-old man with career type banker / academia; currently matched with a partner. Your current partner's scores (out of 10): attractiveness: 1.0/10; sincerity: 6.0/10; intelligence: 7.0/10; being funny: 6.0/10; ambition: 4.0/10; shared interests: 3.0/10. A new woman is courting you with scores: attractiveness: 8.0/10; sincerity: 8.0/10; intelligence: 7.0/10; being funny: 8.0/10; ambition: 6.0/10; shared interests: 7.0/10. Your importance weights are: attractiveness: 25.0; sincerity: 15.0; intelligence: 25.0; being funny: 15.0; ambition: 0.0; shared interests: 20.0. Would you leave your current partner for the new woman? Your answer must be (YES) or (NO) followed by your reason. You must FOLLOW THIS RULE! You MUST NOT SAY other words.,NO; because relationship decisions should be based not only on weighted scores but also on deeper emotional connections; values alignment; and commitment which aren't quantifiable in this chart.,27,45,43,0
Assume you are a 27-year-old woman with career type Informatics; currently matched with a partner. Your current partner's scores (out of 10): attractiveness: 10.0/10; sincerity: 10.0/10; intelligence: 10.0/10; being funny: 10.0/10; ambition: 10.0/10; shared interests: nan/10. A new man is courting you with scores: attractiveness: 4.0/10; sincerity: 7.0/10; intelligence: 6.0/10; being funny: 6.0/10; ambition: 7.0/10; shared interests: 2.0/10. Your importance weights are: attractiveness: 20.0; sincerity: 20.0; intelligence: 20.0; being funny: 10.0; ambition: 10.0; shared interests: 20.0. Would you leave your current partner for the new man? Your answer must be (YES) or (NO) followed by your reason. You must FOLLOW THIS RULE! You MUST NOT SAY other words.,NO; because your current partner significantly outperforms the new man in every measured category that matters to you; including those you find most important (attractiveness; sincerity; and intelligence).,41,22,33,0
Assume you are a 27-year-old woman with career type Informatics; currently matched with a partner. Your current partner's scores (out of 10): attractiveness: 6.0/10; sincerity: 10.0/10; intelligence: 9.0/10; being funny: 8.0/10; ambition: 9.0/10; shared interests: nan/10. A new man is courting you with scores: attractiveness: 5.0/10; sincerity: 6.0/10; intelligence: 6.0/10; being funny: 5.0/10; ambition: 6.0/10; shared interests: 3.0/10. Your importance weights are: attractiveness: 20.0; sincerity: 20.0; intelligence: 20.0; being funny: 10.0; ambition: 10.0; shared interests: 20.0. Would you leave your current partner for the new man? Your answer must be (YES) or (NO) followed by your reason. You must FOLLOW THIS RULE! You MUST NOT SAY other words.,NO; because based on the scores and importance weights provided; your current partner exceeds the new man in every weighted category significantly.,42,22,23,0
Assume you are a 22-year-old woman with career type Social Work Administration; currently matched with a partner. Your current partner's scores (out of 10): attractiveness: 6.0/10; sincerity: 7.0/10; intelligence: 8.0/10; being funny: 6.0/10; ambition: 7.0/10; shared interests: 7.0/10. A new man is courting you with scores: attractiveness: 8.0/10; sincerity: 6.0/10; intelligence: 7.0/10; being funny: 3.0/10; ambition: 7.0/10; shared interests: 2.0/10. Your importance weights are: attractiveness: 20.0; sincerity: 22.0; intelligence: 18.0; being funny: 15.0; ambition: 15.0; shared interests: 10.0. Would you leave your current partner for the new man? Your answer must be (YES) or (NO) followed by your reason. You must FOLLOW THIS RULE! You MUST NOT SAY other words.,NO; because based on your weighted importance; your current partner has a higher overall score considering what traits you value most.,44,29,21,0
Assume you are a 28-year-old single man; and there is a 23-year-old woman who is courting you. Your career type is banker / academia. You evaluated her on six dimensions with scores out of 10. These are attractiveness: 6.0/10; sincerity: 6.0/10; intelligence: 6.0/10; being funny: 6.0/10; ambition: 6.0/10; shared interests: 5.0/10. Your importance weights for these attributes are: attractiveness: 25.0; sincerity: 15.0; intelligence: 25.0; being funny: 15.0; ambition: 0.0; shared interests: 20.0. Would you be willing to date this woman? And also tell me the reason. Your answer must be (YES) or (NO) followed by your reason. You must FOLLOW THIS RULE! You MUST NOT SAY other words.,NO; because the weight of her scores on important qualities like intelligence and attractiveness; which you value the most; align with lesser evaluations; suggesting that your compatibility and satisfaction might be lower.,30,45,,0
Assume you are a 27-year-old woman with career type Organizational Change Consultant; currently matched with a partner. Your current partner's scores (out of 10): attractiveness: 7.0/10; sincerity: 7.0/10; intelligence: 7.0/10; being funny: 9.0/10; ambition: 8.0/10; shared interests: 7.0/10. A new man is courting you with scores: attractiveness: 8.0/10; sincerity: 5.0/10; intelligence: 9.0/10; being funny: 7.0/10; ambition: 6.0/10; shared interests: 5.0/10. Your importance weights are: attractiveness: 10.0; sincerity: 10.0; intelligence: 30.0; being funny: 25.0; ambition: 10.0; shared interests: 15.0. Would you leave your current partner for the new man? Your answer must be (YES) or (NO) followed by your reason. You must FOLLOW THIS RULE! You MUST NOT SAY other words.,NO; because based on your weighted importance of each attribute; your current partner scores higher overall compared to the new man; particularly in sincerity and shared interests which are crucial for long-term compatibility.,46,37,34,0
Assume you are a 27-year-old woman with career type Organizational Change Consultant; currently matched with a partner. Your current partner's scores (out of 10): attractiveness: 9.0/10; sincerity: 8.0/10; intelligence: 7.0/10; being funny: 9.0/10; ambition: nan/10; shared interests: 8.0/10. A new man is courting you with scores: attractiveness: 8.0/10; sincerity: 5.0/10; intelligence: 6.0/10; being funny: 9.0/10; ambition: 4.0/10; shared interests: 6.0/10. Your importance weights are: attractiveness: 10.0; sincerity: 10.0; intelligence: 30.0; being funny: 25.0; ambition: 10.0; shared interests: 15.0. Would you leave your current partner for the new man? Your answer must be (YES) or (NO) followed by your reason. You must FOLLOW THIS RULE! You MUST NOT SAY other words.,NO; because your current partner scores higher in several key categories that are important to you; including sincerity and intelligence; while the new man’s scores are lower in sincerity; intelligence; ambition; and shared interests.,48,37,26,0
Assume you are a 21-year-old man with career type Intellectual Property Attorney; currently matched with a partner. Your current partner's scores (out of 10): attractiveness: 9.0/10; sincerity: 8.0/10; intelligence: 7.0/10; being funny: 10.0/10; ambition: 9.0/10; shared interests: 8.0/10. A new woman is courting you with scores: attractiveness: 8.0/10; sincerity: 8.0/10; intelligence: 8.0/10; being funny: 6.0/10; ambition: 7.0/10; shared interests: 5.0/10. Your importance weights are: attractiveness: 15.0; sincerity: 20.0; intelligence: 15.0; being funny: 30.0; ambition: 5.0; shared interests: 15.0. Would you leave your current partner for the new woman? Your answer must be (YES) or (NO) followed by your reason. You must FOLLOW THIS RULE! You MUST NOT SAY other words.,NO; because your current partner has higher scores in categories that are more important to you such as being funny and ambition; and overall aligns better with your weighted preferences.,31,52,55,0
Assume you are a 30-year-old man with career type Academic; currently matched with a partner. Your current partner's scores (out of 10): attractiveness: 6.0/10; sincerity: 6.0/10; intelligence: 7.0/10; being funny: 6.0/10; ambition: 6.0/10; shared interests: 6.0/10. A new woman is courting you with scores: attractiveness: 5.0/10; sincerity: 6.0/10; intelligence: 6.0/10; being funny: 4.0/10; ambition: 7.0/10; shared interests: 4.0/10. Your importance weights are: attractiveness: 20.0; sincerity: 20.0; intelligence: 25.0; being funny: 25.0; ambition: 5.0; shared interests: 5.0. Would you leave your current partner for the new woman? Your answer must be (YES) or (NO) followed by your reason. You must FOLLOW THIS RULE! You MUST NOT SAY other words.,NO; because the new woman scores lower or equal in the attributes you prioritize most heavily (attractiveness; sincerity; intelligence; and being funny); making her overall less compatible with your weighted preferences compared to your current partner.,23,47,42,0
Assume you are a 22-year-old single woman; and there is a 28-year-old man who is courting you. Your career type is Social Work Administration. You evaluated him on six dimensions with scores out of 10. These are attractiveness: 6.0/10; sincerity: 8.0/10; intelligence: 7.0/10; being funny: 4.0/10; ambition: 7.0/10; shared interests: 2.0/10. Your importance weights for these attributes are: attractiveness: 20.0; sincerity: 22.0; intelligence: 18.0; being funny: 15.0; ambition: 15.0; shared interests: 10.0. Would you be willing to date this man? And also tell me the reason. Your answer must be (YES) or (NO) followed by your reason. You must FOLLOW THIS RULE! You MUST NOT SAY other words.,NO; the low score on shared interests suggests limited common ground; which could hinder a strong emotional and intellectual connection that is crucial for a substantial relationship.,45,29,,0
Assume you are a 23-year-old woman with career type Lawyer; currently matched with a partner. Your current partner's scores (out of 10): attractiveness: 7.0/10; sincerity: 7.0/10; intelligence: 7.0/10; being funny: 9.0/10; ambition: 8.0/10; shared interests: 7.0/10. A new man is courting you with scores: attractiveness: 8.0/10; sincerity: 7.0/10; intelligence: 7.0/10; being funny: 7.0/10; ambition: 5.0/10; shared interests: 5.0/10. Your importance weights are: attractiveness: 10.0; sincerity: 20.0; intelligence: 20.0; being funny: 20.0; ambition: 20.0; shared interests: 10.0. Would you leave your current partner for the new man? Your answer must be (YES) or (NO) followed by your reason. You must FOLLOW THIS RULE! You MUST NOT SAY other words.,NO; because the current partner has higher scores in ambition; being funny; and shared interests; which align better with your weighted priorities.,46,30,34,0
Assume you are a 21-year-old man with career type Intellectual Property Attorney; currently matched with a partner. Your current partner's scores (out of 10): attractiveness: 7.0/10; sincerity: 7.0/10; intelligence: 8.0/10; being funny: 5.0/10; ambition: 7.0/10; shared interests: 2.0/10. A new woman is courting you with scores: attractiveness: 6.0/10; sincerity: 6.0/10; intelligence: 8.0/10; being funny: 6.0/10; ambition: 7.0/10; shared interests: 6.0/10. Your importance weights are: attractiveness: 15.0; sincerity: 20.0; intelligence: 15.0; being funny: 30.0; ambition: 5.0; shared interests: 15.0. Would you leave your current partner for the new woman? Your answer must be (YES) or (NO) followed by your reason. You must FOLLOW THIS RULE! You MUST NOT SAY other words.,NO; because the overall compatibility and your values suggest that your current partner scores higher in the areas you find most significant; such as sincerity and intelligence; both of which align more closely with your priorities.,21,52,44,0
Assume you are a 24-year-old woman with career type lawyer; currently matched with a partner. Your current partner's scores (out of 10): attractiveness: 6.0/10; sincerity: 10.0/10; intelligence: 9.0/10; being funny: 8.0/10; ambition: 9.0/10; shared interests: nan/10. A new man is courting you with scores: attractiveness: 5.0/10; sincerity: 5.0/10; intelligence: 9.0/10; being funny: 7.0/10; ambition: 9.0/10; shared interests: nan/10. Your importance weights are: attractiveness: 20.0; sincerity: 20.0; intelligence: 20.0; being funny: 15.0; ambition: 15.0; shared interests: 10.0. Would you leave your current partner for the new man? Your answer must be (YES) or (NO) followed by your reason. You must FOLLOW THIS RULE! You MUST NOT SAY other words.,NO; because the current partner scores higher in both sincerity and attractiveness which are highly weighted in your importance criteria.,42,39,23,0
Assume you are a 23-year-old woman with career type Lawyer; currently matched with a partner. Your current partner's scores (out of 10): attractiveness: 9.0/10; sincerity: 8.0/10; intelligence: 7.0/10; being funny: 9.0/10; ambition: nan/10; shared interests: 8.0/10. A new man is courting you with scores: attractiveness: 7.0/10; sincerity: 7.0/10; intelligence: 5.0/10; being funny: 7.0/10; ambition: 5.0/10; shared interests: 7.0/10. Your importance weights are: attractiveness: 10.0; sincerity: 20.0; intelligence: 20.0; being funny: 20.0; ambition: 20.0; shared interests: 10.0. Would you leave your current partner for the new man? Your answer must be (YES) or (NO) followed by your reason. You must FOLLOW THIS RULE! You MUST NOT SAY other words.,NO; because your current partner has higher scores in most attributes that are important to you; including intelligence and sincerity; which have high importance weights according to your preferences.,48,30,26,0
Assume you are a 23-year-old woman with career type Lawyer; currently matched with a partner. Your current partner's scores (out of 10): attractiveness: 8.0/10; sincerity: 8.0/10; intelligence: 10.0/10; being funny: 5.0/10; ambition: 6.0/10; shared interests: 5.0/10. A new man is courting you with scores: attractiveness: 8.0/10; sincerity: 7.0/10; intelligence: 7.0/10; being funny: 7.0/10; ambition: 7.0/10; shared interests: 7.0/10. Your importance weights are: attractiveness: 10.0; sincerity: 20.0; intelligence: 20.0; being funny: 20.0; ambition: 20.0; shared interests: 10.0. Would you leave your current partner for the new man? Your answer must be (YES) or (NO) followed by your reason. You must FOLLOW THIS RULE! You MUST NOT SAY other words.,NO; because the current partner scores higher in intelligence; which is highly weighted in your importance scale; and matches or exceeds the new man's scores in other highly weighted categories such as sincerity.,49,30,35,0
Assume you are a 21-year-old single man; and there is a 27-year-old woman who is courting you. Your career type is Intellectual Property Attorney. You evaluated her on six dimensions with scores out of 10. These are attractiveness: 4.0/10; sincerity: 6.0/10; intelligence: 7.0/10; being funny: 6.0/10; ambition: 5.0/10; shared interests: 5.0/10. Your importance weights for these attributes are: attractiveness: 15.0; sincerity: 20.0; intelligence: 15.0; being funny: 30.0; ambition: 5.0; shared interests: 15.0. Would you be willing to date this woman? And also tell me the reason. Your answer must be (YES) or (NO) followed by your reason. You must FOLLOW THIS RULE! You MUST NOT SAY other words.,NO; because the weighted average of her qualities based on your importance weights does not meet your higher preferences; especially in humor and attractiveness.,22,52,,0
Assume you are a 27-year-old woman with career type Organizational Change Consultant; currently matched with a partner. Your current partner's scores (out of 10): attractiveness: 6.0/10; sincerity: 8.0/10; intelligence: 8.0/10; being funny: 6.0/10; ambition: 7.0/10; shared interests: 7.0/10. A new man is courting you with scores: attractiveness: 7.0/10; sincerity: 4.0/10; intelligence: 7.0/10; being funny: 7.0/10; ambition: 6.0/10; shared interests: 8.0/10. Your importance weights are: attractiveness: 10.0; sincerity: 10.0; intelligence: 30.0; being funny: 25.0; ambition: 10.0; shared interests: 15.0. Would you leave your current partner for the new man? Your answer must be (YES) or (NO) followed by your reason. You must FOLLOW THIS RULE! You MUST NOT SAY other words.,NO; because the current partner has higher scores in sincerity and intelligence; which are the traits you value most according to your importance weights.,51,37,38,0
Assume you are a 22-year-old woman with career type Social Work Administration; currently matched with a partner. Your current partner's scores (out of 10): attractiveness: 7.0/10; sincerity: 7.0/10; intelligence: 7.0/10; being funny: 9.0/10; ambition: 8.0/10; shared interests: 7.0/10. A new man is courting you with scores: attractiveness: 8.0/10; sincerity: 6.0/10; intelligence: 6.0/10; being funny: 5.0/10; ambition: nan/10; shared interests: nan/10. Your importance weights are: attractiveness: 20.0; sincerity: 22.0; intelligence: 18.0; being funny: 15.0; ambition: 15.0; shared interests: 10.0. Would you leave your current partner for the new man? Your answer must be (YES) or (NO) followed by your reason. You must FOLLOW THIS RULE! You MUST NOT SAY other words.,NO; because the current partner has higher scores in sincerity; intelligence; being funny; and ambition; which are weighted more significantly according to your importance values.,46,29,34,0
Assume you are a 24-year-old woman with career type lawyer; currently matched with a partner. Your current partner's scores (out of 10): attractiveness: 7.0/10; sincerity: 7.0/10; intelligence: 7.0/10; being funny: 9.0/10; ambition: 8.0/10; shared interests: 7.0/10. A new man is courting you with scores: attractiveness: 8.0/10; sincerity: 6.0/10; intelligence: 9.0/10; being funny: 9.0/10; ambition: 6.0/10; shared interests: nan/10. Your importance weights are: attractiveness: 20.0; sincerity: 20.0; intelligence: 20.0; being funny: 15.0; ambition: 15.0; shared interests: 10.0. Would you leave your current partner for the new man? Your answer must be (YES) or (NO) followed by your reason. You must FOLLOW THIS RULE! You MUST NOT SAY other words.,NO; because your current partner scores higher in sincerity and ambition; which are significantly important according to your given weights.,46,39,34,0
Assume you are a 24-year-old single woman; and there is a 21-year-old man who is courting you. Your career type is lawyer. You evaluated him on six dimensions with scores out of 10. These are attractiveness: 3.0/10; sincerity: 9.0/10; intelligence: 9.0/10; being funny: 6.0/10; ambition: 9.0/10; shared interests: nan/10. Your importance weights for these attributes are: attractiveness: 20.0; sincerity: 20.0; intelligence: 20.0; being funny: 15.0; ambition: 15.0; shared interests: 10.0. Would you be willing to date this man? And also tell me the reason. Your answer must be (YES) or (NO) followed by your reason. You must FOLLOW THIS RULE! You MUST NOT SAY other words.,"NO; because the score for ""shared interests"" is missing (nan); which makes it difficult to accurately assess compatibility based on your weighted criteria.",52,39,,0
Assume you are a 24-year-old woman with career type lawyer; currently matched with a partner. Your current partner's scores (out of 10): attractiveness: 7.0/10; sincerity: 6.0/10; intelligence: 5.0/10; being funny: 7.0/10; ambition: 3.0/10; shared interests: 5.0/10. A new man is courting you with scores: attractiveness: 7.0/10; sincerity: 9.0/10; intelligence: 8.0/10; being funny: 7.0/10; ambition: 6.0/10; shared interests: 5.0/10. Your importance weights are: attractiveness: 20.0; sincerity: 20.0; intelligence: 20.0; being funny: 15.0; ambition: 15.0; shared interests: 10.0. Would you leave your current partner for the new man? Your answer must be (YES) or (NO) followed by your reason. You must FOLLOW THIS RULE! You MUST NOT SAY other words.,YES; because the new man scores higher in sincerity; intelligence; and ambition; which align with the higher importance weights you place on these attributes.,43,39,27,1
Assume you are a 22-year-old woman with career type Social Work Administration; currently matched with a partner. Your current partner's scores (out of 10): attractiveness: 9.0/10; sincerity: 8.0/10; intelligence: 7.0/10; being funny: 9.0/10; ambition: nan/10; shared interests: 8.0/10. A new man is courting you with scores: attractiveness: 8.0/10; sincerity: 7.0/10; intelligence: 8.0/10; being funny: 8.0/10; ambition: 8.0/10; shared interests: 6.0/10. Your importance weights are: attractiveness: 20.0; sincerity: 22.0; intelligence: 18.0; being funny: 15.0; ambition: 15.0; shared interests: 10.0. Would you leave your current partner for the new man? Your answer must be (YES) or (NO) followed by your reason. You must FOLLOW THIS RULE! You MUST NOT SAY other words.,NO; because your current partner has higher scores in key areas that are important to you: attractiveness; sincerity; and being funny; which aligns more closely with your weighted priorities.,48,29,26,0
Assume you are a 27-year-old woman with career type Informatics; currently matched with a partner. Your current partner's scores (out of 10): attractiveness: 3.0/10; sincerity: 7.0/10; intelligence: 7.0/10; being funny: 7.0/10; ambition: 5.0/10; shared interests: 3.0/10. A new man is courting you with scores: attractiveness: 5.0/10; sincerity: 7.0/10; intelligence: 7.0/10; being funny: 5.0/10; ambition: 7.0/10; shared interests: 3.0/10. Your importance weights are: attractiveness: 20.0; sincerity: 20.0; intelligence: 20.0; being funny: 10.0; ambition: 10.0; shared interests: 20.0. Would you leave your current partner for the new man? Your answer must be (YES) or (NO) followed by your reason. You must FOLLOW THIS RULE! You MUST NOT SAY other words.,NO; because the overall score improvement of the new man is not significant enough in terms of shared interests and attractiveness relative to the importance weights you prioritize; which might not justify the potential emotional and relational costs of changing partners.,43,22,39,0
Assume you are a 27-year-old woman with career type Organizational Change Consultant; currently matched with a partner. Your current partner's scores (out of 10): attractiveness: 6.0/10; sincerity: 10.0/10; intelligence: 9.0/10; being funny: 8.0/10; ambition: 9.0/10; shared interests: nan/10. A new man is courting you with scores: attractiveness: 4.0/10; sincerity: 4.0/10; intelligence: 6.0/10; being funny: 7.0/10; ambition: 5.0/10; shared interests: 4.0/10. Your importance weights are: attractiveness: 10.0; sincerity: 10.0; intelligence: 30.0; being funny: 25.0; ambition: 10.0; shared interests: 15.0. Would you leave your current partner for the new man? Your answer must be (YES) or (NO) followed by your reason. You must FOLLOW THIS RULE! You MUST NOT SAY other words.,NO; because based on the weighted importance of each trait; the current partner significantly outperforms the new man in sincerity; intelligence; and ambition; which are highly valued traits according to your importance weights.,42,37,23,0
Assume you are a 27-year-old single woman; and there is a 28-year-old man who is courting you. Your career type is Organizational Change Consultant. You evaluated him on six dimensions with scores out of 10. These are attractiveness: 6.0/10; sincerity: 4.0/10; intelligence: 7.0/10; being funny: 4.0/10; ambition: 5.0/10; shared interests: 2.0/10. Your importance weights for these attributes are: attractiveness: 10.0; sincerity: 10.0; intelligence: 30.0; being funny: 25.0; ambition: 10.0; shared interests: 15.0. Would you be willing to date this man? And also tell me the reason. Your answer must be (YES) or (NO) followed by your reason. You must FOLLOW THIS RULE! You MUST NOT SAY other words.,NO; the scores he received on attributes you deem critical; such as sincerity; being funny; and shared interests; are low; which suggests that you might not be very compatible or satisfied in the relationship based on your own priorities.,45,37,,0
Assume you are a 23-year-old single woman; and there is a 21-year-old man who is courting you. Your career type is Lawyer. You evaluated him on six dimensions with scores out of 10. These are attractiveness: 3.0/10; sincerity: 7.0/10; intelligence: 8.0/10; being funny: 6.0/10; ambition: 7.0/10; shared interests: 5.0/10. Your importance weights for these attributes are: attractiveness: 10.0; sincerity: 20.0; intelligence: 20.0; being funny: 20.0; ambition: 20.0; shared interests: 10.0. Would you be willing to date this man? And also tell me the reason. Your answer must be (YES) or (NO) followed by your reason. You must FOLLOW THIS RULE! You MUST NOT SAY other words.,YES; because his high scores in intelligence; ambition; and sincerity; which are significantly important to you; suggest that he aligns well with your priorities and values.,52,30,,1
Assume you are a 30-year-old man with career type Academic; currently matched with a partner. Your current partner's scores (out of 10): attractiveness: 6.0/10; sincerity: 5.0/10; intelligence: 5.0/10; being funny: 7.0/10; ambition: 6.0/10; shared interests: 3.0/10. A new woman is courting you with scores: attractiveness: 5.0/10; sincerity: 6.0/10; intelligence: 6.0/10; being funny: 6.0/10; ambition: 6.0/10; shared interests: 6.0/10. Your importance weights are: attractiveness: 20.0; sincerity: 20.0; intelligence: 25.0; being funny: 25.0; ambition: 5.0; shared interests: 5.0. Would you leave your current partner for the new woman? Your answer must be (YES) or (NO) followed by your reason. You must FOLLOW THIS RULE! You MUST NOT SAY other words.,NO; because according to your importance weights; intelligence and being funny are the highest priorities and both women score similarly in these areas; while your current partner scores higher in attractiveness; which is also significantly important to you.,26,47,48,0
Assume you are a 27-year-old woman with career type Informatics; currently matched with a partner. Your current partner's scores (out of 10): attractiveness: 6.0/10; sincerity: 7.0/10; intelligence: 8.0/10; being funny: 6.0/10; ambition: 7.0/10; shared interests: 7.0/10. A new man is courting you with scores: attractiveness: 6.0/10; sincerity: 8.0/10; intelligence: 8.0/10; being funny: 7.0/10; ambition: 7.0/10; shared interests: 6.0/10. Your importance weights are: attractiveness: 20.0; sincerity: 20.0; intelligence: 20.0; being funny: 10.0; ambition: 10.0; shared interests: 20.0. Would you leave your current partner for the new man? Your answer must be (YES) or (NO) followed by your reason. You must FOLLOW THIS RULE! You MUST NOT SAY other words.,NO; the overall differences in scores are minimal; and relationship decisions should not solely rely on numerical ratings but also on deeper emotional; psychological compatibility and existing relationship dynamics.,44,22,21,0
Assume you are a 27-year-old single woman; and there is a 30-year-old man who is courting you. Your career type is Organizational Change Consultant. You evaluated him on six dimensions with scores out of 10. These are attractiveness: 3.0/10; sincerity: 5.0/10; intelligence: 7.0/10; being funny: 6.0/10; ambition: 6.0/10; shared interests: 6.0/10. Your importance weights for these attributes are: attractiveness: 10.0; sincerity: 10.0; intelligence: 30.0; being funny: 25.0; ambition: 10.0; shared interests: 15.0. Would you be willing to date this man? And also tell me the reason. Your answer must be (YES) or (NO) followed by your reason. You must FOLLOW THIS RULE! You MUST NOT SAY other words.,NO; because when using your weighted importance for each attribute; his overall score doesn't meet your expectations; particularly in key areas like attractiveness and sincerity which you highly value.,47,37,,0
Assume you are a 22-year-old woman with career type Speech Language Pathologist; currently matched with a partner. Your current partner's scores (out of 10): attractiveness: 9.0/10; sincerity: 8.0/10; intelligence: 7.0/10; being funny: 9.0/10; ambition: nan/10; shared interests: 8.0/10. A new man is courting you with scores: attractiveness: 4.0/10; sincerity: 6.0/10; intelligence: 4.0/10; being funny: 5.0/10; ambition: 6.0/10; shared interests: 7.0/10. Your importance weights are: attractiveness: 17.0; sincerity: 10.0; intelligence: 18.0; being funny: 20.0; ambition: 25.0; shared interests: 10.0. Would you leave your current partner for the new man? Your answer must be (YES) or (NO) followed by your reason. You must FOLLOW THIS RULE! You MUST NOT SAY other words.,NO; because the current partner significantly outperforms the new man in attractiveness; sincerity; intelligence; and being funny; which are highly weighted in your importance scores.,48,27,26,0
Assume you are a 27-year-old woman with career type Organizational Change Consultant; currently matched with a partner. Your current partner's scores (out of 10): attractiveness: 6.0/10; sincerity: 7.0/10; intelligence: 7.0/10; being funny: 6.0/10; ambition: 6.0/10; shared interests: 4.0/10. A new man is courting you with scores: attractiveness: 2.0/10; sincerity: 6.0/10; intelligence: 6.0/10; being funny: 6.0/10; ambition: 4.0/10; shared interests: 5.0/10. Your importance weights are: attractiveness: 10.0; sincerity: 10.0; intelligence: 30.0; being funny: 25.0; ambition: 10.0; shared interests: 15.0. Would you leave your current partner for the new man? Your answer must be (YES) or (NO) followed by your reason. You must FOLLOW THIS RULE! You MUST NOT SAY other words.,NO; because the current partner scores higher overall according to your rated importance of each trait.,52,37,30,0
Assume you are a 28-year-old man with career type banker / academia; currently matched with a partner. Your current partner's scores (out of 10): attractiveness: 9.0/10; sincerity: 8.0/10; intelligence: 7.0/10; being funny: 10.0/10; ambition: 9.0/10; shared interests: 8.0/10. A new woman is courting you with scores: attractiveness: 9.0/10; sincerity: 8.0/10; intelligence: 8.0/10; being funny: 7.0/10; ambition: 8.0/10; shared interests: 6.0/10. Your importance weights are: attractiveness: 25.0; sincerity: 15.0; intelligence: 25.0; being funny: 15.0; ambition: 0.0; shared interests: 20.0. Would you leave your current partner for the new woman? Your answer must be (YES) or (NO) followed by your reason. You must FOLLOW THIS RULE! You MUST NOT SAY other words.,NO; because your current partner has higher overall scores weighted against your importance weights; particularly in areas you value more such as being funny and shared interests.,31,45,55,0
Assume you are a 26-year-old woman with career type Biostatistics; currently matched with a partner. Your current partner's scores (out of 10): attractiveness: 7.0/10; sincerity: 7.0/10; intelligence: 7.0/10; being funny: 9.0/10; ambition: 8.0/10; shared interests: 7.0/10. A new man is courting you with scores: attractiveness: 2.0/10; sincerity: 5.0/10; intelligence: 4.0/10; being funny: 3.0/10; ambition: 4.0/10; shared interests: 2.0/10. Your importance weights are: attractiveness: 20.0; sincerity: 25.0; intelligence: 20.0; being funny: 15.0; ambition: 15.0; shared interests: 5.0. Would you leave your current partner for the new man? Your answer must be (YES) or (NO) followed by your reason. You must FOLLOW THIS RULE! You MUST NOT SAY other words.,NO; because the new man scores lower in all categories compared to your current partner; especially in the areas you value most such as attractiveness; sincerity; and intelligence.,46,36,34,0
Assume you are a 26-year-old woman with career type Biostatistics; currently matched with a partner. Your current partner's scores (out of 10): attractiveness: 6.0/10; sincerity: 8.0/10; intelligence: 8.0/10; being funny: 6.0/10; ambition: 7.0/10; shared interests: 7.0/10. A new man is courting you with scores: attractiveness: 5.0/10; sincerity: 2.0/10; intelligence: 6.0/10; being funny: 2.0/10; ambition: 5.0/10; shared interests: 4.0/10. Your importance weights are: attractiveness: 20.0; sincerity: 25.0; intelligence: 20.0; being funny: 15.0; ambition: 15.0; shared interests: 5.0. Would you leave your current partner for the new man? Your answer must be (YES) or (NO) followed by your reason. You must FOLLOW THIS RULE! You MUST NOT SAY other words.,NO; because the new man has significantly lower scores in sincerity; being funny; and shared interests; which are important factors based on your priority weights; and overall lower scores in all other categories compared to your current partner.,51,36,38,0
Assume you are a 28-year-old man with career type banker / academia; currently matched with a partner. Your current partner's scores (out of 10): attractiveness: 9.0/10; sincerity: 8.0/10; intelligence: 9.0/10; being funny: 7.0/10; ambition: 8.0/10; shared interests: nan/10. A new woman is courting you with scores: attractiveness: 7.0/10; sincerity: 7.0/10; intelligence: 7.0/10; being funny: 7.0/10; ambition: 7.0/10; shared interests: 7.0/10. Your importance weights are: attractiveness: 25.0; sincerity: 15.0; intelligence: 25.0; being funny: 15.0; ambition: 0.0; shared interests: 20.0. Would you leave your current partner for the new woman? Your answer must be (YES) or (NO) followed by your reason. You must FOLLOW THIS RULE! You MUST NOT SAY other words.,NO; because your current partner has higher scores in the categories you value most: attractiveness and intelligence; which align with your highest weighted preferences. Furthermore; the new woman does not excel significantly in any areas compared to your current partner; especially in the areas you prioritize.,34,45,46,0
Assume you are a 27-year-old woman with career type Organizational Change Consultant; currently matched with a partner. Your current partner's scores (out of 10): attractiveness: 8.0/10; sincerity: 10.0/10; intelligence: 10.0/10; being funny: 10.0/10; ambition: 10.0/10; shared interests: 8.0/10. A new man is courting you with scores: attractiveness: 5.0/10; sincerity: 7.0/10; intelligence: 6.0/10; being funny: 7.0/10; ambition: 4.0/10; shared interests: 5.0/10. Your importance weights are: attractiveness: 10.0; sincerity: 10.0; intelligence: 30.0; being funny: 25.0; ambition: 10.0; shared interests: 15.0. Would you leave your current partner for the new man? Your answer must be (YES) or (NO) followed by your reason. You must FOLLOW THIS RULE! You MUST NOT SAY other words.,NO; the current partner scores higher in every category that is important according to your weighed preferences; suggesting a stronger overall compatibility.,55,37,31,0
Assume you are a 22-year-old woman with career type Social Work Administration; currently matched with a partner. Your current partner's scores (out of 10): attractiveness: 8.0/10; sincerity: 8.0/10; intelligence: 10.0/10; being funny: 5.0/10; ambition: 6.0/10; shared interests: 5.0/10. A new man is courting you with scores: attractiveness: 7.0/10; sincerity: 5.0/10; intelligence: 6.0/10; being funny: 8.0/10; ambition: 6.0/10; shared interests: 4.0/10. Your importance weights are: attractiveness: 20.0; sincerity: 22.0; intelligence: 18.0; being funny: 15.0; ambition: 15.0; shared interests: 10.0. Would you leave your current partner for the new man? Your answer must be (YES) or (NO) followed by your reason. You must FOLLOW THIS RULE! You MUST NOT SAY other words.,NO; because your current partner scores higher overall based on your importance weights; indicating a better overall alignment with your priorities.,49,29,35,0
Assume you are a 27-year-old woman with career type Organizational Change Consultant; currently matched with a partner. Your current partner's scores (out of 10): attractiveness: 8.0/10; sincerity: 10.0/10; intelligence: 9.0/10; being funny: 9.0/10; ambition: 8.0/10; shared interests: 4.0/10. A new man is courting you with scores: attractiveness: 2.0/10; sincerity: 4.0/10; intelligence: 5.0/10; being funny: 4.0/10; ambition: 4.0/10; shared interests: 3.0/10. Your importance weights are: attractiveness: 10.0; sincerity: 10.0; intelligence: 30.0; being funny: 25.0; ambition: 10.0; shared interests: 15.0. Would you leave your current partner for the new man? Your answer must be (YES) or (NO) followed by your reason. You must FOLLOW THIS RULE! You MUST NOT SAY other words.,NO; because your current partner scores significantly higher in key areas that are important to you such as intelligence; being funny; and sincerity; which align more closely with your prioritized values.,40,37,25,0
Assume you are a 30-year-old single man; and there is a 22-year-old woman who is courting you. Your career type is Academic. You evaluated her on six dimensions with scores out of 10. These are attractiveness: 7.0/10; sincerity: 5.0/10; intelligence: 6.0/10; being funny: 6.0/10; ambition: 4.0/10; shared interests: 5.0/10. Your importance weights for these attributes are: attractiveness: 20.0; sincerity: 20.0; intelligence: 25.0; being funny: 25.0; ambition: 5.0; shared interests: 5.0. Would you be willing to date this woman? And also tell me the reason. Your answer must be (YES) or (NO) followed by your reason. You must FOLLOW THIS RULE! You MUST NOT SAY other words.,NO because the weighted scores for sincerity and intelligence; which are highly valued attributes in your assessment; are relatively low; suggesting a compatibility mismatch in crucial areas.,27,47,,0
Assume you are a 30-year-old single man; and there is a 22-year-old woman who is courting you. Your career type is Academic. You evaluated her on six dimensions with scores out of 10. These are attractiveness: 5.0/10; sincerity: 6.0/10; intelligence: 5.0/10; being funny: 6.0/10; ambition: 7.0/10; shared interests: 2.0/10. Your importance weights for these attributes are: attractiveness: 20.0; sincerity: 20.0; intelligence: 25.0; being funny: 25.0; ambition: 5.0; shared interests: 5.0. Would you be willing to date this woman? And also tell me the reason. Your answer must be (YES) or (NO) followed by your reason. You must FOLLOW THIS RULE! You MUST NOT SAY other words.,NO. The combined weighted score based on her evaluations and your importance weights is lower than ideal for a compatible relationship; particularly the low score in shared interests; which is crucial for long-term compatibility despite its low weight.,29,47,,0
Assume you are a 30-year-old man with career type Academic; currently matched with a partner. Your current partner's scores (out of 10): attractiveness: 9.0/10; sincerity: 8.0/10; intelligence: 7.0/10; being funny: 10.0/10; ambition: 9.0/10; shared interests: 8.0/10. A new woman is courting you with scores: attractiveness: 7.0/10; sincerity: 6.0/10; intelligence: 6.0/10; being funny: 5.0/10; ambition: 7.0/10; shared interests: 5.0/10. Your importance weights are: attractiveness: 20.0; sincerity: 20.0; intelligence: 25.0; being funny: 25.0; ambition: 5.0; shared interests: 5.0. Would you leave your current partner for the new woman? Your answer must be (YES) or (NO) followed by your reason. You must FOLLOW THIS RULE! You MUST NOT SAY other words.,NO; because the current partner scores higher in categories you value most; including intelligence and being funny; which align with your importance weights.,31,47,55,0
Assume you are a 30-year-old man with career type Academic; currently matched with a partner. Your current partner's scores (out of 10): attractiveness: 7.0/10; sincerity: 6.0/10; intelligence: 9.0/10; being funny: 8.0/10; ambition: 9.0/10; shared interests: 9.0/10. A new woman is courting you with scores: attractiveness: 5.0/10; sincerity: 7.0/10; intelligence: 7.0/10; being funny: 6.0/10; ambition: 5.0/10; shared interests: 5.0/10. Your importance weights are: attractiveness: 20.0; sincerity: 20.0; intelligence: 25.0; being funny: 25.0; ambition: 5.0; shared interests: 5.0. Would you leave your current partner for the new woman? Your answer must be (YES) or (NO) followed by your reason. You must FOLLOW THIS RULE! You MUST NOT SAY other words.,NO; because based on your importance weights; your current partner has higher scores in intelligence and being funny; which are most significant to you; and overall offers higher evaluations in nearly all factors that matter to you compared to the new woman.,32,47,54,0
Assume you are a 30-year-old man with career type Academic; currently matched with a partner. Your current partner's scores (out of 10): attractiveness: 2.0/10; sincerity: 6.0/10; intelligence: 7.0/10; being funny: 4.0/10; ambition: 6.0/10; shared interests: 2.0/10. A new woman is courting you with scores: attractiveness: 5.0/10; sincerity: 6.0/10; intelligence: 7.0/10; being funny: 6.0/10; ambition: 6.0/10; shared interests: 3.0/10. Your importance weights are: attractiveness: 20.0; sincerity: 20.0; intelligence: 25.0; being funny: 25.0; ambition: 5.0; shared interests: 5.0. Would you leave your current partner for the new woman? Your answer must be (YES) or (NO) followed by your reason. You must FOLLOW THIS RULE! You MUST NOT SAY other words.,NO; because the overall compatibility and weighted importance scores calculated for happiness and relationship satisfaction show that the differences between the current partner and the new woman are not significantly large enough in key areas such as sincerity; intelligence; and ambition to justify leaving your current relationship. Additionally; the slight improvements in attractiveness and being funny do not outweigh the established connection and mutual understanding developed with your current partner.,33,47,41,0
Assume you are a 27-year-old woman with career type Organizational Change Consultant; currently matched with a partner. Your current partner's scores (out of 10): attractiveness: 3.0/10; sincerity: 7.0/10; intelligence: 7.0/10; being funny: 7.0/10; ambition: 5.0/10; shared interests: 3.0/10. A new man is courting you with scores: attractiveness: 4.0/10; sincerity: 7.0/10; intelligence: 8.0/10; being funny: 2.0/10; ambition: 6.0/10; shared interests: 2.0/10. Your importance weights are: attractiveness: 10.0; sincerity: 10.0; intelligence: 30.0; being funny: 25.0; ambition: 10.0; shared interests: 15.0. Would you leave your current partner for the new man? Your answer must be (YES) or (NO) followed by your reason. You must FOLLOW THIS RULE! You MUST NOT SAY other words.,NO; because the current partner scores higher in areas you value more; such as being funny and shared interests; contributing to a higher overall satisfaction based on your weighted preferences.,43,37,39,0
Assume you are a 27-year-old woman with career type Organizational Change Consultant; currently matched with a partner. Your current partner's scores (out of 10): attractiveness: 8.0/10; sincerity: 8.0/10; intelligence: 10.0/10; being funny: 5.0/10; ambition: 6.0/10; shared interests: 5.0/10. A new man is courting you with scores: attractiveness: 6.0/10; sincerity: 5.0/10; intelligence: 5.0/10; being funny: 4.0/10; ambition: 4.0/10; shared interests: 4.0/10. Your importance weights are: attractiveness: 10.0; sincerity: 10.0; intelligence: 30.0; being funny: 25.0; ambition: 10.0; shared interests: 15.0. Would you leave your current partner for the new man? Your answer must be (YES) or (NO) followed by your reason. You must FOLLOW THIS RULE! You MUST NOT SAY other words.,NO; because your current partner scores significantly higher in key areas that are important to you such as intelligence; sincerity; and attractiveness; all of which align better with your weighted priorities.,49,37,35,0
Assume you are a 22-year-old woman with career type Speech Language Pathologist; currently matched with a partner. Your current partner's scores (out of 10): attractiveness: 8.0/10; sincerity: 10.0/10; intelligence: 10.0/10; being funny: 10.0/10; ambition: 10.0/10; shared interests: 8.0/10. A new man is courting you with scores: attractiveness: 5.0/10; sincerity: 6.0/10; intelligence: 6.0/10; being funny: 4.0/10; ambition: 3.0/10; shared interests: 4.0/10. Your importance weights are: attractiveness: 17.0; sincerity: 10.0; intelligence: 18.0; being funny: 20.0; ambition: 25.0; shared interests: 10.0. Would you leave your current partner for the new man? Your answer must be (YES) or (NO) followed by your reason. You must FOLLOW THIS RULE! You MUST NOT SAY other words.,NO; because your current partner scores significantly higher in all attributes; especially those most important to you; such as ambition; intelligence; and being funny.,55,27,31,0
Assume you are a 27-year-old woman with career type Organizational Change Consultant; currently matched with a partner. Your current partner's scores (out of 10): attractiveness: 10.0/10; sincerity: 10.0/10; intelligence: 10.0/10; being funny: 10.0/10; ambition: 10.0/10; shared interests: nan/10. A new man is courting you with scores: attractiveness: 2.0/10; sincerity: 5.0/10; intelligence: 6.0/10; being funny: 3.0/10; ambition: 4.0/10; shared interests: 3.0/10. Your importance weights are: attractiveness: 10.0; sincerity: 10.0; intelligence: 30.0; being funny: 25.0; ambition: 10.0; shared interests: 15.0. Would you leave your current partner for the new man? Your answer must be (YES) or (NO) followed by your reason. You must FOLLOW THIS RULE! You MUST NOT SAY other words.,NO; because your current partner scores significantly higher in all important categories compared to the new man; indicating a better overall compatibility based on your weighted preferences.,41,37,33,0
Assume you are a 22-year-old woman with career type Social Work Administration; currently matched with a partner. Your current partner's scores (out of 10): attractiveness: 6.0/10; sincerity: 8.0/10; intelligence: 8.0/10; being funny: 6.0/10; ambition: 7.0/10; shared interests: 7.0/10. A new man is courting you with scores: attractiveness: 6.0/10; sincerity: 7.0/10; intelligence: 7.0/10; being funny: 4.0/10; ambition: 6.0/10; shared interests: 6.0/10. Your importance weights are: attractiveness: 20.0; sincerity: 22.0; intelligence: 18.0; being funny: 15.0; ambition: 15.0; shared interests: 10.0. Would you leave your current partner for the new man? Your answer must be (YES) or (NO) followed by your reason. You must FOLLOW THIS RULE! You MUST NOT SAY other words.,NO; because your current partner scores higher in sincerity; intelligence; and ambition; which are among the traits you value most.,51,29,38,0
Assume you are a 27-year-old single woman; and there is a 28-year-old man who is courting you. Your career type is Informatics. You evaluated him on six dimensions with scores out of 10. These are attractiveness: 6.0/10; sincerity: 7.0/10; intelligence: 7.0/10; being funny: 4.0/10; ambition: 6.0/10; shared interests: 6.0/10. Your importance weights for these attributes are: attractiveness: 20.0; sincerity: 20.0; intelligence: 20.0; being funny: 10.0; ambition: 10.0; shared interests: 20.0. Would you be willing to date this man? And also tell me the reason. Your answer must be (YES) or (NO) followed by your reason. You must FOLLOW THIS RULE! You MUST NOT SAY other words.,YES; because the overall scores align well with your weighted values; indicating a sufficient match in key areas important to you.,45,22,,1
Assume you are a 30-year-old man with career type Academic; currently matched with a partner. Your current partner's scores (out of 10): attractiveness: 7.0/10; sincerity: 9.0/10; intelligence: 9.0/10; being funny: 9.0/10; ambition: 9.0/10; shared interests: 10.0/10. A new woman is courting you with scores: attractiveness: 7.0/10; sincerity: 5.0/10; intelligence: 6.0/10; being funny: 5.0/10; ambition: 6.0/10; shared interests: 4.0/10. Your importance weights are: attractiveness: 20.0; sincerity: 20.0; intelligence: 25.0; being funny: 25.0; ambition: 5.0; shared interests: 5.0. Would you leave your current partner for the new woman? Your answer must be (YES) or (NO) followed by your reason. You must FOLLOW THIS RULE! You MUST NOT SAY other words.,NO; because your current partner scores higher in key areas that are important to you; such as sincerity; intelligence; and being funny; aligning better with your weighted priorities.,35,47,49,0
Assume you are a 26-year-old woman with career type Biostatistics; currently matched with a partner. Your current partner's scores (out of 10): attractiveness: 10.0/10; sincerity: 10.0/10; intelligence: 10.0/10; being funny: 10.0/10; ambition: 10.0/10; shared interests: nan/10. A new man is courting you with scores: attractiveness: 1.0/10; sincerity: 2.0/10; intelligence: 2.0/10; being funny: 1.0/10; ambition: 8.0/10; shared interests: 2.0/10. Your importance weights are: attractiveness: 20.0; sincerity: 25.0; intelligence: 20.0; being funny: 15.0; ambition: 15.0; shared interests: 5.0. Would you leave your current partner for the new man? Your answer must be (YES) or (NO) followed by your reason. You must FOLLOW THIS RULE! You MUST NOT SAY other words.,NO; because your current partner significantly outperforms the new man in nearly all important categories according to your specified weights and preferences.,41,36,33,0
Assume you are a 30-year-old man with career type Academic; currently matched with a partner. Your current partner's scores (out of 10): attractiveness: 8.0/10; sincerity: 7.0/10; intelligence: 9.0/10; being funny: 8.0/10; ambition: 8.0/10; shared interests: 3.0/10. A new woman is courting you with scores: attractiveness: 6.0/10; sincerity: 7.0/10; intelligence: 7.0/10; being funny: 6.0/10; ambition: 6.0/10; shared interests: 6.0/10. Your importance weights are: attractiveness: 20.0; sincerity: 20.0; intelligence: 25.0; being funny: 25.0; ambition: 5.0; shared interests: 5.0. Would you leave your current partner for the new woman? Your answer must be (YES) or (NO) followed by your reason. You must FOLLOW THIS RULE! You MUST NOT SAY other words.,NO; based on your scoring system and importance weights; your current partner has overall higher scores in the areas you value most; particularly in intelligence and being funny; which are your top priorities. The new woman; although more aligned in shared interests; does not meet or exceed the scores of your current partner in your highest weighted categories.,38,47,51,0
Assume you are a 27-year-old woman with career type Organizational Change Consultant; currently matched with a partner. Your current partner's scores (out of 10): attractiveness: 7.0/10; sincerity: 8.0/10; intelligence: 8.0/10; being funny: 7.0/10; ambition: 8.0/10; shared interests: 6.0/10. A new man is courting you with scores: attractiveness: 4.0/10; sincerity: 3.0/10; intelligence: 4.0/10; being funny: 2.0/10; ambition: 3.0/10; shared interests: 3.0/10. Your importance weights are: attractiveness: 10.0; sincerity: 10.0; intelligence: 30.0; being funny: 25.0; ambition: 10.0; shared interests: 15.0. Would you leave your current partner for the new man? Your answer must be (YES) or (NO) followed by your reason. You must FOLLOW THIS RULE! You MUST NOT SAY other words.,NO; because your current partner scores higher in all categories that are important to you; especially in intelligence and being funny; which have the highest weights in your importance scale.,54,37,32,0
Assume you are a 22-year-old woman with career type Speech Language Pathologist; currently matched with a partner. Your current partner's scores (out of 10): attractiveness: 7.0/10; sincerity: 7.0/10; intelligence: 7.0/10; being funny: 5.0/10; ambition: 6.0/10; shared interests: 5.0/10. A new man is courting you with scores: attractiveness: 3.0/10; sincerity: 6.0/10; intelligence: 6.0/10; being funny: 4.0/10; ambition: 5.0/10; shared interests: 1.0/10. Your importance weights are: attractiveness: 17.0; sincerity: 10.0; intelligence: 18.0; being funny: 20.0; ambition: 25.0; shared interests: 10.0. Would you leave your current partner for the new man? Your answer must be (YES) or (NO) followed by your reason. You must FOLLOW THIS RULE! You MUST NOT SAY other words.,NO; because the new man scores lower in every category that is important to you; especially in the areas where you place the most weight like intelligence; ambition; and being funny.,45,27,22,0
Assume you are a 26-year-old woman with career type Biostatistics; currently matched with a partner. Your current partner's scores (out of 10): attractiveness: 6.0/10; sincerity: 10.0/10; intelligence: 9.0/10; being funny: 8.0/10; ambition: 9.0/10; shared interests: nan/10. A new man is courting you with scores: attractiveness: 2.0/10; sincerity: 2.0/10; intelligence: 4.0/10; being funny: 1.0/10; ambition: 5.0/10; shared interests: 1.0/10. Your importance weights are: attractiveness: 20.0; sincerity: 25.0; intelligence: 20.0; being funny: 15.0; ambition: 15.0; shared interests: 5.0. Would you leave your current partner for the new man? Your answer must be (YES) or (NO) followed by your reason. You must FOLLOW THIS RULE! You MUST NOT SAY other words.,NO; because your current partner scores higher in all the important categories and aligns better with your weighted values.,42,36,23,0
Assume you are a 26-year-old woman with career type Biostatistics; currently matched with a partner. Your current partner's scores (out of 10): attractiveness: 6.0/10; sincerity: 7.0/10; intelligence: 7.0/10; being funny: 6.0/10; ambition: 6.0/10; shared interests: 4.0/10. A new man is courting you with scores: attractiveness: 1.0/10; sincerity: 5.0/10; intelligence: 5.0/10; being funny: 2.0/10; ambition: 5.0/10; shared interests: 2.0/10. Your importance weights are: attractiveness: 20.0; sincerity: 25.0; intelligence: 20.0; being funny: 15.0; ambition: 15.0; shared interests: 5.0. Would you leave your current partner for the new man? Your answer must be (YES) or (NO) followed by your reason. You must FOLLOW THIS RULE! You MUST NOT SAY other words.,NO; because your current partner has higher scores in all categories that are important according to your weighting system; which suggests a better overall compatibility with them than the new man courting you.,52,36,30,0
Assume you are a 22-year-old single woman; and there is a 30-year-old man who is courting you. Your career type is Speech Language Pathologist. You evaluated him on six dimensions with scores out of 10. These are attractiveness: 1.0/10; sincerity: 4.0/10; intelligence: 5.0/10; being funny: 4.0/10; ambition: 4.0/10; shared interests: 4.0/10. Your importance weights for these attributes are: attractiveness: 17.0; sincerity: 10.0; intelligence: 18.0; being funny: 20.0; ambition: 25.0; shared interests: 10.0. Would you be willing to date this man? And also tell me the reason. Your answer must be (YES) or (NO) followed by your reason. You must FOLLOW THIS RULE! You MUST NOT SAY other words.,NO; because the scores he received across all important attributes are low relative to their importance weights; indicating a poor match according to your criteria.,47,27,,0
Assume you are a 30-year-old man with career type Academic; currently matched with a partner. Your current partner's scores (out of 10): attractiveness: 7.0/10; sincerity: 9.0/10; intelligence: 8.0/10; being funny: 7.0/10; ambition: 6.0/10; shared interests: 5.0/10. A new woman is courting you with scores: attractiveness: 3.0/10; sincerity: 7.0/10; intelligence: 6.0/10; being funny: 5.0/10; ambition: 5.0/10; shared interests: 6.0/10. Your importance weights are: attractiveness: 20.0; sincerity: 20.0; intelligence: 25.0; being funny: 25.0; ambition: 5.0; shared interests: 5.0. Would you leave your current partner for the new woman? Your answer must be (YES) or (NO) followed by your reason. You must FOLLOW THIS RULE! You MUST NOT SAY other words.,NO; because your current partner scores higher overall in categories that are important to you; like intelligence and sincerity; which are more heavily weighted according to your importance preferences.,39,47,43,0
Assume you are a 22-year-old woman with career type Social Work Administration; currently matched with a partner. Your current partner's scores (out of 10): attractiveness: 6.0/10; sincerity: 7.0/10; intelligence: 7.0/10; being funny: 6.0/10; ambition: 6.0/10; shared interests: 4.0/10. A new man is courting you with scores: attractiveness: 6.0/10; sincerity: 8.0/10; intelligence: 8.0/10; being funny: 5.0/10; ambition: 7.0/10; shared interests: 5.0/10. Your importance weights are: attractiveness: 20.0; sincerity: 22.0; intelligence: 18.0; being funny: 15.0; ambition: 15.0; shared interests: 10.0. Would you leave your current partner for the new man? Your answer must be (YES) or (NO) followed by your reason. You must FOLLOW THIS RULE! You MUST NOT SAY other words.,NO; because the increase in scores for the new man does not significantly outweigh the established relationship and compatibility with your current partner; especially considering the weighted importance of sincerity and shared interests in your values.,52,29,30,0
Assume you are a 26-year-old woman with career type Biostatistics; currently matched with a partner. Your current partner's scores (out of 10): attractiveness: 8.0/10; sincerity: 10.0/10; intelligence: 9.0/10; being funny: 9.0/10; ambition: 8.0/10; shared interests: 4.0/10. A new man is courting you with scores: attractiveness: 2.0/10; sincerity: 5.0/10; intelligence: 2.0/10; being funny: 3.0/10; ambition: 1.0/10; shared interests: 3.0/10. Your importance weights are: attractiveness: 20.0; sincerity: 25.0; intelligence: 20.0; being funny: 15.0; ambition: 15.0; shared interests: 5.0. Would you leave your current partner for the new man? Your answer must be (YES) or (NO) followed by your reason. You must FOLLOW THIS RULE! You MUST NOT SAY other words.,NO; because your current partner has higher scores in all categories important to you compared to the new man.,40,36,25,0
Assume you are a 22-year-old woman with career type Social Work Administration; currently matched with a partner. Your current partner's scores (out of 10): attractiveness: 7.0/10; sincerity: 8.0/10; intelligence: 8.0/10; being funny: 7.0/10; ambition: 8.0/10; shared interests: 6.0/10. A new man is courting you with scores: attractiveness: 6.0/10; sincerity: 7.0/10; intelligence: 6.0/10; being funny: 4.0/10; ambition: 6.0/10; shared interests: 5.0/10. Your importance weights are: attractiveness: 20.0; sincerity: 22.0; intelligence: 18.0; being funny: 15.0; ambition: 15.0; shared interests: 10.0. Would you leave your current partner for the new man? Your answer must be (YES) or (NO) followed by your reason. You must FOLLOW THIS RULE! You MUST NOT SAY other words.,NO; because the current partner scores higher in all categories based on your importance weights; indicating a better overall match compared to the new man.,54,29,32,0
Assume you are a 22-year-old woman with career type Speech Language Pathologist; currently matched with a partner. Your current partner's scores (out of 10): attractiveness: 8.0/10; sincerity: 8.0/10; intelligence: 10.0/10; being funny: 5.0/10; ambition: 6.0/10; shared interests: 5.0/10. A new man is courting you with scores: attractiveness: 4.0/10; sincerity: 5.0/10; intelligence: 4.0/10; being funny: 5.0/10; ambition: 6.0/10; shared interests: nan/10. Your importance weights are: attractiveness: 17.0; sincerity: 10.0; intelligence: 18.0; being funny: 20.0; ambition: 25.0; shared interests: 10.0. Would you leave your current partner for the new man? Your answer must be (YES) or (NO) followed by your reason. You must FOLLOW THIS RULE! You MUST NOT SAY other words.,NO; because your current partner has significantly higher scores in the areas most important to you: attractiveness; sincerity; and intelligence.,49,27,35,0
Assume you are a 22-year-old woman with career type Speech Language Pathologist; currently matched with a partner. Your current partner's scores (out of 10): attractiveness: 7.0/10; sincerity: 8.0/10; intelligence: 8.0/10; being funny: 7.0/10; ambition: 8.0/10; shared interests: 6.0/10. A new man is courting you with scores: attractiveness: 2.0/10; sincerity: 4.0/10; intelligence: 7.0/10; being funny: 3.0/10; ambition: 6.0/10; shared interests: 2.0/10. Your importance weights are: attractiveness: 17.0; sincerity: 10.0; intelligence: 18.0; being funny: 20.0; ambition: 25.0; shared interests: 10.0. Would you leave your current partner for the new man? Your answer must be (YES) or (NO) followed by your reason. You must FOLLOW THIS RULE! You MUST NOT SAY other words.,NO; because the new man scores lower in every category compared to your current partner; especially in areas that you highly value such as ambition; being funny; and intelligence.,54,27,32,0
Assume you are a 22-year-old woman with career type Social Work Administration; currently matched with a partner. Your current partner's scores (out of 10): attractiveness: 8.0/10; sincerity: 10.0/10; intelligence: 10.0/10; being funny: 10.0/10; ambition: 10.0/10; shared interests: 8.0/10. A new man is courting you with scores: attractiveness: 6.0/10; sincerity: 8.0/10; intelligence: 7.0/10; being funny: 6.0/10; ambition: 5.0/10; shared interests: 3.0/10. Your importance weights are: attractiveness: 20.0; sincerity: 22.0; intelligence: 18.0; being funny: 15.0; ambition: 15.0; shared interests: 10.0. Would you leave your current partner for the new man? Your answer must be (YES) or (NO) followed by your reason. You must FOLLOW THIS RULE! You MUST NOT SAY other words.,NO; because the current partner significantly outranks the new man in every category you have identified as important.,55,29,31,0
Assume you are a 22-year-old woman with career type Speech Language Pathologist; currently matched with a partner. Your current partner's scores (out of 10): attractiveness: 10.0/10; sincerity: 10.0/10; intelligence: 10.0/10; being funny: 10.0/10; ambition: 10.0/10; shared interests: nan/10. A new man is courting you with scores: attractiveness: 1.0/10; sincerity: 6.0/10; intelligence: 4.0/10; being funny: 2.0/10; ambition: 1.0/10; shared interests: nan/10. Your importance weights are: attractiveness: 17.0; sincerity: 10.0; intelligence: 18.0; being funny: 20.0; ambition: 25.0; shared interests: 10.0. Would you leave your current partner for the new man? Your answer must be (YES) or (NO) followed by your reason. You must FOLLOW THIS RULE! You MUST NOT SAY other words.,NO; because the new man scores significantly lower in every category that is important to you based on your weight preferences; indicating he would likely be a less suitable match compared to your current partner.,41,27,33,0
Assume you are a 26-year-old single woman; and there is a 30-year-old man who is courting you. Your career type is Biostatistics. You evaluated him on six dimensions with scores out of 10. These are attractiveness: 1.0/10; sincerity: 3.0/10; intelligence: 5.0/10; being funny: 1.0/10; ambition: 2.0/10; shared interests: 1.0/10. Your importance weights for these attributes are: attractiveness: 20.0; sincerity: 25.0; intelligence: 20.0; being funny: 15.0; ambition: 15.0; shared interests: 5.0. Would you be willing to date this man? And also tell me the reason. Your answer must be (YES) or (NO) followed by your reason. You must FOLLOW THIS RULE! You MUST NOT SAY other words.,NO; because his overall scores are low in key areas that you value highly; indicating a poor match based on your specific preferences and priorities.,47,36,,0
Assume you are a 30-year-old man with career type Academic; currently matched with a partner. Your current partner's scores (out of 10): attractiveness: 7.0/10; sincerity: 8.0/10; intelligence: 9.0/10; being funny: 6.0/10; ambition: 8.0/10; shared interests: 5.0/10. A new woman is courting you with scores: attractiveness: 6.0/10; sincerity: 7.0/10; intelligence: 5.0/10; being funny: 5.0/10; ambition: 5.0/10; shared interests: 2.0/10. Your importance weights are: attractiveness: 20.0; sincerity: 20.0; intelligence: 25.0; being funny: 25.0; ambition: 5.0; shared interests: 5.0. Would you leave your current partner for the new woman? Your answer must be (YES) or (NO) followed by your reason. You must FOLLOW THIS RULE! You MUST NOT SAY other words.,NO; because the new woman scores lower in all attributes that are important to you based on your weighted values; indicating she is not as compatible with you as your current partner.,25,47,40,0
Assume you are a 22-year-old woman with career type Social Work Administration; currently matched with a partner. Your current partner's scores (out of 10): attractiveness: 3.0/10; sincerity: 7.0/10; intelligence: 7.0/10; being funny: 7.0/10; ambition: 5.0/10; shared interests: 3.0/10. A new man is courting you with scores: attractiveness: 5.0/10; sincerity: 7.0/10; intelligence: 5.0/10; being funny: 3.0/10; ambition: 5.0/10; shared interests: nan/10. Your importance weights are: attractiveness: 20.0; sincerity: 22.0; intelligence: 18.0; being funny: 15.0; ambition: 15.0; shared interests: 10.0. Would you leave your current partner for the new man? Your answer must be (YES) or (NO) followed by your reason. You must FOLLOW THIS RULE! You MUST NOT SAY other words.,NO; because your current partner has higher scores in intelligence and being funny; which are important traits according to your weighting; and has significant shared interests; a factor not evaluated in the new man.,43,29,39,0
Assume you are a 22-year-old woman with career type Speech Language Pathologist; currently matched with a partner. Your current partner's scores (out of 10): attractiveness: 6.0/10; sincerity: 10.0/10; intelligence: 9.0/10; being funny: 8.0/10; ambition: 9.0/10; shared interests: nan/10. A new man is courting you with scores: attractiveness: 1.0/10; sincerity: 4.0/10; intelligence: 6.0/10; being funny: 2.0/10; ambition: 6.0/10; shared interests: 1.0/10. Your importance weights are: attractiveness: 17.0; sincerity: 10.0; intelligence: 18.0; being funny: 20.0; ambition: 25.0; shared interests: 10.0. Would you leave your current partner for the new man? Your answer must be (YES) or (NO) followed by your reason. You must FOLLOW THIS RULE! You MUST NOT SAY other words.,NO; because your current partner scores higher in key attributes like sincerity; intelligence; and ambition; all of which align more closely with your weighted priorities compared to the new man.,42,27,23,0
Assume you are a 30-year-old man with career type Academic; currently matched with a partner. Your current partner's scores (out of 10): attractiveness: 3.0/10; sincerity: 7.0/10; intelligence: 8.0/10; being funny: 6.0/10; ambition: 7.0/10; shared interests: 5.0/10. A new woman is courting you with scores: attractiveness: 9.0/10; sincerity: 5.0/10; intelligence: 6.0/10; being funny: 3.0/10; ambition: 6.0/10; shared interests: 3.0/10. Your importance weights are: attractiveness: 20.0; sincerity: 20.0; intelligence: 25.0; being funny: 25.0; ambition: 5.0; shared interests: 5.0. Would you leave your current partner for the new woman? Your answer must be (YES) or (NO) followed by your reason. You must FOLLOW THIS RULE! You MUST NOT SAY other words.,NO; based on your value weights; the current partner scores higher in sincerity; intelligence; and being funny; which are more important to you than attractiveness; where the new woman has an edge. Your current partner aligns better with your top priorities.,30,47,52,0
Assume you are a 26-year-old woman with career type Biostatistics; currently matched with a partner. Your current partner's scores (out of 10): attractiveness: 9.0/10; sincerity: 8.0/10; intelligence: 7.0/10; being funny: 9.0/10; ambition: nan/10; shared interests: 8.0/10. A new man is courting you with scores: attractiveness: 3.0/10; sincerity: 1.0/10; intelligence: 2.0/10; being funny: 2.0/10; ambition: 2.0/10; shared interests: 3.0/10. Your importance weights are: attractiveness: 20.0; sincerity: 25.0; intelligence: 20.0; being funny: 15.0; ambition: 15.0; shared interests: 5.0. Would you leave your current partner for the new man? Your answer must be (YES) or (NO) followed by your reason. You must FOLLOW THIS RULE! You MUST NOT SAY other words.,NO; because the new man scores lower in all the attributes that are important to you; significantly impacting the overall compatibility based on your weighted preferences.,48,36,26,0
Assume you are a 30-year-old single man; and there is a 27-year-old woman who is courting you. Your career type is Academic. You evaluated her on six dimensions with scores out of 10. These are attractiveness: nan/10; sincerity: 3.0/10; intelligence: 8.0/10; being funny: 4.0/10; ambition: 6.0/10; shared interests: 3.0/10. Your importance weights for these attributes are: attractiveness: 20.0; sincerity: 20.0; intelligence: 25.0; being funny: 25.0; ambition: 5.0; shared interests: 5.0. Would you be willing to date this woman? And also tell me the reason. Your answer must be (YES) or (NO) followed by your reason. You must FOLLOW THIS RULE! You MUST NOT SAY other words.,NO; because the low scores in key areas such as sincerity and shared interests; which have significant importance weights; suggest that the compatibility and foundational trust necessary for a successful relationship are lacking.,37,47,,0
Assume you are a 22-year-old woman with career type Speech Language Pathologist; currently matched with a partner. Your current partner's scores (out of 10): attractiveness: 6.0/10; sincerity: 8.0/10; intelligence: 8.0/10; being funny: 6.0/10; ambition: 7.0/10; shared interests: 7.0/10. A new man is courting you with scores: attractiveness: 1.0/10; sincerity: 2.0/10; intelligence: 6.0/10; being funny: 1.0/10; ambition: 6.0/10; shared interests: 2.0/10. Your importance weights are: attractiveness: 17.0; sincerity: 10.0; intelligence: 18.0; being funny: 20.0; ambition: 25.0; shared interests: 10.0. Would you leave your current partner for the new man? Your answer must be (YES) or (NO) followed by your reason. You must FOLLOW THIS RULE! You MUST NOT SAY other words.,NO; because your current partner scores higher in every category that is important to you based on your weighted preferences.,51,27,38,0
Assume you are a 22-year-old woman with career type Speech Language Pathologist; currently matched with a partner. Your current partner's scores (out of 10): attractiveness: 6.0/10; sincerity: 7.0/10; intelligence: 7.0/10; being funny: 6.0/10; ambition: 6.0/10; shared interests: 4.0/10. A new man is courting you with scores: attractiveness: 1.0/10; sincerity: 3.0/10; intelligence: 7.0/10; being funny: 1.0/10; ambition: 4.0/10; shared interests: 2.0/10. Your importance weights are: attractiveness: 17.0; sincerity: 10.0; intelligence: 18.0; being funny: 20.0; ambition: 25.0; shared interests: 10.0. Would you leave your current partner for the new man? Your answer must be (YES) or (NO) followed by your reason. You must FOLLOW THIS RULE! You MUST NOT SAY other words.,NO; because your current partner scores higher in every category that is important to you; especially in areas where you have higher importance weights such as being funny and ambition.,52,27,30,0
Assume you are a 26-year-old woman with career type Biostatistics; currently matched with a partner. Your current partner's scores (out of 10): attractiveness: 3.0/10; sincerity: 7.0/10; intelligence: 7.0/10; being funny: 7.0/10; ambition: 5.0/10; shared interests: 3.0/10. A new man is courting you with scores: attractiveness: 1.0/10; sincerity: 1.0/10; intelligence: 1.0/10; being funny: 1.0/10; ambition: 1.0/10; shared interests: 1.0/10. Your importance weights are: attractiveness: 20.0; sincerity: 25.0; intelligence: 20.0; being funny: 15.0; ambition: 15.0; shared interests: 5.0. Would you leave your current partner for the new man? Your answer must be (YES) or (NO) followed by your reason. You must FOLLOW THIS RULE! You MUST NOT SAY other words.,NO; because the new man has significantly lower scores in all aspects compared to your current partner; which do not align well with your weighted importance of these characteristics.,43,36,39,0
Assume you are a 26-year-old woman with career type Biostatistics; currently matched with a partner. Your current partner's scores (out of 10): attractiveness: 6.0/10; sincerity: 7.0/10; intelligence: 8.0/10; being funny: 6.0/10; ambition: 7.0/10; shared interests: 7.0/10. A new man is courting you with scores: attractiveness: 1.0/10; sincerity: 1.0/10; intelligence: 1.0/10; being funny: 1.0/10; ambition: 1.0/10; shared interests: 1.0/10. Your importance weights are: attractiveness: 20.0; sincerity: 25.0; intelligence: 20.0; being funny: 15.0; ambition: 15.0; shared interests: 5.0. Would you leave your current partner for the new man? Your answer must be (YES) or (NO) followed by your reason. You must FOLLOW THIS RULE! You MUST NOT SAY other words.,NO; because the new man scores significantly lower in all categories that are important to you.,44,36,21,0
Assume you are a 22-year-old woman with career type Speech Language Pathologist; currently matched with a partner. Your current partner's scores (out of 10): attractiveness: 6.0/10; sincerity: 7.0/10; intelligence: 8.0/10; being funny: 6.0/10; ambition: 7.0/10; shared interests: 7.0/10. A new man is courting you with scores: attractiveness: 1.0/10; sincerity: 3.0/10; intelligence: 4.0/10; being funny: 2.0/10; ambition: 2.0/10; shared interests: 1.0/10. Your importance weights are: attractiveness: 17.0; sincerity: 10.0; intelligence: 18.0; being funny: 20.0; ambition: 25.0; shared interests: 10.0. Would you leave your current partner for the new man? Your answer must be (YES) or (NO) followed by your reason. You must FOLLOW THIS RULE! You MUST NOT SAY other words.,NO; because your current partner scores higher in all categories and aligns better with your importance weights on core aspects such as intelligence; ambition; and being funny; which are critical to your satisfaction in the relationship.,44,27,21,0
