Assume you are a 26-year-old single man; and there is a 23-year-old woman who is courting you. Your career type is banker. You evaluated her on six dimensions with scores out of 10. These are attractiveness: 10.0/10; sincerity: 9.0/10; intelligence: 9.0/10; being funny: 10.0/10; ambition: 7.0/10; shared interests: 8.0/10. Your importance weights for these attributes are: attractiveness: 20.0; sincerity: 35.0; intelligence: 20.0; being funny: 10.0; ambition: 10.0; shared interests: 5.0. Would you be willing to date this woman? And also tell me the reason. Your answer must be (YES) or (NO) followed by your reason. You must FOLLOW THIS RULE! You MUST NOT SAY other words.,YES; because her overall compatibility based on your valuations is high and she scores exceptionally well in highly weighted categories like sincerity; intelligence; and attractiveness.,26,46,,1
Assume you are a 22-year-old single woman; and there is a 25-year-old man who is courting you. Your career type is Social Work Administration. You evaluated him on six dimensions with scores out of 10. These are attractiveness: 4.0/10; sincerity: 9.0/10; intelligence: 4.0/10; being funny: 4.0/10; ambition: 5.0/10; shared interests: nan/10. Your importance weights for these attributes are: attractiveness: 20.0; sincerity: 22.0; intelligence: 18.0; being funny: 15.0; ambition: 15.0; shared interests: 10.0. Would you be willing to date this man? And also tell me the reason. Your answer must be (YES) or (NO) followed by your reason. You must FOLLOW THIS RULE! You MUST NOT SAY other words.,NO; because his scores in attractiveness; intelligence; and being funny are low; which strongly impacts the overall weighted satisfaction based on your prioritized attributes.,40,29,,0
Assume you are a 28-year-old single man; and there is a 25-year-old woman who is courting you. Your career type is consulting. You evaluated her on six dimensions with scores out of 10. These are attractiveness: 8.0/10; sincerity: 9.0/10; intelligence: 9.0/10; being funny: 9.0/10; ambition: 7.0/10; shared interests: 5.0/10. Your importance weights for these attributes are: attractiveness: 40.0; sincerity: 20.0; intelligence: 20.0; being funny: 20.0; ambition: 0.0; shared interests: 0.0. Would you be willing to date this woman? And also tell me the reason. Your answer must be (YES) or (NO) followed by your reason. You must FOLLOW THIS RULE! You MUST NOT SAY other words.,YES; as she scores highly on the attributes you value most; which outweigh the lower scores on the attributes you deem less important.,25,54,,1
Assume you are a 23-year-old single man; and there is a 27-year-old woman who is courting you. Your career type is Law. You evaluated her on six dimensions with scores out of 10. These are attractiveness: 8.0/10; sincerity: 7.0/10; intelligence: 7.0/10; being funny: 9.0/10; ambition: 5.0/10; shared interests: 4.0/10. Your importance weights for these attributes are: attractiveness: 25.0; sincerity: 10.0; intelligence: 35.0; being funny: 15.0; ambition: 0.0; shared interests: 15.0. Would you be willing to date this woman? And also tell me the reason. Your answer must be (YES) or (NO) followed by your reason. You must FOLLOW THIS RULE! You MUST NOT SAY other words.,YES; because the weighted scores based on your importance weights are favorable overall; especially in categories you value highly like intelligence and attractiveness; suggesting a compatibility in key areas you prioritize.,32,51,,1
Assume you are a 26-year-old single woman; and there is a 25-year-old man who is courting you. Your career type is Biostatistics. You evaluated him on six dimensions with scores out of 10. These are attractiveness: 4.0/10; sincerity: 5.0/10; intelligence: 8.0/10; being funny: 8.0/10; ambition: 10.0/10; shared interests: 8.0/10. Your importance weights for these attributes are: attractiveness: 20.0; sincerity: 25.0; intelligence: 20.0; being funny: 15.0; ambition: 15.0; shared interests: 5.0. Would you be willing to date this man? And also tell me the reason. Your answer must be (YES) or (NO) followed by your reason. You must FOLLOW THIS RULE! You MUST NOT SAY other words.,NO; his sincerity score is too low relative to its importance weight in your evaluation criteria.,49,36,,0
Assume you are a 23-year-old single man; and there is a 23-year-old woman who is courting you. Your career type is LAWYER. You evaluated her on six dimensions with scores out of 10. These are attractiveness: 7.0/10; sincerity: 9.0/10; intelligence: 10.0/10; being funny: 10.0/10; ambition: 10.0/10; shared interests: 10.0/10. Your importance weights for these attributes are: attractiveness: 20.0; sincerity: 25.0; intelligence: 25.0; being funny: 10.0; ambition: 10.0; shared interests: 10.0. Would you be willing to date this woman? And also tell me the reason. Your answer must be (YES) or (NO) followed by your reason. You must FOLLOW THIS RULE! You MUST NOT SAY other words.,YES; because the scores she has on the key dimensions you value highly (intelligence; sincerity; and shared interests) are strong; indicating a good compatibility potential based on your priorities.,30,55,,1
Assume you are a 21-year-old single woman; and there is a 25-year-old man who is courting you. Your career type is Undecided. You evaluated him on six dimensions with scores out of 10. These are attractiveness: 9.0/10; sincerity: 9.0/10; intelligence: 10.0/10; being funny: 9.0/10; ambition: 9.0/10; shared interests: 8.0/10. Your importance weights for these attributes are: attractiveness: 12.0; sincerity: 18.0; intelligence: 20.0; being funny: 16.0; ambition: 16.0; shared interests: 18.0. Would you be willing to date this man? And also tell me the reason. Your answer must be (YES) or (NO) followed by your reason. You must FOLLOW THIS RULE! You MUST NOT SAY other words.,YES; because the scores he received across all dimensions are high and align well with the weighted importance you place on each attribute; suggesting a strong overall compatibility.,49,21,,1
Assume you are a 24-year-old woman with career type law; currently matched with a partner. Your current partner's scores (out of 10): attractiveness: 7.0/10; sincerity: 9.0/10; intelligence: 10.0/10; being funny: 10.0/10; ambition: 10.0/10; shared interests: 10.0/10. A new man is courting you with scores: attractiveness: 9.0/10; sincerity: 8.0/10; intelligence: 7.0/10; being funny: 10.0/10; ambition: 9.0/10; shared interests: 8.0/10. Your importance weights are: attractiveness: 35.0; sincerity: 10.0; intelligence: 20.0; being funny: 20.0; ambition: 10.0; shared interests: 5.0. Would you leave your current partner for the new man? Your answer must be (YES) or (NO) followed by your reason. You must FOLLOW THIS RULE! You MUST NOT SAY other words.,NO; because your current partner scores higher in categories you value less (sincerity; intelligence; ambition; shared interests) and aligns nearly perfectly with your priority on shared interests. Your overall compatibility and satisfaction are likely higher with your current partner despite the new man's higher attractiveness score.,55,31,30,0
Assume you are a 24-year-old man with career type Academic; currently matched with a partner. Your current partner's scores (out of 10): attractiveness: 9.0/10; sincerity: 9.0/10; intelligence: 10.0/10; being funny: 9.0/10; ambition: 9.0/10; shared interests: 8.0/10. A new woman is courting you with scores: attractiveness: 4.0/10; sincerity: 5.0/10; intelligence: 6.0/10; being funny: 4.0/10; ambition: 6.0/10; shared interests: 2.0/10. Your importance weights are: attractiveness: 25.0; sincerity: 35.0; intelligence: 30.0; being funny: 10.0; ambition: 0.0; shared interests: 0.0. Would you leave your current partner for the new woman? Your answer must be (YES) or (NO) followed by your reason. You must FOLLOW THIS RULE! You MUST NOT SAY other words.,NO; because your current partner scores significantly higher in all the categories that are important to you; particularly in sincerity and intelligence; which are your highest weighted values.,21,43,49,0
Assume you are a 23-year-old single man; and there is a 21-year-old woman who is courting you. Your career type is Engineer. You evaluated her on six dimensions with scores out of 10. These are attractiveness: 6.0/10; sincerity: 10.0/10; intelligence: 9.0/10; being funny: 8.0/10; ambition: 9.0/10; shared interests: nan/10. Your importance weights for these attributes are: attractiveness: 20.0; sincerity: 25.0; intelligence: 20.0; being funny: 15.0; ambition: 10.0; shared interests: 10.0. Would you be willing to date this woman? And also tell me the reason. Your answer must be (YES) or (NO) followed by your reason. You must FOLLOW THIS RULE! You MUST NOT SAY other words.,YES; because her scores on sincerity; intelligence; ambition; and being funny are high; outweighing the slightly lower score for attractiveness and the unknown shared interests; suggesting a strong overall compatibility based on your weighted priorities.,23,42,,1
Assume you are a 24-year-old woman with career type law; currently matched with a partner. Your current partner's scores (out of 10): attractiveness: 10.0/10; sincerity: 9.0/10; intelligence: 9.0/10; being funny: 10.0/10; ambition: 7.0/10; shared interests: 8.0/10. A new man is courting you with scores: attractiveness: 9.0/10; sincerity: 6.0/10; intelligence: 7.0/10; being funny: 7.0/10; ambition: 6.0/10; shared interests: 5.0/10. Your importance weights are: attractiveness: 35.0; sincerity: 10.0; intelligence: 20.0; being funny: 20.0; ambition: 10.0; shared interests: 5.0. Would you leave your current partner for the new man? Your answer must be (YES) or (NO) followed by your reason. You must FOLLOW THIS RULE! You MUST NOT SAY other words.,NO; because the current partner has higher scores in almost all categories; which align more closely with your weighted priorities.,46,31,26,0
Assume you are a 21-year-old single man; and there is a 22-year-old woman who is courting you. Your career type is Intellectual Property Attorney. You evaluated her on six dimensions with scores out of 10. These are attractiveness: 8.0/10; sincerity: 7.0/10; intelligence: 7.0/10; being funny: 6.0/10; ambition: 6.0/10; shared interests: 7.0/10. Your importance weights for these attributes are: attractiveness: 15.0; sincerity: 20.0; intelligence: 15.0; being funny: 30.0; ambition: 5.0; shared interests: 15.0. Would you be willing to date this woman? And also tell me the reason. Your answer must be (YES) or (NO) followed by your reason. You must FOLLOW THIS RULE! You MUST NOT SAY other words.,NO because her score for being funny (6.0/10) is low while your importance weight for humor is the highest (30.0); indicating a significant mismatch in an area you highly value.,27,52,,0
Assume you are a 21-year-old single man; and there is a 24-year-old woman who is courting you. Your career type is Intellectual Property Attorney. You evaluated her on six dimensions with scores out of 10. These are attractiveness: 8.0/10; sincerity: 8.0/10; intelligence: 8.0/10; being funny: 6.0/10; ambition: 7.0/10; shared interests: 5.0/10. Your importance weights for these attributes are: attractiveness: 15.0; sincerity: 20.0; intelligence: 15.0; being funny: 30.0; ambition: 5.0; shared interests: 15.0. Would you be willing to date this woman? And also tell me the reason. Your answer must be (YES) or (NO) followed by your reason. You must FOLLOW THIS RULE! You MUST NOT SAY other words.,NO because the score for being funny; which weighs highest in your importance weights; is the lowest among her attributes; indicating a lesser compatibility in an area you value most.,31,52,,0
Assume you are a 21-year-old woman with career type Banking; currently matched with a partner. Your current partner's scores (out of 10): attractiveness: 10.0/10; sincerity: 9.0/10; intelligence: 9.0/10; being funny: 10.0/10; ambition: 7.0/10; shared interests: 8.0/10. A new man is courting you with scores: attractiveness: 9.0/10; sincerity: 8.0/10; intelligence: 9.0/10; being funny: 7.0/10; ambition: 8.0/10; shared interests: nan/10. Your importance weights are: attractiveness: 30.0; sincerity: 5.0; intelligence: 30.0; being funny: 15.0; ambition: 15.0; shared interests: 5.0. Would you leave your current partner for the new man? Your answer must be (YES) or (NO) followed by your reason. You must FOLLOW THIS RULE! You MUST NOT SAY other words.,NO; because your current partner scores higher overall according to your weighted preferences; particularly in key areas you value highly like attractiveness and being funny.,46,34,26,0
Assume you are a 21-year-old man with career type Intellectual Property Attorney; currently matched with a partner. Your current partner's scores (out of 10): attractiveness: 9.0/10; sincerity: 9.0/10; intelligence: 10.0/10; being funny: 9.0/10; ambition: 9.0/10; shared interests: 8.0/10. A new woman is courting you with scores: attractiveness: 6.0/10; sincerity: 6.0/10; intelligence: 8.0/10; being funny: 6.0/10; ambition: 7.0/10; shared interests: 6.0/10. Your importance weights are: attractiveness: 15.0; sincerity: 20.0; intelligence: 15.0; being funny: 30.0; ambition: 5.0; shared interests: 15.0. Would you leave your current partner for the new woman? Your answer must be (YES) or (NO) followed by your reason. You must FOLLOW THIS RULE! You MUST NOT SAY other words.,NO; because the current partner has higher scores in all important categories; indicating a better overall match according to your weighted preferences.,21,52,49,0
Assume you are a 27-year-old single woman; and there is a 24-year-old man who is courting you. Your career type is Organizational Change Consultant. You evaluated him on six dimensions with scores out of 10. These are attractiveness: 7.0/10; sincerity: 6.0/10; intelligence: 8.0/10; being funny: 6.0/10; ambition: 9.0/10; shared interests: 6.0/10. Your importance weights for these attributes are: attractiveness: 10.0; sincerity: 10.0; intelligence: 30.0; being funny: 25.0; ambition: 10.0; shared interests: 15.0. Would you be willing to date this man? And also tell me the reason. Your answer must be (YES) or (NO) followed by your reason. You must FOLLOW THIS RULE! You MUST NOT SAY other words.,NO; the weighted average score based on your importance weights does not meet your expectations in key areas such as sincerity and shared interests which are critical for long-term compatibility.,44,37,,0
Assume you are a 24-year-old man with career type academia; currently matched with a partner. Your current partner's scores (out of 10): attractiveness: 9.0/10; sincerity: 9.0/10; intelligence: 10.0/10; being funny: 9.0/10; ambition: 9.0/10; shared interests: 8.0/10. A new woman is courting you with scores: attractiveness: 6.0/10; sincerity: 7.0/10; intelligence: 8.0/10; being funny: 6.0/10; ambition: 7.0/10; shared interests: 7.0/10. Your importance weights are: attractiveness: 25.0; sincerity: 15.0; intelligence: 25.0; being funny: 25.0; ambition: 15.0; shared interests: 15.0. Would you leave your current partner for the new woman? Your answer must be (YES) or (NO) followed by your reason. You must FOLLOW THIS RULE! You MUST NOT SAY other words.,NO; because the current partner has significantly higher scores aligned with your importance weights in key areas such as attractiveness; intelligence; and humor; resulting in a stronger overall match compared to the new woman.,21,44,49,0
Assume you are a 21-year-old single man; and there is a 27-year-old woman who is courting you. Your career type is Intellectual Property Attorney. You evaluated her on six dimensions with scores out of 10. These are attractiveness: 4.0/10; sincerity: 6.0/10; intelligence: 7.0/10; being funny: 6.0/10; ambition: 5.0/10; shared interests: 5.0/10. Your importance weights for these attributes are: attractiveness: 15.0; sincerity: 20.0; intelligence: 15.0; being funny: 30.0; ambition: 5.0; shared interests: 15.0. Would you be willing to date this woman? And also tell me the reason. Your answer must be (YES) or (NO) followed by your reason. You must FOLLOW THIS RULE! You MUST NOT SAY other words.,NO; based on the weighted scores and priorities you provided; the overall compatibility is low with significant gaps in areas you value highly; such as being funny and attractiveness.,22,52,,0
Assume you are a 21-year-old man with career type Intellectual Property Attorney; currently matched with a partner. Your current partner's scores (out of 10): attractiveness: 6.0/10; sincerity: 6.0/10; intelligence: 7.0/10; being funny: 6.0/10; ambition: 6.0/10; shared interests: 6.0/10. A new woman is courting you with scores: attractiveness: 7.0/10; sincerity: 7.0/10; intelligence: 6.0/10; being funny: 6.0/10; ambition: 6.0/10; shared interests: 5.0/10. Your importance weights are: attractiveness: 15.0; sincerity: 20.0; intelligence: 15.0; being funny: 30.0; ambition: 5.0; shared interests: 15.0. Would you leave your current partner for the new woman? Your answer must be (YES) or (NO) followed by your reason. You must FOLLOW THIS RULE! You MUST NOT SAY other words.,NO; because despite the new woman scoring higher in attractiveness and sincerity; your current partner has higher scores in shared interests and the same scores in intelligence and ambition. Given your high importance weight for being funny; where both score equally; it does not justify leaving based on your weighted preferences.,23,52,42,0
Assume you are a 30-year-old single man; and there is a 21-year-old woman who is courting you. Your career type is Academic. You evaluated her on six dimensions with scores out of 10. These are attractiveness: 5.0/10; sincerity: 6.0/10; intelligence: 7.0/10; being funny: 7.0/10; ambition: 7.0/10; shared interests: 6.0/10. Your importance weights for these attributes are: attractiveness: 20.0; sincerity: 20.0; intelligence: 25.0; being funny: 25.0; ambition: 5.0; shared interests: 5.0. Would you be willing to date this woman? And also tell me the reason. Your answer must be (YES) or (NO) followed by your reason. You must FOLLOW THIS RULE! You MUST NOT SAY other words.,NO; because her scores are lower in the categories you value most highly (attractiveness and sincerity); which may lead to dissatisfaction.,34,47,,0
Assume you are a 22-year-old single woman; and there is a 30-year-old man who is courting you. Your career type is Social Work Administration. You evaluated him on six dimensions with scores out of 10. These are attractiveness: 5.0/10; sincerity: 6.0/10; intelligence: 6.0/10; being funny: 7.0/10; ambition: 6.0/10; shared interests: nan/10. Your importance weights for these attributes are: attractiveness: 20.0; sincerity: 22.0; intelligence: 18.0; being funny: 15.0; ambition: 15.0; shared interests: 10.0. Would you be willing to date this man? And also tell me the reason. Your answer must be (YES) or (NO) followed by your reason. You must FOLLOW THIS RULE! You MUST NOT SAY other words.,NO; because the score for shared interests is missing; which makes it difficult to evaluate overall compatibility based on your prioritized attributes.,47,29,,0
Assume you are a 24-year-old man with career type academia; currently matched with a partner. Your current partner's scores (out of 10): attractiveness: 6.0/10; sincerity: 6.0/10; intelligence: 7.0/10; being funny: 6.0/10; ambition: 6.0/10; shared interests: 6.0/10. A new woman is courting you with scores: attractiveness: 8.0/10; sincerity: 8.0/10; intelligence: 8.0/10; being funny: 10.0/10; ambition: 7.0/10; shared interests: 8.0/10. Your importance weights are: attractiveness: 25.0; sincerity: 15.0; intelligence: 25.0; being funny: 25.0; ambition: 15.0; shared interests: 15.0. Would you leave your current partner for the new woman? Your answer must be (YES) or (NO) followed by your reason. You must FOLLOW THIS RULE! You MUST NOT SAY other words.,NO; because relationship decisions should not be based solely on comparatives scores in various categories but should consider the depth of the existing relationship; emotional connection; mutual respect; and commitment.,23,44,42,0
Assume you are a 24-year-old single woman; and there is a 25-year-old man who is courting you. Your career type is lawyer. You evaluated him on six dimensions with scores out of 10. These are attractiveness: 6.0/10; sincerity: 7.0/10; intelligence: 9.0/10; being funny: 9.0/10; ambition: 9.0/10; shared interests: 8.0/10. Your importance weights for these attributes are: attractiveness: 20.0; sincerity: 20.0; intelligence: 20.0; being funny: 15.0; ambition: 15.0; shared interests: 10.0. Would you be willing to date this man? And also tell me the reason. Your answer must be (YES) or (NO) followed by your reason. You must FOLLOW THIS RULE! You MUST NOT SAY other words.,YES; because based on the weighted scores; he aligns well with your priorities and overall compatibility.,40,39,,1
Assume you are a 23-year-old woman with career type law; currently matched with a partner. Your current partner's scores (out of 10): attractiveness: 6.0/10; sincerity: 7.0/10; intelligence: 8.0/10; being funny: 4.0/10; ambition: 6.0/10; shared interests: 4.0/10. A new man is courting you with scores: attractiveness: 9.0/10; sincerity: 9.0/10; intelligence: 9.0/10; being funny: 8.0/10; ambition: 5.0/10; shared interests: 3.0/10. Your importance weights are: attractiveness: 50.0; sincerity: 10.0; intelligence: 20.0; being funny: 10.0; ambition: 10.0; shared interests: 0.0. Would you leave your current partner for the new man? Your answer must be (YES) or (NO) followed by your reason. You must FOLLOW THIS RULE! You MUST NOT SAY other words.,YES; because based on your weighting of importance and the scores of each partner; the new man has higher weighted scores in the areas you value most; such as attractiveness; sincerity; and intelligence; outweighing the lesser importance placed on shared interests and ambition.,49,38,21,1
Assume you are a 26-year-old woman with career type Biostatistics; currently matched with a partner. Your current partner's scores (out of 10): attractiveness: 7.0/10; sincerity: 9.0/10; intelligence: 10.0/10; being funny: 10.0/10; ambition: 10.0/10; shared interests: 10.0/10. A new man is courting you with scores: attractiveness: 5.0/10; sincerity: 6.0/10; intelligence: 8.0/10; being funny: 6.0/10; ambition: 8.0/10; shared interests: 4.0/10. Your importance weights are: attractiveness: 20.0; sincerity: 25.0; intelligence: 20.0; being funny: 15.0; ambition: 15.0; shared interests: 5.0. Would you leave your current partner for the new man? Your answer must be (YES) or (NO) followed by your reason. You must FOLLOW THIS RULE! You MUST NOT SAY other words.,NO; because your current partner ranks higher in all attributes relevant to your personal importance weights; suggesting you have a more compatible and fulfilling relationship with them compared to the new man.,55,36,30,0
Assume you are a 21-year-old woman with career type Undecided; currently matched with a partner. Your current partner's scores (out of 10): attractiveness: 7.0/10; sincerity: 9.0/10; intelligence: 10.0/10; being funny: 10.0/10; ambition: 10.0/10; shared interests: 10.0/10. A new man is courting you with scores: attractiveness: 5.0/10; sincerity: 9.0/10; intelligence: 9.0/10; being funny: 8.0/10; ambition: 9.0/10; shared interests: 5.0/10. Your importance weights are: attractiveness: 12.0; sincerity: 18.0; intelligence: 20.0; being funny: 16.0; ambition: 16.0; shared interests: 18.0. Would you leave your current partner for the new man? Your answer must be (YES) or (NO) followed by your reason. You must FOLLOW THIS RULE! You MUST NOT SAY other words.,NO; because the current partner has higher weighted scores in categories that are more important to you; such as intelligence; being funny; ambition; and shared interests; indicating a better overall compatibility based on your stated preferences.,55,21,30,0
Assume you are a 22-year-old single woman; and there is a 30-year-old man who is courting you. Your career type is Social Work Administration. You evaluated him on six dimensions with scores out of 10. These are attractiveness: 4.0/10; sincerity: 8.0/10; intelligence: 6.0/10; being funny: 3.0/10; ambition: 6.0/10; shared interests: nan/10. Your importance weights for these attributes are: attractiveness: 20.0; sincerity: 22.0; intelligence: 18.0; being funny: 15.0; ambition: 15.0; shared interests: 10.0. Would you be willing to date this man? And also tell me the reason. Your answer must be (YES) or (NO) followed by your reason. You must FOLLOW THIS RULE! You MUST NOT SAY other words.,NO; because the combined score based on weighted attributes does not meet your expectations; especially on key aspects like attractiveness and shared interests which are crucial for long-term compatibility.,41,29,,0
Assume you are a 22-year-old woman with career type Social Work Administration; currently matched with a partner. Your current partner's scores (out of 10): attractiveness: 6.0/10; sincerity: 10.0/10; intelligence: 9.0/10; being funny: 8.0/10; ambition: 9.0/10; shared interests: nan/10. A new man is courting you with scores: attractiveness: 6.0/10; sincerity: 8.0/10; intelligence: 7.0/10; being funny: 5.0/10; ambition: 5.0/10; shared interests: nan/10. Your importance weights are: attractiveness: 20.0; sincerity: 22.0; intelligence: 18.0; being funny: 15.0; ambition: 15.0; shared interests: 10.0. Would you leave your current partner for the new man? Your answer must be (YES) or (NO) followed by your reason. You must FOLLOW THIS RULE! You MUST NOT SAY other words.,NO; because the current partner has higher ratings in sincerity; intelligence; ambition; and being funny; which align with the importance weights and suggest a better overall match based on your scoring system.,42,29,23,0
Assume you are a 21-year-old man with career type Intellectual Property Attorney; currently matched with a partner. Your current partner's scores (out of 10): attractiveness: 5.0/10; sincerity: 8.0/10; intelligence: 8.0/10; being funny: 6.0/10; ambition: 9.0/10; shared interests: 6.0/10. A new woman is courting you with scores: attractiveness: 8.0/10; sincerity: 7.0/10; intelligence: 7.0/10; being funny: 7.0/10; ambition: 6.0/10; shared interests: 6.0/10. Your importance weights are: attractiveness: 15.0; sincerity: 20.0; intelligence: 15.0; being funny: 30.0; ambition: 5.0; shared interests: 15.0. Would you leave your current partner for the new woman? Your answer must be (YES) or (NO) followed by your reason. You must FOLLOW THIS RULE! You MUST NOT SAY other words.,NO; because according to the importance weights provided; your current partner scores higher overall in the attributes you value more significantly; such as sincerity and ambition; compared to the new woman. Additionally; these traits might contribute more significantly to a long-lasting and fulfilling relationship.,25,52,54,0
Assume you are a 26-year-old woman with career type Biostatistics; currently matched with a partner. Your current partner's scores (out of 10): attractiveness: 8.0/10; sincerity: 9.0/10; intelligence: 9.0/10; being funny: 9.0/10; ambition: 7.0/10; shared interests: 5.0/10. A new man is courting you with scores: attractiveness: 3.0/10; sincerity: 4.0/10; intelligence: 6.0/10; being funny: 4.0/10; ambition: 5.0/10; shared interests: 2.0/10. Your importance weights are: attractiveness: 20.0; sincerity: 25.0; intelligence: 20.0; being funny: 15.0; ambition: 15.0; shared interests: 5.0. Would you leave your current partner for the new man? Your answer must be (YES) or (NO) followed by your reason. You must FOLLOW THIS RULE! You MUST NOT SAY other words.,NO; because based on your importance weights and the scores of both partners; your current partner significantly outperforms the new man in all categories that are most important to you.,54,36,25,0
Assume you are a 21-year-old man with career type Intellectual Property Attorney; currently matched with a partner. Your current partner's scores (out of 10): attractiveness: 7.0/10; sincerity: 4.0/10; intelligence: 5.0/10; being funny: 6.0/10; ambition: 5.0/10; shared interests: 4.0/10. A new woman is courting you with scores: attractiveness: 8.0/10; sincerity: 7.0/10; intelligence: 7.0/10; being funny: 7.0/10; ambition: 6.0/10; shared interests: 6.0/10. Your importance weights are: attractiveness: 15.0; sincerity: 20.0; intelligence: 15.0; being funny: 30.0; ambition: 5.0; shared interests: 15.0. Would you leave your current partner for the new woman? Your answer must be (YES) or (NO) followed by your reason. You must FOLLOW THIS RULE! You MUST NOT SAY other words.,YES; because the new woman has higher scores overall; especially in areas that you value most such as sincerity; being funny; and shared interests.,26,52,46,1
Assume you are a 24-year-old man with career type Academic; currently matched with a partner. Your current partner's scores (out of 10): attractiveness: 5.0/10; sincerity: 8.0/10; intelligence: 8.0/10; being funny: 6.0/10; ambition: 9.0/10; shared interests: 6.0/10. A new woman is courting you with scores: attractiveness: 8.0/10; sincerity: 5.0/10; intelligence: 6.0/10; being funny: 6.0/10; ambition: 5.0/10; shared interests: 1.0/10. Your importance weights are: attractiveness: 25.0; sincerity: 35.0; intelligence: 30.0; being funny: 10.0; ambition: 0.0; shared interests: 0.0. Would you leave your current partner for the new woman? Your answer must be (YES) or (NO) followed by your reason. You must FOLLOW THIS RULE! You MUST NOT SAY other words.,NO; because the current partner scores higher in sincerity and intelligence which are heavily weighted in your importance scale; making them a better match overall according to your preferences.,25,43,54,0
Assume you are a 24-year-old single man; and there is a 22-year-old woman who is courting you. Your career type is academia. You evaluated her on six dimensions with scores out of 10. These are attractiveness: 7.0/10; sincerity: 6.0/10; intelligence: 7.0/10; being funny: 6.0/10; ambition: 7.0/10; shared interests: 5.0/10. Your importance weights for these attributes are: attractiveness: 25.0; sincerity: 15.0; intelligence: 25.0; being funny: 25.0; ambition: 15.0; shared interests: 15.0. Would you be willing to date this woman? And also tell me the reason. Your answer must be (YES) or (NO) followed by your reason. You must FOLLOW THIS RULE! You MUST NOT SAY other words.,YES; because her scores in key areas like attractiveness; intelligence; and ambition align well with your weighted importance for these attributes; indicating a compatible match based on your priorities.,29,44,,1
Assume you are a 26-year-old single woman; and there is a 28-year-old man who is courting you. Your career type is Biostatistics. You evaluated him on six dimensions with scores out of 10. These are attractiveness: 2.0/10; sincerity: 2.0/10; intelligence: 5.0/10; being funny: 2.0/10; ambition: 8.0/10; shared interests: 4.0/10. Your importance weights for these attributes are: attractiveness: 20.0; sincerity: 25.0; intelligence: 20.0; being funny: 15.0; ambition: 15.0; shared interests: 5.0. Would you be willing to date this man? And also tell me the reason. Your answer must be (YES) or (NO) followed by your reason. You must FOLLOW THIS RULE! You MUST NOT SAY other words.,NO; because his low scores in key areas like attractiveness; sincerity; and being funny do not align well with the high importance weights you place on these attributes; suggesting a likely mismatch in your compatibility and relationship satisfaction.,45,36,,0
Assume you are a 22-year-old man with career type Music production; currently matched with a partner. Your current partner's scores (out of 10): attractiveness: 2.0/10; sincerity: 7.0/10; intelligence: 6.0/10; being funny: 4.0/10; ambition: 4.0/10; shared interests: 4.0/10. A new woman is courting you with scores: attractiveness: 9.0/10; sincerity: 8.0/10; intelligence: 7.0/10; being funny: 9.0/10; ambition: nan/10; shared interests: 8.0/10. Your importance weights are: attractiveness: 30.0; sincerity: 15.0; intelligence: 25.0; being funny: 25.0; ambition: 5.0; shared interests: 0.0. Would you leave your current partner for the new woman? Your answer must be (YES) or (NO) followed by your reason. You must FOLLOW THIS RULE! You MUST NOT SAY other words.,NO; because despite the higher scores in many categories from the new woman; the decision should consider emotional factors; existing relationship dynamics; and ethical considerations; which cannot be adequately captured in numerical values alone.,26,48,52,0
Assume you are a 26-year-old single woman; and there is a 26-year-old man who is courting you. Your career type is Biostatistics. You evaluated him on six dimensions with scores out of 10. These are attractiveness: 2.0/10; sincerity: 5.0/10; intelligence: 4.0/10; being funny: 3.0/10; ambition: 4.0/10; shared interests: 2.0/10. Your importance weights for these attributes are: attractiveness: 20.0; sincerity: 25.0; intelligence: 20.0; being funny: 15.0; ambition: 15.0; shared interests: 5.0. Would you be willing to date this man? And also tell me the reason. Your answer must be (YES) or (NO) followed by your reason. You must FOLLOW THIS RULE! You MUST NOT SAY other words.,NO; because his scores are low in areas that are highly important to you; such as attractiveness; intelligence; and sincerity; making him less compatible based on your weighted preferences.,46,36,,0
Assume you are a 22-year-old woman with career type Speech Language Pathologist; currently matched with a partner. Your current partner's scores (out of 10): attractiveness: 3.0/10; sincerity: 10.0/10; intelligence: 9.0/10; being funny: 10.0/10; ambition: 4.0/10; shared interests: 4.0/10. A new man is courting you with scores: attractiveness: 2.0/10; sincerity: 6.0/10; intelligence: 6.0/10; being funny: 6.0/10; ambition: 6.0/10; shared interests: nan/10. Your importance weights are: attractiveness: 17.0; sincerity: 10.0; intelligence: 18.0; being funny: 20.0; ambition: 25.0; shared interests: 10.0. Would you leave your current partner for the new man? Your answer must be (YES) or (NO) followed by your reason. You must FOLLOW THIS RULE! You MUST NOT SAY other words.,NO; because your current partner has higher scores in sincerity; intelligence; and being funny; which are important categories based on your weighted preferences.,40,27,39,0
Assume you are a 27-year-old single woman; and there is a 26-year-old man who is courting you. Your career type is Organizational Change Consultant. You evaluated him on six dimensions with scores out of 10. These are attractiveness: 8.0/10; sincerity: 5.0/10; intelligence: 9.0/10; being funny: 7.0/10; ambition: 6.0/10; shared interests: 5.0/10. Your importance weights for these attributes are: attractiveness: 10.0; sincerity: 10.0; intelligence: 30.0; being funny: 25.0; ambition: 10.0; shared interests: 15.0. Would you be willing to date this man? And also tell me the reason. Your answer must be (YES) or (NO) followed by your reason. You must FOLLOW THIS RULE! You MUST NOT SAY other words.,NO; because the weighted average score based on your importance weights and his characteristic scores results in a lower overall compatibility score; especially in sincerity and shared interests; which are crucial for a long-term relationship.,46,37,,0
Assume you are a 26-year-old single man; and there is a 21-year-old woman who is courting you. Your career type is banker. You evaluated her on six dimensions with scores out of 10. These are attractiveness: 6.0/10; sincerity: 7.0/10; intelligence: 10.0/10; being funny: 8.0/10; ambition: 9.0/10; shared interests: 8.0/10. Your importance weights for these attributes are: attractiveness: 20.0; sincerity: 35.0; intelligence: 20.0; being funny: 10.0; ambition: 10.0; shared interests: 5.0. Would you be willing to date this woman? And also tell me the reason. Your answer must be (YES) or (NO) followed by your reason. You must FOLLOW THIS RULE! You MUST NOT SAY other words.,YES; because the high scores in intelligence; ambition; and shared interests align well with the priority you place on sincerity and intelligence; outweighing the lower score in attractiveness.,21,46,,1
Assume you are a 27-year-old single woman; and there is a 22-year-old man who is courting you. Your career type is Organizational Change Consultant. You evaluated him on six dimensions with scores out of 10. These are attractiveness: 8.0/10; sincerity: 5.0/10; intelligence: 6.0/10; being funny: 9.0/10; ambition: 4.0/10; shared interests: 6.0/10. Your importance weights for these attributes are: attractiveness: 10.0; sincerity: 10.0; intelligence: 30.0; being funny: 25.0; ambition: 10.0; shared interests: 15.0. Would you be willing to date this man? And also tell me the reason. Your answer must be (YES) or (NO) followed by your reason. You must FOLLOW THIS RULE! You MUST NOT SAY other words.,NO; because the scores on sincerity and ambition are low; which are crucial for a long-term relationship; and these are weighted importantly in your evaluation criteria. Also; intelligence has a high weight and a moderately low score.,48,37,,0
Assume you are a 24-year-old single woman; and there is a 22-year-old man who is courting you. Your career type is law. You evaluated him on six dimensions with scores out of 10. These are attractiveness: 8.0/10; sincerity: 9.0/10; intelligence: 8.0/10; being funny: 8.0/10; ambition: 8.0/10; shared interests: 8.0/10. Your importance weights for these attributes are: attractiveness: 35.0; sincerity: 10.0; intelligence: 20.0; being funny: 20.0; ambition: 10.0; shared interests: 5.0. Would you be willing to date this man? And also tell me the reason. Your answer must be (YES) or (NO) followed by your reason. You must FOLLOW THIS RULE! You MUST NOT SAY other words.,YES; because his scores are consistently high across all dimensions you value; aligning well with what you find important in a partner.,48,31,,1
Assume you are a 30-year-old woman with career type Clidren's TV; currently matched with a partner. Your current partner's scores (out of 10): attractiveness: 8.0/10; sincerity: 7.0/10; intelligence: 7.0/10; being funny: 7.0/10; ambition: 6.0/10; shared interests: 6.0/10. A new man is courting you with scores: attractiveness: 9.0/10; sincerity: 9.0/10; intelligence: 8.0/10; being funny: 9.0/10; ambition: 7.0/10; shared interests: 9.0/10. Your importance weights are: attractiveness: 30.0; sincerity: 20.0; intelligence: 30.0; being funny: 10.0; ambition: 0.0; shared interests: 10.0. Would you leave your current partner for the new man? Your answer must be (YES) or (NO) followed by your reason. You must FOLLOW THIS RULE! You MUST NOT SAY other words.,NO; because your current partner may still meet critical emotional or relationship needs that are not captured in these scores.,52,33,26,0
Assume you are a 25-year-old woman with career type Capital Markets; currently matched with a partner. Your current partner's scores (out of 10): attractiveness: 8.0/10; sincerity: 7.0/10; intelligence: 7.0/10; being funny: 8.0/10; ambition: 8.0/10; shared interests: 4.0/10. A new man is courting you with scores: attractiveness: 7.0/10; sincerity: 9.0/10; intelligence: 9.0/10; being funny: 9.0/10; ambition: 9.0/10; shared interests: 10.0/10. Your importance weights are: attractiveness: 20.0; sincerity: 23.0; intelligence: 23.0; being funny: 22.0; ambition: 7.0; shared interests: 5.0. Would you leave your current partner for the new man? Your answer must be (YES) or (NO) followed by your reason. You must FOLLOW THIS RULE! You MUST NOT SAY other words.,NO; because the weighted scores calculated from your specified importance weights and the scores of each attribute for the current partner and the new man show that your current partner has a higher total score.,49,35,38,0
Assume you are a 27-year-old woman with career type Informatics; currently matched with a partner. Your current partner's scores (out of 10): attractiveness: 6.0/10; sincerity: 7.0/10; intelligence: 10.0/10; being funny: 8.0/10; ambition: 9.0/10; shared interests: 8.0/10. A new man is courting you with scores: attractiveness: 8.0/10; sincerity: 7.0/10; intelligence: 7.0/10; being funny: 7.0/10; ambition: 6.0/10; shared interests: 7.0/10. Your importance weights are: attractiveness: 20.0; sincerity: 20.0; intelligence: 20.0; being funny: 10.0; ambition: 10.0; shared interests: 20.0. Would you leave your current partner for the new man? Your answer must be (YES) or (NO) followed by your reason. You must FOLLOW THIS RULE! You MUST NOT SAY other words.,NO; because your current partner has higher scores in intelligence; ambition; and being funny; which align more closely with your weighted values of importance; particularly in intelligence and ambition.,46,22,21,0
Assume you are a 26-year-old woman with career type Biostatistics; currently matched with a partner. Your current partner's scores (out of 10): attractiveness: 8.0/10; sincerity: 7.0/10; intelligence: 7.0/10; being funny: 9.0/10; ambition: 5.0/10; shared interests: 4.0/10. A new man is courting you with scores: attractiveness: 5.0/10; sincerity: 2.0/10; intelligence: 6.0/10; being funny: 2.0/10; ambition: 5.0/10; shared interests: 4.0/10. Your importance weights are: attractiveness: 20.0; sincerity: 25.0; intelligence: 20.0; being funny: 15.0; ambition: 15.0; shared interests: 5.0. Would you leave your current partner for the new man? Your answer must be (YES) or (NO) followed by your reason. You must FOLLOW THIS RULE! You MUST NOT SAY other words.,NO; because the new man scores lower in sincerity; being funny; and attractiveness; which are heavily weighted according to your importance preferences.,51,36,32,0
Assume you are a 30-year-old single man; and there is a 30-year-old woman who is courting you. Your career type is law. You evaluated her on six dimensions with scores out of 10. These are attractiveness: 10.0/10; sincerity: 10.0/10; intelligence: 10.0/10; being funny: 10.0/10; ambition: 10.0/10; shared interests: nan/10. Your importance weights for these attributes are: attractiveness: 30.0; sincerity: 20.0; intelligence: 10.0; being funny: 30.0; ambition: 0.0; shared interests: 10.0. Would you be willing to date this woman? And also tell me the reason. Your answer must be (YES) or (NO) followed by your reason. You must FOLLOW THIS RULE! You MUST NOT SAY other words.,YES; because her scores are exceptionally high in the attributes you value most; and the unknown value for shared interests does not significantly impact the overall positive evaluation given the weights assigned.,33,41,,1
Assume you are a 24-year-old man with career type Academic; currently matched with a partner. Your current partner's scores (out of 10): attractiveness: 2.0/10; sincerity: 7.0/10; intelligence: 6.0/10; being funny: 4.0/10; ambition: 4.0/10; shared interests: 4.0/10. A new woman is courting you with scores: attractiveness: 6.0/10; sincerity: 5.0/10; intelligence: 7.0/10; being funny: 5.0/10; ambition: 5.0/10; shared interests: 2.0/10. Your importance weights are: attractiveness: 25.0; sincerity: 35.0; intelligence: 30.0; being funny: 10.0; ambition: 0.0; shared interests: 0.0. Would you leave your current partner for the new woman? Your answer must be (YES) or (NO) followed by your reason. You must FOLLOW THIS RULE! You MUST NOT SAY other words.,NO; because although the new woman scores higher in attractiveness and intelligence; your current partner has a higher sincerity score; which you heavily weigh in importance.,26,43,52,0
Assume you are a 22-year-old single woman; and there is a 24-year-old man who is courting you. Your career type is Speech Language Pathologist. You evaluated him on six dimensions with scores out of 10. These are attractiveness: 1.0/10; sincerity: 6.0/10; intelligence: 7.0/10; being funny: 6.0/10; ambition: 4.0/10; shared interests: 3.0/10. Your importance weights for these attributes are: attractiveness: 17.0; sincerity: 10.0; intelligence: 18.0; being funny: 20.0; ambition: 25.0; shared interests: 10.0. Would you be willing to date this man? And also tell me the reason. Your answer must be (YES) or (NO) followed by your reason. You must FOLLOW THIS RULE! You MUST NOT SAY other words.,NO; because his scores are low in areas that are highly important to you; such as ambition; attractiveness; and being funny; which could lead to dissatisfaction in the relationship.,43,27,,0
Assume you are a 21-year-old woman with career type Banking; currently matched with a partner. Your current partner's scores (out of 10): attractiveness: 10.0/10; sincerity: 10.0/10; intelligence: 10.0/10; being funny: 10.0/10; ambition: 10.0/10; shared interests: nan/10. A new man is courting you with scores: attractiveness: 3.0/10; sincerity: 4.0/10; intelligence: 7.0/10; being funny: 4.0/10; ambition: 4.0/10; shared interests: nan/10. Your importance weights are: attractiveness: 30.0; sincerity: 5.0; intelligence: 30.0; being funny: 15.0; ambition: 15.0; shared interests: 5.0. Would you leave your current partner for the new man? Your answer must be (YES) or (NO) followed by your reason. You must FOLLOW THIS RULE! You MUST NOT SAY other words.,NO; because your current partner scores significantly higher in all important categories according to your specified importance weights.,41,34,33,0
Assume you are a 27-year-old woman with career type Informatics; currently matched with a partner. Your current partner's scores (out of 10): attractiveness: 3.0/10; sincerity: 10.0/10; intelligence: 9.0/10; being funny: 10.0/10; ambition: 4.0/10; shared interests: 4.0/10. A new man is courting you with scores: attractiveness: 5.0/10; sincerity: 7.0/10; intelligence: 7.0/10; being funny: 6.0/10; ambition: 7.0/10; shared interests: 5.0/10. Your importance weights are: attractiveness: 20.0; sincerity: 20.0; intelligence: 20.0; being funny: 10.0; ambition: 10.0; shared interests: 20.0. Would you leave your current partner for the new man? Your answer must be (YES) or (NO) followed by your reason. You must FOLLOW THIS RULE! You MUST NOT SAY other words.,NO; because your current partner has higher scores in sincerity; intelligence; and being funny; which are highly weighted in your importance preferences; indicating a stronger overall compatibility based on your priorities.,40,22,39,0
Assume you are a 25-year-old woman with career type Capital Markets; currently matched with a partner. Your current partner's scores (out of 10): attractiveness: 6.0/10; sincerity: 10.0/10; intelligence: 9.0/10; being funny: 8.0/10; ambition: 9.0/10; shared interests: nan/10. A new man is courting you with scores: attractiveness: 6.0/10; sincerity: 8.0/10; intelligence: 9.0/10; being funny: 8.0/10; ambition: 7.0/10; shared interests: 9.0/10. Your importance weights are: attractiveness: 20.0; sincerity: 23.0; intelligence: 23.0; being funny: 22.0; ambition: 7.0; shared interests: 5.0. Would you leave your current partner for the new man? Your answer must be (YES) or (NO) followed by your reason. You must FOLLOW THIS RULE! You MUST NOT SAY other words.,NO; because your current partner has higher scores in sincerity and ambition; which are important according to your weighted preferences; outweighing the better score in shared interests offered by the new man.,42,35,23,0
Assume you are a 25-year-old single woman; and there is a 28-year-old man who is courting you. Your career type is Capital Markets. You evaluated him on six dimensions with scores out of 10. These are attractiveness: 7.0/10; sincerity: 8.0/10; intelligence: 9.0/10; being funny: 7.0/10; ambition: 8.0/10; shared interests: 9.0/10. Your importance weights for these attributes are: attractiveness: 20.0; sincerity: 23.0; intelligence: 23.0; being funny: 22.0; ambition: 7.0; shared interests: 5.0. Would you be willing to date this man? And also tell me the reason. Your answer must be (YES) or (NO) followed by your reason. You must FOLLOW THIS RULE! You MUST NOT SAY other words.,YES; because the scores he received align well with your most heavily weighted priorities (sincerity and intelligence); suggesting a strong compatibility based on what you value most.,45,35,,1
Assume you are a 22-year-old woman with career type Speech Language Pathologist; currently matched with a partner. Your current partner's scores (out of 10): attractiveness: 6.0/10; sincerity: 7.0/10; intelligence: 10.0/10; being funny: 8.0/10; ambition: 9.0/10; shared interests: 8.0/10. A new man is courting you with scores: attractiveness: 8.0/10; sincerity: 7.0/10; intelligence: 6.0/10; being funny: 6.0/10; ambition: 4.0/10; shared interests: 4.0/10. Your importance weights are: attractiveness: 17.0; sincerity: 10.0; intelligence: 18.0; being funny: 20.0; ambition: 25.0; shared interests: 10.0. Would you leave your current partner for the new man? Your answer must be (YES) or (NO) followed by your reason. You must FOLLOW THIS RULE! You MUST NOT SAY other words.,NO; because your current partner scores higher in intelligence; ambition; being funny; and shared interests; which are weighted more heavily in your preferences.,46,27,21,0
Assume you are a 27-year-old woman with career type Organizational Change Consultant; currently matched with a partner. Your current partner's scores (out of 10): attractiveness: 8.0/10; sincerity: 7.0/10; intelligence: 7.0/10; being funny: 9.0/10; ambition: 5.0/10; shared interests: 4.0/10. A new man is courting you with scores: attractiveness: 7.0/10; sincerity: 4.0/10; intelligence: 7.0/10; being funny: 7.0/10; ambition: 6.0/10; shared interests: 8.0/10. Your importance weights are: attractiveness: 10.0; sincerity: 10.0; intelligence: 30.0; being funny: 25.0; ambition: 10.0; shared interests: 15.0. Would you leave your current partner for the new man? Your answer must be (YES) or (NO) followed by your reason. You must FOLLOW THIS RULE! You MUST NOT SAY other words.,NO; because your current partner scores higher in sincerity; a highly weighted attribute for you; and overall may align better with your prioritized values of intelligence and being funny.,51,37,32,0
Assume you are a 27-year-old woman with career type Organizational Change Consultant; currently matched with a partner. Your current partner's scores (out of 10): attractiveness: 6.0/10; sincerity: 10.0/10; intelligence: 9.0/10; being funny: 8.0/10; ambition: 9.0/10; shared interests: nan/10. A new man is courting you with scores: attractiveness: 4.0/10; sincerity: 4.0/10; intelligence: 6.0/10; being funny: 7.0/10; ambition: 5.0/10; shared interests: 4.0/10. Your importance weights are: attractiveness: 10.0; sincerity: 10.0; intelligence: 30.0; being funny: 25.0; ambition: 10.0; shared interests: 15.0. Would you leave your current partner for the new man? Your answer must be (YES) or (NO) followed by your reason. You must FOLLOW THIS RULE! You MUST NOT SAY other words.,NO because the current partner scores significantly higher in key areas such as sincerity; intelligence; and ambition; which are highly valued according to the stated importance weights.,42,37,23,0
Assume you are a 24-year-old single man; and there is a 22-year-old woman who is courting you. Your career type is Academic. You evaluated her on six dimensions with scores out of 10. These are attractiveness: 7.0/10; sincerity: 6.0/10; intelligence: 5.0/10; being funny: 7.0/10; ambition: 3.0/10; shared interests: 5.0/10. Your importance weights for these attributes are: attractiveness: 25.0; sincerity: 35.0; intelligence: 30.0; being funny: 10.0; ambition: 0.0; shared interests: 0.0. Would you be willing to date this woman? And also tell me the reason. Your answer must be (YES) or (NO) followed by your reason. You must FOLLOW THIS RULE! You MUST NOT SAY other words.,YES; because the weighted scores for the attributes you value most highly (attractiveness; sincerity; and intelligence) total 5.975; which may outweigh the lower scores in less important categories.,27,43,,1
Assume you are a 27-year-old woman with career type Organizational Change Consultant; currently matched with a partner. Your current partner's scores (out of 10): attractiveness: 8.0/10; sincerity: 6.0/10; intelligence: 7.0/10; being funny: 6.0/10; ambition: 7.0/10; shared interests: 7.0/10. A new man is courting you with scores: attractiveness: 6.0/10; sincerity: 4.0/10; intelligence: 7.0/10; being funny: 4.0/10; ambition: 5.0/10; shared interests: 2.0/10. Your importance weights are: attractiveness: 10.0; sincerity: 10.0; intelligence: 30.0; being funny: 25.0; ambition: 10.0; shared interests: 15.0. Would you leave your current partner for the new man? Your answer must be (YES) or (NO) followed by your reason. You must FOLLOW THIS RULE! You MUST NOT SAY other words.,NO; because based on your weighted importance scores; your current partner consistently scores higher in key areas that are important to you compared to the new man.,45,37,35,0
Assume you are a 27-year-old single woman; and there is a 30-year-old man who is courting you. Your career type is Organizational Change Consultant. You evaluated him on six dimensions with scores out of 10. These are attractiveness: 3.0/10; sincerity: 5.0/10; intelligence: 7.0/10; being funny: 6.0/10; ambition: 6.0/10; shared interests: 6.0/10. Your importance weights for these attributes are: attractiveness: 10.0; sincerity: 10.0; intelligence: 30.0; being funny: 25.0; ambition: 10.0; shared interests: 15.0. Would you be willing to date this man? And also tell me the reason. Your answer must be (YES) or (NO) followed by your reason. You must FOLLOW THIS RULE! You MUST NOT SAY other words.,NO; because the cumulative score; calculated based on the importance weights and given ratings; is low; significantly due to low scores in key areas like attractiveness and sincerity; which are highly weighted in your preferences.,47,37,,0
Assume you are a 27-year-old woman with career type Informatics; currently matched with a partner. Your current partner's scores (out of 10): attractiveness: 10.0/10; sincerity: 10.0/10; intelligence: 10.0/10; being funny: 10.0/10; ambition: 10.0/10; shared interests: nan/10. A new man is courting you with scores: attractiveness: 4.0/10; sincerity: 7.0/10; intelligence: 6.0/10; being funny: 6.0/10; ambition: 7.0/10; shared interests: 2.0/10. Your importance weights are: attractiveness: 20.0; sincerity: 20.0; intelligence: 20.0; being funny: 10.0; ambition: 10.0; shared interests: 20.0. Would you leave your current partner for the new man? Your answer must be (YES) or (NO) followed by your reason. You must FOLLOW THIS RULE! You MUST NOT SAY other words.,NO; because your current partner has significantly higher scores in every important aspect compared to the new man; suggesting a better overall compatibility and relationship satisfaction.,41,22,33,0
Assume you are a 21-year-old woman with career type Banking; currently matched with a partner. Your current partner's scores (out of 10): attractiveness: 7.0/10; sincerity: 6.0/10; intelligence: 5.0/10; being funny: 7.0/10; ambition: 3.0/10; shared interests: 5.0/10. A new man is courting you with scores: attractiveness: 4.0/10; sincerity: 4.0/10; intelligence: 6.0/10; being funny: 4.0/10; ambition: 6.0/10; shared interests: nan/10. Your importance weights are: attractiveness: 30.0; sincerity: 5.0; intelligence: 30.0; being funny: 15.0; ambition: 15.0; shared interests: 5.0. Would you leave your current partner for the new man? Your answer must be (YES) or (NO) followed by your reason. You must FOLLOW THIS RULE! You MUST NOT SAY other words.,NO; because your current partner scores higher overall based on your weighted importance of each attribute.,43,34,27,0
Assume you are a 27-year-old woman with career type Informatics; currently matched with a partner. Your current partner's scores (out of 10): attractiveness: 6.0/10; sincerity: 10.0/10; intelligence: 9.0/10; being funny: 8.0/10; ambition: 9.0/10; shared interests: nan/10. A new man is courting you with scores: attractiveness: 5.0/10; sincerity: 6.0/10; intelligence: 6.0/10; being funny: 5.0/10; ambition: 6.0/10; shared interests: 3.0/10. Your importance weights are: attractiveness: 20.0; sincerity: 20.0; intelligence: 20.0; being funny: 10.0; ambition: 10.0; shared interests: 20.0. Would you leave your current partner for the new man? Your answer must be (YES) or (NO) followed by your reason. You must FOLLOW THIS RULE! You MUST NOT SAY other words.,NO; because your current partner has significantly higher ratings in every category that is important to you; indicating a strong compatibility and relationship potential.,42,22,23,0
Assume you are a 27-year-old woman with career type Informatics; currently matched with a partner. Your current partner's scores (out of 10): attractiveness: 7.0/10; sincerity: 6.0/10; intelligence: 5.0/10; being funny: 7.0/10; ambition: 3.0/10; shared interests: 5.0/10. A new man is courting you with scores: attractiveness: 5.0/10; sincerity: 7.0/10; intelligence: 7.0/10; being funny: 5.0/10; ambition: 7.0/10; shared interests: 3.0/10. Your importance weights are: attractiveness: 20.0; sincerity: 20.0; intelligence: 20.0; being funny: 10.0; ambition: 10.0; shared interests: 20.0. Would you leave your current partner for the new man? Your answer must be (YES) or (NO) followed by your reason. You must FOLLOW THIS RULE! You MUST NOT SAY other words.,NO; because the weighted scores calculation for both partners results in a higher overall score for your current partner compared to the new man.,43,22,27,0
Assume you are a 26-year-old woman with career type Biostatistics; currently matched with a partner. Your current partner's scores (out of 10): attractiveness: 10.0/10; sincerity: 10.0/10; intelligence: 10.0/10; being funny: 10.0/10; ambition: 10.0/10; shared interests: nan/10. A new man is courting you with scores: attractiveness: 1.0/10; sincerity: 2.0/10; intelligence: 2.0/10; being funny: 1.0/10; ambition: 8.0/10; shared interests: 2.0/10. Your importance weights are: attractiveness: 20.0; sincerity: 25.0; intelligence: 20.0; being funny: 15.0; ambition: 15.0; shared interests: 5.0. Would you leave your current partner for the new man? Your answer must be (YES) or (NO) followed by your reason. You must FOLLOW THIS RULE! You MUST NOT SAY other words.,NO; because the current partner scores significantly higher in most important categories; aligning better with your priorities and leading to higher overall relationship satisfaction compared to the new man.,41,36,33,0
Assume you are a 30-year-old single man; and there is a 26-year-old woman who is courting you. Your career type is Academic. You evaluated her on six dimensions with scores out of 10. These are attractiveness: 6.0/10; sincerity: 6.0/10; intelligence: 6.0/10; being funny: 5.0/10; ambition: 8.0/10; shared interests: 4.0/10. Your importance weights for these attributes are: attractiveness: 20.0; sincerity: 20.0; intelligence: 25.0; being funny: 25.0; ambition: 5.0; shared interests: 5.0. Would you be willing to date this woman? And also tell me the reason. Your answer must be (YES) or (NO) followed by your reason. You must FOLLOW THIS RULE! You MUST NOT SAY other words.,NO; because her scores on intelligence and being funny; which you highly value; are relatively low; and you have few shared interests; making long-term compatibility and daily interactions potentially challenging.,36,47,,0
Assume you are a 30-year-old man with career type Academic; currently matched with a partner. Your current partner's scores (out of 10): attractiveness: 6.0/10; sincerity: 8.0/10; intelligence: 8.0/10; being funny: 6.0/10; ambition: 8.0/10; shared interests: 5.0/10. A new woman is courting you with scores: attractiveness: 9.0/10; sincerity: 5.0/10; intelligence: 6.0/10; being funny: 5.0/10; ambition: 5.0/10; shared interests: 7.0/10. Your importance weights are: attractiveness: 20.0; sincerity: 20.0; intelligence: 25.0; being funny: 25.0; ambition: 5.0; shared interests: 5.0. Would you leave your current partner for the new woman? Your answer must be (YES) or (NO) followed by your reason. You must FOLLOW THIS RULE! You MUST NOT SAY other words.,NO; because your current partner scores higher in sincerity; intelligence; and being funny; which collectively are weighted significantly in your preferences; indicating a better overall compatibility based on your values.,21,47,46,0
Assume you are a 27-year-old woman with career type Organizational Change Consultant; currently matched with a partner. Your current partner's scores (out of 10): attractiveness: 8.0/10; sincerity: 7.0/10; intelligence: 7.0/10; being funny: 7.0/10; ambition: 6.0/10; shared interests: 6.0/10. A new man is courting you with scores: attractiveness: 2.0/10; sincerity: 6.0/10; intelligence: 6.0/10; being funny: 6.0/10; ambition: 4.0/10; shared interests: 5.0/10. Your importance weights are: attractiveness: 10.0; sincerity: 10.0; intelligence: 30.0; being funny: 25.0; ambition: 10.0; shared interests: 15.0. Would you leave your current partner for the new man? Your answer must be (YES) or (NO) followed by your reason. You must FOLLOW THIS RULE! You MUST NOT SAY other words.,NO; because your current partner scores higher in every category that is important to you; such as intelligence; being funny; and attractiveness; all of which have high importance weights according to your preferences.,52,37,26,0
Assume you are a 30-year-old single man; and there is a 27-year-old woman who is courting you. Your career type is Academic. You evaluated her on six dimensions with scores out of 10. These are attractiveness: nan/10; sincerity: 5.0/10; intelligence: 6.0/10; being funny: 5.0/10; ambition: 6.0/10; shared interests: 3.0/10. Your importance weights for these attributes are: attractiveness: 20.0; sincerity: 20.0; intelligence: 25.0; being funny: 25.0; ambition: 5.0; shared interests: 5.0. Would you be willing to date this woman? And also tell me the reason. Your answer must be (YES) or (NO) followed by your reason. You must FOLLOW THIS RULE! You MUST NOT SAY other words.,NO; because the scores for shared interests; sincerity; and being funny are relatively low; and these are significant based on the importance weights; indicating a lower overall compatibility.,22,47,,0
Assume you are a 27-year-old woman with career type Organizational Change Consultant; currently matched with a partner. Your current partner's scores (out of 10): attractiveness: 7.0/10; sincerity: 9.0/10; intelligence: 10.0/10; being funny: 10.0/10; ambition: 10.0/10; shared interests: 10.0/10. A new man is courting you with scores: attractiveness: 5.0/10; sincerity: 7.0/10; intelligence: 6.0/10; being funny: 7.0/10; ambition: 4.0/10; shared interests: 5.0/10. Your importance weights are: attractiveness: 10.0; sincerity: 10.0; intelligence: 30.0; being funny: 25.0; ambition: 10.0; shared interests: 15.0. Would you leave your current partner for the new man? Your answer must be (YES) or (NO) followed by your reason. You must FOLLOW THIS RULE! You MUST NOT SAY other words.,NO; because your current partner scores higher in every category that is important to you.,55,37,30,0
Assume you are a 30-year-old man with career type Academic; currently matched with a partner. Your current partner's scores (out of 10): attractiveness: 6.0/10; sincerity: 6.0/10; intelligence: 7.0/10; being funny: 6.0/10; ambition: 6.0/10; shared interests: 6.0/10. A new woman is courting you with scores: attractiveness: 5.0/10; sincerity: 6.0/10; intelligence: 6.0/10; being funny: 4.0/10; ambition: 7.0/10; shared interests: 4.0/10. Your importance weights are: attractiveness: 20.0; sincerity: 20.0; intelligence: 25.0; being funny: 25.0; ambition: 5.0; shared interests: 5.0. Would you leave your current partner for the new woman? Your answer must be (YES) or (NO) followed by your reason. You must FOLLOW THIS RULE! You MUST NOT SAY other words.,NO; because your current partner scores higher overall according to your importance weights; particularly in intelligence and being funny; which are your highest prioritized traits.,23,47,42,0
Assume you are a 26-year-old woman with career type Biostatistics; currently matched with a partner. Your current partner's scores (out of 10): attractiveness: 6.0/10; sincerity: 10.0/10; intelligence: 9.0/10; being funny: 8.0/10; ambition: 9.0/10; shared interests: nan/10. A new man is courting you with scores: attractiveness: 2.0/10; sincerity: 2.0/10; intelligence: 4.0/10; being funny: 1.0/10; ambition: 5.0/10; shared interests: 1.0/10. Your importance weights are: attractiveness: 20.0; sincerity: 25.0; intelligence: 20.0; being funny: 15.0; ambition: 15.0; shared interests: 5.0. Would you leave your current partner for the new man? Your answer must be (YES) or (NO) followed by your reason. You must FOLLOW THIS RULE! You MUST NOT SAY other words.,NO; because the current partner has significantly higher scores in all evaluated aspects; matching better with your importance weights.,42,36,23,0
Assume you are a 27-year-old woman with career type Informatics; currently matched with a partner. Your current partner's scores (out of 10): attractiveness: 7.0/10; sincerity: 6.0/10; intelligence: 7.0/10; being funny: 6.0/10; ambition: 7.0/10; shared interests: 5.0/10. A new man is courting you with scores: attractiveness: 6.0/10; sincerity: 8.0/10; intelligence: 8.0/10; being funny: 7.0/10; ambition: 7.0/10; shared interests: 6.0/10. Your importance weights are: attractiveness: 20.0; sincerity: 20.0; intelligence: 20.0; being funny: 10.0; ambition: 10.0; shared interests: 20.0. Would you leave your current partner for the new man? Your answer must be (YES) or (NO) followed by your reason. You must FOLLOW THIS RULE! You MUST NOT SAY other words.,NO; because the total weighted score of your current partner (135) is higher than the new man's score (133); which suggests a better overall match based on your stated priorities.,44,22,29,0
Assume you are a 27-year-old woman with career type Informatics; currently matched with a partner. Your current partner's scores (out of 10): attractiveness: 8.0/10; sincerity: 6.0/10; intelligence: 7.0/10; being funny: 6.0/10; ambition: 7.0/10; shared interests: 7.0/10. A new man is courting you with scores: attractiveness: 6.0/10; sincerity: 7.0/10; intelligence: 7.0/10; being funny: 4.0/10; ambition: 6.0/10; shared interests: 6.0/10. Your importance weights are: attractiveness: 20.0; sincerity: 20.0; intelligence: 20.0; being funny: 10.0; ambition: 10.0; shared interests: 20.0. Would you leave your current partner for the new man? Your answer must be (YES) or (NO) followed by your reason. You must FOLLOW THIS RULE! You MUST NOT SAY other words.,NO; because your current partner has higher weighted scores in categories you value most; indicating a better overall match according to your stated preferences.,45,22,35,0
Assume you are a 21-year-old woman with career type Banking; currently matched with a partner. Your current partner's scores (out of 10): attractiveness: 8.0/10; sincerity: 6.0/10; intelligence: 7.0/10; being funny: 6.0/10; ambition: 7.0/10; shared interests: 7.0/10. A new man is courting you with scores: attractiveness: 4.0/10; sincerity: 5.0/10; intelligence: 6.0/10; being funny: 5.0/10; ambition: 6.0/10; shared interests: 5.0/10. Your importance weights are: attractiveness: 30.0; sincerity: 5.0; intelligence: 30.0; being funny: 15.0; ambition: 15.0; shared interests: 5.0. Would you leave your current partner for the new man? Your answer must be (YES) or (NO) followed by your reason. You must FOLLOW THIS RULE! You MUST NOT SAY other words.,NO; because your current partner has higher scores in all categories that are important to you; making them a better match based on your weighted preferences.,45,34,35,0
Assume you are a 21-year-old woman with career type Banking; currently matched with a partner. Your current partner's scores (out of 10): attractiveness: 8.0/10; sincerity: 7.0/10; intelligence: 7.0/10; being funny: 8.0/10; ambition: 8.0/10; shared interests: 4.0/10. A new man is courting you with scores: attractiveness: 7.0/10; sincerity: 8.0/10; intelligence: 8.0/10; being funny: 7.0/10; ambition: 8.0/10; shared interests: 6.0/10. Your importance weights are: attractiveness: 30.0; sincerity: 5.0; intelligence: 30.0; being funny: 15.0; ambition: 15.0; shared interests: 5.0. Would you leave your current partner for the new man? Your answer must be (YES) or (NO) followed by your reason. You must FOLLOW THIS RULE! You MUST NOT SAY other words.,NO; because the overall weighted score of your current partner (7.55) is higher than the new man's (7.45) based on your importance weights and their scores.,49,34,38,0
Assume you are a 21-year-old woman with career type Banking; currently matched with a partner. Your current partner's scores (out of 10): attractiveness: 8.0/10; sincerity: 9.0/10; intelligence: 9.0/10; being funny: 9.0/10; ambition: 7.0/10; shared interests: 5.0/10. A new man is courting you with scores: attractiveness: 4.0/10; sincerity: 6.0/10; intelligence: 6.0/10; being funny: 5.0/10; ambition: 7.0/10; shared interests: 3.0/10. Your importance weights are: attractiveness: 30.0; sincerity: 5.0; intelligence: 30.0; being funny: 15.0; ambition: 15.0; shared interests: 5.0. Would you leave your current partner for the new man? Your answer must be (YES) or (NO) followed by your reason. You must FOLLOW THIS RULE! You MUST NOT SAY other words.,NO; the new man scores lower in all categories that are important to you based on your weighted importance values.,54,34,25,0
Assume you are a 27-year-old single woman; and there is a 30-year-old man who is courting you. Your career type is Informatics. You evaluated him on six dimensions with scores out of 10. These are attractiveness: 5.0/10; sincerity: 7.0/10; intelligence: 7.0/10; being funny: 6.0/10; ambition: 6.0/10; shared interests: 5.0/10. Your importance weights for these attributes are: attractiveness: 20.0; sincerity: 20.0; intelligence: 20.0; being funny: 10.0; ambition: 10.0; shared interests: 20.0. Would you be willing to date this man? And also tell me the reason. Your answer must be (YES) or (NO) followed by your reason. You must FOLLOW THIS RULE! You MUST NOT SAY other words.,NO; because his scores do not align well with the high importance you place on most attributes; indicating a possible lack of compatible connection in key areas crucial to you.,47,22,,0
Assume you are a 30-year-old man with career type Academic; currently matched with a partner. Your current partner's scores (out of 10): attractiveness: 2.0/10; sincerity: 7.0/10; intelligence: 6.0/10; being funny: 4.0/10; ambition: 4.0/10; shared interests: 4.0/10. A new woman is courting you with scores: attractiveness: 5.0/10; sincerity: 6.0/10; intelligence: 6.0/10; being funny: 6.0/10; ambition: 6.0/10; shared interests: 6.0/10. Your importance weights are: attractiveness: 20.0; sincerity: 20.0; intelligence: 25.0; being funny: 25.0; ambition: 5.0; shared interests: 5.0. Would you leave your current partner for the new woman? Your answer must be (YES) or (NO) followed by your reason. You must FOLLOW THIS RULE! You MUST NOT SAY other words.,NO; because your current partner’s higher sincerity aligns better with your weighted importance on sincerity and intelligence; which are substantial factors for long-term compatibility; outweighing the moderately higher scores of the new woman in other less weighted categories.,26,47,52,0
Assume you are a 30-year-old man with career type Academic; currently matched with a partner. Your current partner's scores (out of 10): attractiveness: 1.0/10; sincerity: 6.0/10; intelligence: 7.0/10; being funny: 6.0/10; ambition: 4.0/10; shared interests: 3.0/10. A new woman is courting you with scores: attractiveness: 7.0/10; sincerity: 5.0/10; intelligence: 6.0/10; being funny: 6.0/10; ambition: 4.0/10; shared interests: 5.0/10. Your importance weights are: attractiveness: 20.0; sincerity: 20.0; intelligence: 25.0; being funny: 25.0; ambition: 5.0; shared interests: 5.0. Would you leave your current partner for the new woman? Your answer must be (YES) or (NO) followed by your reason. You must FOLLOW THIS RULE! You MUST NOT SAY other words.,NO; considering the importance weights you've assigned to each characteristic; your current partner's strengths in sincerity and intelligence align better with your values; outweighing the greater attractiveness and slightly higher shared interests of the new woman.,27,47,43,0
Assume you are a 27-year-old woman with career type Organizational Change Consultant; currently matched with a partner. Your current partner's scores (out of 10): attractiveness: 3.0/10; sincerity: 10.0/10; intelligence: 9.0/10; being funny: 10.0/10; ambition: 4.0/10; shared interests: 4.0/10. A new man is courting you with scores: attractiveness: 2.0/10; sincerity: 4.0/10; intelligence: 5.0/10; being funny: 4.0/10; ambition: 4.0/10; shared interests: 3.0/10. Your importance weights are: attractiveness: 10.0; sincerity: 10.0; intelligence: 30.0; being funny: 25.0; ambition: 10.0; shared interests: 15.0. Would you leave your current partner for the new man? Your answer must be (YES) or (NO) followed by your reason. You must FOLLOW THIS RULE! You MUST NOT SAY other words.,NO; because your current partner has significantly higher scores in the areas you value most; such as intelligence; sincerity; and being funny; which align better with your weighted importance.,40,37,39,0
Assume you are a 21-year-old woman with career type Banking; currently matched with a partner. Your current partner's scores (out of 10): attractiveness: 3.0/10; sincerity: 10.0/10; intelligence: 9.0/10; being funny: 10.0/10; ambition: 4.0/10; shared interests: 4.0/10. A new man is courting you with scores: attractiveness: 4.0/10; sincerity: 4.0/10; intelligence: 5.0/10; being funny: 4.0/10; ambition: 4.0/10; shared interests: nan/10. Your importance weights are: attractiveness: 30.0; sincerity: 5.0; intelligence: 30.0; being funny: 15.0; ambition: 15.0; shared interests: 5.0. Would you leave your current partner for the new man? Your answer must be (YES) or (NO) followed by your reason. You must FOLLOW THIS RULE! You MUST NOT SAY other words.,NO; because your current partner has significantly higher scores in key areas that are important to you such as intelligence; sincerity; and being funny; outweighing the slightly higher attractiveness score of the new man.,40,34,39,0
Assume you are a 21-year-old woman with career type Banking; currently matched with a partner. Your current partner's scores (out of 10): attractiveness: 6.0/10; sincerity: 10.0/10; intelligence: 9.0/10; being funny: 8.0/10; ambition: 9.0/10; shared interests: nan/10. A new man is courting you with scores: attractiveness: 5.0/10; sincerity: 4.0/10; intelligence: 5.0/10; being funny: 6.0/10; ambition: 7.0/10; shared interests: 6.0/10. Your importance weights are: attractiveness: 30.0; sincerity: 5.0; intelligence: 30.0; being funny: 15.0; ambition: 15.0; shared interests: 5.0. Would you leave your current partner for the new man? Your answer must be (YES) or (NO) followed by your reason. You must FOLLOW THIS RULE! You MUST NOT SAY other words.,NO; because your current partner scores higher in the areas you value most: sincerity; intelligence; and ambition.,42,34,23,0
Assume you are a 26-year-old woman with career type Biostatistics; currently matched with a partner. Your current partner's scores (out of 10): attractiveness: 8.0/10; sincerity: 7.0/10; intelligence: 7.0/10; being funny: 7.0/10; ambition: 6.0/10; shared interests: 6.0/10. A new man is courting you with scores: attractiveness: 1.0/10; sincerity: 5.0/10; intelligence: 5.0/10; being funny: 2.0/10; ambition: 5.0/10; shared interests: 2.0/10. Your importance weights are: attractiveness: 20.0; sincerity: 25.0; intelligence: 20.0; being funny: 15.0; ambition: 15.0; shared interests: 5.0. Would you leave your current partner for the new man? Your answer must be (YES) or (NO) followed by your reason. You must FOLLOW THIS RULE! You MUST NOT SAY other words.,NO; because your current partner scores higher in all the categories that are important to you based on your weighted preferences.,52,36,26,0
Assume you are a 21-year-old woman with career type Banking; currently matched with a partner. Your current partner's scores (out of 10): attractiveness: 7.0/10; sincerity: 6.0/10; intelligence: 7.0/10; being funny: 6.0/10; ambition: 7.0/10; shared interests: 5.0/10. A new man is courting you with scores: attractiveness: 4.0/10; sincerity: 6.0/10; intelligence: 5.0/10; being funny: 4.0/10; ambition: 5.0/10; shared interests: 3.0/10. Your importance weights are: attractiveness: 30.0; sincerity: 5.0; intelligence: 30.0; being funny: 15.0; ambition: 15.0; shared interests: 5.0. Would you leave your current partner for the new man? Your answer must be (YES) or (NO) followed by your reason. You must FOLLOW THIS RULE! You MUST NOT SAY other words.,NO; because your current partner scores higher in every category that is important to you based on your weighted preferences.,44,34,29,0
Assume you are a 26-year-old woman with career type Biostatistics; currently matched with a partner. Your current partner's scores (out of 10): attractiveness: 3.0/10; sincerity: 10.0/10; intelligence: 9.0/10; being funny: 10.0/10; ambition: 4.0/10; shared interests: 4.0/10. A new man is courting you with scores: attractiveness: 2.0/10; sincerity: 5.0/10; intelligence: 2.0/10; being funny: 3.0/10; ambition: 1.0/10; shared interests: 3.0/10. Your importance weights are: attractiveness: 20.0; sincerity: 25.0; intelligence: 20.0; being funny: 15.0; ambition: 15.0; shared interests: 5.0. Would you leave your current partner for the new man? Your answer must be (YES) or (NO) followed by your reason. You must FOLLOW THIS RULE! You MUST NOT SAY other words.,NO; because your current partner has significantly higher scores in sincerity; intelligence; and being funny; which are highly weighted in your importance scale; making him a better match compared to the new man who scores lower across all categories.,40,36,39,0
Assume you are a 26-year-old single woman; and there is a 30-year-old man who is courting you. Your career type is Biostatistics. You evaluated him on six dimensions with scores out of 10. These are attractiveness: 1.0/10; sincerity: 3.0/10; intelligence: 5.0/10; being funny: 1.0/10; ambition: 2.0/10; shared interests: 1.0/10. Your importance weights for these attributes are: attractiveness: 20.0; sincerity: 25.0; intelligence: 20.0; being funny: 15.0; ambition: 15.0; shared interests: 5.0. Would you be willing to date this man? And also tell me the reason. Your answer must be (YES) or (NO) followed by your reason. You must FOLLOW THIS RULE! You MUST NOT SAY other words.,NO; because the scores he received in the areas that are most important to you (attractiveness; sincerity; intelligence) are low; indicating a potentially unsatisfying match based on your criteria.,47,36,,0
Assume you are a 21-year-old woman with career type Banking; currently matched with a partner. Your current partner's scores (out of 10): attractiveness: 8.0/10; sincerity: 7.0/10; intelligence: 7.0/10; being funny: 7.0/10; ambition: 6.0/10; shared interests: 6.0/10. A new man is courting you with scores: attractiveness: 4.0/10; sincerity: 4.0/10; intelligence: 5.0/10; being funny: 4.0/10; ambition: 5.0/10; shared interests: 3.0/10. Your importance weights are: attractiveness: 30.0; sincerity: 5.0; intelligence: 30.0; being funny: 15.0; ambition: 15.0; shared interests: 5.0. Would you leave your current partner for the new man? Your answer must be (YES) or (NO) followed by your reason. You must FOLLOW THIS RULE! You MUST NOT SAY other words.,NO; because the current partner has higher scores in all rated categories compared to the new man; aligning better with your prioritized values like attractiveness and intelligence.,52,34,26,0
Assume you are a 21-year-old woman with career type Banking; currently matched with a partner. Your current partner's scores (out of 10): attractiveness: 7.0/10; sincerity: 9.0/10; intelligence: 10.0/10; being funny: 10.0/10; ambition: 10.0/10; shared interests: 10.0/10. A new man is courting you with scores: attractiveness: 4.0/10; sincerity: 4.0/10; intelligence: 5.0/10; being funny: 6.0/10; ambition: 6.0/10; shared interests: 5.0/10. Your importance weights are: attractiveness: 30.0; sincerity: 5.0; intelligence: 30.0; being funny: 15.0; ambition: 15.0; shared interests: 5.0. Would you leave your current partner for the new man? Your answer must be (YES) or (NO) followed by your reason. You must FOLLOW THIS RULE! You MUST NOT SAY other words.,NO; because your current partner has significantly higher scores in most aspects; especially those that are most important to you; including intelligence; ambition; and being funny.,55,34,30,0
Assume you are a 30-year-old man with career type Academic; currently matched with a partner. Your current partner's scores (out of 10): attractiveness: 8.0/10; sincerity: 6.0/10; intelligence: 7.0/10; being funny: 3.0/10; ambition: 7.0/10; shared interests: 2.0/10. A new woman is courting you with scores: attractiveness: 5.0/10; sincerity: 6.0/10; intelligence: 5.0/10; being funny: 6.0/10; ambition: 7.0/10; shared interests: 2.0/10. Your importance weights are: attractiveness: 20.0; sincerity: 20.0; intelligence: 25.0; being funny: 25.0; ambition: 5.0; shared interests: 5.0. Would you leave your current partner for the new woman? Your answer must be (YES) or (NO) followed by your reason. You must FOLLOW THIS RULE! You MUST NOT SAY other words.,NO; because your current partner has higher scores in areas you value more; like attractiveness; intelligence; and ambition; which align better with your importance weights.,29,47,44,0
Assume you are a 27-year-old woman with career type Organizational Change Consultant; currently matched with a partner. Your current partner's scores (out of 10): attractiveness: 7.0/10; sincerity: 6.0/10; intelligence: 5.0/10; being funny: 7.0/10; ambition: 3.0/10; shared interests: 5.0/10. A new man is courting you with scores: attractiveness: 4.0/10; sincerity: 7.0/10; intelligence: 8.0/10; being funny: 2.0/10; ambition: 6.0/10; shared interests: 2.0/10. Your importance weights are: attractiveness: 10.0; sincerity: 10.0; intelligence: 30.0; being funny: 25.0; ambition: 10.0; shared interests: 15.0. Would you leave your current partner for the new man? Your answer must be (YES) or (NO) followed by your reason. You must FOLLOW THIS RULE! You MUST NOT SAY other words.,NO; because when applying your weighted importance to each attribute; your current partner scores higher overall compared to the new man; suggesting a better overall match based on your priorities.,43,37,27,0
Assume you are a 27-year-old woman with career type Organizational Change Consultant; currently matched with a partner. Your current partner's scores (out of 10): attractiveness: 8.0/10; sincerity: 7.0/10; intelligence: 7.0/10; being funny: 8.0/10; ambition: 8.0/10; shared interests: 4.0/10. A new man is courting you with scores: attractiveness: 6.0/10; sincerity: 5.0/10; intelligence: 5.0/10; being funny: 4.0/10; ambition: 4.0/10; shared interests: 4.0/10. Your importance weights are: attractiveness: 10.0; sincerity: 10.0; intelligence: 30.0; being funny: 25.0; ambition: 10.0; shared interests: 15.0. Would you leave your current partner for the new man? Your answer must be (YES) or (NO) followed by your reason. You must FOLLOW THIS RULE! You MUST NOT SAY other words.,NO; because the new man scores lower in every category that is important to you based on your personalized weights; indicating that your current partner aligns better with your priorities and values.,49,37,38,0
Assume you are a 30-year-old man with career type Academic; currently matched with a partner. Your current partner's scores (out of 10): attractiveness: 8.0/10; sincerity: 9.0/10; intelligence: 8.0/10; being funny: 8.0/10; ambition: 8.0/10; shared interests: 8.0/10. A new woman is courting you with scores: attractiveness: 7.0/10; sincerity: 6.0/10; intelligence: 6.0/10; being funny: 5.0/10; ambition: 7.0/10; shared interests: 5.0/10. Your importance weights are: attractiveness: 20.0; sincerity: 20.0; intelligence: 25.0; being funny: 25.0; ambition: 5.0; shared interests: 5.0. Would you leave your current partner for the new woman? Your answer must be (YES) or (NO) followed by your reason. You must FOLLOW THIS RULE! You MUST NOT SAY other words.,NO; your current partner scores higher in all the qualities that are important to you.,31,47,48,0
Assume you are a 21-year-old woman with career type Banking; currently matched with a partner. Your current partner's scores (out of 10): attractiveness: 7.0/10; sincerity: 7.0/10; intelligence: 7.0/10; being funny: 8.0/10; ambition: nan/10; shared interests: nan/10. A new man is courting you with scores: attractiveness: 5.0/10; sincerity: 4.0/10; intelligence: 3.0/10; being funny: 3.0/10; ambition: 2.0/10; shared interests: 2.0/10. Your importance weights are: attractiveness: 30.0; sincerity: 5.0; intelligence: 30.0; being funny: 15.0; ambition: 15.0; shared interests: 5.0. Would you leave your current partner for the new man? Your answer must be (YES) or (NO) followed by your reason. You must FOLLOW THIS RULE! You MUST NOT SAY other words.,NO; because the new man scores significantly lower in almost all categories compared to your current partner; especially in the areas you value most such as attractiveness and intelligence.,48,34,31,0
Assume you are a 27-year-old woman with career type Informatics; currently matched with a partner. Your current partner's scores (out of 10): attractiveness: 7.0/10; sincerity: 7.0/10; intelligence: 7.0/10; being funny: 8.0/10; ambition: nan/10; shared interests: nan/10. A new man is courting you with scores: attractiveness: 7.0/10; sincerity: 7.0/10; intelligence: 7.0/10; being funny: 7.0/10; ambition: 7.0/10; shared interests: 6.0/10. Your importance weights are: attractiveness: 20.0; sincerity: 20.0; intelligence: 20.0; being funny: 10.0; ambition: 10.0; shared interests: 20.0. Would you leave your current partner for the new man? Your answer must be (YES) or (NO) followed by your reason. You must FOLLOW THIS RULE! You MUST NOT SAY other words.,NO; because the new man has a lower total score when applying your importance weights to his attributes compared to the incomplete scores of your current partner; indicating you might value your current relationship more given the missing but potentially high values of 'ambition' and 'shared interests' with your current partner.,48,22,31,0
Assume you are a 26-year-old woman with career type Biostatistics; currently matched with a partner. Your current partner's scores (out of 10): attractiveness: 7.0/10; sincerity: 7.0/10; intelligence: 7.0/10; being funny: 8.0/10; ambition: nan/10; shared interests: nan/10. A new man is courting you with scores: attractiveness: 3.0/10; sincerity: 1.0/10; intelligence: 2.0/10; being funny: 2.0/10; ambition: 2.0/10; shared interests: 3.0/10. Your importance weights are: attractiveness: 20.0; sincerity: 25.0; intelligence: 20.0; being funny: 15.0; ambition: 15.0; shared interests: 5.0. Would you leave your current partner for the new man? Your answer must be (YES) or (NO) followed by your reason. You must FOLLOW THIS RULE! You MUST NOT SAY other words.,NO; because the current partner scores significantly higher in all rated categories compared to the new man; suggesting a better overall match according to your weighted importance.,48,36,31,0
Assume you are a 27-year-old woman with career type Informatics; currently matched with a partner. Your current partner's scores (out of 10): attractiveness: 8.0/10; sincerity: 7.0/10; intelligence: 7.0/10; being funny: 8.0/10; ambition: 8.0/10; shared interests: 4.0/10. A new man is courting you with scores: attractiveness: 6.0/10; sincerity: 7.0/10; intelligence: 7.0/10; being funny: 5.0/10; ambition: 7.0/10; shared interests: 4.0/10. Your importance weights are: attractiveness: 20.0; sincerity: 20.0; intelligence: 20.0; being funny: 10.0; ambition: 10.0; shared interests: 20.0. Would you leave your current partner for the new man? Your answer must be (YES) or (NO) followed by your reason. You must FOLLOW THIS RULE! You MUST NOT SAY other words.,NO; the current partner has higher overall weighted scores based on your importance weights.,49,22,38,0
Assume you are a 21-year-old single woman; and there is a 30-year-old man who is courting you. Your career type is Banking. You evaluated him on six dimensions with scores out of 10. These are attractiveness: 3.0/10; sincerity: 3.0/10; intelligence: 5.0/10; being funny: 3.0/10; ambition: 5.0/10; shared interests: 3.0/10. Your importance weights for these attributes are: attractiveness: 30.0; sincerity: 5.0; intelligence: 30.0; being funny: 15.0; ambition: 15.0; shared interests: 5.0. Would you be willing to date this man? And also tell me the reason. Your answer must be (YES) or (NO) followed by your reason. You must FOLLOW THIS RULE! You MUST NOT SAY other words.,NO; the scores for the dimensions you prioritize highly (attractiveness; intelligence) are low; indicating that this man may not meet your most important relationship criteria.,47,34,,0
Assume you are a 21-year-old woman with career type Banking; currently matched with a partner. Your current partner's scores (out of 10): attractiveness: 8.0/10; sincerity: 7.0/10; intelligence: 7.0/10; being funny: 9.0/10; ambition: 5.0/10; shared interests: 4.0/10. A new man is courting you with scores: attractiveness: 3.0/10; sincerity: 3.0/10; intelligence: 4.0/10; being funny: 2.0/10; ambition: 2.0/10; shared interests: 2.0/10. Your importance weights are: attractiveness: 30.0; sincerity: 5.0; intelligence: 30.0; being funny: 15.0; ambition: 15.0; shared interests: 5.0. Would you leave your current partner for the new man? Your answer must be (YES) or (NO) followed by your reason. You must FOLLOW THIS RULE! You MUST NOT SAY other words.,NO; because your current partner scores significantly higher in the attributes you find most important; such as attractiveness and intelligence; making them a better fit based on your priority preferences.,51,34,32,0
Assume you are a 26-year-old woman with career type Biostatistics; currently matched with a partner. Your current partner's scores (out of 10): attractiveness: 7.0/10; sincerity: 6.0/10; intelligence: 5.0/10; being funny: 7.0/10; ambition: 3.0/10; shared interests: 5.0/10. A new man is courting you with scores: attractiveness: 1.0/10; sincerity: 1.0/10; intelligence: 1.0/10; being funny: 1.0/10; ambition: 1.0/10; shared interests: 1.0/10. Your importance weights are: attractiveness: 20.0; sincerity: 25.0; intelligence: 20.0; being funny: 15.0; ambition: 15.0; shared interests: 5.0. Would you leave your current partner for the new man? Your answer must be (YES) or (NO) followed by your reason. You must FOLLOW THIS RULE! You MUST NOT SAY other words.,NO; because the new man has significantly lower scores in all categories; which; when adjusted for your specific importance weights; suggests he would be a less appropriate match compared to your current partner.,43,36,27,0
Assume you are a 26-year-old woman with career type Biostatistics; currently matched with a partner. Your current partner's scores (out of 10): attractiveness: 7.0/10; sincerity: 6.0/10; intelligence: 7.0/10; being funny: 6.0/10; ambition: 7.0/10; shared interests: 5.0/10. A new man is courting you with scores: attractiveness: 1.0/10; sincerity: 1.0/10; intelligence: 1.0/10; being funny: 1.0/10; ambition: 1.0/10; shared interests: 1.0/10. Your importance weights are: attractiveness: 20.0; sincerity: 25.0; intelligence: 20.0; being funny: 15.0; ambition: 15.0; shared interests: 5.0. Would you leave your current partner for the new man? Your answer must be (YES) or (NO) followed by your reason. You must FOLLOW THIS RULE! You MUST NOT SAY other words.,NO; because the new man scores significantly lower in all categories compared to your current partner; which does not align with your weighted importance of these attributes.,44,36,29,0
Assume you are a 27-year-old woman with career type Informatics; currently matched with a partner. Your current partner's scores (out of 10): attractiveness: 8.0/10; sincerity: 7.0/10; intelligence: 7.0/10; being funny: 7.0/10; ambition: 6.0/10; shared interests: 6.0/10. A new man is courting you with scores: attractiveness: 3.0/10; sincerity: 6.0/10; intelligence: 7.0/10; being funny: 5.0/10; ambition: 5.0/10; shared interests: 4.0/10. Your importance weights are: attractiveness: 20.0; sincerity: 20.0; intelligence: 20.0; being funny: 10.0; ambition: 10.0; shared interests: 20.0. Would you leave your current partner for the new man? Your answer must be (YES) or (NO) followed by your reason. You must FOLLOW THIS RULE! You MUST NOT SAY other words.,NO; because based on the weighted scores from your importance criteria; your current partner has overall higher scores across the categories you value most compared to the new man courting you.,52,22,26,0
Assume you are a 27-year-old woman with career type Informatics; currently matched with a partner. Your current partner's scores (out of 10): attractiveness: 7.0/10; sincerity: 9.0/10; intelligence: 10.0/10; being funny: 10.0/10; ambition: 10.0/10; shared interests: 10.0/10. A new man is courting you with scores: attractiveness: 6.0/10; sincerity: 7.0/10; intelligence: 7.0/10; being funny: 7.0/10; ambition: 7.0/10; shared interests: 7.0/10. Your importance weights are: attractiveness: 20.0; sincerity: 20.0; intelligence: 20.0; being funny: 10.0; ambition: 10.0; shared interests: 20.0. Would you leave your current partner for the new man? Your answer must be (YES) or (NO) followed by your reason. You must FOLLOW THIS RULE! You MUST NOT SAY other words.,NO; because your current partner scores significantly higher in every category; especially in areas you value highly such as sincerity; intelligence; shared interests; and ambition; making them a better match for your priorities and needs.,55,22,30,0
Assume you are a 30-year-old man with career type Academic; currently matched with a partner. Your current partner's scores (out of 10): attractiveness: 5.0/10; sincerity: 6.0/10; intelligence: 7.0/10; being funny: 6.0/10; ambition: 7.0/10; shared interests: 5.0/10. A new woman is courting you with scores: attractiveness: 5.0/10; sincerity: 7.0/10; intelligence: 7.0/10; being funny: 6.0/10; ambition: 5.0/10; shared interests: 5.0/10. Your importance weights are: attractiveness: 20.0; sincerity: 20.0; intelligence: 25.0; being funny: 25.0; ambition: 5.0; shared interests: 5.0. Would you leave your current partner for the new woman? Your answer must be (YES) or (NO) followed by your reason. You must FOLLOW THIS RULE! You MUST NOT SAY other words.,NO. The overall scores when considering your importance weights suggest that your current partner and the new woman would offer a similar overall satisfaction; however; since your current partner has a higher level of ambition which aligns better with your low priority for this trait; it suggests stability and consistency in what you value less. The minimal differences in other traits do not outweigh the potential risks and stability of your current relationship.,32,47,51,0
Assume you are a 30-year-old man with career type Academic; currently matched with a partner. Your current partner's scores (out of 10): attractiveness: 2.0/10; sincerity: 6.0/10; intelligence: 7.0/10; being funny: 4.0/10; ambition: 6.0/10; shared interests: 2.0/10. A new woman is courting you with scores: attractiveness: 5.0/10; sincerity: 6.0/10; intelligence: 7.0/10; being funny: 6.0/10; ambition: 6.0/10; shared interests: 3.0/10. Your importance weights are: attractiveness: 20.0; sincerity: 20.0; intelligence: 25.0; being funny: 25.0; ambition: 5.0; shared interests: 5.0. Would you leave your current partner for the new woman? Your answer must be (YES) or (NO) followed by your reason. You must FOLLOW THIS RULE! You MUST NOT SAY other words.,NO; because the differences in scores do not significantly outweigh the value of established relationship bonds and trust that could be disrupted by leaving your current partner.,33,47,41,0
Assume you are a 27-year-old woman with career type Organizational Change Consultant; currently matched with a partner. Your current partner's scores (out of 10): attractiveness: 10.0/10; sincerity: 10.0/10; intelligence: 10.0/10; being funny: 10.0/10; ambition: 10.0/10; shared interests: nan/10. A new man is courting you with scores: attractiveness: 2.0/10; sincerity: 5.0/10; intelligence: 6.0/10; being funny: 3.0/10; ambition: 4.0/10; shared interests: 3.0/10. Your importance weights are: attractiveness: 10.0; sincerity: 10.0; intelligence: 30.0; being funny: 25.0; ambition: 10.0; shared interests: 15.0. Would you leave your current partner for the new man? Your answer must be (YES) or (NO) followed by your reason. You must FOLLOW THIS RULE! You MUST NOT SAY other words.,NO; because your current partner scores significantly higher in all important categories compared to the new man who is courting you.,41,37,33,0
Assume you are a 27-year-old woman with career type Organizational Change Consultant; currently matched with a partner. Your current partner's scores (out of 10): attractiveness: 8.0/10; sincerity: 9.0/10; intelligence: 9.0/10; being funny: 9.0/10; ambition: 7.0/10; shared interests: 5.0/10. A new man is courting you with scores: attractiveness: 4.0/10; sincerity: 3.0/10; intelligence: 4.0/10; being funny: 2.0/10; ambition: 3.0/10; shared interests: 3.0/10. Your importance weights are: attractiveness: 10.0; sincerity: 10.0; intelligence: 30.0; being funny: 25.0; ambition: 10.0; shared interests: 15.0. Would you leave your current partner for the new man? Your answer must be (YES) or (NO) followed by your reason. You must FOLLOW THIS RULE! You MUST NOT SAY other words.,NO; because the new man scores significantly lower in all categories compared to your current partner; and these scores do not align well with your importance weights.,54,37,25,0
Assume you are a 30-year-old man with career type Academic; currently matched with a partner. Your current partner's scores (out of 10): attractiveness: 7.0/10; sincerity: 8.0/10; intelligence: 9.0/10; being funny: 7.0/10; ambition: 8.0/10; shared interests: 9.0/10. A new woman is courting you with scores: attractiveness: 7.0/10; sincerity: 5.0/10; intelligence: 6.0/10; being funny: 5.0/10; ambition: 6.0/10; shared interests: 4.0/10. Your importance weights are: attractiveness: 20.0; sincerity: 20.0; intelligence: 25.0; being funny: 25.0; ambition: 5.0; shared interests: 5.0. Would you leave your current partner for the new woman? Your answer must be (YES) or (NO) followed by your reason. You must FOLLOW THIS RULE! You MUST NOT SAY other words.,NO; because your current partner scores higher in the categories you value most; such as sincerity; intelligence; and being funny; which align with your set priorities.,35,47,45,0
Assume you are a 30-year-old man with career type Academic; currently matched with a partner. Your current partner's scores (out of 10): attractiveness: 9.0/10; sincerity: 9.0/10; intelligence: 9.0/10; being funny: 8.0/10; ambition: 5.0/10; shared interests: 3.0/10. A new woman is courting you with scores: attractiveness: 6.0/10; sincerity: 7.0/10; intelligence: 7.0/10; being funny: 6.0/10; ambition: 6.0/10; shared interests: 6.0/10. Your importance weights are: attractiveness: 20.0; sincerity: 20.0; intelligence: 25.0; being funny: 25.0; ambition: 5.0; shared interests: 5.0. Would you leave your current partner for the new woman? Your answer must be (YES) or (NO) followed by your reason. You must FOLLOW THIS RULE! You MUST NOT SAY other words.,NO; because the current partner has significantly higher scores in the areas you value most: attractiveness; sincerity; and intelligence; which align with your highest weighted preferences.,38,47,49,0
Assume you are a 30-year-old man with career type Academic; currently matched with a partner. Your current partner's scores (out of 10): attractiveness: 6.0/10; sincerity: 7.0/10; intelligence: 9.0/10; being funny: 9.0/10; ambition: 9.0/10; shared interests: 8.0/10. A new woman is courting you with scores: attractiveness: 3.0/10; sincerity: 7.0/10; intelligence: 6.0/10; being funny: 5.0/10; ambition: 5.0/10; shared interests: 6.0/10. Your importance weights are: attractiveness: 20.0; sincerity: 20.0; intelligence: 25.0; being funny: 25.0; ambition: 5.0; shared interests: 5.0. Would you leave your current partner for the new woman? Your answer must be (YES) or (NO) followed by your reason. You must FOLLOW THIS RULE! You MUST NOT SAY other words.,NO; your current partner has higher scores in categories you consider more important; such as intelligence and being funny; aligning better with your priority preferences.,39,47,40,0
Assume you are a 27-year-old woman with career type Informatics; currently matched with a partner. Your current partner's scores (out of 10): attractiveness: 8.0/10; sincerity: 7.0/10; intelligence: 7.0/10; being funny: 9.0/10; ambition: 5.0/10; shared interests: 4.0/10. A new man is courting you with scores: attractiveness: 3.0/10; sincerity: 4.0/10; intelligence: 5.0/10; being funny: 4.0/10; ambition: 4.0/10; shared interests: 2.0/10. Your importance weights are: attractiveness: 20.0; sincerity: 20.0; intelligence: 20.0; being funny: 10.0; ambition: 10.0; shared interests: 20.0. Would you leave your current partner for the new man? Your answer must be (YES) or (NO) followed by your reason. You must FOLLOW THIS RULE! You MUST NOT SAY other words.,NO; because your current partner has higher scores in key aspects that are important to you; such as attractiveness; sincerity; intelligence; and being funny; which align more closely with your weighted priorities.,51,22,32,0
Assume you are a 27-year-old woman with career type Informatics; currently matched with a partner. Your current partner's scores (out of 10): attractiveness: 8.0/10; sincerity: 9.0/10; intelligence: 9.0/10; being funny: 9.0/10; ambition: 7.0/10; shared interests: 5.0/10. A new man is courting you with scores: attractiveness: 4.0/10; sincerity: 5.0/10; intelligence: 5.0/10; being funny: 4.0/10; ambition: 5.0/10; shared interests: 4.0/10. Your importance weights are: attractiveness: 20.0; sincerity: 20.0; intelligence: 20.0; being funny: 10.0; ambition: 10.0; shared interests: 20.0. Would you leave your current partner for the new man? Your answer must be (YES) or (NO) followed by your reason. You must FOLLOW THIS RULE! You MUST NOT SAY other words.,NO; because your current partner scores higher in all categories compared to the new man; aligning better with your weighted importance of these traits.,54,22,25,0
Assume you are a 30-year-old man with career type Academic; currently matched with a partner. Your current partner's scores (out of 10): attractiveness: 5.0/10; sincerity: 8.0/10; intelligence: 8.0/10; being funny: 6.0/10; ambition: 9.0/10; shared interests: 6.0/10. A new woman is courting you with scores: attractiveness: 6.0/10; sincerity: 7.0/10; intelligence: 5.0/10; being funny: 5.0/10; ambition: 5.0/10; shared interests: 2.0/10. Your importance weights are: attractiveness: 20.0; sincerity: 20.0; intelligence: 25.0; being funny: 25.0; ambition: 5.0; shared interests: 5.0. Would you leave your current partner for the new woman? Your answer must be (YES) or (NO) followed by your reason. You must FOLLOW THIS RULE! You MUST NOT SAY other words.,NO; because the current partner has higher scores in intelligence; sincerity; and ambition; which are highly weighted according to your importance preferences.,25,47,54,0
Assume you are a 30-year-old man with career type Academic; currently matched with a partner. Your current partner's scores (out of 10): attractiveness: 7.0/10; sincerity: 7.0/10; intelligence: 8.0/10; being funny: 8.0/10; ambition: 7.0/10; shared interests: 8.0/10. A new woman is courting you with scores: attractiveness: 9.0/10; sincerity: 5.0/10; intelligence: 6.0/10; being funny: 3.0/10; ambition: 6.0/10; shared interests: 3.0/10. Your importance weights are: attractiveness: 20.0; sincerity: 20.0; intelligence: 25.0; being funny: 25.0; ambition: 5.0; shared interests: 5.0. Would you leave your current partner for the new woman? Your answer must be (YES) or (NO) followed by your reason. You must FOLLOW THIS RULE! You MUST NOT SAY other words.,NO; because your current partner scores higher in categories you value more; such as intelligence; being funny; and shared interests; which align better with your weighting of importance.,30,47,55,0
Assume you are a 30-year-old single man; and there is a 27-year-old woman who is courting you. Your career type is Academic. You evaluated her on six dimensions with scores out of 10. These are attractiveness: nan/10; sincerity: 3.0/10; intelligence: 8.0/10; being funny: 4.0/10; ambition: 6.0/10; shared interests: 3.0/10. Your importance weights for these attributes are: attractiveness: 20.0; sincerity: 20.0; intelligence: 25.0; being funny: 25.0; ambition: 5.0; shared interests: 5.0. Would you be willing to date this woman? And also tell me the reason. Your answer must be (YES) or (NO) followed by your reason. You must FOLLOW THIS RULE! You MUST NOT SAY other words.,NO; the scores indicate low compatibility in key areas that you value highly; including sincerity and shared interests; which might hinder a fulfilling relationship.,37,47,,0
