Assume you are a 31-year-old single woman; and there is a 25-year-old man who is courting you. Your career type is UN Civil Servant. You evaluated him on six dimensions with scores out of 10. These are attractiveness: 9.0/10; sincerity: 10.0/10; intelligence: 10.0/10; being funny: 10.0/10; ambition: 9.0/10; shared interests: 9.0/10. Your importance weights for these attributes are: attractiveness: 14.58; sincerity: 16.67; intelligence: 20.83; being funny: 18.75; ambition: 16.67; shared interests: 12.5. Would you be willing to date this man? And also tell me the reason. Your answer must be (YES) or (NO) followed by your reason. You must FOLLOW THIS RULE! You MUST NOT SAY other words.,YES. The man scores exceptionally high in all key dimensions you value (sincerity; intelligence; humor; ambition; and shared interests); and the age difference is manageable given his maturity and alignment with your priorities. The weighted evaluation overwhelmingly supports compatibility.,220,206,,1
Assume you are a 28-year-old single man; and there is a 25-year-old woman who is courting you. Your career type is Consulting. You evaluated her on six dimensions with scores out of 10. These are attractiveness: 8.0/10; sincerity: 10.0/10; intelligence: 9.0/10; being funny: 9.0/10; ambition: 9.0/10; shared interests: 6.0/10. Your importance weights for these attributes are: attractiveness: 14.71; sincerity: 14.71; intelligence: 14.71; being funny: 14.71; ambition: 20.59; shared interests: 20.59. Would you be willing to date this woman? And also tell me the reason. Your answer must be (YES) or (NO) followed by your reason. You must FOLLOW THIS RULE! You MUST NOT SAY other words.,YES. Despite the lower score in shared interests; her high scores in sincerity; intelligence; humor; ambition; and attractiveness; combined with your higher weighting on ambition (which she excels in); make her a strong match overall.,208,225,,1
Assume you are a 23-year-old single man; and there is a 22-year-old woman who is courting you. Your career type is Research Scientist. You evaluated her on six dimensions with scores out of 10. These are attractiveness: 9.0/10; sincerity: 8.0/10; intelligence: 9.0/10; being funny: 9.0/10; ambition: 9.0/10; shared interests: 6.0/10. Your importance weights for these attributes are: attractiveness: 17.02; sincerity: 21.28; intelligence: 17.02; being funny: 21.28; ambition: 14.89; shared interests: 8.51. Would you be willing to date this woman? And also tell me the reason. Your answer must be (YES) or (NO) followed by your reason. You must FOLLOW THIS RULE! You MUST NOT SAY other words.,(YES) Her high scores in attractiveness; sincerity; intelligence; being funny; and ambition outweigh the lower score in shared interests; given their respective importance weights.,202,214,,1
Assume you are a 27-year-old single woman; and there is a 26-year-old man who is courting you. Your career type is Finance. You evaluated him on six dimensions with scores out of 10. These are attractiveness: 7.0/10; sincerity: 10.0/10; intelligence: 10.0/10; being funny: 7.0/10; ambition: 10.0/10; shared interests: 5.0/10. Your importance weights for these attributes are: attractiveness: 14.29; sincerity: 18.37; intelligence: 18.37; being funny: 16.33; ambition: 18.37; shared interests: 14.29. Would you be willing to date this man? And also tell me the reason. Your answer must be (YES) or (NO) followed by your reason. You must FOLLOW THIS RULE! You MUST NOT SAY other words.,YES. Despite the lower score in shared interests; his high scores in sincerity; intelligence; and ambition—which are your most weighted attributes—make him a strong match overall.,217,212,,1
Assume you are a 27-year-old single man; and there is a 25-year-old woman who is courting you. Your career type is Investment Banking. You evaluated her on six dimensions with scores out of 10. These are attractiveness: 7.0/10; sincerity: 6.0/10; intelligence: 7.0/10; being funny: 7.0/10; ambition: 6.0/10; shared interests: 5.0/10. Your importance weights for these attributes are: attractiveness: 15.56; sincerity: 17.78; intelligence: 17.78; being funny: 17.78; ambition: 17.78; shared interests: 13.33. Would you be willing to date this woman? And also tell me the reason. Your answer must be (YES) or (NO) followed by your reason. You must FOLLOW THIS RULE! You MUST NOT SAY other words.,NO. The weighted average score (6.44) is below the threshold for your importance weights; particularly due to lower scores in sincerity; ambition; and shared interests; which are highly weighted for you.,200,221,,0
Assume you are a 23-year-old single woman; and there is a 32-year-old man who is courting you. Your career type is academic. You evaluated him on six dimensions with scores out of 10. These are attractiveness: 10.0/10; sincerity: 10.0/10; intelligence: 10.0/10; being funny: 7.0/10; ambition: 7.0/10; shared interests: 9.0/10. Your importance weights for these attributes are: attractiveness: 15.38; sincerity: 17.31; intelligence: 19.23; being funny: 19.23; ambition: 11.54; shared interests: 17.31. Would you be willing to date this man? And also tell me the reason. Your answer must be (YES) or (NO) followed by your reason. You must FOLLOW THIS RULE! You MUST NOT SAY other words.,(YES) His high scores in attractiveness; sincerity; intelligence; and shared interests outweigh the lower scores in being funny and ambition; aligning well with your weighted priorities.,224,205,,1
Assume you are a 27-year-old single man; and there is a 22-year-old woman who is courting you. Your career type is Investment Banking. You evaluated her on six dimensions with scores out of 10. These are attractiveness: 6.0/10; sincerity: 7.0/10; intelligence: 9.0/10; being funny: 6.0/10; ambition: 6.0/10; shared interests: 3.0/10. Your importance weights for these attributes are: attractiveness: 15.56; sincerity: 17.78; intelligence: 17.78; being funny: 17.78; ambition: 17.78; shared interests: 13.33. Would you be willing to date this woman? And also tell me the reason. Your answer must be (YES) or (NO) followed by your reason. You must FOLLOW THIS RULE! You MUST NOT SAY other words.,NO – Low shared interests (3.0/10) and moderate attractiveness (6.0/10) despite high intelligence (9.0/10). Weights prioritize sincerity; intelligence; and ambition; but shared interests are too low for compatibility.,203,221,,0
Assume you are a 26-year-old woman with career type marketing / brand management; currently matched with a partner. Your current partner's scores (out of 10): attractiveness: 6.0/10; sincerity: 10.0/10; intelligence: 8.0/10; being funny: 8.0/10; ambition: 6.0/10; shared interests: 6.0/10. A new man is courting you with scores: attractiveness: 9.0/10; sincerity: 8.0/10; intelligence: 10.0/10; being funny: 8.0/10; ambition: 10.0/10; shared interests: 7.0/10. Your importance weights are: attractiveness: 19.61; sincerity: 15.69; intelligence: 17.65; being funny: 15.69; ambition: 17.65; shared interests: 13.73. Would you leave your current partner for the new man? Your answer must be (YES) or (NO) followed by your reason. You must FOLLOW THIS RULE! You MUST NOT SAY other words.,YES. The new man has higher weighted scores in attractiveness; intelligence; and ambition; which are your top priorities; outweighing the slight drop in sincerity and the marginal increase in shared interests. The overall compatibility appears stronger with the new partner.,217,204,212,1
Assume you are a 25-year-old woman with career type International Development; currently matched with a partner. Your current partner's scores (out of 10): attractiveness: 9.0/10; sincerity: 8.0/10; intelligence: 9.0/10; being funny: 9.0/10; ambition: 9.0/10; shared interests: 6.0/10. A new man is courting you with scores: attractiveness: 7.0/10; sincerity: 10.0/10; intelligence: 10.0/10; being funny: 7.0/10; ambition: 9.0/10; shared interests: nan/10. Your importance weights are: attractiveness: 13.21; sincerity: 18.87; intelligence: 18.87; being funny: 16.98; ambition: 16.98; shared interests: 15.09. Would you leave your current partner for the new man? Your answer must be (YES) or (NO) followed by your reason. You must FOLLOW THIS RULE! You MUST NOT SAY other words.,NO. The current partner has higher weighted scores overall (attractiveness; humor) and confirmed shared interests; while the new man lacks data on shared interests; a significant factor in your priorities.,214,200,202,0
Assume you are a 31-year-old single man; and there is a 24-year-old woman who is courting you. Your career type is public service. You evaluated her on six dimensions with scores out of 10. These are attractiveness: 10.0/10; sincerity: 10.0/10; intelligence: 9.0/10; being funny: 10.0/10; ambition: 8.0/10; shared interests: 8.0/10. Your importance weights for these attributes are: attractiveness: 17.78; sincerity: 17.78; intelligence: 17.78; being funny: 17.78; ambition: 13.33; shared interests: 15.56. Would you be willing to date this woman? And also tell me the reason. Your answer must be (YES) or (NO) followed by your reason. You must FOLLOW THIS RULE! You MUST NOT SAY other words.,(YES) Her high scores in attractiveness; sincerity; intelligence; and humor align well with your priorities; outweighing the slightly lower scores in ambition and shared interests.,197,232,,1
Assume you are a 24-year-old single man; and there is a 27-year-old woman who is courting you. Your career type is professor. You evaluated her on six dimensions with scores out of 10. These are attractiveness: 6.0/10; sincerity: 6.0/10; intelligence: 6.0/10; being funny: 7.0/10; ambition: 6.0/10; shared interests: 5.0/10. Your importance weights for these attributes are: attractiveness: 13.51; sincerity: 18.92; intelligence: 21.62; being funny: 13.51; ambition: 13.51; shared interests: 18.92. Would you be willing to date this woman? And also tell me the reason. Your answer must be (YES) or (NO) followed by your reason. You must FOLLOW THIS RULE! You MUST NOT SAY other words.,NO. The weighted average score (5.99) is below a reasonable threshold for compatibility; with low scores in key high-weight attributes like intelligence (6.0) and shared interests (5.0).,195,228,,0
Assume you are a 24-year-old man with career type professor; currently matched with a partner. Your current partner's scores (out of 10): attractiveness: 9.0/10; sincerity: 10.0/10; intelligence: 10.0/10; being funny: 10.0/10; ambition: 9.0/10; shared interests: 9.0/10. A new woman is courting you with scores: attractiveness: 7.0/10; sincerity: 7.0/10; intelligence: 7.0/10; being funny: 7.0/10; ambition: 7.0/10; shared interests: 5.0/10. Your importance weights are: attractiveness: 13.51; sincerity: 18.92; intelligence: 21.62; being funny: 13.51; ambition: 13.51; shared interests: 18.92. Would you leave your current partner for the new woman? Your answer must be (YES) or (NO) followed by your reason. You must FOLLOW THIS RULE! You MUST NOT SAY other words.,NO. The new woman's scores are significantly lower across all weighted categories; especially in intelligence; sincerity; and shared interests; which are your highest priorities. Your current partner excels in all areas that matter most to you.,206,228,220,0
Assume you are a 23-year-old single woman; and there is a 23-year-old man who is courting you. Your career type is IP Law. You evaluated him on six dimensions with scores out of 10. These are attractiveness: 10.0/10; sincerity: 9.0/10; intelligence: 9.0/10; being funny: 10.0/10; ambition: 10.0/10; shared interests: 10.0/10. Your importance weights for these attributes are: attractiveness: 17.31; sincerity: 13.46; intelligence: 17.31; being funny: 19.23; ambition: 19.23; shared interests: 13.46. Would you be willing to date this man? And also tell me the reason. Your answer must be (YES) or (NO) followed by your reason. You must FOLLOW THIS RULE! You MUST NOT SAY other words.,(YES) The weighted scores across all dimensions are exceptionally high; aligning closely with your priorities; especially in humor; ambition; and intelligence; making him an ideal match.,226,207,,1
Assume you are a 27-year-old single woman; and there is a 26-year-old man who is courting you. Your career type is professional student. You evaluated him on six dimensions with scores out of 10. These are attractiveness: 9.0/10; sincerity: 10.0/10; intelligence: 9.0/10; being funny: 9.0/10; ambition: 8.0/10; shared interests: 9.0/10. Your importance weights for these attributes are: attractiveness: 15.38; sincerity: 19.23; intelligence: 19.23; being funny: 19.23; ambition: 13.46; shared interests: 13.46. Would you be willing to date this man? And also tell me the reason. Your answer must be (YES) or (NO) followed by your reason. You must FOLLOW THIS RULE! You MUST NOT SAY other words.,(YES) He scores highly in sincerity; intelligence; and being funny; which are your most valued traits; and his other attributes are also strong.,219,195,,1
Assume you are a 30-year-old woman with career type Historian; currently matched with a partner. Your current partner's scores (out of 10): attractiveness: 7.0/10; sincerity: 8.0/10; intelligence: 7.0/10; being funny: 7.0/10; ambition: 4.0/10; shared interests: 7.0/10. A new man is courting you with scores: attractiveness: 9.0/10; sincerity: 10.0/10; intelligence: 10.0/10; being funny: 10.0/10; ambition: 9.0/10; shared interests: 10.0/10. Your importance weights are: attractiveness: 17.5; sincerity: 17.5; intelligence: 20.0; being funny: 12.5; ambition: 20.0; shared interests: 12.5. Would you leave your current partner for the new man? Your answer must be (YES) or (NO) followed by your reason. You must FOLLOW THIS RULE! You MUST NOT SAY other words.,YES   Reason: The new man scores significantly higher in key weighted categories (intelligence; ambition; shared interests) and matches or exceeds in all other areas; making him a better overall fit based on your priorities.,219,199,195,1
Assume you are a 27-year-old single woman; and there is a 30-year-old man who is courting you. Your career type is professional student. You evaluated him on six dimensions with scores out of 10. These are attractiveness: 6.0/10; sincerity: 10.0/10; intelligence: 9.0/10; being funny: 8.0/10; ambition: 10.0/10; shared interests: 9.0/10. Your importance weights for these attributes are: attractiveness: 15.38; sincerity: 19.23; intelligence: 19.23; being funny: 19.23; ambition: 13.46; shared interests: 13.46. Would you be willing to date this man? And also tell me the reason. Your answer must be (YES) or (NO) followed by your reason. You must FOLLOW THIS RULE! You MUST NOT SAY other words.,(YES) He scores highly on sincerity; intelligence; being funny; ambition; and shared interests; which are your most weighted attributes; outweighing the moderate attractiveness score.,231,195,,1
Assume you are a 28-year-old man with career type CEO in For Profit Biomedical Organization; currently matched with a partner. Your current partner's scores (out of 10): attractiveness: 6.0/10; sincerity: 10.0/10; intelligence: 9.0/10; being funny: 8.0/10; ambition: 10.0/10; shared interests: 9.0/10. A new woman is courting you with scores: attractiveness: 8.0/10; sincerity: 9.0/10; intelligence: 7.0/10; being funny: 9.0/10; ambition: 5.0/10; shared interests: 5.0/10. Your importance weights are: attractiveness: 21.43; sincerity: 16.67; intelligence: 21.43; being funny: 16.67; ambition: 11.9; shared interests: 11.9. Would you leave your current partner for the new woman? Your answer must be (YES) or (NO) followed by your reason. You must FOLLOW THIS RULE! You MUST NOT SAY other words.,NO. The current partner scores higher in intelligence; ambition; and shared interests; which are weighted more heavily in your priorities. The new woman's higher attractiveness and humor do not outweigh these key factors.,195,229,231,0
Assume you are a 26-year-old man with career type Finance; currently matched with a partner. Your current partner's scores (out of 10): attractiveness: 6.0/10; sincerity: 10.0/10; intelligence: 9.0/10; being funny: 8.0/10; ambition: 10.0/10; shared interests: 9.0/10. A new woman is courting you with scores: attractiveness: 5.0/10; sincerity: 9.0/10; intelligence: 8.0/10; being funny: 9.0/10; ambition: 7.0/10; shared interests: 9.0/10. Your importance weights are: attractiveness: 14.89; sincerity: 19.15; intelligence: 21.28; being funny: 19.15; ambition: 14.89; shared interests: 10.64. Would you leave your current partner for the new woman? Your answer must be (YES) or (NO) followed by your reason. You must FOLLOW THIS RULE! You MUST NOT SAY other words.,NO. The current partner has higher weighted scores in key categories (sincerity; intelligence; ambition) that align with your importance weights; despite the new woman's slight edge in being funny. The overall compatibility favors the current partner.,195,215,231,0
Assume you are a 27-year-old man with career type Consulting; currently matched with a partner. Your current partner's scores (out of 10): attractiveness: 7.0/10; sincerity: 9.0/10; intelligence: 8.0/10; being funny: 8.0/10; ambition: 7.0/10; shared interests: 5.0/10. A new woman is courting you with scores: attractiveness: 9.0/10; sincerity: 9.0/10; intelligence: 9.0/10; being funny: 9.0/10; ambition: 9.0/10; shared interests: 9.0/10. Your importance weights are: attractiveness: 7.5; sincerity: 17.5; intelligence: 20.0; being funny: 22.5; ambition: 12.5; shared interests: 20.0. Would you leave your current partner for the new woman? Your answer must be (YES) or (NO) followed by your reason. You must FOLLOW THIS RULE! You MUST NOT SAY other words.,NO - Your current partner scores highly in sincerity; intelligence; and being funny; which are your top-weighted traits. The new woman may score higher overall; but the importance weights favor your current partner's strengths.,202,216,214,0
Assume you are a 26-year-old man with career type corporate finance; currently matched with a partner. Your current partner's scores (out of 10): attractiveness: 10.0/10; sincerity: 10.0/10; intelligence: 10.0/10; being funny: 10.0/10; ambition: 10.0/10; shared interests: 10.0/10. A new woman is courting you with scores: attractiveness: 7.0/10; sincerity: 7.0/10; intelligence: 7.0/10; being funny: 7.0/10; ambition: 7.0/10; shared interests: 7.0/10. Your importance weights are: attractiveness: 20.0; sincerity: 16.0; intelligence: 18.0; being funny: 16.0; ambition: 16.0; shared interests: 14.0. Would you leave your current partner for the new woman? Your answer must be (YES) or (NO) followed by your reason. You must FOLLOW THIS RULE! You MUST NOT SAY other words.,NO. Your current partner scores perfectly in all categories that you value highly; while the new woman scores significantly lower in every aspect. The weighted benefits of staying far outweigh switching.,197,227,232,0
Assume you are a 28-year-old woman with career type Humanitarian Affairs/Human Rights; currently matched with a partner. Your current partner's scores (out of 10): attractiveness: 10.0/10; sincerity: 10.0/10; intelligence: 9.0/10; being funny: 10.0/10; ambition: 8.0/10; shared interests: 8.0/10. A new man is courting you with scores: attractiveness: 5.0/10; sincerity: 10.0/10; intelligence: 10.0/10; being funny: 10.0/10; ambition: 9.0/10; shared interests: 9.0/10. Your importance weights are: attractiveness: 16.36; sincerity: 16.36; intelligence: 18.18; being funny: 18.18; ambition: 16.36; shared interests: 14.55. Would you leave your current partner for the new man? Your answer must be (YES) or (NO) followed by your reason. You must FOLLOW THIS RULE! You MUST NOT SAY other words.,NO. The current partner's higher scores in attractiveness and sincerity; combined with strong scores in other important categories like intelligence and humor; outweigh the new man's advantages in ambition and shared interests; given the weight distribution. The overall compatibility with the current partner remains higher.,232,211,197,0
Assume you are a 26-year-old man with career type corporate finance; currently matched with a partner. Your current partner's scores (out of 10): attractiveness: 10.0/10; sincerity: 9.0/10; intelligence: 9.0/10; being funny: 10.0/10; ambition: 10.0/10; shared interests: 10.0/10. A new woman is courting you with scores: attractiveness: 8.0/10; sincerity: 8.0/10; intelligence: 7.0/10; being funny: 9.0/10; ambition: 8.0/10; shared interests: 8.0/10. Your importance weights are: attractiveness: 20.0; sincerity: 16.0; intelligence: 18.0; being funny: 16.0; ambition: 16.0; shared interests: 14.0. Would you leave your current partner for the new woman? Your answer must be (YES) or (NO) followed by your reason. You must FOLLOW THIS RULE! You MUST NOT SAY other words.,NO. The current partner has higher scores in all categories that are important to you; and the weighted overall score would be significantly higher than the new woman's.,207,227,226,0
Assume you are a 25-year-old woman with career type International Development; currently matched with a partner. Your current partner's scores (out of 10): attractiveness: 4.0/10; sincerity: 6.0/10; intelligence: 7.0/10; being funny: 7.0/10; ambition: 7.0/10; shared interests: 5.0/10. A new man is courting you with scores: attractiveness: 8.0/10; sincerity: 10.0/10; intelligence: 10.0/10; being funny: 8.0/10; ambition: 10.0/10; shared interests: nan/10. Your importance weights are: attractiveness: 13.21; sincerity: 18.87; intelligence: 18.87; being funny: 16.98; ambition: 16.98; shared interests: 15.09. Would you leave your current partner for the new man? Your answer must be (YES) or (NO) followed by your reason. You must FOLLOW THIS RULE! You MUST NOT SAY other words.,YES. The new man scores significantly higher in key weighted categories (sincerity; intelligence; ambition) and overall compatibility; outweighing the unknown shared interests.,217,200,204,1
Assume you are a 26-year-old woman with career type marketing / brand management; currently matched with a partner. Your current partner's scores (out of 10): attractiveness: 9.0/10; sincerity: 7.0/10; intelligence: 7.0/10; being funny: 9.0/10; ambition: 7.0/10; shared interests: 7.0/10. A new man is courting you with scores: attractiveness: 9.0/10; sincerity: 9.0/10; intelligence: 8.0/10; being funny: 9.0/10; ambition: 7.0/10; shared interests: 8.0/10. Your importance weights are: attractiveness: 19.61; sincerity: 15.69; intelligence: 17.65; being funny: 15.69; ambition: 17.65; shared interests: 13.73. Would you leave your current partner for the new man? Your answer must be (YES) or (NO) followed by your reason. You must FOLLOW THIS RULE! You MUST NOT SAY other words.,YES. The new man scores higher in sincerity; intelligence; and shared interests; which are important to you based on your weights; making him a better overall match.,226,204,207,1
Assume you are a 22-year-old woman with career type college professor; currently matched with a partner. Your current partner's scores (out of 10): attractiveness: 7.0/10; sincerity: 7.0/10; intelligence: 7.0/10; being funny: 5.0/10; ambition: 7.0/10; shared interests: 5.0/10. A new man is courting you with scores: attractiveness: 10.0/10; sincerity: 7.0/10; intelligence: 9.0/10; being funny: 10.0/10; ambition: 10.0/10; shared interests: 7.0/10. Your importance weights are: attractiveness: 16.0; sincerity: 20.0; intelligence: 18.0; being funny: 20.0; ambition: 18.0; shared interests: 8.0. Would you leave your current partner for the new man? Your answer must be (YES) or (NO) followed by your reason. You must FOLLOW THIS RULE! You MUST NOT SAY other words.,YES. The new man scores higher in attractiveness; intelligence; being funny; ambition; and shared interests; which are weighted more heavily in your priorities; outweighing the slight advantage in sincerity from your current partner.,217,203,200,1
Assume you are a 26-year-old man with career type Finance; currently matched with a partner. Your current partner's scores (out of 10): attractiveness: 10.0/10; sincerity: 10.0/10; intelligence: 10.0/10; being funny: 10.0/10; ambition: 10.0/10; shared interests: 10.0/10. A new woman is courting you with scores: attractiveness: 7.0/10; sincerity: 9.0/10; intelligence: 9.0/10; being funny: 6.0/10; ambition: 7.0/10; shared interests: 4.0/10. Your importance weights are: attractiveness: 14.89; sincerity: 19.15; intelligence: 21.28; being funny: 19.15; ambition: 14.89; shared interests: 10.64. Would you leave your current partner for the new woman? Your answer must be (YES) or (NO) followed by your reason. You must FOLLOW THIS RULE! You MUST NOT SAY other words.,NO. The current partner's scores are consistently perfect (10.0/10) across all categories; while the new woman's scores are lower in key areas like attractiveness; shared interests; and being funny; which are important based on the given weights. The overall value of the current partner far outweighs the new option.,197,215,232,0
Assume you are a 25-year-old woman with career type education; currently matched with a partner. Your current partner's scores (out of 10): attractiveness: 9.0/10; sincerity: 8.0/10; intelligence: 9.0/10; being funny: 9.0/10; ambition: 9.0/10; shared interests: 6.0/10. A new man is courting you with scores: attractiveness: 5.0/10; sincerity: 8.0/10; intelligence: 7.0/10; being funny: 9.0/10; ambition: 8.0/10; shared interests: 5.0/10. Your importance weights are: attractiveness: 17.65; sincerity: 17.65; intelligence: 17.65; being funny: 15.69; ambition: 15.69; shared interests: 15.69. Would you leave your current partner for the new man? Your answer must be (YES) or (NO) followed by your reason. You must FOLLOW THIS RULE! You MUST NOT SAY other words.,NO. The current partner scores higher in key weighted categories like attractiveness; intelligence; and shared interests; which align better with your priorities.,214,196,202,0
Assume you are a 24-year-old single woman; and there is a 26-year-old man who is courting you. Your career type is Psychologist. You evaluated him on six dimensions with scores out of 10. These are attractiveness: 9.0/10; sincerity: 9.0/10; intelligence: 9.0/10; being funny: 9.0/10; ambition: 9.0/10; shared interests: 7.0/10. Your importance weights for these attributes are: attractiveness: 16.0; sincerity: 16.0; intelligence: 20.0; being funny: 16.0; ambition: 18.0; shared interests: 14.0. Would you be willing to date this man? And also tell me the reason. Your answer must be (YES) or (NO) followed by your reason. You must FOLLOW THIS RULE! You MUST NOT SAY other words.,YES. The man scores highly in all dimensions that are most important to you (intelligence; ambition; sincerity; attractiveness; and humor); outweighing the slightly lower score in shared interests.,215,194,,1
Assume you are a 42-year-old man with career type consulting; currently matched with a partner. Your current partner's scores (out of 10): attractiveness: 6.0/10; sincerity: 10.0/10; intelligence: 9.0/10; being funny: 8.0/10; ambition: 10.0/10; shared interests: 9.0/10. A new woman is courting you with scores: attractiveness: 8.0/10; sincerity: 7.0/10; intelligence: 7.0/10; being funny: 7.0/10; ambition: 6.0/10; shared interests: 5.0/10. Your importance weights are: attractiveness: 23.81; sincerity: 23.81; intelligence: 23.81; being funny: 23.81; ambition: 2.38; shared interests: 2.38. Would you leave your current partner for the new woman? Your answer must be (YES) or (NO) followed by your reason. You must FOLLOW THIS RULE! You MUST NOT SAY other words.,NO. The current partner scores higher in the most important categories (sincerity; intelligence; being funny) which are weighted equally highest (23.81 each); while the new woman only scores higher in attractiveness; which is equally weighted but not enough to outweigh the other key traits.,195,230,231,0
Assume you are a 23-year-old woman with career type IP Law; currently matched with a partner. Your current partner's scores (out of 10): attractiveness: 6.0/10; sincerity: 6.0/10; intelligence: 6.0/10; being funny: 6.0/10; ambition: 5.0/10; shared interests: 5.0/10. A new man is courting you with scores: attractiveness: 9.0/10; sincerity: 9.0/10; intelligence: 9.0/10; being funny: 10.0/10; ambition: 9.0/10; shared interests: 8.0/10. Your importance weights are: attractiveness: 17.31; sincerity: 13.46; intelligence: 17.31; being funny: 19.23; ambition: 19.23; shared interests: 13.46. Would you leave your current partner for the new man? Your answer must be (YES) or (NO) followed by your reason. You must FOLLOW THIS RULE! You MUST NOT SAY other words.,YES. The new man significantly outperforms your current partner in all weighted categories; especially in those you value most (being funny; ambition; intelligence; and attractiveness); making him a much better match for your priorities.,219,207,199,1
Assume you are a 28-year-old man with career type History Professor; currently matched with a partner. Your current partner's scores (out of 10): attractiveness: 10.0/10; sincerity: 7.0/10; intelligence: 9.0/10; being funny: 10.0/10; ambition: 10.0/10; shared interests: 7.0/10. A new woman is courting you with scores: attractiveness: 9.0/10; sincerity: 9.0/10; intelligence: 9.0/10; being funny: 8.0/10; ambition: 8.0/10; shared interests: 7.0/10. Your importance weights are: attractiveness: 17.39; sincerity: 17.39; intelligence: 19.57; being funny: 19.57; ambition: 10.87; shared interests: 15.22. Would you leave your current partner for the new woman? Your answer must be (YES) or (NO) followed by your reason. You must FOLLOW THIS RULE! You MUST NOT SAY other words.,NO – The weighted scores favor the current partner (higher in attractiveness; intelligence; being funny; and ambition; which are your top priorities).,203,223,217,0
Assume you are a 26-year-old man with career type corporate finance; currently matched with a partner. Your current partner's scores (out of 10): attractiveness: 9.0/10; sincerity: 9.0/10; intelligence: 9.0/10; being funny: 9.0/10; ambition: 9.0/10; shared interests: 7.0/10. A new woman is courting you with scores: attractiveness: 4.0/10; sincerity: 6.0/10; intelligence: 6.0/10; being funny: 5.0/10; ambition: 5.0/10; shared interests: 5.0/10. Your importance weights are: attractiveness: 20.0; sincerity: 16.0; intelligence: 18.0; being funny: 16.0; ambition: 16.0; shared interests: 14.0. Would you leave your current partner for the new woman? Your answer must be (YES) or (NO) followed by your reason. You must FOLLOW THIS RULE! You MUST NOT SAY other words.,NO. The new woman scores significantly lower in all key attributes compared to your current partner; and none of her scores outweigh the high ratings of your current match; even when considering the importance weights.,194,227,215,0
Assume you are a 27-year-old man with career type Consulting; currently matched with a partner. Your current partner's scores (out of 10): attractiveness: 10.0/10; sincerity: 7.0/10; intelligence: 9.0/10; being funny: 10.0/10; ambition: 10.0/10; shared interests: 7.0/10. A new woman is courting you with scores: attractiveness: 9.0/10; sincerity: 9.0/10; intelligence: 9.0/10; being funny: 9.0/10; ambition: 9.0/10; shared interests: 9.0/10. Your importance weights are: attractiveness: 7.5; sincerity: 17.5; intelligence: 20.0; being funny: 22.5; ambition: 12.5; shared interests: 20.0. Would you leave your current partner for the new woman? Your answer must be (YES) or (NO) followed by your reason. You must FOLLOW THIS RULE! You MUST NOT SAY other words.,NO – The weighted score of your current partner (7.5*10 + 17.5*7 + 20*9 + 22.5*10 + 12.5*10 + 20*7 = 892.5) is higher than the new woman's (7.5*9 + 17.5*9 + 20*9 + 22.5*9 + 12.5*9 + 20*9 = 855).,203,216,217,0
Assume you are a 27-year-old single man; and there is a 30-year-old woman who is courting you. Your career type is Professor or Consultant. You evaluated her on six dimensions with scores out of 10. These are attractiveness: 10.0/10; sincerity: 7.0/10; intelligence: 9.0/10; being funny: 8.0/10; ambition: 6.0/10; shared interests: 7.0/10. Your importance weights for these attributes are: attractiveness: 9.52; sincerity: 19.05; intelligence: 23.81; being funny: 19.05; ambition: 4.76; shared interests: 23.81. Would you be willing to date this woman? And also tell me the reason. Your answer must be (YES) or (NO) followed by your reason. You must FOLLOW THIS RULE! You MUST NOT SAY other words.,(YES) Her high scores in intelligence (9.0/10) and shared interests (7.0/10); combined with their high importance weights (23.81 and 23.81 respectively); outweigh the lower scores in ambition (6.0/10) and sincerity (7.0/10); which have lower weights (4.76 and 19.05). Her attractiveness (10.0/10) and being funny (8.0/10) also contribute positively.,199,222,,1
Assume you are a 28-year-old man with career type History Professor; currently matched with a partner. Your current partner's scores (out of 10): attractiveness: 9.0/10; sincerity: 10.0/10; intelligence: 10.0/10; being funny: 10.0/10; ambition: 9.0/10; shared interests: 9.0/10. A new woman is courting you with scores: attractiveness: 10.0/10; sincerity: 9.0/10; intelligence: 10.0/10; being funny: 8.0/10; ambition: 9.0/10; shared interests: 6.0/10. Your importance weights are: attractiveness: 17.39; sincerity: 17.39; intelligence: 19.57; being funny: 19.57; ambition: 10.87; shared interests: 15.22. Would you leave your current partner for the new woman? Your answer must be (YES) or (NO) followed by your reason. You must FOLLOW THIS RULE! You MUST NOT SAY other words.,NO. The current partner scores higher overall when considering your importance weights; especially in key areas like sincerity; being funny; and shared interests; which are highly weighted for you. The new woman's lower scores in shared interests and being funny significantly impact her overall compatibility.,206,223,220,0
Assume you are a 24-year-old single man; and there is a 25-year-old woman who is courting you. Your career type is Researcher. You evaluated her on six dimensions with scores out of 10. These are attractiveness: 7.0/10; sincerity: 6.0/10; intelligence: 7.0/10; being funny: 6.0/10; ambition: 6.0/10; shared interests: 6.0/10. Your importance weights for these attributes are: attractiveness: 20.51; sincerity: 5.13; intelligence: 23.08; being funny: 12.82; ambition: 17.95; shared interests: 20.51. Would you be willing to date this woman? And also tell me the reason. Your answer must be (YES) or (NO) followed by your reason. You must FOLLOW THIS RULE! You MUST NOT SAY other words.,YES. The weighted score aligns well with your priorities; especially in intelligence (23.08 weight; 7.0 score) and attractiveness (20.51 weight; 7.0 score); which are your top criteria. The overall compatibility is sufficient despite moderate scores in other areas.,200,218,,1
Assume you are a 25-year-old woman with career type education; currently matched with a partner. Your current partner's scores (out of 10): attractiveness: 3.0/10; sincerity: 4.0/10; intelligence: 4.0/10; being funny: 3.0/10; ambition: 3.0/10; shared interests: 4.0/10. A new man is courting you with scores: attractiveness: 5.0/10; sincerity: 6.0/10; intelligence: 7.0/10; being funny: 6.0/10; ambition: 7.0/10; shared interests: 5.0/10. Your importance weights are: attractiveness: 17.65; sincerity: 17.65; intelligence: 17.65; being funny: 15.69; ambition: 15.69; shared interests: 15.69. Would you leave your current partner for the new man? Your answer must be (YES) or (NO) followed by your reason. You must FOLLOW THIS RULE! You MUST NOT SAY other words.,YES. The new man has higher weighted scores in all categories; making him a better overall match based on your importance weights.,215,196,194,1
Assume you are a 28-year-old single man; and there is a 24-year-old woman who is courting you. Your career type is History Professor. You evaluated her on six dimensions with scores out of 10. These are attractiveness: 7.0/10; sincerity: 7.0/10; intelligence: 7.0/10; being funny: 8.0/10; ambition: 6.0/10; shared interests: 7.0/10. Your importance weights for these attributes are: attractiveness: 17.39; sincerity: 17.39; intelligence: 19.57; being funny: 19.57; ambition: 10.87; shared interests: 15.22. Would you be willing to date this woman? And also tell me the reason. Your answer must be (YES) or (NO) followed by your reason. You must FOLLOW THIS RULE! You MUST NOT SAY other words.,(YES) Reason: The weighted average score (7.0 * 17.39 + 7.0 * 17.39 + 7.0 * 19.57 + 8.0 * 19.57 + 6.0 * 10.87 + 7.0 * 15.22) / 100 ≈ 7.13; which is above a reasonable threshold for dating.,194,223,,1
Assume you are a 27-year-old single man; and there is a 25-year-old woman who is courting you. Your career type is Consulting. You evaluated her on six dimensions with scores out of 10. These are attractiveness: 9.0/10; sincerity: 9.0/10; intelligence: 9.0/10; being funny: 9.0/10; ambition: 9.0/10; shared interests: 9.0/10. Your importance weights for these attributes are: attractiveness: 7.5; sincerity: 17.5; intelligence: 20.0; being funny: 22.5; ambition: 12.5; shared interests: 20.0. Would you be willing to date this woman? And also tell me the reason. Your answer must be (YES) or (NO) followed by your reason. You must FOLLOW THIS RULE! You MUST NOT SAY other words.,(YES) Her scores are exceptionally high across all dimensions that you value highly; especially sincerity; intelligence; being funny; and shared interests; which align with your top-weighted priorities.,213,216,,1
Assume you are a 27-year-old man with career type Investment Banking; currently matched with a partner. Your current partner's scores (out of 10): attractiveness: 9.0/10; sincerity: 10.0/10; intelligence: 10.0/10; being funny: 10.0/10; ambition: 9.0/10; shared interests: 9.0/10. A new woman is courting you with scores: attractiveness: 6.0/10; sincerity: 6.0/10; intelligence: 7.0/10; being funny: 7.0/10; ambition: 7.0/10; shared interests: 5.0/10. Your importance weights are: attractiveness: 15.56; sincerity: 17.78; intelligence: 17.78; being funny: 17.78; ambition: 17.78; shared interests: 13.33. Would you leave your current partner for the new woman? Your answer must be (YES) or (NO) followed by your reason. You must FOLLOW THIS RULE! You MUST NOT SAY other words.,NO. The new woman's scores are significantly lower in all key categories that you value highly (sincerity; intelligence; being funny; ambition); and your current partner excels in these areas. The marginal gain in attractiveness does not outweigh the substantial losses in other important traits.,206,221,220,0
Assume you are a 26-year-old man with career type corporate finance; currently matched with a partner. Your current partner's scores (out of 10): attractiveness: 6.0/10; sincerity: 10.0/10; intelligence: 9.0/10; being funny: 8.0/10; ambition: 10.0/10; shared interests: 9.0/10. A new woman is courting you with scores: attractiveness: 6.0/10; sincerity: 4.0/10; intelligence: 8.0/10; being funny: 8.0/10; ambition: 5.0/10; shared interests: 6.0/10. Your importance weights are: attractiveness: 20.0; sincerity: 16.0; intelligence: 18.0; being funny: 16.0; ambition: 16.0; shared interests: 14.0. Would you leave your current partner for the new woman? Your answer must be (YES) or (NO) followed by your reason. You must FOLLOW THIS RULE! You MUST NOT SAY other words.,NO. The current partner scores higher in sincerity; ambition; and shared interests; which are highly weighted in your priorities; while the new woman has significantly lower sincerity and ambition; which are important to you.,195,227,231,0
Assume you are a 28-year-old woman with career type Humanitarian Affairs/Human Rights; currently matched with a partner. Your current partner's scores (out of 10): attractiveness: 9.0/10; sincerity: 9.0/10; intelligence: 9.0/10; being funny: 9.0/10; ambition: 9.0/10; shared interests: 9.0/10. A new man is courting you with scores: attractiveness: 4.0/10; sincerity: 9.0/10; intelligence: 10.0/10; being funny: 7.0/10; ambition: 10.0/10; shared interests: 6.0/10. Your importance weights are: attractiveness: 16.36; sincerity: 16.36; intelligence: 18.18; being funny: 18.18; ambition: 16.36; shared interests: 14.55. Would you leave your current partner for the new man? Your answer must be (YES) or (NO) followed by your reason. You must FOLLOW THIS RULE! You MUST NOT SAY other words.,NO. The current partner's overall weighted score is significantly higher (8.73) compared to the new man's (7.45); especially in key areas like attractiveness; shared interests; and being funny; which are important to you. The new man's strengths do not outweigh the current partner's consistent high scores across all categories.,216,211,213,0
Assume you are a 27-year-old man with career type Investment Banking; currently matched with a partner. Your current partner's scores (out of 10): attractiveness: 9.0/10; sincerity: 9.0/10; intelligence: 9.0/10; being funny: 10.0/10; ambition: 9.0/10; shared interests: 8.0/10. A new woman is courting you with scores: attractiveness: 8.0/10; sincerity: 7.0/10; intelligence: 7.0/10; being funny: 9.0/10; ambition: 9.0/10; shared interests: 5.0/10. Your importance weights are: attractiveness: 15.56; sincerity: 17.78; intelligence: 17.78; being funny: 17.78; ambition: 17.78; shared interests: 13.33. Would you leave your current partner for the new woman? Your answer must be (YES) or (NO) followed by your reason. You must FOLLOW THIS RULE! You MUST NOT SAY other words.,NO. The new woman scores lower in sincerity; intelligence; shared interests; and attractiveness—traits you highly value—while only marginally improving in being funny. Your current partner's overall compatibility outweighs the new option.,207,221,219,0
Assume you are a 24-year-old single man; and there is a 28-year-old woman who is courting you. Your career type is professor. You evaluated her on six dimensions with scores out of 10. These are attractiveness: 6.0/10; sincerity: 6.0/10; intelligence: 6.0/10; being funny: 5.0/10; ambition: 6.0/10; shared interests: 5.0/10. Your importance weights for these attributes are: attractiveness: 13.51; sincerity: 18.92; intelligence: 21.62; being funny: 13.51; ambition: 13.51; shared interests: 18.92. Would you be willing to date this woman? And also tell me the reason. Your answer must be (YES) or (NO) followed by your reason. You must FOLLOW THIS RULE! You MUST NOT SAY other words.,NO. The weighted average score (5.83) is below a reasonable threshold for compatibility given your importance weights and her scores.,211,228,,0
Assume you are a 23-year-old single woman; and there is a 28-year-old man who is courting you. Your career type is investment banking. You evaluated him on six dimensions with scores out of 10. These are attractiveness: 6.0/10; sincerity: 6.0/10; intelligence: 8.0/10; being funny: 6.0/10; ambition: 6.0/10; shared interests: 5.0/10. Your importance weights for these attributes are: attractiveness: 15.38; sincerity: 19.23; intelligence: 17.31; being funny: 19.23; ambition: 9.62; shared interests: 19.23. Would you be willing to date this man? And also tell me the reason. Your answer must be (YES) or (NO) followed by your reason. You must FOLLOW THIS RULE! You MUST NOT SAY other words.,NO - The weighted average score (6.3/10) is below your likely standards; with low scores in sincerity; being funny; and shared interests; which are your highest-weighted priorities.,229,198,,0
Assume you are a 27-year-old man with career type Investment Banking; currently matched with a partner. Your current partner's scores (out of 10): attractiveness: 5.0/10; sincerity: 8.0/10; intelligence: 8.0/10; being funny: 9.0/10; ambition: 9.0/10; shared interests: 5.0/10. A new woman is courting you with scores: attractiveness: 7.0/10; sincerity: 7.0/10; intelligence: 7.0/10; being funny: 8.0/10; ambition: 8.0/10; shared interests: 5.0/10. Your importance weights are: attractiveness: 15.56; sincerity: 17.78; intelligence: 17.78; being funny: 17.78; ambition: 17.78; shared interests: 13.33. Would you leave your current partner for the new woman? Your answer must be (YES) or (NO) followed by your reason. You must FOLLOW THIS RULE! You MUST NOT SAY other words.,NO. The current partner scores higher in sincerity; intelligence; being funny; and ambition; which are weighted more heavily in your priorities. The slight increase in attractiveness does not outweigh these key strengths.,208,221,225,0
Assume you are a 24-year-old single man; and there is a 27-year-old woman who is courting you. Your career type is professor. You evaluated her on six dimensions with scores out of 10. These are attractiveness: 7.0/10; sincerity: 6.0/10; intelligence: 7.0/10; being funny: 7.0/10; ambition: 6.0/10; shared interests: 6.0/10. Your importance weights for these attributes are: attractiveness: 13.51; sincerity: 18.92; intelligence: 21.62; being funny: 13.51; ambition: 13.51; shared interests: 18.92. Would you be willing to date this woman? And also tell me the reason. Your answer must be (YES) or (NO) followed by your reason. You must FOLLOW THIS RULE! You MUST NOT SAY other words.,YES. The weighted score (calculated by multiplying each dimension score by its importance weight and summing them) is sufficiently high to meet your criteria for dating.,212,228,,1
Assume you are a 23-year-old woman with career type investment banking; currently matched with a partner. Your current partner's scores (out of 10): attractiveness: 5.0/10; sincerity: 8.0/10; intelligence: 5.0/10; being funny: 3.0/10; ambition: 3.0/10; shared interests: 3.0/10. A new man is courting you with scores: attractiveness: 4.0/10; sincerity: 5.0/10; intelligence: 5.0/10; being funny: 6.0/10; ambition: 6.0/10; shared interests: 5.0/10. Your importance weights are: attractiveness: 15.38; sincerity: 19.23; intelligence: 17.31; being funny: 19.23; ambition: 9.62; shared interests: 19.23. Would you leave your current partner for the new man? Your answer must be (YES) or (NO) followed by your reason. You must FOLLOW THIS RULE! You MUST NOT SAY other words.,NO. The new man does not significantly outperform your current partner in the traits you value most (sincerity; being funny; shared interests); and his lower sincerity score is a major drawback given its high importance weight.,215,198,196,0
Assume you are a 28-year-old man with career type CEO in For Profit Biomedical Organization; currently matched with a partner. Your current partner's scores (out of 10): attractiveness: 9.0/10; sincerity: 10.0/10; intelligence: 10.0/10; being funny: 10.0/10; ambition: 9.0/10; shared interests: 9.0/10. A new woman is courting you with scores: attractiveness: 3.0/10; sincerity: 9.0/10; intelligence: 8.0/10; being funny: 7.0/10; ambition: 5.0/10; shared interests: 4.0/10. Your importance weights are: attractiveness: 21.43; sincerity: 16.67; intelligence: 21.43; being funny: 16.67; ambition: 11.9; shared interests: 11.9. Would you leave your current partner for the new woman? Your answer must be (YES) or (NO) followed by your reason. You must FOLLOW THIS RULE! You MUST NOT SAY other words.,NO. The new woman's scores are significantly lower in key areas you highly value (attractiveness; intelligence) and shared interests; outweighing her strengths in sincerity and humor. Your current partner excels in all prioritized categories.,206,229,220,0
Assume you are a 42-year-old man with career type consulting; currently matched with a partner. Your current partner's scores (out of 10): attractiveness: 10.0/10; sincerity: 10.0/10; intelligence: 10.0/10; being funny: 10.0/10; ambition: 10.0/10; shared interests: 10.0/10. A new woman is courting you with scores: attractiveness: 7.0/10; sincerity: 6.0/10; intelligence: 7.0/10; being funny: 6.0/10; ambition: 5.0/10; shared interests: 5.0/10. Your importance weights are: attractiveness: 23.81; sincerity: 23.81; intelligence: 23.81; being funny: 23.81; ambition: 2.38; shared interests: 2.38. Would you leave your current partner for the new woman? Your answer must be (YES) or (NO) followed by your reason. You must FOLLOW THIS RULE! You MUST NOT SAY other words.,NO. The new woman scores significantly lower in all highly weighted categories (attractiveness; sincerity; intelligence; being funny) and offers no advantage in shared interests or ambition; which are less important to you. Your current partner is a perfect match across all valued traits.,197,230,232,0
Assume you are a 23-year-old woman with career type investment banking; currently matched with a partner. Your current partner's scores (out of 10): attractiveness: 9.0/10; sincerity: 9.0/10; intelligence: 9.0/10; being funny: 9.0/10; ambition: 9.0/10; shared interests: 9.0/10. A new man is courting you with scores: attractiveness: 3.0/10; sincerity: 4.0/10; intelligence: 5.0/10; being funny: 6.0/10; ambition: 6.0/10; shared interests: 7.0/10. Your importance weights are: attractiveness: 15.38; sincerity: 19.23; intelligence: 17.31; being funny: 19.23; ambition: 9.62; shared interests: 19.23. Would you leave your current partner for the new man? Your answer must be (YES) or (NO) followed by your reason. You must FOLLOW THIS RULE! You MUST NOT SAY other words.,NO. The new man scores significantly lower in nearly all categories that are highly weighted for you (sincerity; intelligence; being funny; shared interests); and your current partner excels in every aspect. The trade-off is not favorable.,216,198,213,0
Assume you are a 42-year-old man with career type consulting; currently matched with a partner. Your current partner's scores (out of 10): attractiveness: 9.0/10; sincerity: 10.0/10; intelligence: 10.0/10; being funny: 10.0/10; ambition: 9.0/10; shared interests: 9.0/10. A new woman is courting you with scores: attractiveness: 6.0/10; sincerity: 8.0/10; intelligence: 9.0/10; being funny: 8.0/10; ambition: 7.0/10; shared interests: 7.0/10. Your importance weights are: attractiveness: 23.81; sincerity: 23.81; intelligence: 23.81; being funny: 23.81; ambition: 2.38; shared interests: 2.38. Would you leave your current partner for the new woman? Your answer must be (YES) or (NO) followed by your reason. You must FOLLOW THIS RULE! You MUST NOT SAY other words.,NO. Your current partner scores higher in all weighted categories that matter most to you (attractiveness; sincerity; intelligence; being funny). The new woman does not outperform your current partner in any key area.,206,230,220,0
Assume you are a 26-year-old man with career type corporate finance; currently matched with a partner. Your current partner's scores (out of 10): attractiveness: 5.0/10; sincerity: 6.0/10; intelligence: 7.0/10; being funny: 6.0/10; ambition: 7.0/10; shared interests: 5.0/10. A new woman is courting you with scores: attractiveness: 5.0/10; sincerity: 7.0/10; intelligence: 7.0/10; being funny: 6.0/10; ambition: 5.0/10; shared interests: 3.0/10. Your importance weights are: attractiveness: 20.0; sincerity: 16.0; intelligence: 18.0; being funny: 16.0; ambition: 16.0; shared interests: 14.0. Would you leave your current partner for the new woman? Your answer must be (YES) or (NO) followed by your reason. You must FOLLOW THIS RULE! You MUST NOT SAY other words.,NO. The new woman's slightly higher sincerity (7.0 vs. 6.0) does not offset her lower ambition (5.0 vs. 7.0) and significantly lower shared interests (3.0 vs. 5.0); which are important to you. The weighted scores favor the current partner.,196,227,215,0
Assume you are a 23-year-old woman with career type investment banking; currently matched with a partner. Your current partner's scores (out of 10): attractiveness: 6.0/10; sincerity: 8.0/10; intelligence: 9.0/10; being funny: 6.0/10; ambition: 9.0/10; shared interests: 8.0/10. A new man is courting you with scores: attractiveness: 6.0/10; sincerity: 5.0/10; intelligence: 7.0/10; being funny: 5.0/10; ambition: 5.0/10; shared interests: 6.0/10. Your importance weights are: attractiveness: 15.38; sincerity: 19.23; intelligence: 17.31; being funny: 19.23; ambition: 9.62; shared interests: 19.23. Would you leave your current partner for the new man? Your answer must be (YES) or (NO) followed by your reason. You must FOLLOW THIS RULE! You MUST NOT SAY other words.,NO. The new man scores lower in sincerity; intelligence; being funny; ambition; and shared interests—traits you highly value—while only matching in attractiveness. Your current partner aligns better with your priorities.,217,198,203,0
Assume you are a 23-year-old woman with career type investment banking; currently matched with a partner. Your current partner's scores (out of 10): attractiveness: 8.0/10; sincerity: 10.0/10; intelligence: 9.0/10; being funny: 9.0/10; ambition: 9.0/10; shared interests: 6.0/10. A new man is courting you with scores: attractiveness: 4.0/10; sincerity: 6.0/10; intelligence: 7.0/10; being funny: 7.0/10; ambition: 6.0/10; shared interests: 6.0/10. Your importance weights are: attractiveness: 15.38; sincerity: 19.23; intelligence: 17.31; being funny: 19.23; ambition: 9.62; shared interests: 19.23. Would you leave your current partner for the new man? Your answer must be (YES) or (NO) followed by your reason. You must FOLLOW THIS RULE! You MUST NOT SAY other words.,NO. The new man scores lower in all weighted categories (attractiveness; sincerity; intelligence; being funny; ambition) except shared interests; which are equal. The current partner significantly outperforms him in traits you value highly.,225,198,208,0
Assume you are a 28-year-old man with career type CEO in For Profit Biomedical Organization; currently matched with a partner. Your current partner's scores (out of 10): attractiveness: 10.0/10; sincerity: 10.0/10; intelligence: 10.0/10; being funny: 10.0/10; ambition: 10.0/10; shared interests: 10.0/10. A new woman is courting you with scores: attractiveness: 4.0/10; sincerity: 8.0/10; intelligence: 8.0/10; being funny: 5.0/10; ambition: 4.0/10; shared interests: 3.0/10. Your importance weights are: attractiveness: 21.43; sincerity: 16.67; intelligence: 21.43; being funny: 16.67; ambition: 11.9; shared interests: 11.9. Would you leave your current partner for the new woman? Your answer must be (YES) or (NO) followed by your reason. You must FOLLOW THIS RULE! You MUST NOT SAY other words.,NO. The new woman's scores are significantly lower in key areas you value highly (attractiveness; intelligence; being funny) and shared interests; making her a much weaker match compared to your current partner; who scores perfectly in all categories.,197,229,232,0
Assume you are a 42-year-old man with career type consulting; currently matched with a partner. Your current partner's scores (out of 10): attractiveness: 9.0/10; sincerity: 9.0/10; intelligence: 9.0/10; being funny: 10.0/10; ambition: 9.0/10; shared interests: 8.0/10. A new woman is courting you with scores: attractiveness: 9.0/10; sincerity: 7.0/10; intelligence: 7.0/10; being funny: 7.0/10; ambition: 6.0/10; shared interests: 7.0/10. Your importance weights are: attractiveness: 23.81; sincerity: 23.81; intelligence: 23.81; being funny: 23.81; ambition: 2.38; shared interests: 2.38. Would you leave your current partner for the new woman? Your answer must be (YES) or (NO) followed by your reason. You must FOLLOW THIS RULE! You MUST NOT SAY other words.,NO. The new woman scores lower in sincerity; intelligence; and being funny; which are highly weighted traits for you; and only matches in attractiveness while scoring lower in other important categories. Your current partner excels in all key areas you value.,207,230,219,0
Assume you are a 26-year-old man with career type corporate finance; currently matched with a partner. Your current partner's scores (out of 10): attractiveness: 2.0/10; sincerity: 9.0/10; intelligence: 9.0/10; being funny: 9.0/10; ambition: 2.0/10; shared interests: 2.0/10. A new woman is courting you with scores: attractiveness: 8.0/10; sincerity: 8.0/10; intelligence: 8.0/10; being funny: 8.0/10; ambition: 8.0/10; shared interests: 8.0/10. Your importance weights are: attractiveness: 20.0; sincerity: 16.0; intelligence: 18.0; being funny: 16.0; ambition: 16.0; shared interests: 14.0. Would you leave your current partner for the new woman? Your answer must be (YES) or (NO) followed by your reason. You must FOLLOW THIS RULE! You MUST NOT SAY other words.,YES. The new woman scores significantly higher in attractiveness; ambition; and shared interests; which are important to you; while maintaining high scores in sincerity; intelligence; and humor. The weighted overall compatibility is likely much higher with the new woman.,199,227,222,1
Assume you are a 27-year-old man with career type Professor or Consultant; currently matched with a partner. Your current partner's scores (out of 10): attractiveness: 6.0/10; sincerity: 10.0/10; intelligence: 10.0/10; being funny: 7.0/10; ambition: 10.0/10; shared interests: 6.0/10. A new woman is courting you with scores: attractiveness: 7.0/10; sincerity: 4.0/10; intelligence: 4.0/10; being funny: 4.0/10; ambition: 7.0/10; shared interests: 2.0/10. Your importance weights are: attractiveness: 9.52; sincerity: 19.05; intelligence: 23.81; being funny: 19.05; ambition: 4.76; shared interests: 23.81. Would you leave your current partner for the new woman? Your answer must be (YES) or (NO) followed by your reason. You must FOLLOW THIS RULE! You MUST NOT SAY other words.,NO. The new woman scores significantly lower in sincerity; intelligence; and shared interests; which are your highest-weighted priorities; outweighing her slight edge in attractiveness. Your current partner excels in these key areas.,194,222,223,0
Assume you are a 27-year-old man with career type Investment Banking; currently matched with a partner. Your current partner's scores (out of 10): attractiveness: 6.0/10; sincerity: 10.0/10; intelligence: 10.0/10; being funny: 7.0/10; ambition: 10.0/10; shared interests: 6.0/10. A new woman is courting you with scores: attractiveness: 4.0/10; sincerity: 3.0/10; intelligence: 6.0/10; being funny: 7.0/10; ambition: 6.0/10; shared interests: 5.0/10. Your importance weights are: attractiveness: 15.56; sincerity: 17.78; intelligence: 17.78; being funny: 17.78; ambition: 17.78; shared interests: 13.33. Would you leave your current partner for the new woman? Your answer must be (YES) or (NO) followed by your reason. You must FOLLOW THIS RULE! You MUST NOT SAY other words.,NO. The new woman scores significantly lower in sincerity; intelligence; and ambition—traits you highly value—despite slightly higher shared interests and being funny. Your current partner excels in sincerity; intelligence; and ambition; which outweigh the minor advantages of the new woman.,194,221,223,0
Assume you are a 23-year-old woman with career type investment banking; currently matched with a partner. Your current partner's scores (out of 10): attractiveness: 3.0/10; sincerity: 3.0/10; intelligence: 5.0/10; being funny: 7.0/10; ambition: 6.0/10; shared interests: 6.0/10. A new man is courting you with scores: attractiveness: 8.0/10; sincerity: 7.0/10; intelligence: 7.0/10; being funny: 6.0/10; ambition: 6.0/10; shared interests: 6.0/10. Your importance weights are: attractiveness: 15.38; sincerity: 19.23; intelligence: 17.31; being funny: 19.23; ambition: 9.62; shared interests: 19.23. Would you leave your current partner for the new man? Your answer must be (YES) or (NO) followed by your reason. You must FOLLOW THIS RULE! You MUST NOT SAY other words.,YES. The new man scores higher in attractiveness; sincerity; and intelligence; which are weighted more heavily in your priorities; while maintaining similar scores in other important categories like shared interests and ambition. The current partner's low scores in sincerity and attractiveness; which are highly weighted for you; make the new man a significantly better match overall.,226,198,204,1
Assume you are a 42-year-old single man; and there is a 28-year-old woman who is courting you. Your career type is consulting. You evaluated her on six dimensions with scores out of 10. These are attractiveness: 9.0/10; sincerity: 7.0/10; intelligence: 7.0/10; being funny: 7.0/10; ambition: 5.0/10; shared interests: 7.0/10. Your importance weights for these attributes are: attractiveness: 23.81; sincerity: 23.81; intelligence: 23.81; being funny: 23.81; ambition: 2.38; shared interests: 2.38. Would you be willing to date this woman? And also tell me the reason. Your answer must be (YES) or (NO) followed by your reason. You must FOLLOW THIS RULE! You MUST NOT SAY other words.,YES. The woman scores highly on attractiveness; sincerity; intelligence; and humor—which are your most weighted attributes—while her lower scores in ambition and shared interests have minimal impact due to their low weights in your evaluation.,211,230,,1
Assume you are a 27-year-old man with career type Professor or Consultant; currently matched with a partner. Your current partner's scores (out of 10): attractiveness: 10.0/10; sincerity: 10.0/10; intelligence: 10.0/10; being funny: 10.0/10; ambition: 10.0/10; shared interests: 10.0/10. A new woman is courting you with scores: attractiveness: 8.0/10; sincerity: 4.0/10; intelligence: 7.0/10; being funny: 6.0/10; ambition: 7.0/10; shared interests: 5.0/10. Your importance weights are: attractiveness: 9.52; sincerity: 19.05; intelligence: 23.81; being funny: 19.05; ambition: 4.76; shared interests: 23.81. Would you leave your current partner for the new woman? Your answer must be (YES) or (NO) followed by your reason. You must FOLLOW THIS RULE! You MUST NOT SAY other words.,NO. The new woman scores significantly lower in key weighted categories like sincerity; intelligence; being funny; and shared interests; which are highly important to you. Your current partner is perfect across all dimensions.,197,222,232,0
Assume you are a 26-year-old woman with career type marketing / brand management; currently matched with a partner. Your current partner's scores (out of 10): attractiveness: 5.0/10; sincerity: 8.0/10; intelligence: 5.0/10; being funny: 3.0/10; ambition: 3.0/10; shared interests: 3.0/10. A new man is courting you with scores: attractiveness: 7.0/10; sincerity: 7.0/10; intelligence: 9.0/10; being funny: 8.0/10; ambition: 8.0/10; shared interests: 6.0/10. Your importance weights are: attractiveness: 19.61; sincerity: 15.69; intelligence: 17.65; being funny: 15.69; ambition: 17.65; shared interests: 13.73. Would you leave your current partner for the new man? Your answer must be (YES) or (NO) followed by your reason. You must FOLLOW THIS RULE! You MUST NOT SAY other words.,YES. The new man scores significantly higher in intelligence; ambition; being funny; and shared interests; which are highly weighted in your priorities; outweighing the slight advantage your current partner has in sincerity. The overall compatibility and alignment with your values are stronger with the new man.,215,204,196,1
Assume you are a 27-year-old man with career type Investment Banking; currently matched with a partner. Your current partner's scores (out of 10): attractiveness: 6.0/10; sincerity: 10.0/10; intelligence: 9.0/10; being funny: 8.0/10; ambition: 10.0/10; shared interests: 9.0/10. A new woman is courting you with scores: attractiveness: 7.0/10; sincerity: 8.0/10; intelligence: 8.0/10; being funny: 8.0/10; ambition: 5.0/10; shared interests: 5.0/10. Your importance weights are: attractiveness: 15.56; sincerity: 17.78; intelligence: 17.78; being funny: 17.78; ambition: 17.78; shared interests: 13.33. Would you leave your current partner for the new woman? Your answer must be (YES) or (NO) followed by your reason. You must FOLLOW THIS RULE! You MUST NOT SAY other words.,NO. The current partner scores higher overall when weighted by your importance criteria; particularly in sincerity; intelligence; ambition; and shared interests; which you value more. The new woman's higher attractiveness does not outweigh these key factors.,195,221,231,0
Assume you are a 28-year-old man with career type CEO in For Profit Biomedical Organization; currently matched with a partner. Your current partner's scores (out of 10): attractiveness: 6.0/10; sincerity: 7.0/10; intelligence: 9.0/10; being funny: 5.0/10; ambition: 9.0/10; shared interests: nan/10. A new woman is courting you with scores: attractiveness: 8.0/10; sincerity: 8.0/10; intelligence: 6.0/10; being funny: 6.0/10; ambition: 6.0/10; shared interests: 3.0/10. Your importance weights are: attractiveness: 21.43; sincerity: 16.67; intelligence: 21.43; being funny: 16.67; ambition: 11.9; shared interests: 11.9. Would you leave your current partner for the new woman? Your answer must be (YES) or (NO) followed by your reason. You must FOLLOW THIS RULE! You MUST NOT SAY other words.,NO. The current partner scores higher in intelligence and ambition; which are weighted more heavily in your priorities; outweighing the new woman's advantages in attractiveness and sincerity. Shared interests are low with the new woman; further reducing her overall appeal.,200,229,218,0
Assume you are a 25-year-old woman with career type education; currently matched with a partner. Your current partner's scores (out of 10): attractiveness: 6.0/10; sincerity: 8.0/10; intelligence: 9.0/10; being funny: 6.0/10; ambition: 9.0/10; shared interests: 8.0/10. A new man is courting you with scores: attractiveness: 6.0/10; sincerity: 8.0/10; intelligence: 7.0/10; being funny: 6.0/10; ambition: 7.0/10; shared interests: 9.0/10. Your importance weights are: attractiveness: 17.65; sincerity: 17.65; intelligence: 17.65; being funny: 15.69; ambition: 15.69; shared interests: 15.69. Would you leave your current partner for the new man? Your answer must be (YES) or (NO) followed by your reason. You must FOLLOW THIS RULE! You MUST NOT SAY other words.,NO The new man's overall weighted score is lower than your current partner's; especially in intelligence and ambition; which are highly weighted for you.,217,196,203,0
Assume you are a 27-year-old man with career type Professor or Consultant; currently matched with a partner. Your current partner's scores (out of 10): attractiveness: 8.0/10; sincerity: 7.0/10; intelligence: 7.0/10; being funny: 6.0/10; ambition: 6.0/10; shared interests: 6.0/10. A new woman is courting you with scores: attractiveness: 4.0/10; sincerity: 7.0/10; intelligence: 8.0/10; being funny: 5.0/10; ambition: 6.0/10; shared interests: 2.0/10. Your importance weights are: attractiveness: 9.52; sincerity: 19.05; intelligence: 23.81; being funny: 19.05; ambition: 4.76; shared interests: 23.81. Would you leave your current partner for the new woman? Your answer must be (YES) or (NO) followed by your reason. You must FOLLOW THIS RULE! You MUST NOT SAY other words.,NO. The new woman scores significantly lower in attractiveness (4.0 vs. 8.0) and shared interests (2.0 vs. 6.0); which are highly weighted (9.52 and 23.81 respectively). Despite her higher intelligence (8.0 vs. 7.0); the overall weighted score favors the current partner.,198,222,226,0
Assume you are a 27-year-old man with career type Investment Banking; currently matched with a partner. Your current partner's scores (out of 10): attractiveness: 10.0/10; sincerity: 10.0/10; intelligence: 10.0/10; being funny: 10.0/10; ambition: 10.0/10; shared interests: 10.0/10. A new woman is courting you with scores: attractiveness: 7.0/10; sincerity: 6.0/10; intelligence: 7.0/10; being funny: 6.0/10; ambition: 6.0/10; shared interests: 5.0/10. Your importance weights are: attractiveness: 15.56; sincerity: 17.78; intelligence: 17.78; being funny: 17.78; ambition: 17.78; shared interests: 13.33. Would you leave your current partner for the new woman? Your answer must be (YES) or (NO) followed by your reason. You must FOLLOW THIS RULE! You MUST NOT SAY other words.,NO. The new woman scores significantly lower in all categories; especially in sincerity; intelligence; being funny; and ambition; which are highly weighted in your priorities. Your current partner is a perfect match across all dimensions.,197,221,232,0
Assume you are a 27-year-old man with career type Professor or Consultant; currently matched with a partner. Your current partner's scores (out of 10): attractiveness: 6.0/10; sincerity: 7.0/10; intelligence: 9.0/10; being funny: 5.0/10; ambition: 9.0/10; shared interests: nan/10. A new woman is courting you with scores: attractiveness: 8.0/10; sincerity: 6.0/10; intelligence: 4.0/10; being funny: 6.0/10; ambition: 8.0/10; shared interests: 4.0/10. Your importance weights are: attractiveness: 9.52; sincerity: 19.05; intelligence: 23.81; being funny: 19.05; ambition: 4.76; shared interests: 23.81. Would you leave your current partner for the new woman? Your answer must be (YES) or (NO) followed by your reason. You must FOLLOW THIS RULE! You MUST NOT SAY other words.,NO. The current partner scores higher in key weighted categories like intelligence (23.81); sincerity (19.05); and being funny (19.05); which outweigh the new woman's higher attractiveness and slightly higher ambition. Shared interests are unknown for the current partner but low for the new woman; further favoring staying.,200,222,218,0
Assume you are a 27-year-old man with career type Investment Banking; currently matched with a partner. Your current partner's scores (out of 10): attractiveness: 4.0/10; sincerity: 10.0/10; intelligence: 10.0/10; being funny: 6.0/10; ambition: 8.0/10; shared interests: 4.0/10. A new woman is courting you with scores: attractiveness: 8.0/10; sincerity: 6.0/10; intelligence: 7.0/10; being funny: 7.0/10; ambition: 8.0/10; shared interests: 3.0/10. Your importance weights are: attractiveness: 15.56; sincerity: 17.78; intelligence: 17.78; being funny: 17.78; ambition: 17.78; shared interests: 13.33. Would you leave your current partner for the new woman? Your answer must be (YES) or (NO) followed by your reason. You must FOLLOW THIS RULE! You MUST NOT SAY other words.,NO. The current partner scores higher in sincerity; intelligence; and being funny; which are your most weighted traits (17.78 each). The new woman's higher attractiveness (15.56 weight) does not outweigh the current partner's strengths in more important categories.,199,221,227,0
Assume you are a 27-year-old man with career type Professor or Consultant; currently matched with a partner. Your current partner's scores (out of 10): attractiveness: 7.0/10; sincerity: 9.0/10; intelligence: 8.0/10; being funny: 8.0/10; ambition: 7.0/10; shared interests: 5.0/10. A new woman is courting you with scores: attractiveness: 6.0/10; sincerity: 4.0/10; intelligence: 7.0/10; being funny: 7.0/10; ambition: 8.0/10; shared interests: 2.0/10. Your importance weights are: attractiveness: 9.52; sincerity: 19.05; intelligence: 23.81; being funny: 19.05; ambition: 4.76; shared interests: 23.81. Would you leave your current partner for the new woman? Your answer must be (YES) or (NO) followed by your reason. You must FOLLOW THIS RULE! You MUST NOT SAY other words.,NO. The new woman scores significantly lower in sincerity (4.0 vs. 9.0) and shared interests (2.0 vs. 5.0); which are highly weighted (19.05 and 23.81 respectively). These critical weaknesses outweigh her minor advantages in ambition and slightly lower attractiveness.,202,222,214,0
Assume you are a 27-year-old man with career type Professor or Consultant; currently matched with a partner. Your current partner's scores (out of 10): attractiveness: 10.0/10; sincerity: 7.0/10; intelligence: 9.0/10; being funny: 10.0/10; ambition: 10.0/10; shared interests: 7.0/10. A new woman is courting you with scores: attractiveness: 8.0/10; sincerity: 5.0/10; intelligence: 6.0/10; being funny: 7.0/10; ambition: 6.0/10; shared interests: 3.0/10. Your importance weights are: attractiveness: 9.52; sincerity: 19.05; intelligence: 23.81; being funny: 19.05; ambition: 4.76; shared interests: 23.81. Would you leave your current partner for the new woman? Your answer must be (YES) or (NO) followed by your reason. You must FOLLOW THIS RULE! You MUST NOT SAY other words.,NO. The new woman scores significantly lower in sincerity; intelligence; and shared interests; which are highly weighted in your priorities.,203,222,217,0
Assume you are a 27-year-old man with career type Investment Banking; currently matched with a partner. Your current partner's scores (out of 10): attractiveness: 7.0/10; sincerity: 9.0/10; intelligence: 8.0/10; being funny: 8.0/10; ambition: 7.0/10; shared interests: 5.0/10. A new woman is courting you with scores: attractiveness: 8.0/10; sincerity: 8.0/10; intelligence: 8.0/10; being funny: 7.0/10; ambition: 7.0/10; shared interests: 3.0/10. Your importance weights are: attractiveness: 15.56; sincerity: 17.78; intelligence: 17.78; being funny: 17.78; ambition: 17.78; shared interests: 13.33. Would you leave your current partner for the new woman? Your answer must be (YES) or (NO) followed by your reason. You must FOLLOW THIS RULE! You MUST NOT SAY other words.,NO - The weighted scores for your current partner (7.0*15.56 + 9.0*17.78 + 8.0*17.78 + 8.0*17.78 + 7.0*17.78 + 5.0*13.33 = 108.92 + 160.02 + 142.24 + 142.24 + 124.46 + 66.65 = 744.53) are higher than the new woman's (8.0*15.56 + 8.0*17.78 + 8.0*17.78 + 7.0*17.78 + 7.0*17.78 + 3.0*13.33 = 124.48 + 142.24 + 142.24 + 124.46 + 124.46 + 39.99 = 697.87).,202,221,214,0
Assume you are a 27-year-old man with career type Investment Banking; currently matched with a partner. Your current partner's scores (out of 10): attractiveness: 7.0/10; sincerity: 7.0/10; intelligence: 9.0/10; being funny: 8.0/10; ambition: 8.0/10; shared interests: 6.0/10. A new woman is courting you with scores: attractiveness: 4.0/10; sincerity: 5.0/10; intelligence: 6.0/10; being funny: 6.0/10; ambition: 7.0/10; shared interests: 3.0/10. Your importance weights are: attractiveness: 15.56; sincerity: 17.78; intelligence: 17.78; being funny: 17.78; ambition: 17.78; shared interests: 13.33. Would you leave your current partner for the new woman? Your answer must be (YES) or (NO) followed by your reason. You must FOLLOW THIS RULE! You MUST NOT SAY other words.,NO. The new woman scores lower in all categories except ambition; and the weighted score would still favor the current partner significantly.,204,221,215,0
Assume you are a 27-year-old man with career type Investment Banking; currently matched with a partner. Your current partner's scores (out of 10): attractiveness: 10.0/10; sincerity: 10.0/10; intelligence: 10.0/10; being funny: 7.0/10; ambition: 7.0/10; shared interests: 9.0/10. A new woman is courting you with scores: attractiveness: 5.0/10; sincerity: 5.0/10; intelligence: 7.0/10; being funny: 6.0/10; ambition: 6.0/10; shared interests: 3.0/10. Your importance weights are: attractiveness: 15.56; sincerity: 17.78; intelligence: 17.78; being funny: 17.78; ambition: 17.78; shared interests: 13.33. Would you leave your current partner for the new woman? Your answer must be (YES) or (NO) followed by your reason. You must FOLLOW THIS RULE! You MUST NOT SAY other words.,NO. The new woman scores significantly lower in key weighted categories like sincerity; intelligence; and shared interests; which outweigh the minor differences in other areas. Your current partner is a much stronger match overall.,205,221,224,0
Assume you are a 25-year-old woman with career type education; currently matched with a partner. Your current partner's scores (out of 10): attractiveness: 8.0/10; sincerity: 6.0/10; intelligence: 8.0/10; being funny: 9.0/10; ambition: 5.0/10; shared interests: 8.0/10. A new man is courting you with scores: attractiveness: 6.0/10; sincerity: 7.0/10; intelligence: 7.0/10; being funny: 7.0/10; ambition: 7.0/10; shared interests: 8.0/10. Your importance weights are: attractiveness: 17.65; sincerity: 17.65; intelligence: 17.65; being funny: 15.69; ambition: 15.69; shared interests: 15.69. Would you leave your current partner for the new man? Your answer must be (YES) or (NO) followed by your reason. You must FOLLOW THIS RULE! You MUST NOT SAY other words.,NO. The weighted score for the current partner (7.63) is slightly higher than the new man's (7.06); making the current partner a better match overall based on your priorities.,219,196,207,0
Assume you are a 25-year-old woman with career type education; currently matched with a partner. Your current partner's scores (out of 10): attractiveness: 7.0/10; sincerity: 7.0/10; intelligence: 7.0/10; being funny: 8.0/10; ambition: 6.0/10; shared interests: 7.0/10. A new man is courting you with scores: attractiveness: 2.0/10; sincerity: 7.0/10; intelligence: 7.0/10; being funny: 5.0/10; ambition: nan/10; shared interests: nan/10. Your importance weights are: attractiveness: 17.65; sincerity: 17.65; intelligence: 17.65; being funny: 15.69; ambition: 15.69; shared interests: 15.69. Would you leave your current partner for the new man? Your answer must be (YES) or (NO) followed by your reason. You must FOLLOW THIS RULE! You MUST NOT SAY other words.,NO The new man's significantly lower attractiveness score (2.0 vs. 7.0) and missing/unknown values for ambition and shared interests outweigh the minor similarities in sincerity and intelligence; making him a less suitable match based on your weighted priorities.,223,196,194,0
Assume you are a 28-year-old man with career type CEO in For Profit Biomedical Organization; currently matched with a partner. Your current partner's scores (out of 10): attractiveness: 7.0/10; sincerity: 9.0/10; intelligence: 8.0/10; being funny: 8.0/10; ambition: 7.0/10; shared interests: 5.0/10. A new woman is courting you with scores: attractiveness: 2.0/10; sincerity: 8.0/10; intelligence: 9.0/10; being funny: 4.0/10; ambition: 3.0/10; shared interests: 2.0/10. Your importance weights are: attractiveness: 21.43; sincerity: 16.67; intelligence: 21.43; being funny: 16.67; ambition: 11.9; shared interests: 11.9. Would you leave your current partner for the new woman? Your answer must be (YES) or (NO) followed by your reason. You must FOLLOW THIS RULE! You MUST NOT SAY other words.,NO. The new woman's significantly lower scores in attractiveness; shared interests; and ambition outweigh her slight advantages in sincerity and intelligence; given your importance weights.,202,229,214,0
Assume you are a 27-year-old man with career type Professor or Consultant; currently matched with a partner. Your current partner's scores (out of 10): attractiveness: 10.0/10; sincerity: 10.0/10; intelligence: 10.0/10; being funny: 7.0/10; ambition: 7.0/10; shared interests: 9.0/10. A new woman is courting you with scores: attractiveness: 7.0/10; sincerity: 5.0/10; intelligence: 6.0/10; being funny: 8.0/10; ambition: 2.0/10; shared interests: 4.0/10. Your importance weights are: attractiveness: 9.52; sincerity: 19.05; intelligence: 23.81; being funny: 19.05; ambition: 4.76; shared interests: 23.81. Would you leave your current partner for the new woman? Your answer must be (YES) or (NO) followed by your reason. You must FOLLOW THIS RULE! You MUST NOT SAY other words.,NO. The new woman scores significantly lower in highly weighted categories (sincerity; intelligence; shared interests) and offers no compelling advantage to outweigh the current partner's exceptional traits.,205,222,224,0
Assume you are a 28-year-old man with career type CEO in For Profit Biomedical Organization; currently matched with a partner. Your current partner's scores (out of 10): attractiveness: 10.0/10; sincerity: 7.0/10; intelligence: 9.0/10; being funny: 10.0/10; ambition: 10.0/10; shared interests: 7.0/10. A new woman is courting you with scores: attractiveness: 6.0/10; sincerity: 6.0/10; intelligence: 9.0/10; being funny: 3.0/10; ambition: 1.0/10; shared interests: 2.0/10. Your importance weights are: attractiveness: 21.43; sincerity: 16.67; intelligence: 21.43; being funny: 16.67; ambition: 11.9; shared interests: 11.9. Would you leave your current partner for the new woman? Your answer must be (YES) or (NO) followed by your reason. You must FOLLOW THIS RULE! You MUST NOT SAY other words.,NO. The new woman scores significantly lower in key areas like attractiveness; sincerity; being funny; ambition; and shared interests; which are highly weighted in your priorities. Your current partner excels in these areas; making her a much better match overall.,203,229,217,0
Assume you are a 28-year-old man with career type CEO in For Profit Biomedical Organization; currently matched with a partner. Your current partner's scores (out of 10): attractiveness: 7.0/10; sincerity: 7.0/10; intelligence: 9.0/10; being funny: 8.0/10; ambition: 8.0/10; shared interests: 6.0/10. A new woman is courting you with scores: attractiveness: 3.0/10; sincerity: 5.0/10; intelligence: 8.0/10; being funny: 5.0/10; ambition: 8.0/10; shared interests: 6.0/10. Your importance weights are: attractiveness: 21.43; sincerity: 16.67; intelligence: 21.43; being funny: 16.67; ambition: 11.9; shared interests: 11.9. Would you leave your current partner for the new woman? Your answer must be (YES) or (NO) followed by your reason. You must FOLLOW THIS RULE! You MUST NOT SAY other words.,NO. The new woman's significantly lower scores in attractiveness; sincerity; and being funny—which are among your highest-weighted priorities—outweigh her comparable scores in intelligence; ambition; and shared interests. Your current partner offers a better overall match based on your importance weights.,204,229,215,0
Assume you are a 25-year-old woman with career type education; currently matched with a partner. Your current partner's scores (out of 10): attractiveness: 6.0/10; sincerity: 8.0/10; intelligence: 8.0/10; being funny: 8.0/10; ambition: 4.0/10; shared interests: 6.0/10. A new man is courting you with scores: attractiveness: 3.0/10; sincerity: 6.0/10; intelligence: 7.0/10; being funny: 8.0/10; ambition: nan/10; shared interests: 3.0/10. Your importance weights are: attractiveness: 17.65; sincerity: 17.65; intelligence: 17.65; being funny: 15.69; ambition: 15.69; shared interests: 15.69. Would you leave your current partner for the new man? Your answer must be (YES) or (NO) followed by your reason. You must FOLLOW THIS RULE! You MUST NOT SAY other words.,NO. The new man scores lower in attractiveness; sincerity; intelligence; and shared interests; which are all highly weighted for you. His ambition is unknown (nan); and only his humor matches your current partner. The overall value of your current partner outweighs the new man's profile.,231,196,195,0
Assume you are a 27-year-old man with career type Investment Banking; currently matched with a partner. Your current partner's scores (out of 10): attractiveness: 6.0/10; sincerity: 9.0/10; intelligence: 8.0/10; being funny: 9.0/10; ambition: 8.0/10; shared interests: 8.0/10. A new woman is courting you with scores: attractiveness: 6.0/10; sincerity: 5.0/10; intelligence: 6.0/10; being funny: 6.0/10; ambition: 7.0/10; shared interests: 3.0/10. Your importance weights are: attractiveness: 15.56; sincerity: 17.78; intelligence: 17.78; being funny: 17.78; ambition: 17.78; shared interests: 13.33. Would you leave your current partner for the new woman? Your answer must be (YES) or (NO) followed by your reason. You must FOLLOW THIS RULE! You MUST NOT SAY other words.,NO. The new woman scores significantly lower in sincerity; intelligence; being funny; and shared interests—traits you highly value—while offering no advantage in attractiveness and only a slight edge in ambition. Your current partner is a much better match overall.,211,221,230,0
Assume you are a 27-year-old man with career type Professor or Consultant; currently matched with a partner. Your current partner's scores (out of 10): attractiveness: 9.0/10; sincerity: 10.0/10; intelligence: 10.0/10; being funny: 10.0/10; ambition: 9.0/10; shared interests: 9.0/10. A new woman is courting you with scores: attractiveness: 6.0/10; sincerity: 5.0/10; intelligence: 6.0/10; being funny: 2.0/10; ambition: 5.0/10; shared interests: 4.0/10. Your importance weights are: attractiveness: 9.52; sincerity: 19.05; intelligence: 23.81; being funny: 19.05; ambition: 4.76; shared interests: 23.81. Would you leave your current partner for the new woman? Your answer must be (YES) or (NO) followed by your reason. You must FOLLOW THIS RULE! You MUST NOT SAY other words.,NO. The new woman scores significantly lower in key weighted categories (sincerity; intelligence; being funny; shared interests); which are highly important to you; outweighing her lower attractiveness and ambition scores. Your current partner excels in all high-priority traits.,206,222,220,0
Assume you are a 25-year-old woman with career type education; currently matched with a partner. Your current partner's scores (out of 10): attractiveness: 9.0/10; sincerity: 9.0/10; intelligence: 9.0/10; being funny: 9.0/10; ambition: 9.0/10; shared interests: 9.0/10. A new man is courting you with scores: attractiveness: 2.0/10; sincerity: 3.0/10; intelligence: 5.0/10; being funny: 5.0/10; ambition: nan/10; shared interests: nan/10. Your importance weights are: attractiveness: 17.65; sincerity: 17.65; intelligence: 17.65; being funny: 15.69; ambition: 15.69; shared interests: 15.69. Would you leave your current partner for the new man? Your answer must be (YES) or (NO) followed by your reason. You must FOLLOW THIS RULE! You MUST NOT SAY other words.,NO. The new man scores significantly lower in all key attributes (attractiveness; sincerity; intelligence; humor) and lacks data on ambition and shared interests; while your current partner excels in every category with near-perfect scores. The importance weights further emphasize the value of these traits; making the current partner a far better match.,216,196,213,0
Assume you are a 27-year-old man with career type Professor or Consultant; currently matched with a partner. Your current partner's scores (out of 10): attractiveness: 9.0/10; sincerity: 9.0/10; intelligence: 9.0/10; being funny: 10.0/10; ambition: 9.0/10; shared interests: 8.0/10. A new woman is courting you with scores: attractiveness: 8.0/10; sincerity: 4.0/10; intelligence: 8.0/10; being funny: 6.0/10; ambition: 4.0/10; shared interests: 4.0/10. Your importance weights are: attractiveness: 9.52; sincerity: 19.05; intelligence: 23.81; being funny: 19.05; ambition: 4.76; shared interests: 23.81. Would you leave your current partner for the new woman? Your answer must be (YES) or (NO) followed by your reason. You must FOLLOW THIS RULE! You MUST NOT SAY other words.,NO The new woman scores significantly lower in sincerity; intelligence; being funny; and shared interests; which are your most highly weighted categories. Your current partner excels in these areas; making them a far better match overall.,207,222,219,0
Assume you are a 28-year-old man with career type CEO in For Profit Biomedical Organization; currently matched with a partner. Your current partner's scores (out of 10): attractiveness: 9.0/10; sincerity: 9.0/10; intelligence: 9.0/10; being funny: 10.0/10; ambition: 9.0/10; shared interests: 8.0/10. A new woman is courting you with scores: attractiveness: 8.0/10; sincerity: 5.0/10; intelligence: 5.0/10; being funny: 8.0/10; ambition: 3.0/10; shared interests: 6.0/10. Your importance weights are: attractiveness: 21.43; sincerity: 16.67; intelligence: 21.43; being funny: 16.67; ambition: 11.9; shared interests: 11.9. Would you leave your current partner for the new woman? Your answer must be (YES) or (NO) followed by your reason. You must FOLLOW THIS RULE! You MUST NOT SAY other words.,NO. The new woman scores significantly lower in sincerity; intelligence; and ambition; which are highly weighted traits for you. Your current partner outperforms her in almost every category that matters most to you.,207,229,219,0
Assume you are a 27-year-old man with career type Professor or Consultant; currently matched with a partner. Your current partner's scores (out of 10): attractiveness: 5.0/10; sincerity: 8.0/10; intelligence: 8.0/10; being funny: 9.0/10; ambition: 9.0/10; shared interests: 5.0/10. A new woman is courting you with scores: attractiveness: 8.0/10; sincerity: 7.0/10; intelligence: 7.0/10; being funny: 8.0/10; ambition: 2.0/10; shared interests: 5.0/10. Your importance weights are: attractiveness: 9.52; sincerity: 19.05; intelligence: 23.81; being funny: 19.05; ambition: 4.76; shared interests: 23.81. Would you leave your current partner for the new woman? Your answer must be (YES) or (NO) followed by your reason. You must FOLLOW THIS RULE! You MUST NOT SAY other words.,NO. The current partner scores higher in key weighted categories (sincerity; intelligence; being funny; and shared interests); which outweigh the new woman's higher attractiveness. Ambition is less important to you; so the new woman's low score there doesn't compensate for her lower scores in your priorities.,208,222,225,0
Assume you are a 27-year-old man with career type Investment Banking; currently matched with a partner. Your current partner's scores (out of 10): attractiveness: 6.0/10; sincerity: 10.0/10; intelligence: 10.0/10; being funny: 6.0/10; ambition: 10.0/10; shared interests: 6.0/10. A new woman is courting you with scores: attractiveness: 5.0/10; sincerity: 8.0/10; intelligence: 8.0/10; being funny: 8.0/10; ambition: 8.0/10; shared interests: 6.0/10. Your importance weights are: attractiveness: 15.56; sincerity: 17.78; intelligence: 17.78; being funny: 17.78; ambition: 17.78; shared interests: 13.33. Would you leave your current partner for the new woman? Your answer must be (YES) or (NO) followed by your reason. You must FOLLOW THIS RULE! You MUST NOT SAY other words.,NO. The current partner scores higher in sincerity; intelligence; and ambition—traits you value most (weighted at 17.78 each)—while the new woman only marginally improves in being funny (which is equally weighted but not enough to offset the losses in higher-priority traits). The slight drop in attractiveness (weighted at 15.56) and equal shared interests (13.33) don’t justify switching.,212,221,228,0
Assume you are a 28-year-old man with career type CEO in For Profit Biomedical Organization; currently matched with a partner. Your current partner's scores (out of 10): attractiveness: 5.0/10; sincerity: 8.0/10; intelligence: 8.0/10; being funny: 9.0/10; ambition: 9.0/10; shared interests: 5.0/10. A new woman is courting you with scores: attractiveness: 6.0/10; sincerity: 8.0/10; intelligence: 7.0/10; being funny: 5.0/10; ambition: 6.0/10; shared interests: 3.0/10. Your importance weights are: attractiveness: 21.43; sincerity: 16.67; intelligence: 21.43; being funny: 16.67; ambition: 11.9; shared interests: 11.9. Would you leave your current partner for the new woman? Your answer must be (YES) or (NO) followed by your reason. You must FOLLOW THIS RULE! You MUST NOT SAY other words.,NO. The new woman's scores do not significantly outweigh your current partner's in key weighted categories (intelligence; attractiveness; ambition) and shared interests are lower.,208,229,225,0
Assume you are a 27-year-old man with career type Professor or Consultant; currently matched with a partner. Your current partner's scores (out of 10): attractiveness: 6.0/10; sincerity: 9.0/10; intelligence: 8.0/10; being funny: 9.0/10; ambition: 8.0/10; shared interests: 8.0/10. A new woman is courting you with scores: attractiveness: 8.0/10; sincerity: 5.0/10; intelligence: 7.0/10; being funny: 5.0/10; ambition: 6.0/10; shared interests: 5.0/10. Your importance weights are: attractiveness: 9.52; sincerity: 19.05; intelligence: 23.81; being funny: 19.05; ambition: 4.76; shared interests: 23.81. Would you leave your current partner for the new woman? Your answer must be (YES) or (NO) followed by your reason. You must FOLLOW THIS RULE! You MUST NOT SAY other words.,NO. The new woman scores significantly lower in sincerity; intelligence; being funny; and shared interests; which are your highest-weighted priorities; outweighing her higher attractiveness.,211,222,230,0
Assume you are a 27-year-old man with career type Investment Banking; currently matched with a partner. Your current partner's scores (out of 10): attractiveness: 6.0/10; sincerity: 8.0/10; intelligence: 9.0/10; being funny: 7.0/10; ambition: 7.0/10; shared interests: 7.0/10. A new woman is courting you with scores: attractiveness: 5.0/10; sincerity: 7.0/10; intelligence: 7.0/10; being funny: 7.0/10; ambition: 8.0/10; shared interests: 3.0/10. Your importance weights are: attractiveness: 15.56; sincerity: 17.78; intelligence: 17.78; being funny: 17.78; ambition: 17.78; shared interests: 13.33. Would you leave your current partner for the new woman? Your answer must be (YES) or (NO) followed by your reason. You must FOLLOW THIS RULE! You MUST NOT SAY other words.,NO   Reason: The weighted score of the current partner (7.48) is higher than the new woman's (6.67).,213,221,216,0
Assume you are a 27-year-old man with career type Professor or Consultant; currently matched with a partner. Your current partner's scores (out of 10): attractiveness: 6.0/10; sincerity: 10.0/10; intelligence: 10.0/10; being funny: 6.0/10; ambition: 10.0/10; shared interests: 6.0/10. A new woman is courting you with scores: attractiveness: 8.0/10; sincerity: 6.0/10; intelligence: 6.0/10; being funny: 8.0/10; ambition: 5.0/10; shared interests: 6.0/10. Your importance weights are: attractiveness: 9.52; sincerity: 19.05; intelligence: 23.81; being funny: 19.05; ambition: 4.76; shared interests: 23.81. Would you leave your current partner for the new woman? Your answer must be (YES) or (NO) followed by your reason. You must FOLLOW THIS RULE! You MUST NOT SAY other words.,NO. The current partner scores significantly higher in sincerity; intelligence; and ambition—traits weighted heavily in your priorities—while the new woman only marginally improves attractiveness and humor; which are less critical to you. Shared interests are equal; and the new woman underperforms in key areas like sincerity and intelligence.,212,222,228,0
Assume you are a 27-year-old man with career type Investment Banking; currently matched with a partner. Your current partner's scores (out of 10): attractiveness: 8.0/10; sincerity: 7.0/10; intelligence: 7.0/10; being funny: 6.0/10; ambition: 6.0/10; shared interests: 6.0/10. A new woman is courting you with scores: attractiveness: 3.0/10; sincerity: 5.0/10; intelligence: 6.0/10; being funny: 3.0/10; ambition: 7.0/10; shared interests: 3.0/10. Your importance weights are: attractiveness: 15.56; sincerity: 17.78; intelligence: 17.78; being funny: 17.78; ambition: 17.78; shared interests: 13.33. Would you leave your current partner for the new woman? Your answer must be (YES) or (NO) followed by your reason. You must FOLLOW THIS RULE! You MUST NOT SAY other words.,NO. The new woman scores significantly lower in attractiveness; sincerity; being funny; and shared interests; which are highly weighted in your priorities. Your current partner outperforms her in most key areas.,198,221,226,0
Assume you are a 28-year-old man with career type CEO in For Profit Biomedical Organization; currently matched with a partner. Your current partner's scores (out of 10): attractiveness: 6.0/10; sincerity: 8.0/10; intelligence: 9.0/10; being funny: 7.0/10; ambition: 7.0/10; shared interests: 7.0/10. A new woman is courting you with scores: attractiveness: 6.0/10; sincerity: 8.0/10; intelligence: 5.0/10; being funny: 8.0/10; ambition: 5.0/10; shared interests: 7.0/10. Your importance weights are: attractiveness: 21.43; sincerity: 16.67; intelligence: 21.43; being funny: 16.67; ambition: 11.9; shared interests: 11.9. Would you leave your current partner for the new woman? Your answer must be (YES) or (NO) followed by your reason. You must FOLLOW THIS RULE! You MUST NOT SAY other words.,NO. The new woman scores lower in intelligence and ambition; which are highly weighted traits for you (21.43 and 11.9 respectively); while other traits are similar or only marginally better. The current partner's higher intelligence (9.0) outweighs the slight improvements in humor and matched sincerity.,213,229,216,0
Assume you are a 28-year-old man with career type CEO in For Profit Biomedical Organization; currently matched with a partner. Your current partner's scores (out of 10): attractiveness: 4.0/10; sincerity: 10.0/10; intelligence: 10.0/10; being funny: 6.0/10; ambition: 8.0/10; shared interests: 4.0/10. A new woman is courting you with scores: attractiveness: 5.0/10; sincerity: 3.0/10; intelligence: 6.0/10; being funny: 4.0/10; ambition: 4.0/10; shared interests: 4.0/10. Your importance weights are: attractiveness: 21.43; sincerity: 16.67; intelligence: 21.43; being funny: 16.67; ambition: 11.9; shared interests: 11.9. Would you leave your current partner for the new woman? Your answer must be (YES) or (NO) followed by your reason. You must FOLLOW THIS RULE! You MUST NOT SAY other words.,NO. The new woman's lower scores in sincerity; intelligence; and being funny; which are highly weighted for you; do not outweigh the minimal gains in attractiveness. Your current partner excels in key areas you value most.,199,229,227,0
Assume you are a 25-year-old woman with career type education; currently matched with a partner. Your current partner's scores (out of 10): attractiveness: 8.0/10; sincerity: 10.0/10; intelligence: 9.0/10; being funny: 9.0/10; ambition: 9.0/10; shared interests: 6.0/10. A new man is courting you with scores: attractiveness: 3.0/10; sincerity: 4.0/10; intelligence: 4.0/10; being funny: 4.0/10; ambition: 5.0/10; shared interests: 2.0/10. Your importance weights are: attractiveness: 17.65; sincerity: 17.65; intelligence: 17.65; being funny: 15.69; ambition: 15.69; shared interests: 15.69. Would you leave your current partner for the new man? Your answer must be (YES) or (NO) followed by your reason. You must FOLLOW THIS RULE! You MUST NOT SAY other words.,NO. The new man's scores are significantly lower in all categories; and your current partner excels in sincerity; intelligence; humor; and ambition; which are highly weighted for you.,225,196,208,0
Assume you are a 25-year-old woman with career type education; currently matched with a partner. Your current partner's scores (out of 10): attractiveness: 3.0/10; sincerity: 7.0/10; intelligence: 6.0/10; being funny: 3.0/10; ambition: 6.0/10; shared interests: 3.0/10. A new man is courting you with scores: attractiveness: 5.0/10; sincerity: 4.0/10; intelligence: 5.0/10; being funny: 5.0/10; ambition: 5.0/10; shared interests: 3.0/10. Your importance weights are: attractiveness: 17.65; sincerity: 17.65; intelligence: 17.65; being funny: 15.69; ambition: 15.69; shared interests: 15.69. Would you leave your current partner for the new man? Your answer must be (YES) or (NO) followed by your reason. You must FOLLOW THIS RULE! You MUST NOT SAY other words.,NO. The weighted scores for your current partner (3.0*17.65 + 7.0*17.65 + 6.0*17.65 + 3.0*15.69 + 6.0*15.69 + 3.0*15.69 = 52.95 + 123.55 + 105.9 + 47.07 + 94.14 + 47.07 = 470.68) are higher than the new man's weighted scores (5.0*17.65 + 4.0*17.65 + 5.0*17.65 + 5.0*15.69 + 5.0*15.69 + 3.0*15.69 = 88.25 + 70.6 + 88.25 + 78.45 + 78.45 + 47.07 = 451.07). Your current partner aligns better with your priorities.,226,196,198,0
Assume you are a 28-year-old man with career type CEO in For Profit Biomedical Organization; currently matched with a partner. Your current partner's scores (out of 10): attractiveness: 6.0/10; sincerity: 9.0/10; intelligence: 8.0/10; being funny: 9.0/10; ambition: 8.0/10; shared interests: 8.0/10. A new woman is courting you with scores: attractiveness: 6.0/10; sincerity: 5.0/10; intelligence: 5.0/10; being funny: 5.0/10; ambition: 5.0/10; shared interests: 5.0/10. Your importance weights are: attractiveness: 21.43; sincerity: 16.67; intelligence: 21.43; being funny: 16.67; ambition: 11.9; shared interests: 11.9. Would you leave your current partner for the new woman? Your answer must be (YES) or (NO) followed by your reason. You must FOLLOW THIS RULE! You MUST NOT SAY other words.,NO – The new woman scores lower in all key weighted categories (sincerity; intelligence; being funny; ambition; shared interests) despite equal attractiveness; making her a worse match overall.,211,229,230,0
Assume you are a 25-year-old woman with career type education; currently matched with a partner. Your current partner's scores (out of 10): attractiveness: 10.0/10; sincerity: 10.0/10; intelligence: 10.0/10; being funny: 10.0/10; ambition: 10.0/10; shared interests: 10.0/10. A new man is courting you with scores: attractiveness: 4.0/10; sincerity: 4.0/10; intelligence: 3.0/10; being funny: 3.0/10; ambition: 3.0/10; shared interests: nan/10. Your importance weights are: attractiveness: 17.65; sincerity: 17.65; intelligence: 17.65; being funny: 15.69; ambition: 15.69; shared interests: 15.69. Would you leave your current partner for the new man? Your answer must be (YES) or (NO) followed by your reason. You must FOLLOW THIS RULE! You MUST NOT SAY other words.,NO. The new man scores significantly lower in all important categories and offers no advantage over your current partner; who excels in every aspect.,220,196,206,0
Assume you are a 25-year-old single woman; and there is a 27-year-old man who is courting you. Your career type is education. You evaluated him on six dimensions with scores out of 10. These are attractiveness: 3.0/10; sincerity: 6.0/10; intelligence: 4.0/10; being funny: 3.0/10; ambition: 3.0/10; shared interests: nan/10. Your importance weights for these attributes are: attractiveness: 17.65; sincerity: 17.65; intelligence: 17.65; being funny: 15.69; ambition: 15.69; shared interests: 15.69. Would you be willing to date this man? And also tell me the reason. Your answer must be (YES) or (NO) followed by your reason. You must FOLLOW THIS RULE! You MUST NOT SAY other words.,NO. The scores in key dimensions (attractiveness; intelligence; being funny; ambition) are low; and shared interests are unknown; making the overall compatibility insufficient despite moderate sincerity.,221,196,,0
Assume you are a 25-year-old woman with career type education; currently matched with a partner. Your current partner's scores (out of 10): attractiveness: 5.0/10; sincerity: 1.0/10; intelligence: 5.0/10; being funny: 4.0/10; ambition: 5.0/10; shared interests: 5.0/10. A new man is courting you with scores: attractiveness: 2.0/10; sincerity: 5.0/10; intelligence: 3.0/10; being funny: 2.0/10; ambition: nan/10; shared interests: nan/10. Your importance weights are: attractiveness: 17.65; sincerity: 17.65; intelligence: 17.65; being funny: 15.69; ambition: 15.69; shared interests: 15.69. Would you leave your current partner for the new man? Your answer must be (YES) or (NO) followed by your reason. You must FOLLOW THIS RULE! You MUST NOT SAY other words.,NO. The new man's scores are significantly lower in key areas like attractiveness; intelligence; and humor; and lack data on ambition and shared interests; making him a less suitable match overall.,224,196,205,0
Assume you are a 25-year-old woman with career type education; currently matched with a partner. Your current partner's scores (out of 10): attractiveness: 8.0/10; sincerity: 8.0/10; intelligence: 8.0/10; being funny: 8.0/10; ambition: 8.0/10; shared interests: 8.0/10. A new man is courting you with scores: attractiveness: 5.0/10; sincerity: 5.0/10; intelligence: 4.0/10; being funny: 2.0/10; ambition: 3.0/10; shared interests: 3.0/10. Your importance weights are: attractiveness: 17.65; sincerity: 17.65; intelligence: 17.65; being funny: 15.69; ambition: 15.69; shared interests: 15.69. Would you leave your current partner for the new man? Your answer must be (YES) or (NO) followed by your reason. You must FOLLOW THIS RULE! You MUST NOT SAY other words.,NO. The new man scores significantly lower in all categories that are important to you; and none of his traits outweigh your current partner's strengths.,227,196,199,0
Assume you are a 27-year-old man with career type Professor or Consultant; currently matched with a partner. Your current partner's scores (out of 10): attractiveness: 6.0/10; sincerity: 8.0/10; intelligence: 9.0/10; being funny: 7.0/10; ambition: 7.0/10; shared interests: 7.0/10. A new woman is courting you with scores: attractiveness: 6.0/10; sincerity: 5.0/10; intelligence: 5.0/10; being funny: 4.0/10; ambition: 6.0/10; shared interests: 5.0/10. Your importance weights are: attractiveness: 9.52; sincerity: 19.05; intelligence: 23.81; being funny: 19.05; ambition: 4.76; shared interests: 23.81. Would you leave your current partner for the new woman? Your answer must be (YES) or (NO) followed by your reason. You must FOLLOW THIS RULE! You MUST NOT SAY other words.,NO. The new woman scores significantly lower in sincerity; intelligence; being funny; and shared interests; which are your highest-weighted priorities. Your current partner outperforms her in these key areas.,213,222,216,0
Assume you are a 28-year-old man with career type CEO in For Profit Biomedical Organization; currently matched with a partner. Your current partner's scores (out of 10): attractiveness: 6.0/10; sincerity: 10.0/10; intelligence: 10.0/10; being funny: 6.0/10; ambition: 10.0/10; shared interests: 6.0/10. A new woman is courting you with scores: attractiveness: 4.0/10; sincerity: 8.0/10; intelligence: 7.0/10; being funny: 4.0/10; ambition: 4.0/10; shared interests: 3.0/10. Your importance weights are: attractiveness: 21.43; sincerity: 16.67; intelligence: 21.43; being funny: 16.67; ambition: 11.9; shared interests: 11.9. Would you leave your current partner for the new woman? Your answer must be (YES) or (NO) followed by your reason. You must FOLLOW THIS RULE! You MUST NOT SAY other words.,NO. The new woman scores lower in all weighted categories; especially in intelligence; attractiveness; and shared interests; which are highly important to you. Your current partner excels in sincerity; intelligence; and ambition; aligning better with your priorities.,212,229,228,0
Assume you are a 25-year-old woman with career type education; currently matched with a partner. Your current partner's scores (out of 10): attractiveness: 7.0/10; sincerity: 6.0/10; intelligence: 7.0/10; being funny: 7.0/10; ambition: 6.0/10; shared interests: 6.0/10. A new man is courting you with scores: attractiveness: 2.0/10; sincerity: 5.0/10; intelligence: 3.0/10; being funny: 2.0/10; ambition: nan/10; shared interests: nan/10. Your importance weights are: attractiveness: 17.65; sincerity: 17.65; intelligence: 17.65; being funny: 15.69; ambition: 15.69; shared interests: 15.69. Would you leave your current partner for the new man? Your answer must be (YES) or (NO) followed by your reason. You must FOLLOW THIS RULE! You MUST NOT SAY other words.,NO. The new man's scores are significantly lower in key areas (attractiveness; intelligence; being funny) and lack data on ambition and shared interests; making him a less suitable match compared to your current partner.,228,196,212,0
Assume you are a 27-year-old single man; and there is a 25-year-old woman who is courting you. Your career type is Investment Banking. You evaluated her on six dimensions with scores out of 10. These are attractiveness: 6.0/10; sincerity: 5.0/10; intelligence: 5.0/10; being funny: 4.0/10; ambition: 3.0/10; shared interests: 3.0/10. Your importance weights for these attributes are: attractiveness: 15.56; sincerity: 17.78; intelligence: 17.78; being funny: 17.78; ambition: 17.78; shared interests: 13.33. Would you be willing to date this woman? And also tell me the reason. Your answer must be (YES) or (NO) followed by your reason. You must FOLLOW THIS RULE! You MUST NOT SAY other words.,NO. The weighted scores are too low in sincerity; intelligence; being funny; ambition; and shared interests; which are highly important to you. The overall compatibility is insufficient.,196,221,,0
Assume you are a 28-year-old single man; and there is a 25-year-old woman who is courting you. Your career type is CEO in For Profit Biomedical Organization. You evaluated her on six dimensions with scores out of 10. These are attractiveness: 6.0/10; sincerity: 7.0/10; intelligence: 8.0/10; being funny: 2.0/10; ambition: 1.0/10; shared interests: 1.0/10. Your importance weights for these attributes are: attractiveness: 21.43; sincerity: 16.67; intelligence: 21.43; being funny: 16.67; ambition: 11.9; shared interests: 11.9. Would you be willing to date this woman? And also tell me the reason. Your answer must be (YES) or (NO) followed by your reason. You must FOLLOW THIS RULE! You MUST NOT SAY other words.,NO. The low scores in ambition (1.0/10) and shared interests (1.0/10); combined with their moderate importance weights; outweigh the positives in intelligence and sincerity; making compatibility unlikely.,196,229,,0
Assume you are a 25-year-old single woman; and there is a 28-year-old man who is courting you. Your career type is education. You evaluated him on six dimensions with scores out of 10. These are attractiveness: 3.0/10; sincerity: 3.0/10; intelligence: 5.0/10; being funny: 3.0/10; ambition: 6.0/10; shared interests: nan/10. Your importance weights for these attributes are: attractiveness: 17.65; sincerity: 17.65; intelligence: 17.65; being funny: 15.69; ambition: 15.69; shared interests: 15.69. Would you be willing to date this man? And also tell me the reason. Your answer must be (YES) or (NO) followed by your reason. You must FOLLOW THIS RULE! You MUST NOT SAY other words.,NO. The scores for attractiveness; sincerity; and being funny are low (3.0/10); and sincerity is a highly weighted factor (17.65). The lack of data on shared interests (nan/10) also makes it difficult to assess compatibility. The overall evaluation does not meet the importance weights sufficiently.,229,196,,0
Assume you are a 28-year-old man with career type CEO in For Profit Biomedical Organization; currently matched with a partner. Your current partner's scores (out of 10): attractiveness: 6.0/10; sincerity: 10.0/10; intelligence: 10.0/10; being funny: 7.0/10; ambition: 10.0/10; shared interests: 6.0/10. A new woman is courting you with scores: attractiveness: 1.0/10; sincerity: 5.0/10; intelligence: 5.0/10; being funny: 3.0/10; ambition: 5.0/10; shared interests: 3.0/10. Your importance weights are: attractiveness: 21.43; sincerity: 16.67; intelligence: 21.43; being funny: 16.67; ambition: 11.9; shared interests: 11.9. Would you leave your current partner for the new woman? Your answer must be (YES) or (NO) followed by your reason. You must FOLLOW THIS RULE! You MUST NOT SAY other words.,NO. The new woman scores significantly lower in key weighted categories like attractiveness; intelligence; and ambition; which outweigh her minimal advantages. The current partner's high sincerity; intelligence; and ambition align better with your priorities.,194,229,223,0
Assume you are a 28-year-old man with career type CEO in For Profit Biomedical Organization; currently matched with a partner. Your current partner's scores (out of 10): attractiveness: 8.0/10; sincerity: 7.0/10; intelligence: 7.0/10; being funny: 6.0/10; ambition: 6.0/10; shared interests: 6.0/10. A new woman is courting you with scores: attractiveness: 3.0/10; sincerity: 4.0/10; intelligence: 5.0/10; being funny: 2.0/10; ambition: 2.0/10; shared interests: 2.0/10. Your importance weights are: attractiveness: 21.43; sincerity: 16.67; intelligence: 21.43; being funny: 16.67; ambition: 11.9; shared interests: 11.9. Would you leave your current partner for the new woman? Your answer must be (YES) or (NO) followed by your reason. You must FOLLOW THIS RULE! You MUST NOT SAY other words.,NO. The new woman's scores are significantly lower across all categories; and none of her attributes outweigh your current partner's strengths based on your importance weights.,198,229,226,0
Assume you are a 27-year-old single man; and there is a 25-year-old woman who is courting you. Your career type is Professor or Consultant. You evaluated her on six dimensions with scores out of 10. These are attractiveness: 7.0/10; sincerity: 6.0/10; intelligence: 5.0/10; being funny: 3.0/10; ambition: 4.0/10; shared interests: 5.0/10. Your importance weights for these attributes are: attractiveness: 9.52; sincerity: 19.05; intelligence: 23.81; being funny: 19.05; ambition: 4.76; shared interests: 23.81. Would you be willing to date this woman? And also tell me the reason. Your answer must be (YES) or (NO) followed by your reason. You must FOLLOW THIS RULE! You MUST NOT SAY other words.,NO. The weighted scores for sincerity (6.0); intelligence (5.0); being funny (3.0); and shared interests (5.0) are too low relative to their high importance weights; making her overall compatibility insufficient.,196,222,,0
Assume you are a 27-year-old man with career type Professor or Consultant; currently matched with a partner. Your current partner's scores (out of 10): attractiveness: 6.0/10; sincerity: 10.0/10; intelligence: 9.0/10; being funny: 8.0/10; ambition: 10.0/10; shared interests: 9.0/10. A new woman is courting you with scores: attractiveness: 6.0/10; sincerity: 3.0/10; intelligence: 8.0/10; being funny: 3.0/10; ambition: 3.0/10; shared interests: 2.0/10. Your importance weights are: attractiveness: 9.52; sincerity: 19.05; intelligence: 23.81; being funny: 19.05; ambition: 4.76; shared interests: 23.81. Would you leave your current partner for the new woman? Your answer must be (YES) or (NO) followed by your reason. You must FOLLOW THIS RULE! You MUST NOT SAY other words.,NO. The new woman scores significantly lower in sincerity; being funny; ambition; and shared interests—traits you highly value—while offering no advantage in attractiveness and only slightly lower intelligence. Your current partner aligns much better with your priorities.,195,222,231,0
Assume you are a 28-year-old man with career type CEO in For Profit Biomedical Organization; currently matched with a partner. Your current partner's scores (out of 10): attractiveness: 10.0/10; sincerity: 10.0/10; intelligence: 10.0/10; being funny: 7.0/10; ambition: 7.0/10; shared interests: 9.0/10. A new woman is courting you with scores: attractiveness: 3.0/10; sincerity: 5.0/10; intelligence: 4.0/10; being funny: 2.0/10; ambition: 3.0/10; shared interests: 3.0/10. Your importance weights are: attractiveness: 21.43; sincerity: 16.67; intelligence: 21.43; being funny: 16.67; ambition: 11.9; shared interests: 11.9. Would you leave your current partner for the new woman? Your answer must be (YES) or (NO) followed by your reason. You must FOLLOW THIS RULE! You MUST NOT SAY other words.,NO – The new woman scores significantly lower in all key attributes that matter to you (attractiveness; sincerity; intelligence; ambition; shared interests) compared to your current partner; who excels in these areas. The trade-off is not favorable.,205,229,224,0
Assume you are a 27-year-old man with career type Professor or Consultant; currently matched with a partner. Your current partner's scores (out of 10): attractiveness: 7.0/10; sincerity: 7.0/10; intelligence: 9.0/10; being funny: 8.0/10; ambition: 8.0/10; shared interests: 6.0/10. A new woman is courting you with scores: attractiveness: 7.0/10; sincerity: 6.0/10; intelligence: 2.0/10; being funny: 2.0/10; ambition: 8.0/10; shared interests: 3.0/10. Your importance weights are: attractiveness: 9.52; sincerity: 19.05; intelligence: 23.81; being funny: 19.05; ambition: 4.76; shared interests: 23.81. Would you leave your current partner for the new woman? Your answer must be (YES) or (NO) followed by your reason. You must FOLLOW THIS RULE! You MUST NOT SAY other words.,NO intelligence and being funny scores are too low and heavily weighted.,204,222,215,0
Assume you are a 25-year-old woman with career type education; currently matched with a partner. Your current partner's scores (out of 10): attractiveness: 10.0/10; sincerity: 10.0/10; intelligence: 9.0/10; being funny: 10.0/10; ambition: 8.0/10; shared interests: 8.0/10. A new man is courting you with scores: attractiveness: 3.0/10; sincerity: 5.0/10; intelligence: 4.0/10; being funny: 3.0/10; ambition: 3.0/10; shared interests: nan/10. Your importance weights are: attractiveness: 17.65; sincerity: 17.65; intelligence: 17.65; being funny: 15.69; ambition: 15.69; shared interests: 15.69. Would you leave your current partner for the new man? Your answer must be (YES) or (NO) followed by your reason. You must FOLLOW THIS RULE! You MUST NOT SAY other words.,NO. The new man scores significantly lower in all important categories and offers no compelling reason to leave a highly compatible and well-matched current partner.,232,196,197,0
Assume you are a 25-year-old single woman; and there is a 27-year-old man who is courting you. Your career type is education. You evaluated him on six dimensions with scores out of 10. These are attractiveness: 2.0/10; sincerity: 6.0/10; intelligence: 4.0/10; being funny: 2.0/10; ambition: 1.0/10; shared interests: 2.0/10. Your importance weights for these attributes are: attractiveness: 17.65; sincerity: 17.65; intelligence: 17.65; being funny: 15.69; ambition: 15.69; shared interests: 15.69. Would you be willing to date this man? And also tell me the reason. Your answer must be (YES) or (NO) followed by your reason. You must FOLLOW THIS RULE! You MUST NOT SAY other words.,NO. The weighted scores across all dimensions are too low; with particularly poor compatibility in attractiveness; intelligence; humor; ambition; and shared interests; which are important to you.,222,196,,0
Assume you are a 25-year-old woman with career type education; currently matched with a partner. Your current partner's scores (out of 10): attractiveness: 7.0/10; sincerity: 6.0/10; intelligence: 7.0/10; being funny: 6.0/10; ambition: 6.0/10; shared interests: 6.0/10. A new man is courting you with scores: attractiveness: 2.0/10; sincerity: 3.0/10; intelligence: 3.0/10; being funny: 2.0/10; ambition: nan/10; shared interests: nan/10. Your importance weights are: attractiveness: 17.65; sincerity: 17.65; intelligence: 17.65; being funny: 15.69; ambition: 15.69; shared interests: 15.69. Would you leave your current partner for the new man? Your answer must be (YES) or (NO) followed by your reason. You must FOLLOW THIS RULE! You MUST NOT SAY other words.,NO. The new man scores significantly lower in all evaluated categories and lacks data in key areas like ambition and shared interests; making him a less suitable match compared to your current partner.,218,196,200,0
Assume you are a 25-year-old woman with career type education; currently matched with a partner. Your current partner's scores (out of 10): attractiveness: 9.0/10; sincerity: 7.0/10; intelligence: 7.0/10; being funny: 7.0/10; ambition: 5.0/10; shared interests: 7.0/10. A new man is courting you with scores: attractiveness: 2.0/10; sincerity: 3.0/10; intelligence: 3.0/10; being funny: 3.0/10; ambition: 3.0/10; shared interests: nan/10. Your importance weights are: attractiveness: 17.65; sincerity: 17.65; intelligence: 17.65; being funny: 15.69; ambition: 15.69; shared interests: 15.69. Would you leave your current partner for the new man? Your answer must be (YES) or (NO) followed by your reason. You must FOLLOW THIS RULE! You MUST NOT SAY other words.,NO. The new man's scores are significantly lower in all key attributes compared to your current partner; and your importance weights prioritize these attributes highly. The current partner is a much better match overall.,230,196,211,0
