Assume you are a 26-year-old single woman; and there is a 25-year-old man who is courting you. Your career type is Biostatistics. You evaluated him on six dimensions with scores out of 10. These are attractiveness: 4.0/10; sincerity: 5.0/10; intelligence: 8.0/10; being funny: 8.0/10; ambition: 10.0/10; shared interests: 8.0/10. Your importance weights for these attributes are: attractiveness: 20.0; sincerity: 25.0; intelligence: 20.0; being funny: 15.0; ambition: 15.0; shared interests: 5.0. Would you be willing to date this man? And also tell me the reason. Your answer must be (YES) or (NO) followed by your reason. You must FOLLOW THIS RULE! You MUST NOT SAY other words.,NO. The weighted average score (5.55) is below a likely acceptable threshold; with low scores in sincerity (high importance) and attractiveness (moderate importance) outweighing strengths in intelligence; humor; ambition; and shared interests.,49,36,,0
Assume you are a 21-year-old single woman; and there is a 26-year-old man who is courting you. Your career type is Banking. You evaluated him on six dimensions with scores out of 10. These are attractiveness: 9.0/10; sincerity: 8.0/10; intelligence: 9.0/10; being funny: 7.0/10; ambition: 8.0/10; shared interests: nan/10. Your importance weights for these attributes are: attractiveness: 30.0; sincerity: 5.0; intelligence: 30.0; being funny: 15.0; ambition: 15.0; shared interests: 5.0. Would you be willing to date this man? And also tell me the reason. Your answer must be (YES) or (NO) followed by your reason. You must FOLLOW THIS RULE! You MUST NOT SAY other words.,YES. High scores in attractiveness (9.0) and intelligence (9.0); which are your top priorities (30.0 weight each); outweigh the lack of data on shared interests (5.0 weight). Other traits like sincerity (8.0); ambition (8.0); and humor (7.0) are also strong.,46,34,,1
Assume you are a 27-year-old woman with career type Informatics; currently matched with a partner. Your current partner's scores (out of 10): attractiveness: 7.0/10; sincerity: 7.0/10; intelligence: 7.0/10; being funny: 9.0/10; ambition: 8.0/10; shared interests: 7.0/10. A new man is courting you with scores: attractiveness: 8.0/10; sincerity: 7.0/10; intelligence: 7.0/10; being funny: 7.0/10; ambition: 6.0/10; shared interests: 7.0/10. Your importance weights are: attractiveness: 20.0; sincerity: 20.0; intelligence: 20.0; being funny: 10.0; ambition: 10.0; shared interests: 20.0. Would you leave your current partner for the new man? Your answer must be (YES) or (NO) followed by your reason. You must FOLLOW THIS RULE! You MUST NOT SAY other words.,NO – The weighted scores for both partners are equal (7.0); so there is no advantage in switching.,46,22,34,0
Assume you are a 25-year-old single man; and there is a 27-year-old woman who is courting you. Your career type is Entrepreneur. You evaluated her on six dimensions with scores out of 10. These are attractiveness: 7.0/10; sincerity: 8.0/10; intelligence: 7.0/10; being funny: 7.0/10; ambition: 7.0/10; shared interests: nan/10. Your importance weights for these attributes are: attractiveness: 20.0; sincerity: 20.0; intelligence: 20.0; being funny: 20.0; ambition: 5.0; shared interests: 15.0. Would you be willing to date this woman? And also tell me the reason. Your answer must be (YES) or (NO) followed by your reason. You must FOLLOW THIS RULE! You MUST NOT SAY other words.,YES. The weighted score is 7.2/10; which meets your criteria; and she excels in sincerity (8.0); a high-priority trait for you. Shared interests are unknown but not heavily weighted.,22,49,,1
Assume you are a 30-year-old single man; and there is a 30-year-old woman who is courting you. Your career type is law. You evaluated her on six dimensions with scores out of 10. These are attractiveness: 10.0/10; sincerity: 10.0/10; intelligence: 10.0/10; being funny: 10.0/10; ambition: 10.0/10; shared interests: nan/10. Your importance weights for these attributes are: attractiveness: 30.0; sincerity: 20.0; intelligence: 10.0; being funny: 30.0; ambition: 0.0; shared interests: 10.0. Would you be willing to date this woman? And also tell me the reason. Your answer must be (YES) or (NO) followed by your reason. You must FOLLOW THIS RULE! You MUST NOT SAY other words.,(YES) She scores perfectly in attractiveness; sincerity; intelligence; and being funny; which are highly weighted for you; and ambition is irrelevant since its weight is 0. Shared interests are unknown but carry low weight.,33,41,,1
Assume you are a 23-year-old single man; and there is a 21-year-old woman who is courting you. Your career type is Engineer. You evaluated her on six dimensions with scores out of 10. These are attractiveness: 6.0/10; sincerity: 10.0/10; intelligence: 9.0/10; being funny: 8.0/10; ambition: 9.0/10; shared interests: nan/10. Your importance weights for these attributes are: attractiveness: 20.0; sincerity: 25.0; intelligence: 20.0; being funny: 15.0; ambition: 10.0; shared interests: 10.0. Would you be willing to date this woman? And also tell me the reason. Your answer must be (YES) or (NO) followed by your reason. You must FOLLOW THIS RULE! You MUST NOT SAY other words.,YES. High scores in sincerity (10/10); intelligence (9/10); and ambition (9/10); which are highly weighted (25; 20; 10 respectively); outweigh the moderate attractiveness (6/10). Shared interests (nan/10) is unknown but has low weight (10). Overall; her strengths align well with your priorities.,23,42,,1
Assume you are a 23-year-old single man; and there is a 27-year-old woman who is courting you. Your career type is Law. You evaluated her on six dimensions with scores out of 10. These are attractiveness: 8.0/10; sincerity: 7.0/10; intelligence: 7.0/10; being funny: 9.0/10; ambition: 5.0/10; shared interests: 4.0/10. Your importance weights for these attributes are: attractiveness: 25.0; sincerity: 10.0; intelligence: 35.0; being funny: 15.0; ambition: 0.0; shared interests: 15.0. Would you be willing to date this woman? And also tell me the reason. Your answer must be (YES) or (NO) followed by your reason. You must FOLLOW THIS RULE! You MUST NOT SAY other words.,YES. The weighted score (attractiveness 2.0; sincerity 0.7; intelligence 2.45; being funny 1.35; ambition 0.0; shared interests 0.6) totals 6.1; which meets your prioritized criteria (intelligence and attractiveness weighted highest).,32,51,,1
Assume you are a 24-year-old single woman; and there is a 23-year-old man who is courting you. Your career type is law. You evaluated him on six dimensions with scores out of 10. These are attractiveness: 9.0/10; sincerity: 8.0/10; intelligence: 7.0/10; being funny: 10.0/10; ambition: 9.0/10; shared interests: 8.0/10. Your importance weights for these attributes are: attractiveness: 35.0; sincerity: 10.0; intelligence: 20.0; being funny: 20.0; ambition: 10.0; shared interests: 5.0. Would you be willing to date this man? And also tell me the reason. Your answer must be (YES) or (NO) followed by your reason. You must FOLLOW THIS RULE! You MUST NOT SAY other words.,YES. The weighted score is high (8.45/10); with strong attractiveness; humor; and ambition aligning well with your priorities.,55,31,,1
Assume you are a 22-year-old single woman; and there is a 25-year-old man who is courting you. Your career type is Speech Language Pathologist. You evaluated him on six dimensions with scores out of 10. These are attractiveness: 2.0/10; sincerity: 6.0/10; intelligence: 6.0/10; being funny: 6.0/10; ambition: 6.0/10; shared interests: nan/10. Your importance weights for these attributes are: attractiveness: 17.0; sincerity: 10.0; intelligence: 18.0; being funny: 20.0; ambition: 25.0; shared interests: 10.0. Would you be willing to date this man? And also tell me the reason. Your answer must be (YES) or (NO) followed by your reason. You must FOLLOW THIS RULE! You MUST NOT SAY other words.,NO. The scores in key weighted attributes (attractiveness; intelligence; ambition) are low or mediocre; and shared interests are unknown; making the overall compatibility insufficient.,40,27,,0
Assume you are a 30-year-old man with career type Academic; currently matched with a partner. Your current partner's scores (out of 10): attractiveness: 9.0/10; sincerity: 8.0/10; intelligence: 9.0/10; being funny: 7.0/10; ambition: 8.0/10; shared interests: nan/10. A new woman is courting you with scores: attractiveness: 5.0/10; sincerity: 6.0/10; intelligence: 7.0/10; being funny: 7.0/10; ambition: 7.0/10; shared interests: 6.0/10. Your importance weights are: attractiveness: 20.0; sincerity: 20.0; intelligence: 25.0; being funny: 25.0; ambition: 5.0; shared interests: 5.0. Would you leave your current partner for the new woman? Your answer must be (YES) or (NO) followed by your reason. You must FOLLOW THIS RULE! You MUST NOT SAY other words.,NO. The current partner scores higher in attractiveness; sincerity; intelligence; and ambition; which are weighted heavily in your priorities. The new woman does not outperform your current partner in any key areas you value most.,34,47,46,0
Assume you are a 23-year-old woman with career type law; currently matched with a partner. Your current partner's scores (out of 10): attractiveness: 7.0/10; sincerity: 8.0/10; intelligence: 7.0/10; being funny: 7.0/10; ambition: 7.0/10; shared interests: nan/10. A new man is courting you with scores: attractiveness: 9.0/10; sincerity: 9.0/10; intelligence: 9.0/10; being funny: 8.0/10; ambition: 5.0/10; shared interests: 3.0/10. Your importance weights are: attractiveness: 50.0; sincerity: 10.0; intelligence: 20.0; being funny: 10.0; ambition: 10.0; shared interests: 0.0. Would you leave your current partner for the new man? Your answer must be (YES) or (NO) followed by your reason. You must FOLLOW THIS RULE! You MUST NOT SAY other words.,YES. The new man scores higher in attractiveness; sincerity; intelligence; and being funny; which are your most weighted criteria (50.0; 10.0; 20.0; and 10.0 respectively). His lower ambition and shared interests scores are less important to you (10.0 and 0.0 weight). Overall; he aligns better with your priorities.,49,38,22,1
Assume you are a 27-year-old single woman; and there is a 24-year-old man who is courting you. Your career type is Organizational Change Consultant. You evaluated him on six dimensions with scores out of 10. These are attractiveness: 7.0/10; sincerity: 6.0/10; intelligence: 8.0/10; being funny: 6.0/10; ambition: 9.0/10; shared interests: 6.0/10. Your importance weights for these attributes are: attractiveness: 10.0; sincerity: 10.0; intelligence: 30.0; being funny: 25.0; ambition: 10.0; shared interests: 15.0. Would you be willing to date this man? And also tell me the reason. Your answer must be (YES) or (NO) followed by your reason. You must FOLLOW THIS RULE! You MUST NOT SAY other words.,NO. The weighted score (6.45) falls short of your priorities; particularly in sincerity (6.0) and being funny (6.0); which are highly weighted (10.0 and 25.0 respectively). Intelligence (8.0) is strong; but other key areas don’t meet your standards.,44,37,,0
Assume you are a 28-year-old single man; and there is a 25-year-old woman who is courting you. Your career type is consulting. You evaluated her on six dimensions with scores out of 10. These are attractiveness: 8.0/10; sincerity: 9.0/10; intelligence: 9.0/10; being funny: 9.0/10; ambition: 7.0/10; shared interests: 5.0/10. Your importance weights for these attributes are: attractiveness: 40.0; sincerity: 20.0; intelligence: 20.0; being funny: 20.0; ambition: 0.0; shared interests: 0.0. Would you be willing to date this woman? And also tell me the reason. Your answer must be (YES) or (NO) followed by your reason. You must FOLLOW THIS RULE! You MUST NOT SAY other words.,YES. The woman scores highly in the attributes you prioritize most (attractiveness; sincerity; intelligence; and humor); while the lower scores in ambition and shared interests are not weighted in your decision.,25,54,,1
Assume you are a 26-year-old woman with career type Biostatistics; currently matched with a partner. Your current partner's scores (out of 10): attractiveness: 8.0/10; sincerity: 10.0/10; intelligence: 10.0/10; being funny: 10.0/10; ambition: 10.0/10; shared interests: 8.0/10. A new man is courting you with scores: attractiveness: 5.0/10; sincerity: 6.0/10; intelligence: 8.0/10; being funny: 6.0/10; ambition: 8.0/10; shared interests: 4.0/10. Your importance weights are: attractiveness: 20.0; sincerity: 25.0; intelligence: 20.0; being funny: 15.0; ambition: 15.0; shared interests: 5.0. Would you leave your current partner for the new man? Your answer must be (YES) or (NO) followed by your reason. You must FOLLOW THIS RULE! You MUST NOT SAY other words.,NO. The new man scores significantly lower in key weighted categories like sincerity; intelligence; and shared interests; and does not outperform the current partner in any area important to you. The current partner's overall compatibility is much higher.,55,36,31,0
Assume you are a 25-year-old woman with career type Capital Markets; currently matched with a partner. Your current partner's scores (out of 10): attractiveness: 8.0/10; sincerity: 7.0/10; intelligence: 7.0/10; being funny: 8.0/10; ambition: 8.0/10; shared interests: 4.0/10. A new man is courting you with scores: attractiveness: 7.0/10; sincerity: 9.0/10; intelligence: 9.0/10; being funny: 9.0/10; ambition: 9.0/10; shared interests: 10.0/10. Your importance weights are: attractiveness: 20.0; sincerity: 23.0; intelligence: 23.0; being funny: 22.0; ambition: 7.0; shared interests: 5.0. Would you leave your current partner for the new man? Your answer must be (YES) or (NO) followed by your reason. You must FOLLOW THIS RULE! You MUST NOT SAY other words.,NO. The weighted score of your current partner (7.6) is slightly higher than the new man's (7.55); and the differences in key attributes (sincerity; intelligence; humor) are not significant enough to justify leaving.,49,35,38,0
Assume you are a 22-year-old single man; and there is a 23-year-old woman who is courting you. Your career type is Music production. You evaluated her on six dimensions with scores out of 10. These are attractiveness: 9.0/10; sincerity: 8.0/10; intelligence: 7.0/10; being funny: 9.0/10; ambition: nan/10; shared interests: 8.0/10. Your importance weights for these attributes are: attractiveness: 30.0; sincerity: 15.0; intelligence: 25.0; being funny: 25.0; ambition: 5.0; shared interests: 0.0. Would you be willing to date this woman? And also tell me the reason. Your answer must be (YES) or (NO) followed by your reason. You must FOLLOW THIS RULE! You MUST NOT SAY other words.,YES. High scores in attractiveness (9.0); being funny (9.0); and sincerity (8.0); which are heavily weighted (30.0; 25.0; 15.0). Intelligence (7.0) is decent; and ambition (NaN) is low-priority (5.0). Shared interests (8.0) are irrelevant (0.0 weight). Overall; she excels in your top priorities.,26,48,,1
Assume you are a 27-year-old woman with career type Organizational Change Consultant; currently matched with a partner. Your current partner's scores (out of 10): attractiveness: 7.0/10; sincerity: 7.0/10; intelligence: 7.0/10; being funny: 9.0/10; ambition: 8.0/10; shared interests: 7.0/10. A new man is courting you with scores: attractiveness: 8.0/10; sincerity: 5.0/10; intelligence: 9.0/10; being funny: 7.0/10; ambition: 6.0/10; shared interests: 5.0/10. Your importance weights are: attractiveness: 10.0; sincerity: 10.0; intelligence: 30.0; being funny: 25.0; ambition: 10.0; shared interests: 15.0. Would you leave your current partner for the new man? Your answer must be (YES) or (NO) followed by your reason. You must FOLLOW THIS RULE! You MUST NOT SAY other words.,NO. The new man scores significantly lower in sincerity (5.0 vs. 7.0) and shared interests (5.0 vs. 7.0); which are important to you (weights 10.0 and 15.0). While he scores higher in intelligence (9.0 vs. 7.0); your current partner's strengths in humor (9.0) and balanced scores in other key areas make him a better overall match.,46,37,34,0
Assume you are a 21-year-old woman with career type Undecided; currently matched with a partner. Your current partner's scores (out of 10): attractiveness: 8.0/10; sincerity: 7.0/10; intelligence: 7.0/10; being funny: 8.0/10; ambition: 8.0/10; shared interests: 4.0/10. A new man is courting you with scores: attractiveness: 9.0/10; sincerity: 9.0/10; intelligence: 10.0/10; being funny: 9.0/10; ambition: 9.0/10; shared interests: 8.0/10. Your importance weights are: attractiveness: 12.0; sincerity: 18.0; intelligence: 20.0; being funny: 16.0; ambition: 16.0; shared interests: 18.0. Would you leave your current partner for the new man? Your answer must be (YES) or (NO) followed by your reason. You must FOLLOW THIS RULE! You MUST NOT SAY other words.,YES - The new man scores higher in all weighted categories; especially sincerity; intelligence; and shared interests; which are most important to you.,49,21,38,1
Assume you are a 27-year-old single woman; and there is a 25-year-old man who is courting you. Your career type is Informatics. You evaluated him on six dimensions with scores out of 10. These are attractiveness: 5.0/10; sincerity: 7.0/10; intelligence: 7.0/10; being funny: 6.0/10; ambition: 7.0/10; shared interests: 5.0/10. Your importance weights for these attributes are: attractiveness: 20.0; sincerity: 20.0; intelligence: 20.0; being funny: 10.0; ambition: 10.0; shared interests: 20.0. Would you be willing to date this man? And also tell me the reason. Your answer must be (YES) or (NO) followed by your reason. You must FOLLOW THIS RULE! You MUST NOT SAY other words.,NO. The weighted average score is 6.0/10; which is below your likely threshold for compatibility; especially given the low scores in attractiveness (5.0) and shared interests (5.0); which are highly weighted (20.0 each).,40,22,,0
Assume you are a 24-year-old man with career type academia; currently matched with a partner. Your current partner's scores (out of 10): attractiveness: 9.0/10; sincerity: 9.0/10; intelligence: 10.0/10; being funny: 9.0/10; ambition: 9.0/10; shared interests: 8.0/10. A new woman is courting you with scores: attractiveness: 6.0/10; sincerity: 7.0/10; intelligence: 8.0/10; being funny: 6.0/10; ambition: 7.0/10; shared interests: 7.0/10. Your importance weights are: attractiveness: 25.0; sincerity: 15.0; intelligence: 25.0; being funny: 25.0; ambition: 15.0; shared interests: 15.0. Would you leave your current partner for the new woman? Your answer must be (YES) or (NO) followed by your reason. You must FOLLOW THIS RULE! You MUST NOT SAY other words.,NO. The new woman's weighted scores do not outweigh your current partner's significantly higher scores in key areas like attractiveness; intelligence; and being funny; which you value highly.,21,44,49,0
Assume you are a 24-year-old single woman; and there is a 25-year-old man who is courting you. Your career type is lawyer. You evaluated him on six dimensions with scores out of 10. These are attractiveness: 6.0/10; sincerity: 7.0/10; intelligence: 9.0/10; being funny: 9.0/10; ambition: 9.0/10; shared interests: 8.0/10. Your importance weights for these attributes are: attractiveness: 20.0; sincerity: 20.0; intelligence: 20.0; being funny: 15.0; ambition: 15.0; shared interests: 10.0. Would you be willing to date this man? And also tell me the reason. Your answer must be (YES) or (NO) followed by your reason. You must FOLLOW THIS RULE! You MUST NOT SAY other words.,YES. The weighted scores (attractiveness: 1.2; sincerity: 1.4; intelligence: 1.8; being funny: 1.35; ambition: 1.35; shared interests: 0.8) sum to 7.9/10; indicating strong compatibility; especially in high-priority traits like intelligence and sincerity.,40,39,,1
Assume you are a 23-year-old woman with career type law; currently matched with a partner. Your current partner's scores (out of 10): attractiveness: 8.0/10; sincerity: 9.0/10; intelligence: 9.0/10; being funny: 9.0/10; ambition: 7.0/10; shared interests: 5.0/10. A new man is courting you with scores: attractiveness: 3.0/10; sincerity: 9.0/10; intelligence: 9.0/10; being funny: 5.0/10; ambition: 9.0/10; shared interests: 5.0/10. Your importance weights are: attractiveness: 50.0; sincerity: 10.0; intelligence: 20.0; being funny: 10.0; ambition: 10.0; shared interests: 0.0. Would you leave your current partner for the new man? Your answer must be (YES) or (NO) followed by your reason. You must FOLLOW THIS RULE! You MUST NOT SAY other words.,NO Your current partner scores higher in attractiveness (which you weight heavily) and maintains strong scores in sincerity; intelligence; and humor; outweighing the new man's higher ambition. Shared interests are irrelevant to you; so the new man offers no compelling advantage.,54,38,25,0
Assume you are a 30-year-old single man; and there is a 26-year-old woman who is courting you. Your career type is Academic. You evaluated her on six dimensions with scores out of 10. These are attractiveness: 6.0/10; sincerity: 6.0/10; intelligence: 6.0/10; being funny: 5.0/10; ambition: 8.0/10; shared interests: 4.0/10. Your importance weights for these attributes are: attractiveness: 20.0; sincerity: 20.0; intelligence: 25.0; being funny: 25.0; ambition: 5.0; shared interests: 5.0. Would you be willing to date this woman? And also tell me the reason. Your answer must be (YES) or (NO) followed by your reason. You must FOLLOW THIS RULE! You MUST NOT SAY other words.,NO. The weighted scores (attractiveness: 1.2; sincerity: 1.2; intelligence: 1.5; being funny: 1.25; ambition: 0.4; shared interests: 0.2) sum to 5.75; which is below the threshold for compatibility given your priorities (intelligence and humor are highly weighted but scored moderately/low).,36,47,,0
Assume you are a 30-year-old man with career type Academic; currently matched with a partner. Your current partner's scores (out of 10): attractiveness: 9.0/10; sincerity: 9.0/10; intelligence: 10.0/10; being funny: 9.0/10; ambition: 9.0/10; shared interests: 8.0/10. A new woman is courting you with scores: attractiveness: 9.0/10; sincerity: 5.0/10; intelligence: 6.0/10; being funny: 5.0/10; ambition: 5.0/10; shared interests: 7.0/10. Your importance weights are: attractiveness: 20.0; sincerity: 20.0; intelligence: 25.0; being funny: 25.0; ambition: 5.0; shared interests: 5.0. Would you leave your current partner for the new woman? Your answer must be (YES) or (NO) followed by your reason. You must FOLLOW THIS RULE! You MUST NOT SAY other words.,NO. The new woman scores significantly lower in key weighted categories like sincerity; intelligence; and being funny; which are highly important to you (20.0; 25.0; and 25.0 weight respectively). The slight edge in shared interests does not outweigh these substantial drawbacks.,21,47,49,0
Assume you are a 27-year-old woman with career type Organizational Change Consultant; currently matched with a partner. Your current partner's scores (out of 10): attractiveness: 9.0/10; sincerity: 8.0/10; intelligence: 7.0/10; being funny: 9.0/10; ambition: nan/10; shared interests: 8.0/10. A new man is courting you with scores: attractiveness: 8.0/10; sincerity: 5.0/10; intelligence: 6.0/10; being funny: 9.0/10; ambition: 4.0/10; shared interests: 6.0/10. Your importance weights are: attractiveness: 10.0; sincerity: 10.0; intelligence: 30.0; being funny: 25.0; ambition: 10.0; shared interests: 15.0. Would you leave your current partner for the new man? Your answer must be (YES) or (NO) followed by your reason. You must FOLLOW THIS RULE! You MUST NOT SAY other words.,NO. The new man scores lower in sincerity; intelligence; and ambition; which are highly weighted in your priorities. Your current partner outperforms him in key areas you value.,48,37,26,0
Assume you are a 23-year-old woman with career type law; currently matched with a partner. Your current partner's scores (out of 10): attractiveness: 6.0/10; sincerity: 10.0/10; intelligence: 9.0/10; being funny: 8.0/10; ambition: 9.0/10; shared interests: nan/10. A new man is courting you with scores: attractiveness: 8.0/10; sincerity: 8.0/10; intelligence: 10.0/10; being funny: 7.0/10; ambition: 7.0/10; shared interests: 7.0/10. Your importance weights are: attractiveness: 50.0; sincerity: 10.0; intelligence: 20.0; being funny: 10.0; ambition: 10.0; shared interests: 0.0. Would you leave your current partner for the new man? Your answer must be (YES) or (NO) followed by your reason. You must FOLLOW THIS RULE! You MUST NOT SAY other words.,NO. Your current partner scores higher in sincerity; ambition; and intelligence—traits you value more (based on your weights). The new man's higher attractiveness doesn't outweigh these. Shared interests are weighted 0; so they don't influence the decision.,42,38,23,0
Assume you are a 23-year-old woman with career type Lawyer; currently matched with a partner. Your current partner's scores (out of 10): attractiveness: 10.0/10; sincerity: 10.0/10; intelligence: 10.0/10; being funny: 10.0/10; ambition: 10.0/10; shared interests: nan/10. A new man is courting you with scores: attractiveness: 8.0/10; sincerity: 9.0/10; intelligence: 8.0/10; being funny: 5.0/10; ambition: 9.0/10; shared interests: 5.0/10. Your importance weights are: attractiveness: 10.0; sincerity: 20.0; intelligence: 20.0; being funny: 20.0; ambition: 20.0; shared interests: 10.0. Would you leave your current partner for the new man? Your answer must be (YES) or (NO) followed by your reason. You must FOLLOW THIS RULE! You MUST NOT SAY other words.,NO. The current partner scores perfectly in all weighted categories (attractiveness; sincerity; intelligence; being funny; ambition) which align closely with your high importance weights; while the new man falls short in key areas like being funny and shared interests. The unknown shared interests with the current partner could also be high; making the switch unjustified.,41,30,33,0
Assume you are a 22-year-old single woman; and there is a 24-year-old man who is courting you. Your career type is Speech Language Pathologist. You evaluated him on six dimensions with scores out of 10. These are attractiveness: 1.0/10; sincerity: 6.0/10; intelligence: 7.0/10; being funny: 6.0/10; ambition: 4.0/10; shared interests: 3.0/10. Your importance weights for these attributes are: attractiveness: 17.0; sincerity: 10.0; intelligence: 18.0; being funny: 20.0; ambition: 25.0; shared interests: 10.0. Would you be willing to date this man? And also tell me the reason. Your answer must be (YES) or (NO) followed by your reason. You must FOLLOW THIS RULE! You MUST NOT SAY other words.,NO. The low scores in attractiveness (1.0/10) and shared interests (3.0/10); combined with the low ambition score (4.0/10) which has a high importance weight (25.0); make him an unsuitable match despite moderate scores in sincerity; intelligence; and being funny.,43,27,,0
Assume you are a 24-year-old man with career type academia; currently matched with a partner. Your current partner's scores (out of 10): attractiveness: 6.0/10; sincerity: 6.0/10; intelligence: 7.0/10; being funny: 6.0/10; ambition: 6.0/10; shared interests: 6.0/10. A new woman is courting you with scores: attractiveness: 8.0/10; sincerity: 8.0/10; intelligence: 8.0/10; being funny: 10.0/10; ambition: 7.0/10; shared interests: 8.0/10. Your importance weights are: attractiveness: 25.0; sincerity: 15.0; intelligence: 25.0; being funny: 25.0; ambition: 15.0; shared interests: 15.0. Would you leave your current partner for the new woman? Your answer must be (YES) or (NO) followed by your reason. You must FOLLOW THIS RULE! You MUST NOT SAY other words.,YES. The new woman scores significantly higher in key weighted categories (attractiveness; intelligence; being funny) and matches or exceeds in others; aligning better with your priorities.,23,44,42,1
Assume you are a 27-year-old woman with career type Organizational Change Consultant; currently matched with a partner. Your current partner's scores (out of 10): attractiveness: 8.0/10; sincerity: 7.0/10; intelligence: 7.0/10; being funny: 9.0/10; ambition: 5.0/10; shared interests: 4.0/10. A new man is courting you with scores: attractiveness: 7.0/10; sincerity: 4.0/10; intelligence: 7.0/10; being funny: 7.0/10; ambition: 6.0/10; shared interests: 8.0/10. Your importance weights are: attractiveness: 10.0; sincerity: 10.0; intelligence: 30.0; being funny: 25.0; ambition: 10.0; shared interests: 15.0. Would you leave your current partner for the new man? Your answer must be (YES) or (NO) followed by your reason. You must FOLLOW THIS RULE! You MUST NOT SAY other words.,NO. The current partner scores higher in key weighted categories like sincerity (10.0 weight); being funny (25.0 weight); and attractiveness (10.0 weight); while the new man's lower sincerity (4.0) is a significant drawback despite higher shared interests. The overall weighted score favors the current partner.,51,37,32,0
Assume you are a 25-year-old single woman; and there is a 23-year-old man who is courting you. Your career type is Capital Markets. You evaluated him on six dimensions with scores out of 10. These are attractiveness: 6.0/10; sincerity: 8.0/10; intelligence: 9.0/10; being funny: 8.0/10; ambition: 7.0/10; shared interests: 9.0/10. Your importance weights for these attributes are: attractiveness: 20.0; sincerity: 23.0; intelligence: 23.0; being funny: 22.0; ambition: 7.0; shared interests: 5.0. Would you be willing to date this man? And also tell me the reason. Your answer must be (YES) or (NO) followed by your reason. You must FOLLOW THIS RULE! You MUST NOT SAY other words.,YES. His high scores in sincerity; intelligence; and being funny—which are your most weighted attributes—outweigh the lower scores in attractiveness and ambition; which are less important to you. Shared interests; though low-weight; are also strong.,42,35,,1
Assume you are a 27-year-old woman with career type Informatics; currently matched with a partner. Your current partner's scores (out of 10): attractiveness: 10.0/10; sincerity: 10.0/10; intelligence: 10.0/10; being funny: 10.0/10; ambition: 10.0/10; shared interests: nan/10. A new man is courting you with scores: attractiveness: 4.0/10; sincerity: 7.0/10; intelligence: 6.0/10; being funny: 6.0/10; ambition: 7.0/10; shared interests: 2.0/10. Your importance weights are: attractiveness: 20.0; sincerity: 20.0; intelligence: 20.0; being funny: 10.0; ambition: 10.0; shared interests: 20.0. Would you leave your current partner for the new man? Your answer must be (YES) or (NO) followed by your reason. You must FOLLOW THIS RULE! You MUST NOT SAY other words.,NO. The new man scores significantly lower in all key categories (attractiveness; sincerity; intelligence; ambition; and shared interests) compared to your current partner; who has perfect scores in these areas. The shared interests score for your current partner is unknown (nan); but the new man's low score (2.0/10) in this category does not outweigh the current partner's superior qualities.,41,22,33,0
Assume you are a 24-year-old man with career type Academic; currently matched with a partner. Your current partner's scores (out of 10): attractiveness: 9.0/10; sincerity: 9.0/10; intelligence: 10.0/10; being funny: 9.0/10; ambition: 9.0/10; shared interests: 8.0/10. A new woman is courting you with scores: attractiveness: 4.0/10; sincerity: 5.0/10; intelligence: 6.0/10; being funny: 4.0/10; ambition: 6.0/10; shared interests: 2.0/10. Your importance weights are: attractiveness: 25.0; sincerity: 35.0; intelligence: 30.0; being funny: 10.0; ambition: 0.0; shared interests: 0.0. Would you leave your current partner for the new woman? Your answer must be (YES) or (NO) followed by your reason. You must FOLLOW THIS RULE! You MUST NOT SAY other words.,NO. The new woman scores significantly lower in the attributes you value most (attractiveness; sincerity; and intelligence); making her a less suitable match compared to your current partner.,21,43,49,0
Assume you are a 21-year-old single man; and there is a 22-year-old woman who is courting you. Your career type is Intellectual Property Attorney. You evaluated her on six dimensions with scores out of 10. These are attractiveness: 8.0/10; sincerity: 7.0/10; intelligence: 7.0/10; being funny: 6.0/10; ambition: 6.0/10; shared interests: 7.0/10. Your importance weights for these attributes are: attractiveness: 15.0; sincerity: 20.0; intelligence: 15.0; being funny: 30.0; ambition: 5.0; shared interests: 15.0. Would you be willing to date this woman? And also tell me the reason. Your answer must be (YES) or (NO) followed by your reason. You must FOLLOW THIS RULE! You MUST NOT SAY other words.,NO Your weighted score for her is below your threshold for dating; with humor (a high-priority trait for you) scoring only 6.0/10.,27,52,,0
Assume you are a 30-year-old single man; and there is a 27-year-old woman who is courting you. Your career type is Academic. You evaluated her on six dimensions with scores out of 10. These are attractiveness: nan/10; sincerity: 5.0/10; intelligence: 6.0/10; being funny: 5.0/10; ambition: 6.0/10; shared interests: 3.0/10. Your importance weights for these attributes are: attractiveness: 20.0; sincerity: 20.0; intelligence: 25.0; being funny: 25.0; ambition: 5.0; shared interests: 5.0. Would you be willing to date this woman? And also tell me the reason. Your answer must be (YES) or (NO) followed by your reason. You must FOLLOW THIS RULE! You MUST NOT SAY other words.,NO - The weighted scores for sincerity (5.0); intelligence (6.0); and being funny (5.0) are too low relative to their high importance weights (20.0; 25.0; 25.0); and shared interests (3.0) are minimal despite low weight. Attractiveness is unrated; but the other critical dimensions fall short.,22,47,,0
Assume you are a 24-year-old man with career type Academic; currently matched with a partner. Your current partner's scores (out of 10): attractiveness: 5.0/10; sincerity: 8.0/10; intelligence: 8.0/10; being funny: 6.0/10; ambition: 9.0/10; shared interests: 6.0/10. A new woman is courting you with scores: attractiveness: 8.0/10; sincerity: 5.0/10; intelligence: 6.0/10; being funny: 6.0/10; ambition: 5.0/10; shared interests: 1.0/10. Your importance weights are: attractiveness: 25.0; sincerity: 35.0; intelligence: 30.0; being funny: 10.0; ambition: 0.0; shared interests: 0.0. Would you leave your current partner for the new woman? Your answer must be (YES) or (NO) followed by your reason. You must FOLLOW THIS RULE! You MUST NOT SAY other words.,NO. The new woman scores lower in sincerity (35.0 weight) and intelligence (30.0 weight); which are your most important traits; despite her higher attractiveness (25.0 weight). Your current partner better aligns with your priorities.,25,43,54,0
Assume you are a 27-year-old woman with career type Organizational Change Consultant; currently matched with a partner. Your current partner's scores (out of 10): attractiveness: 3.0/10; sincerity: 8.0/10; intelligence: 7.0/10; being funny: 7.0/10; ambition: 10.0/10; shared interests: 4.0/10. A new man is courting you with scores: attractiveness: 4.0/10; sincerity: 4.0/10; intelligence: 6.0/10; being funny: 7.0/10; ambition: 5.0/10; shared interests: 4.0/10. Your importance weights are: attractiveness: 10.0; sincerity: 10.0; intelligence: 30.0; being funny: 25.0; ambition: 10.0; shared interests: 15.0. Would you leave your current partner for the new man? Your answer must be (YES) or (NO) followed by your reason. You must FOLLOW THIS RULE! You MUST NOT SAY other words.,NO. The current partner scores higher in sincerity; intelligence; and ambition; which are weighted heavily in your priorities. The new man does not offer enough improvement in key areas to justify leaving.,42,37,35,0
Assume you are a 22-year-old woman with career type Social Work Administration; currently matched with a partner. Your current partner's scores (out of 10): attractiveness: 3.0/10; sincerity: 10.0/10; intelligence: 9.0/10; being funny: 10.0/10; ambition: 4.0/10; shared interests: 4.0/10. A new man is courting you with scores: attractiveness: 4.0/10; sincerity: 9.0/10; intelligence: 4.0/10; being funny: 4.0/10; ambition: 5.0/10; shared interests: nan/10. Your importance weights are: attractiveness: 20.0; sincerity: 22.0; intelligence: 18.0; being funny: 15.0; ambition: 15.0; shared interests: 10.0. Would you leave your current partner for the new man? Your answer must be (YES) or (NO) followed by your reason. You must FOLLOW THIS RULE! You MUST NOT SAY other words.,NO. The new man does not significantly outperform your current partner in any key areas (attractiveness; ambition; shared interests) and scores much lower in sincerity; intelligence; and humor—traits you highly value. The lack of shared interests data also makes the decision riskier. Your current partner excels in the qualities you prioritize most.,40,29,39,0
Assume you are a 26-year-old woman with career type Biostatistics; currently matched with a partner. Your current partner's scores (out of 10): attractiveness: 8.0/10; sincerity: 9.0/10; intelligence: 9.0/10; being funny: 9.0/10; ambition: 7.0/10; shared interests: 5.0/10. A new man is courting you with scores: attractiveness: 3.0/10; sincerity: 4.0/10; intelligence: 6.0/10; being funny: 4.0/10; ambition: 5.0/10; shared interests: 2.0/10. Your importance weights are: attractiveness: 20.0; sincerity: 25.0; intelligence: 20.0; being funny: 15.0; ambition: 15.0; shared interests: 5.0. Would you leave your current partner for the new man? Your answer must be (YES) or (NO) followed by your reason. You must FOLLOW THIS RULE! You MUST NOT SAY other words.,NO. The new man scores significantly lower in key weighted categories (sincerity; intelligence; attractiveness) and offers no compelling advantage over the current partner.,54,36,25,0
Assume you are a 21-year-old man with career type Intellectual Property Attorney; currently matched with a partner. Your current partner's scores (out of 10): attractiveness: 9.0/10; sincerity: 8.0/10; intelligence: 7.0/10; being funny: 10.0/10; ambition: 9.0/10; shared interests: 8.0/10. A new woman is courting you with scores: attractiveness: 8.0/10; sincerity: 8.0/10; intelligence: 8.0/10; being funny: 6.0/10; ambition: 7.0/10; shared interests: 5.0/10. Your importance weights are: attractiveness: 15.0; sincerity: 20.0; intelligence: 15.0; being funny: 30.0; ambition: 5.0; shared interests: 15.0. Would you leave your current partner for the new woman? Your answer must be (YES) or (NO) followed by your reason. You must FOLLOW THIS RULE! You MUST NOT SAY other words.,NO   Reason: The current partner scores higher in weighted attributes (funny: 30.0 weight; attractiveness: 15.0; shared interests: 15.0); outweighing the new woman's appeal.,31,52,55,0
Assume you are a 22-year-old single woman; and there is a 30-year-old man who is courting you. Your career type is Social Work Administration. You evaluated him on six dimensions with scores out of 10. These are attractiveness: 5.0/10; sincerity: 6.0/10; intelligence: 6.0/10; being funny: 7.0/10; ambition: 6.0/10; shared interests: nan/10. Your importance weights for these attributes are: attractiveness: 20.0; sincerity: 22.0; intelligence: 18.0; being funny: 15.0; ambition: 15.0; shared interests: 10.0. Would you be willing to date this man? And also tell me the reason. Your answer must be (YES) or (NO) followed by your reason. You must FOLLOW THIS RULE! You MUST NOT SAY other words.,NO. The weighted average score is below average (5.6/10); with low scores in sincerity; intelligence; and attractiveness; which are highly weighted for you. Shared interests are unknown; further reducing compatibility.,47,29,,0
Assume you are a 26-year-old single woman; and there is a 28-year-old man who is courting you. Your career type is Biostatistics. You evaluated him on six dimensions with scores out of 10. These are attractiveness: 2.0/10; sincerity: 2.0/10; intelligence: 5.0/10; being funny: 2.0/10; ambition: 8.0/10; shared interests: 4.0/10. Your importance weights for these attributes are: attractiveness: 20.0; sincerity: 25.0; intelligence: 20.0; being funny: 15.0; ambition: 15.0; shared interests: 5.0. Would you be willing to date this man? And also tell me the reason. Your answer must be (YES) or (NO) followed by your reason. You must FOLLOW THIS RULE! You MUST NOT SAY other words.,NO. The scores for attractiveness (2.0); sincerity (2.0); and being funny (2.0) are very low; and these are highly weighted attributes for you (20.0; 25.0; and 15.0 respectively). The overall compatibility is too low despite his high ambition (8.0).,45,36,,0
Assume you are a 21-year-old man with career type Intellectual Property Attorney; currently matched with a partner. Your current partner's scores (out of 10): attractiveness: 9.0/10; sincerity: 9.0/10; intelligence: 10.0/10; being funny: 9.0/10; ambition: 9.0/10; shared interests: 8.0/10. A new woman is courting you with scores: attractiveness: 6.0/10; sincerity: 6.0/10; intelligence: 8.0/10; being funny: 6.0/10; ambition: 7.0/10; shared interests: 6.0/10. Your importance weights are: attractiveness: 15.0; sincerity: 20.0; intelligence: 15.0; being funny: 30.0; ambition: 5.0; shared interests: 15.0. Would you leave your current partner for the new woman? Your answer must be (YES) or (NO) followed by your reason. You must FOLLOW THIS RULE! You MUST NOT SAY other words.,NO. The new woman scores significantly lower in key weighted categories like being funny (30.0 weight) and sincerity (20.0 weight); and overall does not outperform your current partner in any meaningful way.,21,52,49,0
Assume you are a 27-year-old single woman; and there is a 28-year-old man who is courting you. Your career type is Organizational Change Consultant. You evaluated him on six dimensions with scores out of 10. These are attractiveness: 6.0/10; sincerity: 4.0/10; intelligence: 7.0/10; being funny: 4.0/10; ambition: 5.0/10; shared interests: 2.0/10. Your importance weights for these attributes are: attractiveness: 10.0; sincerity: 10.0; intelligence: 30.0; being funny: 25.0; ambition: 10.0; shared interests: 15.0. Would you be willing to date this man? And also tell me the reason. Your answer must be (YES) or (NO) followed by your reason. You must FOLLOW THIS RULE! You MUST NOT SAY other words.,NO. The weighted scores (attractiveness: 6.0; sincerity: 4.0; intelligence: 21.0; being funny: 10.0; ambition: 5.0; shared interests: 3.0) sum to 49.0/100; which is below a reasonable threshold for compatibility given your priorities (intelligence; humor; and shared interests are highly weighted but underperformed).,45,37,,0
Assume you are a 23-year-old woman with career type Lawyer; currently matched with a partner. Your current partner's scores (out of 10): attractiveness: 8.0/10; sincerity: 8.0/10; intelligence: 8.0/10; being funny: 10.0/10; ambition: 7.0/10; shared interests: 8.0/10. A new man is courting you with scores: attractiveness: 6.0/10; sincerity: 9.0/10; intelligence: 7.0/10; being funny: 5.0/10; ambition: 6.0/10; shared interests: 3.0/10. Your importance weights are: attractiveness: 10.0; sincerity: 20.0; intelligence: 20.0; being funny: 20.0; ambition: 20.0; shared interests: 10.0. Would you leave your current partner for the new man? Your answer must be (YES) or (NO) followed by your reason. You must FOLLOW THIS RULE! You MUST NOT SAY other words.,NO. The new man scores significantly lower in key weighted categories like intelligence; being funny; ambition; and shared interests; which are highly important to you. Your current partner outperforms him in most areas that matter to you.,44,30,23,0
Assume you are a 26-year-old woman with career type Biostatistics; currently matched with a partner. Your current partner's scores (out of 10): attractiveness: 7.0/10; sincerity: 7.0/10; intelligence: 7.0/10; being funny: 9.0/10; ambition: 8.0/10; shared interests: 7.0/10. A new man is courting you with scores: attractiveness: 2.0/10; sincerity: 5.0/10; intelligence: 4.0/10; being funny: 3.0/10; ambition: 4.0/10; shared interests: 2.0/10. Your importance weights are: attractiveness: 20.0; sincerity: 25.0; intelligence: 20.0; being funny: 15.0; ambition: 15.0; shared interests: 5.0. Would you leave your current partner for the new man? Your answer must be (YES) or (NO) followed by your reason. You must FOLLOW THIS RULE! You MUST NOT SAY other words.,NO. The new man scores significantly lower in all categories; especially in key areas like sincerity and intelligence; which have high importance weights. The current partner is a much better overall match.,46,36,34,0
Assume you are a 30-year-old man with career type Academic; currently matched with a partner. Your current partner's scores (out of 10): attractiveness: 7.0/10; sincerity: 7.0/10; intelligence: 7.0/10; being funny: 6.0/10; ambition: 6.0/10; shared interests: 9.0/10. A new woman is courting you with scores: attractiveness: 5.0/10; sincerity: 6.0/10; intelligence: 6.0/10; being funny: 4.0/10; ambition: 7.0/10; shared interests: 4.0/10. Your importance weights are: attractiveness: 20.0; sincerity: 20.0; intelligence: 25.0; being funny: 25.0; ambition: 5.0; shared interests: 5.0. Would you leave your current partner for the new woman? Your answer must be (YES) or (NO) followed by your reason. You must FOLLOW THIS RULE! You MUST NOT SAY other words.,NO. The current partner scores higher in key weighted categories like intelligence; being funny; and shared interests; which outweigh the new woman's slightly higher ambition. The overall compatibility is better with the current partner.,23,47,44,0
Assume you are a 22-year-old woman with career type Speech Language Pathologist; currently matched with a partner. Your current partner's scores (out of 10): attractiveness: 7.0/10; sincerity: 7.0/10; intelligence: 7.0/10; being funny: 9.0/10; ambition: 8.0/10; shared interests: 7.0/10. A new man is courting you with scores: attractiveness: 8.0/10; sincerity: 7.0/10; intelligence: 6.0/10; being funny: 6.0/10; ambition: 4.0/10; shared interests: 4.0/10. Your importance weights are: attractiveness: 17.0; sincerity: 10.0; intelligence: 18.0; being funny: 20.0; ambition: 25.0; shared interests: 10.0. Would you leave your current partner for the new man? Your answer must be (YES) or (NO) followed by your reason. You must FOLLOW THIS RULE! You MUST NOT SAY other words.,NO. The new man scores lower in key weighted categories like intelligence; ambition; and shared interests; which are more important to you than his slight edge in attractiveness. Your current partner better aligns with your priorities.,46,27,34,0
Assume you are a 21-year-old single man; and there is a 27-year-old woman who is courting you. Your career type is Intellectual Property Attorney. You evaluated her on six dimensions with scores out of 10. These are attractiveness: 4.0/10; sincerity: 6.0/10; intelligence: 7.0/10; being funny: 6.0/10; ambition: 5.0/10; shared interests: 5.0/10. Your importance weights for these attributes are: attractiveness: 15.0; sincerity: 20.0; intelligence: 15.0; being funny: 30.0; ambition: 5.0; shared interests: 15.0. Would you be willing to date this woman? And also tell me the reason. Your answer must be (YES) or (NO) followed by your reason. You must FOLLOW THIS RULE! You MUST NOT SAY other words.,NO Reason: The weighted score (4.15 + 6.20 + 7.15 + 6.30 + 5.5 + 5.15 = 60 + 120 + 105 + 180 + 25 + 75 = 565) is below your likely threshold for compatibility; with low scores in key areas like being funny (high weight) and attractiveness.,22,52,,0
Assume you are a 27-year-old woman with career type Informatics; currently matched with a partner. Your current partner's scores (out of 10): attractiveness: 3.0/10; sincerity: 8.0/10; intelligence: 7.0/10; being funny: 7.0/10; ambition: 10.0/10; shared interests: 4.0/10. A new man is courting you with scores: attractiveness: 5.0/10; sincerity: 6.0/10; intelligence: 6.0/10; being funny: 5.0/10; ambition: 6.0/10; shared interests: 3.0/10. Your importance weights are: attractiveness: 20.0; sincerity: 20.0; intelligence: 20.0; being funny: 10.0; ambition: 10.0; shared interests: 20.0. Would you leave your current partner for the new man? Your answer must be (YES) or (NO) followed by your reason. You must FOLLOW THIS RULE! You MUST NOT SAY other words.,NO. The new man's overall weighted score is lower than your current partner's; especially in key areas like sincerity; intelligence; and shared interests; which have high importance weights for you.,42,22,35,0
Assume you are a 22-year-old woman with career type Social Work Administration; currently matched with a partner. Your current partner's scores (out of 10): attractiveness: 10.0/10; sincerity: 10.0/10; intelligence: 10.0/10; being funny: 10.0/10; ambition: 10.0/10; shared interests: nan/10. A new man is courting you with scores: attractiveness: 4.0/10; sincerity: 8.0/10; intelligence: 6.0/10; being funny: 3.0/10; ambition: 6.0/10; shared interests: nan/10. Your importance weights are: attractiveness: 20.0; sincerity: 22.0; intelligence: 18.0; being funny: 15.0; ambition: 15.0; shared interests: 10.0. Would you leave your current partner for the new man? Your answer must be (YES) or (NO) followed by your reason. You must FOLLOW THIS RULE! You MUST NOT SAY other words.,NO. The new man scores significantly lower in attractiveness; intelligence; being funny; and ambition; which are highly weighted in your priorities. Your current partner excels in all areas.,41,29,33,0
Assume you are a 30-year-old man with career type Academic; currently matched with a partner. Your current partner's scores (out of 10): attractiveness: 6.0/10; sincerity: 5.0/10; intelligence: 5.0/10; being funny: 7.0/10; ambition: 6.0/10; shared interests: 3.0/10. A new woman is courting you with scores: attractiveness: 5.0/10; sincerity: 6.0/10; intelligence: 6.0/10; being funny: 6.0/10; ambition: 6.0/10; shared interests: 6.0/10. Your importance weights are: attractiveness: 20.0; sincerity: 20.0; intelligence: 25.0; being funny: 25.0; ambition: 5.0; shared interests: 5.0. Would you leave your current partner for the new woman? Your answer must be (YES) or (NO) followed by your reason. You must FOLLOW THIS RULE! You MUST NOT SAY other words.,NO. The current partner scores higher in the most important categories for you (being funny and intelligence; which together account for 50% of your weighted preferences); despite lower shared interests. The new woman does not offer a significant enough improvement in your key priorities to justify leaving.,26,47,48,0
Assume you are a 30-year-old single man; and there is a 22-year-old woman who is courting you. Your career type is Academic. You evaluated her on six dimensions with scores out of 10. These are attractiveness: 7.0/10; sincerity: 5.0/10; intelligence: 6.0/10; being funny: 6.0/10; ambition: 4.0/10; shared interests: 5.0/10. Your importance weights for these attributes are: attractiveness: 20.0; sincerity: 20.0; intelligence: 25.0; being funny: 25.0; ambition: 5.0; shared interests: 5.0. Would you be willing to date this woman? And also tell me the reason. Your answer must be (YES) or (NO) followed by your reason. You must FOLLOW THIS RULE! You MUST NOT SAY other words.,NO. The weighted scores (attractiveness: 1.4; sincerity: 1.0; intelligence: 1.5; being funny: 1.5; ambition: 0.2; shared interests: 0.25) sum to 5.85/10; which is below a likely threshold for compatibility given your priorities (intelligence and humor are highly weighted but only moderately met).,27,47,,0
Assume you are a 24-year-old man with career type Academic; currently matched with a partner. Your current partner's scores (out of 10): attractiveness: 6.0/10; sincerity: 5.0/10; intelligence: 5.0/10; being funny: 7.0/10; ambition: 6.0/10; shared interests: 3.0/10. A new woman is courting you with scores: attractiveness: 6.0/10; sincerity: 5.0/10; intelligence: 7.0/10; being funny: 5.0/10; ambition: 5.0/10; shared interests: 2.0/10. Your importance weights are: attractiveness: 25.0; sincerity: 35.0; intelligence: 30.0; being funny: 10.0; ambition: 0.0; shared interests: 0.0. Would you leave your current partner for the new woman? Your answer must be (YES) or (NO) followed by your reason. You must FOLLOW THIS RULE! You MUST NOT SAY other words.,NO. The new woman's weighted score (5.85) is slightly lower than your current partner's (5.95); primarily due to lower sincerity and shared interests; which are important to you.,26,43,48,0
Assume you are a 23-year-old woman with career type Lawyer; currently matched with a partner. Your current partner's scores (out of 10): attractiveness: 3.0/10; sincerity: 10.0/10; intelligence: 9.0/10; being funny: 10.0/10; ambition: 4.0/10; shared interests: 4.0/10. A new man is courting you with scores: attractiveness: 3.0/10; sincerity: 6.0/10; intelligence: 6.0/10; being funny: 5.0/10; ambition: 6.0/10; shared interests: 5.0/10. Your importance weights are: attractiveness: 10.0; sincerity: 20.0; intelligence: 20.0; being funny: 20.0; ambition: 20.0; shared interests: 10.0. Would you leave your current partner for the new man? Your answer must be (YES) or (NO) followed by your reason. You must FOLLOW THIS RULE! You MUST NOT SAY other words.,NO. The current partner scores higher in sincerity; intelligence; and being funny—traits you value most (weighted 20.0 each). The new man does not outperform your current partner in any highly weighted category.,40,30,39,0
Assume you are a 24-year-old single man; and there is a 22-year-old woman who is courting you. Your career type is Academic. You evaluated her on six dimensions with scores out of 10. These are attractiveness: 7.0/10; sincerity: 6.0/10; intelligence: 5.0/10; being funny: 7.0/10; ambition: 3.0/10; shared interests: 5.0/10. Your importance weights for these attributes are: attractiveness: 25.0; sincerity: 35.0; intelligence: 30.0; being funny: 10.0; ambition: 0.0; shared interests: 0.0. Would you be willing to date this woman? And also tell me the reason. Your answer must be (YES) or (NO) followed by your reason. You must FOLLOW THIS RULE! You MUST NOT SAY other words.,NO - Her sincerity (6.0) and intelligence (5.0) scores are below your high importance weights (35.0 and 30.0 respectively); which are critical for your academic career and personal values.,27,43,,0
Assume you are a 27-year-old single woman; and there is a 24-year-old man who is courting you. Your career type is Informatics. You evaluated him on six dimensions with scores out of 10. These are attractiveness: 5.0/10; sincerity: 7.0/10; intelligence: 7.0/10; being funny: 5.0/10; ambition: 7.0/10; shared interests: 3.0/10. Your importance weights for these attributes are: attractiveness: 20.0; sincerity: 20.0; intelligence: 20.0; being funny: 10.0; ambition: 10.0; shared interests: 20.0. Would you be willing to date this man? And also tell me the reason. Your answer must be (YES) or (NO) followed by your reason. You must FOLLOW THIS RULE! You MUST NOT SAY other words.,NO. The weighted score is below average; particularly due to low shared interests (3.0/10) and attractiveness (5.0/10); which are important to you (20.0 weight each). The overall compatibility is insufficient.,43,22,,0
Assume you are a 23-year-old woman with career type Lawyer; currently matched with a partner. Your current partner's scores (out of 10): attractiveness: 3.0/10; sincerity: 8.0/10; intelligence: 7.0/10; being funny: 7.0/10; ambition: 10.0/10; shared interests: 4.0/10. A new man is courting you with scores: attractiveness: 6.0/10; sincerity: 7.0/10; intelligence: 8.0/10; being funny: 7.0/10; ambition: 8.0/10; shared interests: 7.0/10. Your importance weights are: attractiveness: 10.0; sincerity: 20.0; intelligence: 20.0; being funny: 20.0; ambition: 20.0; shared interests: 10.0. Would you leave your current partner for the new man? Your answer must be (YES) or (NO) followed by your reason. You must FOLLOW THIS RULE! You MUST NOT SAY other words.,YES. The new man scores higher in attractiveness; intelligence; being funny; ambition; and shared interests—key traits with high importance weights—while maintaining strong sincerity. The improved alignment with your priorities makes him a better match overall.,42,30,35,1
Assume you are a 24-year-old man with career type Academic; currently matched with a partner. Your current partner's scores (out of 10): attractiveness: 9.0/10; sincerity: 8.0/10; intelligence: 7.0/10; being funny: 10.0/10; ambition: 9.0/10; shared interests: 8.0/10. A new woman is courting you with scores: attractiveness: 6.0/10; sincerity: 6.0/10; intelligence: 6.0/10; being funny: 6.0/10; ambition: 5.0/10; shared interests: 3.0/10. Your importance weights are: attractiveness: 25.0; sincerity: 35.0; intelligence: 30.0; being funny: 10.0; ambition: 0.0; shared interests: 0.0. Would you leave your current partner for the new woman? Your answer must be (YES) or (NO) followed by your reason. You must FOLLOW THIS RULE! You MUST NOT SAY other words.,NO. The new woman scores lower in all weighted categories (attractiveness; sincerity; intelligence) which are most important to you.,31,43,55,0
Assume you are a 27-year-old woman with career type Informatics; currently matched with a partner. Your current partner's scores (out of 10): attractiveness: 8.0/10; sincerity: 8.0/10; intelligence: 8.0/10; being funny: 10.0/10; ambition: 7.0/10; shared interests: 8.0/10. A new man is courting you with scores: attractiveness: 6.0/10; sincerity: 8.0/10; intelligence: 8.0/10; being funny: 7.0/10; ambition: 7.0/10; shared interests: 6.0/10. Your importance weights are: attractiveness: 20.0; sincerity: 20.0; intelligence: 20.0; being funny: 10.0; ambition: 10.0; shared interests: 20.0. Would you leave your current partner for the new man? Your answer must be (YES) or (NO) followed by your reason. You must FOLLOW THIS RULE! You MUST NOT SAY other words.,NO The new man's weighted score (6.8) is lower than your current partner's (8.1); especially in key areas like attractiveness; shared interests; and humor.,44,22,23,0
Assume you are a 26-year-old woman with career type Biostatistics; currently matched with a partner. Your current partner's scores (out of 10): attractiveness: 8.0/10; sincerity: 7.0/10; intelligence: 7.0/10; being funny: 9.0/10; ambition: 5.0/10; shared interests: 4.0/10. A new man is courting you with scores: attractiveness: 5.0/10; sincerity: 2.0/10; intelligence: 6.0/10; being funny: 2.0/10; ambition: 5.0/10; shared interests: 4.0/10. Your importance weights are: attractiveness: 20.0; sincerity: 25.0; intelligence: 20.0; being funny: 15.0; ambition: 15.0; shared interests: 5.0. Would you leave your current partner for the new man? Your answer must be (YES) or (NO) followed by your reason. You must FOLLOW THIS RULE! You MUST NOT SAY other words.,NO. The new man scores significantly lower in sincerity; being funny; and shares similarly low scores in ambition and shared interests; which are important to you. The current partner has higher overall compatibility based on your weighted priorities.,51,36,32,0
Assume you are a 22-year-old woman with career type Social Work Administration; currently matched with a partner. Your current partner's scores (out of 10): attractiveness: 4.0/10; sincerity: 7.0/10; intelligence: 7.0/10; being funny: 6.0/10; ambition: 6.0/10; shared interests: nan/10. A new man is courting you with scores: attractiveness: 6.0/10; sincerity: 8.0/10; intelligence: 7.0/10; being funny: 5.0/10; ambition: 5.0/10; shared interests: nan/10. Your importance weights are: attractiveness: 20.0; sincerity: 22.0; intelligence: 18.0; being funny: 15.0; ambition: 15.0; shared interests: 10.0. Would you leave your current partner for the new man? Your answer must be (YES) or (NO) followed by your reason. You must FOLLOW THIS RULE! You MUST NOT SAY other words.,NO. The new man's scores do not significantly outweigh the current partner's in key weighted categories (sincerity; intelligence); and shared interests are unknown for both.,42,29,30,0
Assume you are a 22-year-old woman with career type Speech Language Pathologist; currently matched with a partner. Your current partner's scores (out of 10): attractiveness: 9.0/10; sincerity: 8.0/10; intelligence: 7.0/10; being funny: 9.0/10; ambition: nan/10; shared interests: 8.0/10. A new man is courting you with scores: attractiveness: 4.0/10; sincerity: 6.0/10; intelligence: 4.0/10; being funny: 5.0/10; ambition: 6.0/10; shared interests: 7.0/10. Your importance weights are: attractiveness: 17.0; sincerity: 10.0; intelligence: 18.0; being funny: 20.0; ambition: 25.0; shared interests: 10.0. Would you leave your current partner for the new man? Your answer must be (YES) or (NO) followed by your reason. You must FOLLOW THIS RULE! You MUST NOT SAY other words.,NO. The new man scores significantly lower in key areas you value highly (intelligence; being funny; ambition) and only marginally better in ambition (6.0 vs. NaN; but still low). Your current partner excels in attractiveness; humor; and shared interests; which align better with your priorities.,48,27,26,0
Assume you are a 27-year-old single woman; and there is a 28-year-old man who is courting you. Your career type is Informatics. You evaluated him on six dimensions with scores out of 10. These are attractiveness: 6.0/10; sincerity: 7.0/10; intelligence: 7.0/10; being funny: 4.0/10; ambition: 6.0/10; shared interests: 6.0/10. Your importance weights for these attributes are: attractiveness: 20.0; sincerity: 20.0; intelligence: 20.0; being funny: 10.0; ambition: 10.0; shared interests: 20.0. Would you be willing to date this man? And also tell me the reason. Your answer must be (YES) or (NO) followed by your reason. You must FOLLOW THIS RULE! You MUST NOT SAY other words.,NO. The weighted score (attractiveness: 1.2; sincerity: 1.4; intelligence: 1.4; being funny: 0.4; ambition: 0.6; shared interests: 1.2) sums to 6.2/10; which is below the threshold for dating.,45,22,,0
Assume you are a 30-year-old single man; and there is a 22-year-old woman who is courting you. Your career type is Academic. You evaluated her on six dimensions with scores out of 10. These are attractiveness: 5.0/10; sincerity: 6.0/10; intelligence: 5.0/10; being funny: 6.0/10; ambition: 7.0/10; shared interests: 2.0/10. Your importance weights for these attributes are: attractiveness: 20.0; sincerity: 20.0; intelligence: 25.0; being funny: 25.0; ambition: 5.0; shared interests: 5.0. Would you be willing to date this woman? And also tell me the reason. Your answer must be (YES) or (NO) followed by your reason. You must FOLLOW THIS RULE! You MUST NOT SAY other words.,NO. The weighted scores (attractiveness: 1.0; sincerity: 1.2; intelligence: 1.25; being funny: 1.5; ambition: 0.35; shared interests: 0.1) sum to 5.4/10; which is below the threshold for compatibility given your priorities in intelligence; humor; and shared interests.,29,47,,0
Assume you are a 27-year-old single woman; and there is a 30-year-old man who is courting you. Your career type is Organizational Change Consultant. You evaluated him on six dimensions with scores out of 10. These are attractiveness: 3.0/10; sincerity: 5.0/10; intelligence: 7.0/10; being funny: 6.0/10; ambition: 6.0/10; shared interests: 6.0/10. Your importance weights for these attributes are: attractiveness: 10.0; sincerity: 10.0; intelligence: 30.0; being funny: 25.0; ambition: 10.0; shared interests: 15.0. Would you be willing to date this man? And also tell me the reason. Your answer must be (YES) or (NO) followed by your reason. You must FOLLOW THIS RULE! You MUST NOT SAY other words.,NO - The scores in sincerity (5.0/10) and attractiveness (3.0/10) are low; and these are highly weighted (10.0 each). While intelligence and humor score well; the low scores in key areas make him an unsuitable match.,47,37,,0
Assume you are a 24-year-old man with career type Academic; currently matched with a partner. Your current partner's scores (out of 10): attractiveness: 5.0/10; sincerity: 6.0/10; intelligence: 7.0/10; being funny: 6.0/10; ambition: 7.0/10; shared interests: 5.0/10. A new woman is courting you with scores: attractiveness: 5.0/10; sincerity: 6.0/10; intelligence: 7.0/10; being funny: 4.0/10; ambition: 4.0/10; shared interests: 3.0/10. Your importance weights are: attractiveness: 25.0; sincerity: 35.0; intelligence: 30.0; being funny: 10.0; ambition: 0.0; shared interests: 0.0. Would you leave your current partner for the new woman? Your answer must be (YES) or (NO) followed by your reason. You must FOLLOW THIS RULE! You MUST NOT SAY other words.,NO. The new woman does not outperform your current partner in any of the attributes you value (attractiveness; sincerity; intelligence); and she scores lower in being funny; which you also consider to some extent. The other attributes (ambition; shared interests) have zero weight for you; so they don't influence the decision.,32,43,51,0
Assume you are a 30-year-old man with career type Academic; currently matched with a partner. Your current partner's scores (out of 10): attractiveness: 9.0/10; sincerity: 8.0/10; intelligence: 7.0/10; being funny: 10.0/10; ambition: 9.0/10; shared interests: 8.0/10. A new woman is courting you with scores: attractiveness: 7.0/10; sincerity: 6.0/10; intelligence: 6.0/10; being funny: 5.0/10; ambition: 7.0/10; shared interests: 5.0/10. Your importance weights are: attractiveness: 20.0; sincerity: 20.0; intelligence: 25.0; being funny: 25.0; ambition: 5.0; shared interests: 5.0. Would you leave your current partner for the new woman? Your answer must be (YES) or (NO) followed by your reason. You must FOLLOW THIS RULE! You MUST NOT SAY other words.,NO. The new woman scores lower in all categories that are highly weighted for you (intelligence; being funny; sincerity; attractiveness); and your current partner excels in these areas. The slight advantage in ambition and shared interests for the new woman does not outweigh the significant gaps in more important traits.,31,47,55,0
Assume you are a 30-year-old man with career type Academic; currently matched with a partner. Your current partner's scores (out of 10): attractiveness: 5.0/10; sincerity: 6.0/10; intelligence: 7.0/10; being funny: 6.0/10; ambition: 7.0/10; shared interests: 5.0/10. A new woman is courting you with scores: attractiveness: 5.0/10; sincerity: 7.0/10; intelligence: 7.0/10; being funny: 6.0/10; ambition: 5.0/10; shared interests: 5.0/10. Your importance weights are: attractiveness: 20.0; sincerity: 20.0; intelligence: 25.0; being funny: 25.0; ambition: 5.0; shared interests: 5.0. Would you leave your current partner for the new woman? Your answer must be (YES) or (NO) followed by your reason. You must FOLLOW THIS RULE! You MUST NOT SAY other words.,NO. The new woman's weighted score (5.0*20 + 7.0*20 + 7.0*25 + 6.0*25 + 5.0*5 + 5.0*5 = 625) is lower than the current partner's (5.0*20 + 6.0*20 + 7.0*25 + 6.0*25 + 7.0*5 + 5.0*5 = 630).,32,47,51,0
Assume you are a 27-year-old single woman; and there is a 21-year-old man who is courting you. Your career type is Organizational Change Consultant. You evaluated him on six dimensions with scores out of 10. These are attractiveness: 2.0/10; sincerity: 6.0/10; intelligence: 6.0/10; being funny: 6.0/10; ambition: 4.0/10; shared interests: 5.0/10. Your importance weights for these attributes are: attractiveness: 10.0; sincerity: 10.0; intelligence: 30.0; being funny: 25.0; ambition: 10.0; shared interests: 15.0. Would you be willing to date this man? And also tell me the reason. Your answer must be (YES) or (NO) followed by your reason. You must FOLLOW THIS RULE! You MUST NOT SAY other words.,NO. The scores and weights indicate a significant mismatch in key areas you value highly (intelligence and being funny); while other important attributes (attractiveness and ambition) are also low. The age difference and lack of strong alignment in priorities further reduce compatibility.,52,37,,0
Assume you are a 22-year-old woman with career type Speech Language Pathologist; currently matched with a partner. Your current partner's scores (out of 10): attractiveness: 8.0/10; sincerity: 10.0/10; intelligence: 10.0/10; being funny: 10.0/10; ambition: 10.0/10; shared interests: 8.0/10. A new man is courting you with scores: attractiveness: 5.0/10; sincerity: 6.0/10; intelligence: 6.0/10; being funny: 4.0/10; ambition: 3.0/10; shared interests: 4.0/10. Your importance weights are: attractiveness: 17.0; sincerity: 10.0; intelligence: 18.0; being funny: 20.0; ambition: 25.0; shared interests: 10.0. Would you leave your current partner for the new man? Your answer must be (YES) or (NO) followed by your reason. You must FOLLOW THIS RULE! You MUST NOT SAY other words.,NO The new man scores significantly lower in all key weighted categories (intelligence; being funny; ambition) and offers no compelling advantage over your current partner; who excels in sincerity; intelligence; humor; and ambition.,55,27,31,0
Assume you are a 24-year-old man with career type Academic; currently matched with a partner. Your current partner's scores (out of 10): attractiveness: 2.0/10; sincerity: 6.0/10; intelligence: 7.0/10; being funny: 4.0/10; ambition: 6.0/10; shared interests: 2.0/10. A new woman is courting you with scores: attractiveness: 4.0/10; sincerity: 4.0/10; intelligence: 7.0/10; being funny: 3.0/10; ambition: 6.0/10; shared interests: 4.0/10. Your importance weights are: attractiveness: 25.0; sincerity: 35.0; intelligence: 30.0; being funny: 10.0; ambition: 0.0; shared interests: 0.0. Would you leave your current partner for the new woman? Your answer must be (YES) or (NO) followed by your reason. You must FOLLOW THIS RULE! You MUST NOT SAY other words.,NO. The new woman's weighted score (4.0*25 + 4.0*35 + 7.0*30 + 3.0*10 = 500) is lower than the current partner's (2.0*25 + 6.0*35 + 7.0*30 + 4.0*10 = 510).,33,43,41,0
Assume you are a 30-year-old man with career type Academic; currently matched with a partner. Your current partner's scores (out of 10): attractiveness: 2.0/10; sincerity: 6.0/10; intelligence: 7.0/10; being funny: 4.0/10; ambition: 6.0/10; shared interests: 2.0/10. A new woman is courting you with scores: attractiveness: 5.0/10; sincerity: 6.0/10; intelligence: 7.0/10; being funny: 6.0/10; ambition: 6.0/10; shared interests: 3.0/10. Your importance weights are: attractiveness: 20.0; sincerity: 20.0; intelligence: 25.0; being funny: 25.0; ambition: 5.0; shared interests: 5.0. Would you leave your current partner for the new woman? Your answer must be (YES) or (NO) followed by your reason. You must FOLLOW THIS RULE! You MUST NOT SAY other words.,YES. The new woman scores higher in key weighted categories (intelligence; being funny) and matches in sincerity; while the lower scores in attractiveness and shared interests have less impact due to lower weights. The overall compatibility improves.,33,47,41,1
Assume you are a 27-year-old woman with career type Informatics; currently matched with a partner. Your current partner's scores (out of 10): attractiveness: 5.0/10; sincerity: 6.0/10; intelligence: 7.0/10; being funny: 6.0/10; ambition: 6.0/10; shared interests: 3.0/10. A new man is courting you with scores: attractiveness: 5.0/10; sincerity: 7.0/10; intelligence: 7.0/10; being funny: 6.0/10; ambition: 6.0/10; shared interests: 5.0/10. Your importance weights are: attractiveness: 20.0; sincerity: 20.0; intelligence: 20.0; being funny: 10.0; ambition: 10.0; shared interests: 20.0. Would you leave your current partner for the new man? Your answer must be (YES) or (NO) followed by your reason. You must FOLLOW THIS RULE! You MUST NOT SAY other words.,NO. The new man has slightly higher sincerity and shared interests; but the overall weighted scores are very close; and the improvements do not significantly outweigh the stability of the current relationship.,47,22,33,0
Assume you are a 26-year-old single woman; and there is a 30-year-old man who is courting you. Your career type is Biostatistics. You evaluated him on six dimensions with scores out of 10. These are attractiveness: 1.0/10; sincerity: 2.0/10; intelligence: 2.0/10; being funny: 1.0/10; ambition: 8.0/10; shared interests: 2.0/10. Your importance weights for these attributes are: attractiveness: 20.0; sincerity: 25.0; intelligence: 20.0; being funny: 15.0; ambition: 15.0; shared interests: 5.0. Would you be willing to date this man? And also tell me the reason. Your answer must be (YES) or (NO) followed by your reason. You must FOLLOW THIS RULE! You MUST NOT SAY other words.,NO. The scores in crucial attributes (sincerity; intelligence; attractiveness; shared interests) are very low; and their high importance weights make this person a poor match despite his ambition.,41,36,,0
Assume you are a 28-year-old man with career type banker / academia; currently matched with a partner. Your current partner's scores (out of 10): attractiveness: 9.0/10; sincerity: 9.0/10; intelligence: 10.0/10; being funny: 9.0/10; ambition: 9.0/10; shared interests: 8.0/10. A new woman is courting you with scores: attractiveness: 7.0/10; sincerity: 8.0/10; intelligence: 8.0/10; being funny: 7.0/10; ambition: 9.0/10; shared interests: 6.0/10. Your importance weights are: attractiveness: 25.0; sincerity: 15.0; intelligence: 25.0; being funny: 15.0; ambition: 0.0; shared interests: 20.0. Would you leave your current partner for the new woman? Your answer must be (YES) or (NO) followed by your reason. You must FOLLOW THIS RULE! You MUST NOT SAY other words.,NO. The new woman scores lower in key weighted categories (attractiveness; intelligence; shared interests) and does not offer a compelling advantage in any area to outweigh the current partner's strengths.,21,45,49,0
Assume you are a 30-year-old man with career type law; currently matched with a partner. Your current partner's scores (out of 10): attractiveness: 6.0/10; sincerity: 7.0/10; intelligence: 8.0/10; being funny: 7.0/10; ambition: 8.0/10; shared interests: 7.0/10. A new woman is courting you with scores: attractiveness: 10.0/10; sincerity: 10.0/10; intelligence: 10.0/10; being funny: 10.0/10; ambition: 10.0/10; shared interests: nan/10. Your importance weights are: attractiveness: 30.0; sincerity: 20.0; intelligence: 10.0; being funny: 30.0; ambition: 0.0; shared interests: 10.0. Would you leave your current partner for the new woman? Your answer must be (YES) or (NO) followed by your reason. You must FOLLOW THIS RULE! You MUST NOT SAY other words.,NO. The new woman lacks a score for shared interests; which is important (weight: 10.0); and while she scores higher in other categories; the current partner's balanced scores and existing connection may outweigh the uncertainty.,30,41,42,0
Assume you are a 30-year-old man with career type law; currently matched with a partner. Your current partner's scores (out of 10): attractiveness: 5.0/10; sincerity: 6.0/10; intelligence: 7.0/10; being funny: 6.0/10; ambition: 7.0/10; shared interests: 5.0/10. A new woman is courting you with scores: attractiveness: 10.0/10; sincerity: 10.0/10; intelligence: 10.0/10; being funny: 10.0/10; ambition: 10.0/10; shared interests: nan/10. Your importance weights are: attractiveness: 30.0; sincerity: 20.0; intelligence: 10.0; being funny: 30.0; ambition: 0.0; shared interests: 10.0. Would you leave your current partner for the new woman? Your answer must be (YES) or (NO) followed by your reason. You must FOLLOW THIS RULE! You MUST NOT SAY other words.,YES - The new woman scores higher in all weighted categories (attractiveness; sincerity; being funny) that matter most to you.,32,41,51,1
Assume you are a 27-year-old woman with career type Informatics; currently matched with a partner. Your current partner's scores (out of 10): attractiveness: 9.0/10; sincerity: 8.0/10; intelligence: 7.0/10; being funny: 9.0/10; ambition: nan/10; shared interests: 8.0/10. A new man is courting you with scores: attractiveness: 7.0/10; sincerity: 7.0/10; intelligence: 7.0/10; being funny: 7.0/10; ambition: 7.0/10; shared interests: 6.0/10. Your importance weights are: attractiveness: 20.0; sincerity: 20.0; intelligence: 20.0; being funny: 10.0; ambition: 10.0; shared interests: 20.0. Would you leave your current partner for the new man? Your answer must be (YES) or (NO) followed by your reason. You must FOLLOW THIS RULE! You MUST NOT SAY other words.,NO Your current partner scores higher in attractiveness; sincerity; being funny; and shared interests; which are your most weighted categories. The new man does not outperform your current partner in any key area.,48,22,26,0
Assume you are a 27-year-old woman with career type Organizational Change Consultant; currently matched with a partner. Your current partner's scores (out of 10): attractiveness: 8.0/10; sincerity: 10.0/10; intelligence: 10.0/10; being funny: 10.0/10; ambition: 10.0/10; shared interests: 8.0/10. A new man is courting you with scores: attractiveness: 5.0/10; sincerity: 7.0/10; intelligence: 6.0/10; being funny: 7.0/10; ambition: 4.0/10; shared interests: 5.0/10. Your importance weights are: attractiveness: 10.0; sincerity: 10.0; intelligence: 30.0; being funny: 25.0; ambition: 10.0; shared interests: 15.0. Would you leave your current partner for the new man? Your answer must be (YES) or (NO) followed by your reason. You must FOLLOW THIS RULE! You MUST NOT SAY other words.,NO. The new man scores significantly lower in key weighted categories like intelligence (30.0 weight); being funny (25.0 weight); and shared interests (15.0 weight); while your current partner excels in these areas. The overall compatibility and value of your current partner far outweigh the new man's attributes.,55,37,31,0
Assume you are a 25-year-old single woman; and there is a 28-year-old man who is courting you. Your career type is Capital Markets. You evaluated him on six dimensions with scores out of 10. These are attractiveness: 7.0/10; sincerity: 8.0/10; intelligence: 9.0/10; being funny: 7.0/10; ambition: 8.0/10; shared interests: 9.0/10. Your importance weights for these attributes are: attractiveness: 20.0; sincerity: 23.0; intelligence: 23.0; being funny: 22.0; ambition: 7.0; shared interests: 5.0. Would you be willing to date this man? And also tell me the reason. Your answer must be (YES) or (NO) followed by your reason. You must FOLLOW THIS RULE! You MUST NOT SAY other words.,YES. The weighted score is high (7.0*20 + 8.0*23 + 9.0*23 + 7.0*22 + 8.0*7 + 9.0*5 = 791); and he excels in sincerity; intelligence; and shared interests; which are your top priorities.,45,35,,1
Assume you are a 23-year-old man with career type Law; currently matched with a partner. Your current partner's scores (out of 10): attractiveness: 4.0/10; sincerity: 5.0/10; intelligence: 6.0/10; being funny: 7.0/10; ambition: 7.0/10; shared interests: 4.0/10. A new woman is courting you with scores: attractiveness: 6.0/10; sincerity: 9.0/10; intelligence: 8.0/10; being funny: 6.0/10; ambition: 5.0/10; shared interests: 4.0/10. Your importance weights are: attractiveness: 25.0; sincerity: 10.0; intelligence: 35.0; being funny: 15.0; ambition: 0.0; shared interests: 15.0. Would you leave your current partner for the new woman? Your answer must be (YES) or (NO) followed by your reason. You must FOLLOW THIS RULE! You MUST NOT SAY other words.,NO - The weighted score of your current partner (4.0*25 + 5.0*10 + 6.0*35 + 7.0*15 + 7.0*0 + 4.0*15 = 100 + 50 + 210 + 105 + 0 + 60 = 525) is higher than the new woman's (6.0*25 + 9.0*10 + 8.0*35 + 6.0*15 + 5.0*0 + 4.0*15 = 150 + 90 + 280 + 90 + 0 + 60 = 670). However; the weights prioritize intelligence (35.0) and attractiveness (25.0); where the new woman scores higher (8.0 vs 6.0 and 6.0 vs 4.0). Despite this; the overall weighted score favors staying.,33,51,47,0
Assume you are a 24-year-old man with career type Academic; currently matched with a partner. Your current partner's scores (out of 10): attractiveness: 9.0/10; sincerity: 8.0/10; intelligence: 9.0/10; being funny: 7.0/10; ambition: 8.0/10; shared interests: nan/10. A new woman is courting you with scores: attractiveness: 6.0/10; sincerity: 5.0/10; intelligence: 5.0/10; being funny: 6.0/10; ambition: 7.0/10; shared interests: 2.0/10. Your importance weights are: attractiveness: 25.0; sincerity: 35.0; intelligence: 30.0; being funny: 10.0; ambition: 0.0; shared interests: 0.0. Would you leave your current partner for the new woman? Your answer must be (YES) or (NO) followed by your reason. You must FOLLOW THIS RULE! You MUST NOT SAY other words.,NO. The new woman scores significantly lower in sincerity (35.0 weight) and intelligence (30.0 weight); which are your most important traits; outweighing her slightly higher shared interests and ambition (which have 0.0 weight for you). Your current partner excels in these key areas.,34,43,46,0
Assume you are a 23-year-old single man; and there is a 27-year-old woman who is courting you. Your career type is Law. You evaluated her on six dimensions with scores out of 10. These are attractiveness: 2.0/10; sincerity: 9.0/10; intelligence: 9.0/10; being funny: 3.0/10; ambition: 7.0/10; shared interests: 7.0/10. Your importance weights for these attributes are: attractiveness: 25.0; sincerity: 10.0; intelligence: 35.0; being funny: 15.0; ambition: 0.0; shared interests: 15.0. Would you be willing to date this woman? And also tell me the reason. Your answer must be (YES) or (NO) followed by your reason. You must FOLLOW THIS RULE! You MUST NOT SAY other words.,NO. The weighted score (attractiveness 0.5; sincerity 0.9; intelligence 3.15; being funny 0.45; ambition 0; shared interests 1.05) totals 6.05; which is below your likely threshold given the low scores in high-weight attributes like attractiveness and being funny.,37,51,,0
Assume you are a 23-year-old single man; and there is a 23-year-old woman who is courting you. Your career type is Law. You evaluated her on six dimensions with scores out of 10. These are attractiveness: 6.0/10; sincerity: 8.0/10; intelligence: 8.0/10; being funny: 6.0/10; ambition: 7.0/10; shared interests: 7.0/10. Your importance weights for these attributes are: attractiveness: 25.0; sincerity: 10.0; intelligence: 35.0; being funny: 15.0; ambition: 0.0; shared interests: 15.0. Would you be willing to date this woman? And also tell me the reason. Your answer must be (YES) or (NO) followed by your reason. You must FOLLOW THIS RULE! You MUST NOT SAY other words.,YES. The weighted score (attractiveness: 1.5; sincerity: 0.8; intelligence: 2.8; being funny: 0.9; ambition: 0.0; shared interests: 1.05) totals 6.95/10; which meets your prioritized criteria; especially intelligence (35% weight).,38,51,,1
Assume you are a 24-year-old man with career type Academic; currently matched with a partner. Your current partner's scores (out of 10): attractiveness: 7.0/10; sincerity: 8.0/10; intelligence: 9.0/10; being funny: 7.0/10; ambition: 8.0/10; shared interests: 9.0/10. A new woman is courting you with scores: attractiveness: 7.0/10; sincerity: 4.0/10; intelligence: 7.0/10; being funny: 3.0/10; ambition: 7.0/10; shared interests: 5.0/10. Your importance weights are: attractiveness: 25.0; sincerity: 35.0; intelligence: 30.0; being funny: 10.0; ambition: 0.0; shared interests: 0.0. Would you leave your current partner for the new woman? Your answer must be (YES) or (NO) followed by your reason. You must FOLLOW THIS RULE! You MUST NOT SAY other words.,NO The new woman scores significantly lower in sincerity (35.0 weight) and intelligence (30.0 weight); which are your highest-weighted priorities. Your current partner excels in these areas.,35,43,45,0
Assume you are a 21-year-old man with career type Intellectual Property Attorney; currently matched with a partner. Your current partner's scores (out of 10): attractiveness: 7.0/10; sincerity: 7.0/10; intelligence: 7.0/10; being funny: 6.0/10; ambition: 6.0/10; shared interests: 9.0/10. A new woman is courting you with scores: attractiveness: 7.0/10; sincerity: 7.0/10; intelligence: 6.0/10; being funny: 6.0/10; ambition: 6.0/10; shared interests: 5.0/10. Your importance weights are: attractiveness: 15.0; sincerity: 20.0; intelligence: 15.0; being funny: 30.0; ambition: 5.0; shared interests: 15.0. Would you leave your current partner for the new woman? Your answer must be (YES) or (NO) followed by your reason. You must FOLLOW THIS RULE! You MUST NOT SAY other words.,"NO. The new woman scores lower in ""being funny"" (weighted highest at 30.0) and ""shared interests"" (weighted at 15.0); which are key priorities for you. The current partner's higher alignment with your values outweighs the minimal differences in other categories.",23,52,44,0
Assume you are a 22-year-old woman with career type Social Work Administration; currently matched with a partner. Your current partner's scores (out of 10): attractiveness: 8.0/10; sincerity: 8.0/10; intelligence: 8.0/10; being funny: 10.0/10; ambition: 7.0/10; shared interests: 8.0/10. A new man is courting you with scores: attractiveness: 8.0/10; sincerity: 6.0/10; intelligence: 7.0/10; being funny: 3.0/10; ambition: 7.0/10; shared interests: 2.0/10. Your importance weights are: attractiveness: 20.0; sincerity: 22.0; intelligence: 18.0; being funny: 15.0; ambition: 15.0; shared interests: 10.0. Would you leave your current partner for the new man? Your answer must be (YES) or (NO) followed by your reason. You must FOLLOW THIS RULE! You MUST NOT SAY other words.,NO. The new man scores significantly lower in sincerity; being funny; and shared interests; which are important to you; and does not offer compelling advantages over your current partner.,44,29,23,0
Assume you are a 27-year-old woman with career type Informatics; currently matched with a partner. Your current partner's scores (out of 10): attractiveness: 6.0/10; sincerity: 7.0/10; intelligence: 8.0/10; being funny: 4.0/10; ambition: 6.0/10; shared interests: 4.0/10. A new man is courting you with scores: attractiveness: 6.0/10; sincerity: 7.0/10; intelligence: 7.0/10; being funny: 5.0/10; ambition: 7.0/10; shared interests: 4.0/10. Your importance weights are: attractiveness: 20.0; sincerity: 20.0; intelligence: 20.0; being funny: 10.0; ambition: 10.0; shared interests: 20.0. Would you leave your current partner for the new man? Your answer must be (YES) or (NO) followed by your reason. You must FOLLOW THIS RULE! You MUST NOT SAY other words.,NO. The weighted scores for both partners are nearly identical (current: 6.4; new: 6.3); and the new man does not offer a significant improvement in key areas like shared interests or intelligence to justify leaving.,49,22,21,0
Assume you are a 24-year-old single man; and there is a 27-year-old woman who is courting you. Your career type is Academic. You evaluated her on six dimensions with scores out of 10. These are attractiveness: 4.0/10; sincerity: 6.0/10; intelligence: 7.0/10; being funny: 3.0/10; ambition: 6.0/10; shared interests: 4.0/10. Your importance weights for these attributes are: attractiveness: 25.0; sincerity: 35.0; intelligence: 30.0; being funny: 10.0; ambition: 0.0; shared interests: 0.0. Would you be willing to date this woman? And also tell me the reason. Your answer must be (YES) or (NO) followed by your reason. You must FOLLOW THIS RULE! You MUST NOT SAY other words.,NO - The weighted average of her scores (4.0*0.25 + 6.0*0.35 + 7.0*0.30 + 3.0*0.10 = 5.5) is below your likely threshold for dating; given low scores in high-priority traits like sincerity (6.0) and attractiveness (4.0).,37,43,,0
Assume you are a 22-year-old woman with career type Social Work Administration; currently matched with a partner. Your current partner's scores (out of 10): attractiveness: 8.0/10; sincerity: 6.0/10; intelligence: 7.0/10; being funny: 6.0/10; ambition: 7.0/10; shared interests: 7.0/10. A new man is courting you with scores: attractiveness: 6.0/10; sincerity: 8.0/10; intelligence: 7.0/10; being funny: 4.0/10; ambition: 7.0/10; shared interests: 2.0/10. Your importance weights are: attractiveness: 20.0; sincerity: 22.0; intelligence: 18.0; being funny: 15.0; ambition: 15.0; shared interests: 10.0. Would you leave your current partner for the new man? Your answer must be (YES) or (NO) followed by your reason. You must FOLLOW THIS RULE! You MUST NOT SAY other words.,NO. The new man's lower scores in shared interests (2.0/10) and being funny (4.0/10) outweigh his higher sincerity (8.0/10); especially given your importance weights prioritize sincerity but also value shared interests and humor. The current partner's overall balance is better aligned with your priorities.,45,29,35,0
Assume you are a 22-year-old woman with career type Speech Language Pathologist; currently matched with a partner. Your current partner's scores (out of 10): attractiveness: 8.0/10; sincerity: 6.0/10; intelligence: 7.0/10; being funny: 6.0/10; ambition: 7.0/10; shared interests: 7.0/10. A new man is courting you with scores: attractiveness: 3.0/10; sincerity: 6.0/10; intelligence: 6.0/10; being funny: 4.0/10; ambition: 5.0/10; shared interests: 1.0/10. Your importance weights are: attractiveness: 17.0; sincerity: 10.0; intelligence: 18.0; being funny: 20.0; ambition: 25.0; shared interests: 10.0. Would you leave your current partner for the new man? Your answer must be (YES) or (NO) followed by your reason. You must FOLLOW THIS RULE! You MUST NOT SAY other words.,NO. The new man scores lower in key weighted categories like attractiveness; intelligence; being funny; ambition; and shared interests; which are highly important to you. The current partner outperforms him significantly overall.,45,27,35,0
Assume you are a 27-year-old single woman; and there is a 21-year-old man who is courting you. Your career type is Informatics. You evaluated him on six dimensions with scores out of 10. These are attractiveness: 3.0/10; sincerity: 6.0/10; intelligence: 7.0/10; being funny: 5.0/10; ambition: 5.0/10; shared interests: 4.0/10. Your importance weights for these attributes are: attractiveness: 20.0; sincerity: 20.0; intelligence: 20.0; being funny: 10.0; ambition: 10.0; shared interests: 20.0. Would you be willing to date this man? And also tell me the reason. Your answer must be (YES) or (NO) followed by your reason. You must FOLLOW THIS RULE! You MUST NOT SAY other words.,NO. The weighted average score is below your likely threshold (4.8/10); with low scores in key areas like attractiveness and shared interests; which are highly weighted for you.,52,22,,0
Assume you are a 22-year-old woman with career type Speech Language Pathologist; currently matched with a partner. Your current partner's scores (out of 10): attractiveness: 5.0/10; sincerity: 6.0/10; intelligence: 7.0/10; being funny: 6.0/10; ambition: 6.0/10; shared interests: 3.0/10. A new man is courting you with scores: attractiveness: 1.0/10; sincerity: 4.0/10; intelligence: 5.0/10; being funny: 4.0/10; ambition: 4.0/10; shared interests: 4.0/10. Your importance weights are: attractiveness: 17.0; sincerity: 10.0; intelligence: 18.0; being funny: 20.0; ambition: 25.0; shared interests: 10.0. Would you leave your current partner for the new man? Your answer must be (YES) or (NO) followed by your reason. You must FOLLOW THIS RULE! You MUST NOT SAY other words.,NO. The new man scores lower in all categories that are important to you (especially ambition; intelligence; and being funny); and the minimal increase in shared interests does not outweigh the significant drop in other key areas.,47,27,33,0
Assume you are a 24-year-old man with career type Academic; currently matched with a partner. Your current partner's scores (out of 10): attractiveness: 8.0/10; sincerity: 7.0/10; intelligence: 9.0/10; being funny: 8.0/10; ambition: 8.0/10; shared interests: 3.0/10. A new woman is courting you with scores: attractiveness: 4.0/10; sincerity: 6.0/10; intelligence: 7.0/10; being funny: 6.0/10; ambition: 7.0/10; shared interests: 2.0/10. Your importance weights are: attractiveness: 25.0; sincerity: 35.0; intelligence: 30.0; being funny: 10.0; ambition: 0.0; shared interests: 0.0. Would you leave your current partner for the new woman? Your answer must be (YES) or (NO) followed by your reason. You must FOLLOW THIS RULE! You MUST NOT SAY other words.,NO. The new woman's weighted score (5.35) is lower than your current partner's (7.55); based on your importance weights.,38,43,51,0
Assume you are a 21-year-old man with career type Intellectual Property Attorney; currently matched with a partner. Your current partner's scores (out of 10): attractiveness: 5.0/10; sincerity: 8.0/10; intelligence: 8.0/10; being funny: 6.0/10; ambition: 9.0/10; shared interests: 6.0/10. A new woman is courting you with scores: attractiveness: 8.0/10; sincerity: 7.0/10; intelligence: 7.0/10; being funny: 7.0/10; ambition: 6.0/10; shared interests: 6.0/10. Your importance weights are: attractiveness: 15.0; sincerity: 20.0; intelligence: 15.0; being funny: 30.0; ambition: 5.0; shared interests: 15.0. Would you leave your current partner for the new woman? Your answer must be (YES) or (NO) followed by your reason. You must FOLLOW THIS RULE! You MUST NOT SAY other words.,NO - Your current partner scores higher in sincerity (20.0 weight); intelligence (15.0 weight); and ambition (5.0 weight); which are important to you. While the new woman is more attractive (15.0 weight) and slightly funnier (30.0 weight); the overall weighted score favors your current partner.,25,52,54,0
Assume you are a 26-year-old woman with career type Biostatistics; currently matched with a partner. Your current partner's scores (out of 10): attractiveness: 4.0/10; sincerity: 7.0/10; intelligence: 7.0/10; being funny: 6.0/10; ambition: 6.0/10; shared interests: nan/10. A new man is courting you with scores: attractiveness: 2.0/10; sincerity: 2.0/10; intelligence: 4.0/10; being funny: 1.0/10; ambition: 5.0/10; shared interests: 1.0/10. Your importance weights are: attractiveness: 20.0; sincerity: 25.0; intelligence: 20.0; being funny: 15.0; ambition: 15.0; shared interests: 5.0. Would you leave your current partner for the new man? Your answer must be (YES) or (NO) followed by your reason. You must FOLLOW THIS RULE! You MUST NOT SAY other words.,NO The new man scores significantly lower in key weighted categories like sincerity (2.0 vs. 7.0) and intelligence (4.0 vs. 7.0); which are highly important to you (25.0 and 20.0 weight respectively). His overall compatibility is much weaker than your current partner's.,42,36,30,0
Assume you are a 27-year-old woman with career type Organizational Change Consultant; currently matched with a partner. Your current partner's scores (out of 10): attractiveness: 3.0/10; sincerity: 10.0/10; intelligence: 9.0/10; being funny: 10.0/10; ambition: 4.0/10; shared interests: 4.0/10. A new man is courting you with scores: attractiveness: 2.0/10; sincerity: 4.0/10; intelligence: 5.0/10; being funny: 4.0/10; ambition: 4.0/10; shared interests: 3.0/10. Your importance weights are: attractiveness: 10.0; sincerity: 10.0; intelligence: 30.0; being funny: 25.0; ambition: 10.0; shared interests: 15.0. Would you leave your current partner for the new man? Your answer must be (YES) or (NO) followed by your reason. You must FOLLOW THIS RULE! You MUST NOT SAY other words.,NO. The new man scores significantly lower in intelligence (5.0 vs. 9.0) and being funny (4.0 vs. 10.0); which are your highest-weighted priorities (30.0 and 25.0 respectively). Your current partner also excels in sincerity (10.0); another high priority. The new man does not offer enough to justify leaving.,40,37,39,0
Assume you are a 27-year-old single woman; and there is a 24-year-old man who is courting you. Your career type is Organizational Change Consultant. You evaluated him on six dimensions with scores out of 10. These are attractiveness: 4.0/10; sincerity: 7.0/10; intelligence: 8.0/10; being funny: 2.0/10; ambition: 6.0/10; shared interests: 2.0/10. Your importance weights for these attributes are: attractiveness: 10.0; sincerity: 10.0; intelligence: 30.0; being funny: 25.0; ambition: 10.0; shared interests: 15.0. Would you be willing to date this man? And also tell me the reason. Your answer must be (YES) or (NO) followed by your reason. You must FOLLOW THIS RULE! You MUST NOT SAY other words.,NO. The weighted score is too low due to poor compatibility in key areas (being funny and shared interests); which are highly important to you.,43,37,,0
Assume you are a 26-year-old single woman; and there is a 21-year-old man who is courting you. Your career type is Biostatistics. You evaluated him on six dimensions with scores out of 10. These are attractiveness: 1.0/10; sincerity: 5.0/10; intelligence: 5.0/10; being funny: 2.0/10; ambition: 5.0/10; shared interests: 2.0/10. Your importance weights for these attributes are: attractiveness: 20.0; sincerity: 25.0; intelligence: 20.0; being funny: 15.0; ambition: 15.0; shared interests: 5.0. Would you be willing to date this man? And also tell me the reason. Your answer must be (YES) or (NO) followed by your reason. You must FOLLOW THIS RULE! You MUST NOT SAY other words.,NO. The weighted scores are too low in key areas like attractiveness; sincerity; and intelligence; which are important to you based on your weights. The lack of shared interests and humor further reduces compatibility.,52,36,,0
Assume you are a 27-year-old woman with career type Informatics; currently matched with a partner. Your current partner's scores (out of 10): attractiveness: 8.0/10; sincerity: 10.0/10; intelligence: 10.0/10; being funny: 10.0/10; ambition: 10.0/10; shared interests: 8.0/10. A new man is courting you with scores: attractiveness: 6.0/10; sincerity: 7.0/10; intelligence: 7.0/10; being funny: 7.0/10; ambition: 7.0/10; shared interests: 7.0/10. Your importance weights are: attractiveness: 20.0; sincerity: 20.0; intelligence: 20.0; being funny: 10.0; ambition: 10.0; shared interests: 20.0. Would you leave your current partner for the new man? Your answer must be (YES) or (NO) followed by your reason. You must FOLLOW THIS RULE! You MUST NOT SAY other words.,NO   Current partner's weighted score is higher than the new man's.,55,22,31,0
Assume you are a 27-year-old woman with career type Informatics; currently matched with a partner. Your current partner's scores (out of 10): attractiveness: 6.0/10; sincerity: 8.0/10; intelligence: 8.0/10; being funny: 6.0/10; ambition: 7.0/10; shared interests: 7.0/10. A new man is courting you with scores: attractiveness: 3.0/10; sincerity: 4.0/10; intelligence: 5.0/10; being funny: 4.0/10; ambition: 4.0/10; shared interests: 2.0/10. Your importance weights are: attractiveness: 20.0; sincerity: 20.0; intelligence: 20.0; being funny: 10.0; ambition: 10.0; shared interests: 20.0. Would you leave your current partner for the new man? Your answer must be (YES) or (NO) followed by your reason. You must FOLLOW THIS RULE! You MUST NOT SAY other words.,NO. The new man scores significantly lower in key areas that are important to you (sincerity; intelligence; shared interests) and offers no compelling advantages over your current partner.,51,22,38,0
Assume you are a 22-year-old woman with career type Speech Language Pathologist; currently matched with a partner. Your current partner's scores (out of 10): attractiveness: 6.0/10; sincerity: 7.0/10; intelligence: 8.0/10; being funny: 4.0/10; ambition: 6.0/10; shared interests: 4.0/10. A new man is courting you with scores: attractiveness: 4.0/10; sincerity: 5.0/10; intelligence: 4.0/10; being funny: 5.0/10; ambition: 6.0/10; shared interests: nan/10. Your importance weights are: attractiveness: 17.0; sincerity: 10.0; intelligence: 18.0; being funny: 20.0; ambition: 25.0; shared interests: 10.0. Would you leave your current partner for the new man? Your answer must be (YES) or (NO) followed by your reason. You must FOLLOW THIS RULE! You MUST NOT SAY other words.,NO. The new man scores lower in key weighted categories like intelligence (18.0 weight) and ambition (25.0 weight); and lacks data on shared interests (10.0 weight). The current partner; while imperfect; outperforms in critical areas.,49,27,21,0
Assume you are a 27-year-old woman with career type Informatics; currently matched with a partner. Your current partner's scores (out of 10): attractiveness: 8.0/10; sincerity: 9.0/10; intelligence: 9.0/10; being funny: 9.0/10; ambition: 7.0/10; shared interests: 5.0/10. A new man is courting you with scores: attractiveness: 4.0/10; sincerity: 5.0/10; intelligence: 5.0/10; being funny: 4.0/10; ambition: 5.0/10; shared interests: 4.0/10. Your importance weights are: attractiveness: 20.0; sincerity: 20.0; intelligence: 20.0; being funny: 10.0; ambition: 10.0; shared interests: 20.0. Would you leave your current partner for the new man? Your answer must be (YES) or (NO) followed by your reason. You must FOLLOW THIS RULE! You MUST NOT SAY other words.,NO. The new man scores significantly lower in key areas (sincerity; intelligence; shared interests) that are highly weighted in your priorities; making him a worse match overall.,54,22,25,0
Assume you are a 21-year-old man with career type Intellectual Property Attorney; currently matched with a partner. Your current partner's scores (out of 10): attractiveness: 6.0/10; sincerity: 5.0/10; intelligence: 5.0/10; being funny: 7.0/10; ambition: 6.0/10; shared interests: 3.0/10. A new woman is courting you with scores: attractiveness: 8.0/10; sincerity: 7.0/10; intelligence: 7.0/10; being funny: 7.0/10; ambition: 6.0/10; shared interests: 6.0/10. Your importance weights are: attractiveness: 15.0; sincerity: 20.0; intelligence: 15.0; being funny: 30.0; ambition: 5.0; shared interests: 15.0. Would you leave your current partner for the new woman? Your answer must be (YES) or (NO) followed by your reason. You must FOLLOW THIS RULE! You MUST NOT SAY other words.,YES. The new woman scores higher in key weighted categories (sincerity; intelligence; shared interests) and matches in humor (highest weight); making her a better overall match based on your priorities.,26,52,48,1
Assume you are a 24-year-old single man; and there is a 22-year-old woman who is courting you. Your career type is Academic. You evaluated her on six dimensions with scores out of 10. These are attractiveness: 4.0/10; sincerity: 4.0/10; intelligence: 5.0/10; being funny: 4.0/10; ambition: 6.0/10; shared interests: 5.0/10. Your importance weights for these attributes are: attractiveness: 25.0; sincerity: 35.0; intelligence: 30.0; being funny: 10.0; ambition: 0.0; shared interests: 0.0. Would you be willing to date this woman? And also tell me the reason. Your answer must be (YES) or (NO) followed by your reason. You must FOLLOW THIS RULE! You MUST NOT SAY other words.,NO – The weighted scores (attractiveness: 1.0; sincerity: 1.4; intelligence: 1.5; being funny: 0.4) do not meet your prioritized values (sincerity and intelligence being most important). The overall compatibility is too low.,29,43,,0
Assume you are a 27-year-old woman with career type Organizational Change Consultant; currently matched with a partner. Your current partner's scores (out of 10): attractiveness: 6.0/10; sincerity: 7.0/10; intelligence: 8.0/10; being funny: 4.0/10; ambition: 6.0/10; shared interests: 4.0/10. A new man is courting you with scores: attractiveness: 6.0/10; sincerity: 5.0/10; intelligence: 5.0/10; being funny: 4.0/10; ambition: 4.0/10; shared interests: 4.0/10. Your importance weights are: attractiveness: 10.0; sincerity: 10.0; intelligence: 30.0; being funny: 25.0; ambition: 10.0; shared interests: 15.0. Would you leave your current partner for the new man? Your answer must be (YES) or (NO) followed by your reason. You must FOLLOW THIS RULE! You MUST NOT SAY other words.,NO. The new man scores lower in intelligence (a highly weighted category for you) and similarly or worse in other important categories like sincerity; ambition; and shared interests; with no significant advantages to offset these drawbacks.,49,37,21,0
Assume you are a 24-year-old single man; and there is a 26-year-old woman who is courting you. Your career type is Academic. You evaluated her on six dimensions with scores out of 10. These are attractiveness: 6.0/10; sincerity: 5.0/10; intelligence: 5.0/10; being funny: 4.0/10; ambition: 5.0/10; shared interests: 4.0/10. Your importance weights for these attributes are: attractiveness: 25.0; sincerity: 35.0; intelligence: 30.0; being funny: 10.0; ambition: 0.0; shared interests: 0.0. Would you be willing to date this woman? And also tell me the reason. Your answer must be (YES) or (NO) followed by your reason. You must FOLLOW THIS RULE! You MUST NOT SAY other words.,NO. The weighted score (attractiveness: 1.5; sincerity: 1.75; intelligence: 1.5; being funny: 0.4) totals only 5.15/10; with sincerity and intelligence—your highest-weighted traits—scoring below satisfactory.,36,43,,0
Assume you are a 26-year-old woman with career type Biostatistics; currently matched with a partner. Your current partner's scores (out of 10): attractiveness: 3.0/10; sincerity: 10.0/10; intelligence: 9.0/10; being funny: 10.0/10; ambition: 4.0/10; shared interests: 4.0/10. A new man is courting you with scores: attractiveness: 2.0/10; sincerity: 5.0/10; intelligence: 2.0/10; being funny: 3.0/10; ambition: 1.0/10; shared interests: 3.0/10. Your importance weights are: attractiveness: 20.0; sincerity: 25.0; intelligence: 20.0; being funny: 15.0; ambition: 15.0; shared interests: 5.0. Would you leave your current partner for the new man? Your answer must be (YES) or (NO) followed by your reason. You must FOLLOW THIS RULE! You MUST NOT SAY other words.,NO. The new man scores significantly lower in nearly all weighted categories (sincerity; intelligence; being funny; ambition) that you value highly; and offers no compelling advantage over your current partner.,40,36,39,0
Assume you are a 22-year-old single man; and there is a 22-year-old woman who is courting you. Your career type is Music production. You evaluated her on six dimensions with scores out of 10. These are attractiveness: 8.0/10; sincerity: 8.0/10; intelligence: 5.0/10; being funny: 6.0/10; ambition: nan/10; shared interests: 7.0/10. Your importance weights for these attributes are: attractiveness: 30.0; sincerity: 15.0; intelligence: 25.0; being funny: 25.0; ambition: 5.0; shared interests: 0.0. Would you be willing to date this woman? And also tell me the reason. Your answer must be (YES) or (NO) followed by your reason. You must FOLLOW THIS RULE! You MUST NOT SAY other words.,NO Intelligence and being funny scores are relatively low compared to their high importance weights; making her less compatible despite her attractiveness and sincerity.,27,48,,0
Assume you are a 22-year-old woman with career type Speech Language Pathologist; currently matched with a partner. Your current partner's scores (out of 10): attractiveness: 8.0/10; sincerity: 9.0/10; intelligence: 9.0/10; being funny: 9.0/10; ambition: 7.0/10; shared interests: 5.0/10. A new man is courting you with scores: attractiveness: 2.0/10; sincerity: 4.0/10; intelligence: 7.0/10; being funny: 3.0/10; ambition: 6.0/10; shared interests: 2.0/10. Your importance weights are: attractiveness: 17.0; sincerity: 10.0; intelligence: 18.0; being funny: 20.0; ambition: 25.0; shared interests: 10.0. Would you leave your current partner for the new man? Your answer must be (YES) or (NO) followed by your reason. You must FOLLOW THIS RULE! You MUST NOT SAY other words.,NO. The new man scores significantly lower in key weighted categories like attractiveness; sincerity; being funny; and shared interests; and does not offer enough in higher-weighted traits (ambition; intelligence) to outweigh the current partner's strengths.,54,27,25,0
Assume you are a 24-year-old man with career type Academic; currently matched with a partner. Your current partner's scores (out of 10): attractiveness: 6.0/10; sincerity: 7.0/10; intelligence: 9.0/10; being funny: 9.0/10; ambition: 9.0/10; shared interests: 8.0/10. A new woman is courting you with scores: attractiveness: 3.0/10; sincerity: 7.0/10; intelligence: 7.0/10; being funny: 7.0/10; ambition: 5.0/10; shared interests: 3.0/10. Your importance weights are: attractiveness: 25.0; sincerity: 35.0; intelligence: 30.0; being funny: 10.0; ambition: 0.0; shared interests: 0.0. Would you leave your current partner for the new woman? Your answer must be (YES) or (NO) followed by your reason. You must FOLLOW THIS RULE! You MUST NOT SAY other words.,NO. The new woman scores significantly lower in attractiveness (25.0 weight) and intelligence (30.0 weight); which are your highest-weighted priorities; while offering no advantage in sincerity (35.0 weight). Your current partner better aligns with your values.,39,43,40,0
Assume you are a 27-year-old woman with career type Organizational Change Consultant; currently matched with a partner. Your current partner's scores (out of 10): attractiveness: 10.0/10; sincerity: 10.0/10; intelligence: 10.0/10; being funny: 10.0/10; ambition: 10.0/10; shared interests: nan/10. A new man is courting you with scores: attractiveness: 2.0/10; sincerity: 5.0/10; intelligence: 6.0/10; being funny: 3.0/10; ambition: 4.0/10; shared interests: 3.0/10. Your importance weights are: attractiveness: 10.0; sincerity: 10.0; intelligence: 30.0; being funny: 25.0; ambition: 10.0; shared interests: 15.0. Would you leave your current partner for the new man? Your answer must be (YES) or (NO) followed by your reason. You must FOLLOW THIS RULE! You MUST NOT SAY other words.,NO. The new man's scores are significantly lower in key areas (intelligence; ambition; shared interests) that hold high importance to you; while your current partner excels in all categories.,41,37,32,0
Assume you are a 26-year-old woman with career type Biostatistics; currently matched with a partner. Your current partner's scores (out of 10): attractiveness: 5.0/10; sincerity: 6.0/10; intelligence: 7.0/10; being funny: 6.0/10; ambition: 6.0/10; shared interests: 3.0/10. A new man is courting you with scores: attractiveness: 1.0/10; sincerity: 3.0/10; intelligence: 5.0/10; being funny: 1.0/10; ambition: 2.0/10; shared interests: 1.0/10. Your importance weights are: attractiveness: 20.0; sincerity: 25.0; intelligence: 20.0; being funny: 15.0; ambition: 15.0; shared interests: 5.0. Would you leave your current partner for the new man? Your answer must be (YES) or (NO) followed by your reason. You must FOLLOW THIS RULE! You MUST NOT SAY other words.,NO. The new man scores significantly lower in all categories; especially in sincerity; intelligence; and shared interests; which are important to you. The current partner; while not perfect; has better overall compatibility based on your weighted priorities.,47,36,33,0
Assume you are a 22-year-old woman with career type Speech Language Pathologist; currently matched with a partner. Your current partner's scores (out of 10): attractiveness: 10.0/10; sincerity: 10.0/10; intelligence: 10.0/10; being funny: 10.0/10; ambition: 10.0/10; shared interests: nan/10. A new man is courting you with scores: attractiveness: 1.0/10; sincerity: 6.0/10; intelligence: 4.0/10; being funny: 2.0/10; ambition: 1.0/10; shared interests: nan/10. Your importance weights are: attractiveness: 17.0; sincerity: 10.0; intelligence: 18.0; being funny: 20.0; ambition: 25.0; shared interests: 10.0. Would you leave your current partner for the new man? Your answer must be (YES) or (NO) followed by your reason. You must FOLLOW THIS RULE! You MUST NOT SAY other words.,NO. The new man's scores are significantly lower in all important categories (attractiveness; intelligence; being funny; ambition) compared to your current partner; who scores perfectly in every area. The weights you assigned further emphasize that these traits matter greatly to you; making the new man a poor match.,41,27,32,0
Assume you are a 26-year-old single woman; and there is a 22-year-old man who is courting you. Your career type is Biostatistics. You evaluated him on six dimensions with scores out of 10. These are attractiveness: 3.0/10; sincerity: 1.0/10; intelligence: 2.0/10; being funny: 2.0/10; ambition: 2.0/10; shared interests: 3.0/10. Your importance weights for these attributes are: attractiveness: 20.0; sincerity: 25.0; intelligence: 20.0; being funny: 15.0; ambition: 15.0; shared interests: 5.0. Would you be willing to date this man? And also tell me the reason. Your answer must be (YES) or (NO) followed by your reason. You must FOLLOW THIS RULE! You MUST NOT SAY other words.,NO. The scores in sincerity (1.0); intelligence (2.0); and ambition (2.0) are critically low; and these are highly weighted attributes (25.0; 20.0; and 15.0 respectively). The overall compatibility is too weak to justify dating.,48,36,,0
Assume you are a 26-year-old single woman; and there is a 24-year-old man who is courting you. Your career type is Biostatistics. You evaluated him on six dimensions with scores out of 10. These are attractiveness: 1.0/10; sincerity: 1.0/10; intelligence: 1.0/10; being funny: 1.0/10; ambition: 1.0/10; shared interests: 1.0/10. Your importance weights for these attributes are: attractiveness: 20.0; sincerity: 25.0; intelligence: 20.0; being funny: 15.0; ambition: 15.0; shared interests: 5.0. Would you be willing to date this man? And also tell me the reason. Your answer must be (YES) or (NO) followed by your reason. You must FOLLOW THIS RULE! You MUST NOT SAY other words.,NO. All evaluated dimensions received the lowest possible score (1.0/10); and none of the attributes meet even minimal expectations; making compatibility and relationship potential extremely unlikely.,43,36,,0
Assume you are a 22-year-old woman with career type Speech Language Pathologist; currently matched with a partner. Your current partner's scores (out of 10): attractiveness: 4.0/10; sincerity: 7.0/10; intelligence: 7.0/10; being funny: 6.0/10; ambition: 6.0/10; shared interests: nan/10. A new man is courting you with scores: attractiveness: 1.0/10; sincerity: 4.0/10; intelligence: 6.0/10; being funny: 2.0/10; ambition: 6.0/10; shared interests: 1.0/10. Your importance weights are: attractiveness: 17.0; sincerity: 10.0; intelligence: 18.0; being funny: 20.0; ambition: 25.0; shared interests: 10.0. Would you leave your current partner for the new man? Your answer must be (YES) or (NO) followed by your reason. You must FOLLOW THIS RULE! You MUST NOT SAY other words.,NO. The new man scores significantly lower in key weighted categories like attractiveness; sincerity; being funny; and shared interests; outweighing any minor advantages. The current partner offers better overall compatibility based on your priorities.,42,27,30,0
Assume you are a 22-year-old single man; and there is a 22-year-old woman who is courting you. Your career type is Music production. You evaluated her on six dimensions with scores out of 10. These are attractiveness: 6.0/10; sincerity: 8.0/10; intelligence: 9.0/10; being funny: 5.0/10; ambition: 9.0/10; shared interests: 3.0/10. Your importance weights for these attributes are: attractiveness: 30.0; sincerity: 15.0; intelligence: 25.0; being funny: 25.0; ambition: 5.0; shared interests: 0.0. Would you be willing to date this woman? And also tell me the reason. Your answer must be (YES) or (NO) followed by your reason. You must FOLLOW THIS RULE! You MUST NOT SAY other words.,NO - Low scores in attractiveness (weighted heavily) and being funny (also weighted heavily) outweigh her strengths in sincerity and intelligence. Minimal shared interests and low humor compatibility may lead to dissatisfaction despite her other qualities.,29,48,,0
Assume you are a 26-year-old woman with career type Biostatistics; currently matched with a partner. Your current partner's scores (out of 10): attractiveness: 8.0/10; sincerity: 8.0/10; intelligence: 8.0/10; being funny: 10.0/10; ambition: 7.0/10; shared interests: 8.0/10. A new man is courting you with scores: attractiveness: 1.0/10; sincerity: 1.0/10; intelligence: 1.0/10; being funny: 1.0/10; ambition: 1.0/10; shared interests: 1.0/10. Your importance weights are: attractiveness: 20.0; sincerity: 25.0; intelligence: 20.0; being funny: 15.0; ambition: 15.0; shared interests: 5.0. Would you leave your current partner for the new man? Your answer must be (YES) or (NO) followed by your reason. You must FOLLOW THIS RULE! You MUST NOT SAY other words.,NO. The new man scores extremely low in all categories; which are important to you; while your current partner scores highly in sincerity; intelligence; humor; and shared interests—qualities you value more.,44,36,23,0
Assume you are a 24-year-old single man; and there is a 27-year-old woman who is courting you. Your career type is Academic. You evaluated her on six dimensions with scores out of 10. These are attractiveness: 4.0/10; sincerity: 5.0/10; intelligence: 5.0/10; being funny: 3.0/10; ambition: 5.0/10; shared interests: 1.0/10. Your importance weights for these attributes are: attractiveness: 25.0; sincerity: 35.0; intelligence: 30.0; being funny: 10.0; ambition: 0.0; shared interests: 0.0. Would you be willing to date this woman? And also tell me the reason. Your answer must be (YES) or (NO) followed by your reason. You must FOLLOW THIS RULE! You MUST NOT SAY other words.,NO – Low scores in sincerity; intelligence; and shared interests; which are highly weighted for you.,22,43,,0
Assume you are a 22-year-old woman with career type Speech Language Pathologist; currently matched with a partner. Your current partner's scores (out of 10): attractiveness: 6.0/10; sincerity: 8.0/10; intelligence: 8.0/10; being funny: 6.0/10; ambition: 7.0/10; shared interests: 7.0/10. A new man is courting you with scores: attractiveness: 1.0/10; sincerity: 2.0/10; intelligence: 6.0/10; being funny: 1.0/10; ambition: 6.0/10; shared interests: 2.0/10. Your importance weights are: attractiveness: 17.0; sincerity: 10.0; intelligence: 18.0; being funny: 20.0; ambition: 25.0; shared interests: 10.0. Would you leave your current partner for the new man? Your answer must be (YES) or (NO) followed by your reason. You must FOLLOW THIS RULE! You MUST NOT SAY other words.,NO. The new man scores significantly lower in nearly all categories; especially in key areas like attractiveness; sincerity; being funny; and shared interests; which are important to you based on your weights. Your current partner has stronger overall compatibility.,51,27,38,0
Assume you are a 22-year-old man with career type Music production; currently matched with a partner. Your current partner's scores (out of 10): attractiveness: 9.0/10; sincerity: 8.0/10; intelligence: 7.0/10; being funny: 10.0/10; ambition: 9.0/10; shared interests: 8.0/10. A new woman is courting you with scores: attractiveness: 7.0/10; sincerity: 7.0/10; intelligence: 7.0/10; being funny: 8.0/10; ambition: nan/10; shared interests: nan/10. Your importance weights are: attractiveness: 30.0; sincerity: 15.0; intelligence: 25.0; being funny: 25.0; ambition: 5.0; shared interests: 0.0. Would you leave your current partner for the new woman? Your answer must be (YES) or (NO) followed by your reason. You must FOLLOW THIS RULE! You MUST NOT SAY other words.,NO. The new woman's scores do not outweigh your current partner's in key weighted categories like attractiveness; intelligence; and being funny.,31,48,55,0
Assume you are a 22-year-old woman with career type Speech Language Pathologist; currently matched with a partner. Your current partner's scores (out of 10): attractiveness: 8.0/10; sincerity: 7.0/10; intelligence: 7.0/10; being funny: 7.0/10; ambition: 6.0/10; shared interests: 6.0/10. A new man is courting you with scores: attractiveness: 1.0/10; sincerity: 3.0/10; intelligence: 7.0/10; being funny: 1.0/10; ambition: 4.0/10; shared interests: 2.0/10. Your importance weights are: attractiveness: 17.0; sincerity: 10.0; intelligence: 18.0; being funny: 20.0; ambition: 25.0; shared interests: 10.0. Would you leave your current partner for the new man? Your answer must be (YES) or (NO) followed by your reason. You must FOLLOW THIS RULE! You MUST NOT SAY other words.,NO. The new man scores significantly lower in key weighted categories like attractiveness (17.0 weight); being funny (20.0 weight); and shared interests (10.0 weight); and offers no compelling advantages over the current partner.,52,27,26,0
Assume you are a 22-year-old single man; and there is a 26-year-old woman who is courting you. Your career type is Music production. You evaluated her on six dimensions with scores out of 10. These are attractiveness: 6.0/10; sincerity: 8.0/10; intelligence: 7.0/10; being funny: 7.0/10; ambition: 9.0/10; shared interests: 4.0/10. Your importance weights for these attributes are: attractiveness: 30.0; sincerity: 15.0; intelligence: 25.0; being funny: 25.0; ambition: 5.0; shared interests: 0.0. Would you be willing to date this woman? And also tell me the reason. Your answer must be (YES) or (NO) followed by your reason. You must FOLLOW THIS RULE! You MUST NOT SAY other words.,YES. Her high scores in sincerity (8.0); intelligence (7.0); and being funny (7.0) align well with your high importance weights (15.0; 25.0; 25.0); outweighing the lower scores in attractiveness (6.0) and shared interests (4.0); which matter less to you (30.0; 0.0). Ambition (9.0) is a bonus but not a priority (5.0).,36,48,,1
Assume you are a 22-year-old woman with career type Speech Language Pathologist; currently matched with a partner. Your current partner's scores (out of 10): attractiveness: 8.0/10; sincerity: 8.0/10; intelligence: 8.0/10; being funny: 10.0/10; ambition: 7.0/10; shared interests: 8.0/10. A new man is courting you with scores: attractiveness: 1.0/10; sincerity: 3.0/10; intelligence: 4.0/10; being funny: 2.0/10; ambition: 2.0/10; shared interests: 1.0/10. Your importance weights are: attractiveness: 17.0; sincerity: 10.0; intelligence: 18.0; being funny: 20.0; ambition: 25.0; shared interests: 10.0. Would you leave your current partner for the new man? Your answer must be (YES) or (NO) followed by your reason. You must FOLLOW THIS RULE! You MUST NOT SAY other words.,NO. The new man scores significantly lower in all important categories (especially ambition; intelligence; and being funny; which are highly weighted) and offers no compelling reason to leave a well-matched current partner.,44,27,23,0
Assume you are a 24-year-old man with career type Academic; currently matched with a partner. Your current partner's scores (out of 10): attractiveness: 7.0/10; sincerity: 7.0/10; intelligence: 7.0/10; being funny: 6.0/10; ambition: 6.0/10; shared interests: 9.0/10. A new woman is courting you with scores: attractiveness: 4.0/10; sincerity: 6.0/10; intelligence: 5.0/10; being funny: 4.0/10; ambition: 3.0/10; shared interests: 2.0/10. Your importance weights are: attractiveness: 25.0; sincerity: 35.0; intelligence: 30.0; being funny: 10.0; ambition: 0.0; shared interests: 0.0. Would you leave your current partner for the new woman? Your answer must be (YES) or (NO) followed by your reason. You must FOLLOW THIS RULE! You MUST NOT SAY other words.,NO. The new woman scores lower in attractiveness; sincerity; and intelligence; which are your top-weighted priorities (25.0; 35.0; and 30.0 respectively). The current partner outperforms her in all key areas.,23,43,44,0
Assume you are a 24-year-old man with career type Academic; currently matched with a partner. Your current partner's scores (out of 10): attractiveness: 6.0/10; sincerity: 7.0/10; intelligence: 8.0/10; being funny: 7.0/10; ambition: 8.0/10; shared interests: 7.0/10. A new woman is courting you with scores: attractiveness: 3.0/10; sincerity: 4.0/10; intelligence: 7.0/10; being funny: 3.0/10; ambition: 7.0/10; shared interests: 1.0/10. Your importance weights are: attractiveness: 25.0; sincerity: 35.0; intelligence: 30.0; being funny: 10.0; ambition: 0.0; shared interests: 0.0. Would you leave your current partner for the new woman? Your answer must be (YES) or (NO) followed by your reason. You must FOLLOW THIS RULE! You MUST NOT SAY other words.,NO. The new woman scores significantly lower in attractiveness; sincerity; and being funny; which are your most weighted traits (25.0; 35.0; and 10.0 respectively). Her higher intelligence and ambition do not compensate for the lower scores in your prioritized categories.,30,43,42,0
Assume you are a 27-year-old woman with career type Organizational Change Consultant; currently matched with a partner. Your current partner's scores (out of 10): attractiveness: 8.0/10; sincerity: 9.0/10; intelligence: 9.0/10; being funny: 9.0/10; ambition: 7.0/10; shared interests: 5.0/10. A new man is courting you with scores: attractiveness: 4.0/10; sincerity: 3.0/10; intelligence: 4.0/10; being funny: 2.0/10; ambition: 3.0/10; shared interests: 3.0/10. Your importance weights are: attractiveness: 10.0; sincerity: 10.0; intelligence: 30.0; being funny: 25.0; ambition: 10.0; shared interests: 15.0. Would you leave your current partner for the new man? Your answer must be (YES) or (NO) followed by your reason. You must FOLLOW THIS RULE! You MUST NOT SAY other words.,NO. The new man scores significantly lower in all key weighted categories (intelligence; being funny; sincerity; attractiveness; ambition; and shared interests); which are highly important to you. Your current partner excels in these areas; making him a much better match.,54,37,25,0
Assume you are a 22-year-old woman with career type Social Work Administration; currently matched with a partner. Your current partner's scores (out of 10): attractiveness: 7.0/10; sincerity: 7.0/10; intelligence: 7.0/10; being funny: 9.0/10; ambition: 8.0/10; shared interests: 7.0/10. A new man is courting you with scores: attractiveness: 8.0/10; sincerity: 6.0/10; intelligence: 6.0/10; being funny: 5.0/10; ambition: nan/10; shared interests: nan/10. Your importance weights are: attractiveness: 20.0; sincerity: 22.0; intelligence: 18.0; being funny: 15.0; ambition: 15.0; shared interests: 10.0. Would you leave your current partner for the new man? Your answer must be (YES) or (NO) followed by your reason. You must FOLLOW THIS RULE! You MUST NOT SAY other words.,NO. The new man scores lower in sincerity; intelligence; and being funny—traits you value highly—and lacks data on ambition and shared interests; making him a riskier choice compared to your current partner.,46,29,34,0
Assume you are a 22-year-old woman with career type Social Work Administration; currently matched with a partner. Your current partner's scores (out of 10): attractiveness: 6.0/10; sincerity: 8.0/10; intelligence: 7.0/10; being funny: 7.0/10; ambition: 9.0/10; shared interests: 4.0/10. A new man is courting you with scores: attractiveness: 8.0/10; sincerity: 7.0/10; intelligence: 8.0/10; being funny: 8.0/10; ambition: 8.0/10; shared interests: 6.0/10. Your importance weights are: attractiveness: 20.0; sincerity: 22.0; intelligence: 18.0; being funny: 15.0; ambition: 15.0; shared interests: 10.0. Would you leave your current partner for the new man? Your answer must be (YES) or (NO) followed by your reason. You must FOLLOW THIS RULE! You MUST NOT SAY other words.,NO - Current partner scores higher in sincerity (most important weight) and ambition; while the new man's advantages (attractiveness; humor; shared interests) are less prioritized based on your weights.,48,29,36,0
Assume you are a 22-year-old woman with career type Social Work Administration; currently matched with a partner. Your current partner's scores (out of 10): attractiveness: 6.0/10; sincerity: 7.0/10; intelligence: 8.0/10; being funny: 4.0/10; ambition: 6.0/10; shared interests: 4.0/10. A new man is courting you with scores: attractiveness: 7.0/10; sincerity: 5.0/10; intelligence: 6.0/10; being funny: 8.0/10; ambition: 6.0/10; shared interests: 4.0/10. Your importance weights are: attractiveness: 20.0; sincerity: 22.0; intelligence: 18.0; being funny: 15.0; ambition: 15.0; shared interests: 10.0. Would you leave your current partner for the new man? Your answer must be (YES) or (NO) followed by your reason. You must FOLLOW THIS RULE! You MUST NOT SAY other words.,NO. The current partner has higher weighted scores in sincerity (22.0 weight) and intelligence (18.0 weight); which are more important to you; outweighing the new man's higher attractiveness and humor.,49,29,21,0
Assume you are a 22-year-old woman with career type Social Work Administration; currently matched with a partner. Your current partner's scores (out of 10): attractiveness: 6.0/10; sincerity: 8.0/10; intelligence: 8.0/10; being funny: 6.0/10; ambition: 7.0/10; shared interests: 7.0/10. A new man is courting you with scores: attractiveness: 6.0/10; sincerity: 7.0/10; intelligence: 7.0/10; being funny: 4.0/10; ambition: 6.0/10; shared interests: 6.0/10. Your importance weights are: attractiveness: 20.0; sincerity: 22.0; intelligence: 18.0; being funny: 15.0; ambition: 15.0; shared interests: 10.0. Would you leave your current partner for the new man? Your answer must be (YES) or (NO) followed by your reason. You must FOLLOW THIS RULE! You MUST NOT SAY other words.,NO. The new man's overall weighted score is lower than your current partner's; particularly in sincerity and intelligence; which are highly weighted for you.,51,29,38,0
Assume you are a 22-year-old woman with career type Social Work Administration; currently matched with a partner. Your current partner's scores (out of 10): attractiveness: 8.0/10; sincerity: 7.0/10; intelligence: 7.0/10; being funny: 7.0/10; ambition: 6.0/10; shared interests: 6.0/10. A new man is courting you with scores: attractiveness: 6.0/10; sincerity: 8.0/10; intelligence: 8.0/10; being funny: 5.0/10; ambition: 7.0/10; shared interests: 5.0/10. Your importance weights are: attractiveness: 20.0; sincerity: 22.0; intelligence: 18.0; being funny: 15.0; ambition: 15.0; shared interests: 10.0. Would you leave your current partner for the new man? Your answer must be (YES) or (NO) followed by your reason. You must FOLLOW THIS RULE! You MUST NOT SAY other words.,NO. The current partner's weighted total (6.8) is slightly higher than the new man's (6.7); and the differences in key traits (sincerity; intelligence) are not significant enough to justify leaving.,52,29,26,0
Assume you are a 22-year-old woman with career type Social Work Administration; currently matched with a partner. Your current partner's scores (out of 10): attractiveness: 8.0/10; sincerity: 9.0/10; intelligence: 9.0/10; being funny: 9.0/10; ambition: 7.0/10; shared interests: 5.0/10. A new man is courting you with scores: attractiveness: 6.0/10; sincerity: 7.0/10; intelligence: 6.0/10; being funny: 4.0/10; ambition: 6.0/10; shared interests: 5.0/10. Your importance weights are: attractiveness: 20.0; sincerity: 22.0; intelligence: 18.0; being funny: 15.0; ambition: 15.0; shared interests: 10.0. Would you leave your current partner for the new man? Your answer must be (YES) or (NO) followed by your reason. You must FOLLOW THIS RULE! You MUST NOT SAY other words.,NO. The new man scores lower in all key weighted categories (attractiveness; sincerity; intelligence; humor) and matches only in shared interests; while your current partner excels in traits you value highly.,54,29,25,0
Assume you are a 22-year-old woman with career type Social Work Administration; currently matched with a partner. Your current partner's scores (out of 10): attractiveness: 8.0/10; sincerity: 10.0/10; intelligence: 10.0/10; being funny: 10.0/10; ambition: 10.0/10; shared interests: 8.0/10. A new man is courting you with scores: attractiveness: 6.0/10; sincerity: 8.0/10; intelligence: 7.0/10; being funny: 6.0/10; ambition: 5.0/10; shared interests: 3.0/10. Your importance weights are: attractiveness: 20.0; sincerity: 22.0; intelligence: 18.0; being funny: 15.0; ambition: 15.0; shared interests: 10.0. Would you leave your current partner for the new man? Your answer must be (YES) or (NO) followed by your reason. You must FOLLOW THIS RULE! You MUST NOT SAY other words.,NO. The new man scores significantly lower in key weighted categories (sincerity; intelligence; ambition; shared interests) and offers no compelling advantage over your current partner; who excels in nearly all areas.,55,29,31,0
Assume you are a 22-year-old single woman; and there is a 24-year-old man who is courting you. Your career type is Social Work Administration. You evaluated him on six dimensions with scores out of 10. These are attractiveness: 5.0/10; sincerity: 7.0/10; intelligence: 5.0/10; being funny: 3.0/10; ambition: 5.0/10; shared interests: nan/10. Your importance weights for these attributes are: attractiveness: 20.0; sincerity: 22.0; intelligence: 18.0; being funny: 15.0; ambition: 15.0; shared interests: 10.0. Would you be willing to date this man? And also tell me the reason. Your answer must be (YES) or (NO) followed by your reason. You must FOLLOW THIS RULE! You MUST NOT SAY other words.,NO - The weighted average score is relatively low (5.15/10); with below-average ratings in key areas like attractiveness; intelligence; and humor; and no data on shared interests; which are important for compatibility.,43,29,,0
