Assume you are a 21-year-old single man; and there is a 22-year-old woman who is courting you. Your career type is Intellectual Property Attorney. You evaluated her on six dimensions with scores out of 10. These are attractiveness: 8.0/10; sincerity: 7.0/10; intelligence: 7.0/10; being funny: 6.0/10; ambition: 6.0/10; shared interests: 7.0/10. Your importance weights for these attributes are: attractiveness: 15.0; sincerity: 20.0; intelligence: 15.0; being funny: 30.0; ambition: 5.0; shared interests: 15.0. Would you be willing to date this woman? And also tell me the reason. Your answer must be (YES) or (NO) followed by your reason. You must FOLLOW THIS RULE! You MUST NOT SAY other words.,"NO. The weighted score for ""being funny"" (which is your highest priority at 30.0) is only 6.0; dragging down the overall compatibility despite decent scores in other areas.",27,52,,0
Assume you are a 23-year-old single woman; and there is a 25-year-old man who is courting you. Your career type is law. You evaluated him on six dimensions with scores out of 10. These are attractiveness: 9.0/10; sincerity: 9.0/10; intelligence: 9.0/10; being funny: 8.0/10; ambition: 5.0/10; shared interests: 3.0/10. Your importance weights for these attributes are: attractiveness: 50.0; sincerity: 10.0; intelligence: 20.0; being funny: 10.0; ambition: 10.0; shared interests: 0.0. Would you be willing to date this man? And also tell me the reason. Your answer must be (YES) or (NO) followed by your reason. You must FOLLOW THIS RULE! You MUST NOT SAY other words.,YES. The high scores in attractiveness (weighted heavily); sincerity; intelligence; and being funny outweigh the lower scores in ambition and shared interests; which are less important based on your weights.,49,38,,1
Assume you are a 23-year-old single woman; and there is a 30-year-old man who is courting you. Your career type is Lawyer. You evaluated him on six dimensions with scores out of 10. These are attractiveness: 8.0/10; sincerity: 9.0/10; intelligence: 8.0/10; being funny: 5.0/10; ambition: 9.0/10; shared interests: 5.0/10. Your importance weights for these attributes are: attractiveness: 10.0; sincerity: 20.0; intelligence: 20.0; being funny: 20.0; ambition: 20.0; shared interests: 10.0. Would you be willing to date this man? And also tell me the reason. Your answer must be (YES) or (NO) followed by your reason. You must FOLLOW THIS RULE! You MUST NOT SAY other words.,NO - While he scores well in sincerity; intelligence; and ambition; his low scores in being funny and shared interests (both weighted highly) make compatibility unlikely.,41,30,,0
Assume you are a 27-year-old single woman; and there is a 26-year-old man who is courting you. Your career type is Informatics. You evaluated him on six dimensions with scores out of 10. These are attractiveness: 8.0/10; sincerity: 7.0/10; intelligence: 7.0/10; being funny: 7.0/10; ambition: 6.0/10; shared interests: 7.0/10. Your importance weights for these attributes are: attractiveness: 20.0; sincerity: 20.0; intelligence: 20.0; being funny: 10.0; ambition: 10.0; shared interests: 20.0. Would you be willing to date this man? And also tell me the reason. Your answer must be (YES) or (NO) followed by your reason. You must FOLLOW THIS RULE! You MUST NOT SAY other words.,YES. The weighted score (attractiveness: 16.0; sincerity: 14.0; intelligence: 14.0; being funny: 7.0; ambition: 6.0; shared interests: 14.0) totals 71.0/100; which meets a reasonable threshold for dating potential.,46,22,,1
Assume you are a 21-year-old woman with career type Undecided; currently matched with a partner. Your current partner's scores (out of 10): attractiveness: 8.0/10; sincerity: 7.0/10; intelligence: 7.0/10; being funny: 8.0/10; ambition: 8.0/10; shared interests: 4.0/10. A new man is courting you with scores: attractiveness: 9.0/10; sincerity: 9.0/10; intelligence: 10.0/10; being funny: 9.0/10; ambition: 9.0/10; shared interests: 8.0/10. Your importance weights are: attractiveness: 12.0; sincerity: 18.0; intelligence: 20.0; being funny: 16.0; ambition: 16.0; shared interests: 18.0. Would you leave your current partner for the new man? Your answer must be (YES) or (NO) followed by your reason. You must FOLLOW THIS RULE! You MUST NOT SAY other words.,YES. The new man scores higher in all categories; especially in shared interests; intelligence; and sincerity; which are your top-weighted priorities. The overall compatibility and alignment with your values make him a significantly better match.,49,21,38,1
Assume you are a 30-year-old single man; and there is a 30-year-old woman who is courting you. Your career type is law. You evaluated her on six dimensions with scores out of 10. These are attractiveness: 10.0/10; sincerity: 10.0/10; intelligence: 10.0/10; being funny: 10.0/10; ambition: 10.0/10; shared interests: nan/10. Your importance weights for these attributes are: attractiveness: 30.0; sincerity: 20.0; intelligence: 10.0; being funny: 30.0; ambition: 0.0; shared interests: 10.0. Would you be willing to date this woman? And also tell me the reason. Your answer must be (YES) or (NO) followed by your reason. You must FOLLOW THIS RULE! You MUST NOT SAY other words.,YES. She scores perfectly in all evaluated dimensions except shared interests (unknown); which is weighted lower; making her highly compatible based on your priorities.,33,41,,1
Assume you are a 27-year-old single woman; and there is a 28-year-old man who is courting you. Your career type is Professor. You evaluated him on six dimensions with scores out of 10. These are attractiveness: 7.0/10; sincerity: 6.0/10; intelligence: 9.0/10; being funny: 8.0/10; ambition: 9.0/10; shared interests: 9.0/10. Your importance weights for these attributes are: attractiveness: 50.0; sincerity: 0.0; intelligence: 50.0; being funny: 0.0; ambition: 0.0; shared interests: 0.0. Would you be willing to date this man? And also tell me the reason. Your answer must be (YES) or (NO) followed by your reason. You must FOLLOW THIS RULE! You MUST NOT SAY other words.,YES - High scores in intelligence (9.0) and shared interests (9.0); which align with your high importance weights (50.0 and 0.0; respectively); outweigh the lower sincerity score since sincerity has 0 weight. Attractiveness (7.0) is acceptable given its 50.0 weight. Other traits; while strong; are irrelevant due to 0 weights.,54,32,,1
Assume you are a 22-year-old single woman; and there is a 25-year-old man who is courting you. Your career type is Social Work Administration. You evaluated him on six dimensions with scores out of 10. These are attractiveness: 4.0/10; sincerity: 9.0/10; intelligence: 4.0/10; being funny: 4.0/10; ambition: 5.0/10; shared interests: nan/10. Your importance weights for these attributes are: attractiveness: 20.0; sincerity: 22.0; intelligence: 18.0; being funny: 15.0; ambition: 15.0; shared interests: 10.0. Would you be willing to date this man? And also tell me the reason. Your answer must be (YES) or (NO) followed by your reason. You must FOLLOW THIS RULE! You MUST NOT SAY other words.,NO - While he scores high in sincerity (9.0/10); his low scores in attractiveness (4.0/10); intelligence (4.0/10); and being funny (4.0/10); combined with moderate ambition (5.0/10) and unknown shared interests; make him a poor overall match based on your weighted priorities.,40,29,,0
Assume you are a 23-year-old single man; and there is a 21-year-old woman who is courting you. Your career type is Engineer. You evaluated her on six dimensions with scores out of 10. These are attractiveness: 6.0/10; sincerity: 10.0/10; intelligence: 9.0/10; being funny: 8.0/10; ambition: 9.0/10; shared interests: nan/10. Your importance weights for these attributes are: attractiveness: 20.0; sincerity: 25.0; intelligence: 20.0; being funny: 15.0; ambition: 10.0; shared interests: 10.0. Would you be willing to date this woman? And also tell me the reason. Your answer must be (YES) or (NO) followed by your reason. You must FOLLOW THIS RULE! You MUST NOT SAY other words.,YES. Despite average attractiveness (6.0); her high sincerity (10.0); intelligence (9.0); humor (8.0); and ambition (9.0) align well with your weighted priorities; making her a strong match overall. Shared interests (nan) are less critical given their low weight (10.0).,23,42,,1
Assume you are a 23-year-old man with career type Law; currently matched with a partner. Your current partner's scores (out of 10): attractiveness: 7.0/10; sincerity: 6.0/10; intelligence: 9.0/10; being funny: 8.0/10; ambition: 9.0/10; shared interests: 9.0/10. A new woman is courting you with scores: attractiveness: 8.0/10; sincerity: 7.0/10; intelligence: 7.0/10; being funny: 9.0/10; ambition: 5.0/10; shared interests: 4.0/10. Your importance weights are: attractiveness: 25.0; sincerity: 10.0; intelligence: 35.0; being funny: 15.0; ambition: 0.0; shared interests: 15.0. Would you leave your current partner for the new woman? Your answer must be (YES) or (NO) followed by your reason. You must FOLLOW THIS RULE! You MUST NOT SAY other words.,NO. The current partner scores higher in intelligence (35.0 weight) and shared interests (15.0 weight); which are more important to you than the new woman's higher attractiveness (25.0 weight) and humor (15.0 weight). The trade-off isn't favorable.,32,51,54,0
Assume you are a 21-year-old woman with career type Banking; currently matched with a partner. Your current partner's scores (out of 10): attractiveness: 5.0/10; sincerity: 8.0/10; intelligence: 5.0/10; being funny: 5.0/10; ambition: 6.0/10; shared interests: 5.0/10. A new man is courting you with scores: attractiveness: 9.0/10; sincerity: 8.0/10; intelligence: 9.0/10; being funny: 7.0/10; ambition: 8.0/10; shared interests: nan/10. Your importance weights are: attractiveness: 30.0; sincerity: 5.0; intelligence: 30.0; being funny: 15.0; ambition: 15.0; shared interests: 5.0. Would you leave your current partner for the new man? Your answer must be (YES) or (NO) followed by your reason. You must FOLLOW THIS RULE! You MUST NOT SAY other words.,YES. The new man scores significantly higher in attractiveness (9.0 vs. 5.0) and intelligence (9.0 vs. 5.0); which are your top-weighted traits (30.0 each). He also matches sincerity (8.0) and outperforms in ambition (8.0 vs. 6.0) and humor (7.0 vs. 5.0); making him a stronger overall match based on your priorities.,46,34,22,1
Assume you are a 27-year-old single woman; and there is a 24-year-old man who is courting you. Your career type is Organizational Change Consultant. You evaluated him on six dimensions with scores out of 10. These are attractiveness: 7.0/10; sincerity: 6.0/10; intelligence: 8.0/10; being funny: 6.0/10; ambition: 9.0/10; shared interests: 6.0/10. Your importance weights for these attributes are: attractiveness: 10.0; sincerity: 10.0; intelligence: 30.0; being funny: 25.0; ambition: 10.0; shared interests: 15.0. Would you be willing to date this man? And also tell me the reason. Your answer must be (YES) or (NO) followed by your reason. You must FOLLOW THIS RULE! You MUST NOT SAY other words.,NO. The weighted score (attractiveness: 7.0; sincerity: 6.0; intelligence: 8.0; being funny: 6.0; ambition: 9.0; shared interests: 6.0) does not meet your prioritized criteria; especially in intelligence (weight: 30) and being funny (weight: 25); where his scores are moderate.,44,37,,0
Assume you are a 24-year-old single woman; and there is a 23-year-old man who is courting you. Your career type is law. You evaluated him on six dimensions with scores out of 10. These are attractiveness: 9.0/10; sincerity: 8.0/10; intelligence: 7.0/10; being funny: 10.0/10; ambition: 9.0/10; shared interests: 8.0/10. Your importance weights for these attributes are: attractiveness: 35.0; sincerity: 10.0; intelligence: 20.0; being funny: 20.0; ambition: 10.0; shared interests: 5.0. Would you be willing to date this man? And also tell me the reason. Your answer must be (YES) or (NO) followed by your reason. You must FOLLOW THIS RULE! You MUST NOT SAY other words.,YES. The weighted score (attractiveness 3.15; sincerity 0.8; intelligence 1.4; being funny 2.0; ambition 0.9; shared interests 0.4) totals 8.65/10; which is high and meets your priorities; especially attractiveness and humor.,55,31,,1
Assume you are a 23-year-old single woman; and there is a 24-year-old man who is courting you. Your career type is Lawyer. You evaluated him on six dimensions with scores out of 10. These are attractiveness: 6.0/10; sincerity: 9.0/10; intelligence: 7.0/10; being funny: 5.0/10; ambition: 6.0/10; shared interests: 3.0/10. Your importance weights for these attributes are: attractiveness: 10.0; sincerity: 20.0; intelligence: 20.0; being funny: 20.0; ambition: 20.0; shared interests: 10.0. Would you be willing to date this man? And also tell me the reason. Your answer must be (YES) or (NO) followed by your reason. You must FOLLOW THIS RULE! You MUST NOT SAY other words.,NO. The weighted scores (attractiveness: 6.0; sincerity: 9.0; intelligence: 7.0; being funny: 5.0; ambition: 6.0; shared interests: 3.0) combined with high importance weights for sincerity; intelligence; being funny; and ambition result in a low overall compatibility; especially due to low scores in humor and shared interests; which are highly weighted.,44,30,,0
Assume you are a 23-year-old single woman; and there is a 24-year-old man who is courting you. Your career type is Social work with children. You evaluated him on six dimensions with scores out of 10. These are attractiveness: 3.0/10; sincerity: 8.0/10; intelligence: 7.0/10; being funny: 6.0/10; ambition: 6.0/10; shared interests: 4.0/10. Your importance weights for these attributes are: attractiveness: 20.0; sincerity: 20.0; intelligence: 20.0; being funny: 15.0; ambition: 15.0; shared interests: 10.0. Would you be willing to date this man? And also tell me the reason. Your answer must be (YES) or (NO) followed by your reason. You must FOLLOW THIS RULE! You MUST NOT SAY other words.,NO - Low attractiveness and shared interests scores outweigh his sincerity and intelligence.,44,26,,0
Assume you are a 22-year-old single woman; and there is a 25-year-old man who is courting you. Your career type is Speech Language Pathologist. You evaluated him on six dimensions with scores out of 10. These are attractiveness: 2.0/10; sincerity: 6.0/10; intelligence: 6.0/10; being funny: 6.0/10; ambition: 6.0/10; shared interests: nan/10. Your importance weights for these attributes are: attractiveness: 17.0; sincerity: 10.0; intelligence: 18.0; being funny: 20.0; ambition: 25.0; shared interests: 10.0. Would you be willing to date this man? And also tell me the reason. Your answer must be (YES) or (NO) followed by your reason. You must FOLLOW THIS RULE! You MUST NOT SAY other words.,NO. The low attractiveness score (2.0/10) and lack of shared interests (nan/10) combined with high importance weights for ambition (25.0) and being funny (20.0); where he only scores moderately (6.0/10); make him an unsuitable match.,40,27,,0
Assume you are a 25-year-old single man; and there is a 25-year-old woman who is courting you. Your career type is tech professional. You evaluated her on six dimensions with scores out of 10. These are attractiveness: 8.0/10; sincerity: 10.0/10; intelligence: 9.0/10; being funny: 9.0/10; ambition: 8.0/10; shared interests: 4.0/10. Your importance weights for these attributes are: attractiveness: 25.0; sincerity: 20.0; intelligence: 25.0; being funny: 20.0; ambition: 10.0; shared interests: 0.0. Would you be willing to date this woman? And also tell me the reason. Your answer must be (YES) or (NO) followed by your reason. You must FOLLOW THIS RULE! You MUST NOT SAY other words.,YES. High scores in attractiveness; sincerity; intelligence; and humor align with your priorities; while low shared interests don't impact your weighted evaluation.,25,40,,1
Assume you are a 24-year-old man with career type academia; currently matched with a partner. Your current partner's scores (out of 10): attractiveness: 9.0/10; sincerity: 9.0/10; intelligence: 10.0/10; being funny: 9.0/10; ambition: 9.0/10; shared interests: 8.0/10. A new woman is courting you with scores: attractiveness: 6.0/10; sincerity: 7.0/10; intelligence: 8.0/10; being funny: 6.0/10; ambition: 7.0/10; shared interests: 7.0/10. Your importance weights are: attractiveness: 25.0; sincerity: 15.0; intelligence: 25.0; being funny: 25.0; ambition: 15.0; shared interests: 15.0. Would you leave your current partner for the new woman? Your answer must be (YES) or (NO) followed by your reason. You must FOLLOW THIS RULE! You MUST NOT SAY other words.,NO. The new woman's scores are significantly lower in key weighted categories (attractiveness; intelligence; being funny) and overall do not surpass your current partner's high ratings.,21,44,49,0
Assume you are a 22-year-old single man; and there is a 23-year-old woman who is courting you. Your career type is Music production. You evaluated her on six dimensions with scores out of 10. These are attractiveness: 9.0/10; sincerity: 8.0/10; intelligence: 7.0/10; being funny: 9.0/10; ambition: nan/10; shared interests: 8.0/10. Your importance weights for these attributes are: attractiveness: 30.0; sincerity: 15.0; intelligence: 25.0; being funny: 25.0; ambition: 5.0; shared interests: 0.0. Would you be willing to date this woman? And also tell me the reason. Your answer must be (YES) or (NO) followed by your reason. You must FOLLOW THIS RULE! You MUST NOT SAY other words.,(YES) Her high scores in attractiveness; sincerity; and being funny align well with your priorities; outweighing the lack of data on ambition and lower importance of shared interests.,26,48,,1
Assume you are a 27-year-old woman with career type Informatics; currently matched with a partner. Your current partner's scores (out of 10): attractiveness: 8.0/10; sincerity: 10.0/10; intelligence: 9.0/10; being funny: 9.0/10; ambition: 8.0/10; shared interests: 4.0/10. A new man is courting you with scores: attractiveness: 5.0/10; sincerity: 7.0/10; intelligence: 7.0/10; being funny: 6.0/10; ambition: 7.0/10; shared interests: 5.0/10. Your importance weights are: attractiveness: 20.0; sincerity: 20.0; intelligence: 20.0; being funny: 10.0; ambition: 10.0; shared interests: 20.0. Would you leave your current partner for the new man? Your answer must be (YES) or (NO) followed by your reason. You must FOLLOW THIS RULE! You MUST NOT SAY other words.,NO – The new man's overall weighted score is lower than your current partner's; particularly in key areas like sincerity; intelligence; and shared interests; which you value highly.,40,22,25,0
Assume you are a 25-year-old woman with career type Capital Markets; currently matched with a partner. Your current partner's scores (out of 10): attractiveness: 6.0/10; sincerity: 7.0/10; intelligence: 8.0/10; being funny: 4.0/10; ambition: 6.0/10; shared interests: 4.0/10. A new man is courting you with scores: attractiveness: 7.0/10; sincerity: 9.0/10; intelligence: 9.0/10; being funny: 9.0/10; ambition: 9.0/10; shared interests: 10.0/10. Your importance weights are: attractiveness: 20.0; sincerity: 23.0; intelligence: 23.0; being funny: 22.0; ambition: 7.0; shared interests: 5.0. Would you leave your current partner for the new man? Your answer must be (YES) or (NO) followed by your reason. You must FOLLOW THIS RULE! You MUST NOT SAY other words.,YES. The new man scores significantly higher in sincerity; intelligence; being funny; and shared interests; which are your most weighted traits (23.0; 23.0; 22.0; and 5.0 respectively). His overall compatibility outweighs your current partner's.,49,35,21,1
Assume you are a 26-year-old woman with career type Biostatistics; currently matched with a partner. Your current partner's scores (out of 10): attractiveness: 8.0/10; sincerity: 8.0/10; intelligence: 10.0/10; being funny: 5.0/10; ambition: 6.0/10; shared interests: 5.0/10. A new man is courting you with scores: attractiveness: 4.0/10; sincerity: 5.0/10; intelligence: 8.0/10; being funny: 8.0/10; ambition: 10.0/10; shared interests: 8.0/10. Your importance weights are: attractiveness: 20.0; sincerity: 25.0; intelligence: 20.0; being funny: 15.0; ambition: 15.0; shared interests: 5.0. Would you leave your current partner for the new man? Your answer must be (YES) or (NO) followed by your reason. You must FOLLOW THIS RULE! You MUST NOT SAY other words.,NO. The current partner has higher weighted scores in attractiveness; sincerity; and intelligence; which are your top priorities. The new man's strengths (ambition; shared interests; humor) are less important to you based on your weights.,49,36,35,0
Assume you are a 22-year-old single woman; and there is a 30-year-old man who is courting you. Your career type is Social Work Administration. You evaluated him on six dimensions with scores out of 10. These are attractiveness: 5.0/10; sincerity: 6.0/10; intelligence: 6.0/10; being funny: 7.0/10; ambition: 6.0/10; shared interests: nan/10. Your importance weights for these attributes are: attractiveness: 20.0; sincerity: 22.0; intelligence: 18.0; being funny: 15.0; ambition: 15.0; shared interests: 10.0. Would you be willing to date this man? And also tell me the reason. Your answer must be (YES) or (NO) followed by your reason. You must FOLLOW THIS RULE! You MUST NOT SAY other words.,NO. The weighted score is below average (5.3/10); with low scores in sincerity; intelligence; and ambition; and shared interests are unknown. The importance weights highlight sincerity and attractiveness as priorities; but his scores don't meet these sufficiently.,47,29,,0
Assume you are a 27-year-old woman with career type Informatics; currently matched with a partner. Your current partner's scores (out of 10): attractiveness: 10.0/10; sincerity: 10.0/10; intelligence: 10.0/10; being funny: 10.0/10; ambition: 10.0/10; shared interests: nan/10. A new man is courting you with scores: attractiveness: 4.0/10; sincerity: 7.0/10; intelligence: 6.0/10; being funny: 6.0/10; ambition: 7.0/10; shared interests: 2.0/10. Your importance weights are: attractiveness: 20.0; sincerity: 20.0; intelligence: 20.0; being funny: 10.0; ambition: 10.0; shared interests: 20.0. Would you leave your current partner for the new man? Your answer must be (YES) or (NO) followed by your reason. You must FOLLOW THIS RULE! You MUST NOT SAY other words.,NO. The new man scores significantly lower in all important weighted categories (attractiveness; sincerity; intelligence; shared interests) and offers no advantage over your current partner; who has perfect scores in key areas.,41,22,33,0
Assume you are a 24-year-old man with career type academia; currently matched with a partner. Your current partner's scores (out of 10): attractiveness: 6.0/10; sincerity: 6.0/10; intelligence: 7.0/10; being funny: 6.0/10; ambition: 6.0/10; shared interests: 6.0/10. A new woman is courting you with scores: attractiveness: 8.0/10; sincerity: 8.0/10; intelligence: 8.0/10; being funny: 10.0/10; ambition: 7.0/10; shared interests: 8.0/10. Your importance weights are: attractiveness: 25.0; sincerity: 15.0; intelligence: 25.0; being funny: 25.0; ambition: 15.0; shared interests: 15.0. Would you leave your current partner for the new woman? Your answer must be (YES) or (NO) followed by your reason. You must FOLLOW THIS RULE! You MUST NOT SAY other words.,YES. The new woman significantly outperforms your current partner in all weighted categories; especially in attractiveness; intelligence; and being funny; which are your highest priorities (25.0 weight each). The overall compatibility and satisfaction are likely to be much higher with the new woman.,23,44,42,1
Assume you are a 21-year-old woman with career type Undecided; currently matched with a partner. Your current partner's scores (out of 10): attractiveness: 8.0/10; sincerity: 10.0/10; intelligence: 10.0/10; being funny: 10.0/10; ambition: 10.0/10; shared interests: 8.0/10. A new man is courting you with scores: attractiveness: 5.0/10; sincerity: 9.0/10; intelligence: 9.0/10; being funny: 8.0/10; ambition: 9.0/10; shared interests: 5.0/10. Your importance weights are: attractiveness: 12.0; sincerity: 18.0; intelligence: 20.0; being funny: 16.0; ambition: 16.0; shared interests: 18.0. Would you leave your current partner for the new man? Your answer must be (YES) or (NO) followed by your reason. You must FOLLOW THIS RULE! You MUST NOT SAY other words.,NO. The current partner has higher weighted scores in key areas like intelligence; ambition; and shared interests; which align better with your importance weights. The new man does not offer enough improvement to justify leaving.,55,21,31,0
Assume you are a 22-year-old single woman; and there is a 24-year-old man who is courting you. Your career type is Speech Language Pathologist. You evaluated him on six dimensions with scores out of 10. These are attractiveness: 1.0/10; sincerity: 6.0/10; intelligence: 7.0/10; being funny: 6.0/10; ambition: 4.0/10; shared interests: 3.0/10. Your importance weights for these attributes are: attractiveness: 17.0; sincerity: 10.0; intelligence: 18.0; being funny: 20.0; ambition: 25.0; shared interests: 10.0. Would you be willing to date this man? And also tell me the reason. Your answer must be (YES) or (NO) followed by your reason. You must FOLLOW THIS RULE! You MUST NOT SAY other words.,NO. The scores in high-priority attributes (ambition: 4.0/25.0; attractiveness: 1.0/17.0) are too low; and shared interests (3.0/10.0) are minimal; outweighing the moderate scores in sincerity; intelligence; and humor.,43,27,,0
Assume you are a 24-year-old single man; and there is a 21-year-old woman who is courting you. Your career type is Academic. You evaluated her on six dimensions with scores out of 10. These are attractiveness: 4.0/10; sincerity: 5.0/10; intelligence: 6.0/10; being funny: 4.0/10; ambition: 6.0/10; shared interests: 2.0/10. Your importance weights for these attributes are: attractiveness: 25.0; sincerity: 35.0; intelligence: 30.0; being funny: 10.0; ambition: 0.0; shared interests: 0.0. Would you be willing to date this woman? And also tell me the reason. Your answer must be (YES) or (NO) followed by your reason. You must FOLLOW THIS RULE! You MUST NOT SAY other words.,NO. The weighted scores for attractiveness (1.0); sincerity (1.75); and intelligence (1.8) are low; and these are your most important criteria. The lack of shared interests and low scores in key areas make her unsuitable for you.,21,43,,0
Assume you are a 22-year-old woman with career type Social Work Administration; currently matched with a partner. Your current partner's scores (out of 10): attractiveness: 10.0/10; sincerity: 10.0/10; intelligence: 10.0/10; being funny: 10.0/10; ambition: 10.0/10; shared interests: nan/10. A new man is courting you with scores: attractiveness: 4.0/10; sincerity: 8.0/10; intelligence: 6.0/10; being funny: 3.0/10; ambition: 6.0/10; shared interests: nan/10. Your importance weights are: attractiveness: 20.0; sincerity: 22.0; intelligence: 18.0; being funny: 15.0; ambition: 15.0; shared interests: 10.0. Would you leave your current partner for the new man? Your answer must be (YES) or (NO) followed by your reason. You must FOLLOW THIS RULE! You MUST NOT SAY other words.,NO. Your current partner scores perfectly in all highly weighted categories (attractiveness; sincerity; intelligence; ambition); while the new man scores significantly lower in these areas. The trade-off is not favorable.,41,29,33,0
Assume you are a 21-year-old woman with career type Undecided; currently matched with a partner. Your current partner's scores (out of 10): attractiveness: 8.0/10; sincerity: 10.0/10; intelligence: 9.0/10; being funny: 9.0/10; ambition: 8.0/10; shared interests: 4.0/10. A new man is courting you with scores: attractiveness: 6.0/10; sincerity: 8.0/10; intelligence: 7.0/10; being funny: 9.0/10; ambition: 5.0/10; shared interests: 7.0/10. Your importance weights are: attractiveness: 12.0; sincerity: 18.0; intelligence: 20.0; being funny: 16.0; ambition: 16.0; shared interests: 18.0. Would you leave your current partner for the new man? Your answer must be (YES) or (NO) followed by your reason. You must FOLLOW THIS RULE! You MUST NOT SAY other words.,NO. The current partner has significantly higher scores in sincerity; intelligence; and ambition; which are weighted more heavily in your priorities. The higher shared interests with the new man do not outweigh these key strengths of your current partner.,40,21,25,0
Assume you are a 27-year-old woman with career type Organizational Change Consultant; currently matched with a partner. Your current partner's scores (out of 10): attractiveness: 7.0/10; sincerity: 7.0/10; intelligence: 7.0/10; being funny: 9.0/10; ambition: 8.0/10; shared interests: 7.0/10. A new man is courting you with scores: attractiveness: 8.0/10; sincerity: 5.0/10; intelligence: 9.0/10; being funny: 7.0/10; ambition: 6.0/10; shared interests: 5.0/10. Your importance weights are: attractiveness: 10.0; sincerity: 10.0; intelligence: 30.0; being funny: 25.0; ambition: 10.0; shared interests: 15.0. Would you leave your current partner for the new man? Your answer must be (YES) or (NO) followed by your reason. You must FOLLOW THIS RULE! You MUST NOT SAY other words.,NO. The current partner scores higher in sincerity; being funny; ambition; and shared interests; which are important to you. The new man's higher intelligence does not outweigh the lower scores in other key areas.,46,37,34,0
Assume you are a 24-year-old man with career type Academic; currently matched with a partner. Your current partner's scores (out of 10): attractiveness: 7.0/10; sincerity: 8.0/10; intelligence: 9.0/10; being funny: 6.0/10; ambition: 8.0/10; shared interests: 5.0/10. A new woman is courting you with scores: attractiveness: 8.0/10; sincerity: 5.0/10; intelligence: 6.0/10; being funny: 6.0/10; ambition: 5.0/10; shared interests: 1.0/10. Your importance weights are: attractiveness: 25.0; sincerity: 35.0; intelligence: 30.0; being funny: 10.0; ambition: 0.0; shared interests: 0.0. Would you leave your current partner for the new woman? Your answer must be (YES) or (NO) followed by your reason. You must FOLLOW THIS RULE! You MUST NOT SAY other words.,NO. The new woman scores significantly lower in sincerity (35.0 weight) and intelligence (30.0 weight); which are your top priorities; despite her higher attractiveness (25.0 weight).,25,43,40,0
Assume you are a 28-year-old single man; and there is a 21-year-old woman who is courting you. Your career type is banker / academia. You evaluated her on six dimensions with scores out of 10. These are attractiveness: 7.0/10; sincerity: 8.0/10; intelligence: 8.0/10; being funny: 7.0/10; ambition: 9.0/10; shared interests: 6.0/10. Your importance weights for these attributes are: attractiveness: 25.0; sincerity: 15.0; intelligence: 25.0; being funny: 15.0; ambition: 0.0; shared interests: 20.0. Would you be willing to date this woman? And also tell me the reason. Your answer must be (YES) or (NO) followed by your reason. You must FOLLOW THIS RULE! You MUST NOT SAY other words.,NO. The weighted score (6.95) is below your threshold; primarily due to low shared interests (6.0) and moderate attractiveness (7.0); which are highly weighted (20.0 and 25.0 respectively). Ambition (9.0) is strong but irrelevant (0.0 weight).,21,45,,0
Assume you are a 23-year-old man with career type Law; currently matched with a partner. Your current partner's scores (out of 10): attractiveness: 2.0/10; sincerity: 6.0/10; intelligence: 7.0/10; being funny: 4.0/10; ambition: 6.0/10; shared interests: 2.0/10. A new woman is courting you with scores: attractiveness: 6.0/10; sincerity: 9.0/10; intelligence: 8.0/10; being funny: 6.0/10; ambition: 5.0/10; shared interests: 4.0/10. Your importance weights are: attractiveness: 25.0; sincerity: 10.0; intelligence: 35.0; being funny: 15.0; ambition: 0.0; shared interests: 15.0. Would you leave your current partner for the new woman? Your answer must be (YES) or (NO) followed by your reason. You must FOLLOW THIS RULE! You MUST NOT SAY other words.,NO. The current partner scores higher in intelligence (35.0 weight) and matches closely in sincerity (10.0 weight); which outweigh the new woman's advantages in attractiveness and shared interests.,33,51,41,0
Assume you are a 22-year-old single woman; and there is a 23-year-old man who is courting you. Your career type is Social Work Administration. You evaluated him on six dimensions with scores out of 10. These are attractiveness: 6.0/10; sincerity: 8.0/10; intelligence: 7.0/10; being funny: 5.0/10; ambition: 5.0/10; shared interests: nan/10. Your importance weights for these attributes are: attractiveness: 20.0; sincerity: 22.0; intelligence: 18.0; being funny: 15.0; ambition: 15.0; shared interests: 10.0. Would you be willing to date this man? And also tell me the reason. Your answer must be (YES) or (NO) followed by your reason. You must FOLLOW THIS RULE! You MUST NOT SAY other words.,NO - The weighted score (attractiveness: 1.2; sincerity: 1.76; intelligence: 1.26; being funny: 0.75; ambition: 0.75; shared interests: 0) totals 5.72/10; which is below a strong threshold for compatibility given your priorities. Sincerity is high; but other key areas (ambition; humor; shared interests) are lacking.,42,29,,0
Assume you are a 23-year-old single man; and there is a 27-year-old woman who is courting you. Your career type is Law. You evaluated her on six dimensions with scores out of 10. These are attractiveness: 2.0/10; sincerity: 9.0/10; intelligence: 9.0/10; being funny: 3.0/10; ambition: 7.0/10; shared interests: 7.0/10. Your importance weights for these attributes are: attractiveness: 25.0; sincerity: 10.0; intelligence: 35.0; being funny: 15.0; ambition: 0.0; shared interests: 15.0. Would you be willing to date this woman? And also tell me the reason. Your answer must be (YES) or (NO) followed by your reason. You must FOLLOW THIS RULE! You MUST NOT SAY other words.,NO. The weighted score (attractiveness and being funny are too low relative to their high importance weights) does not meet your priorities.,37,51,,0
Assume you are a 27-year-old woman with career type Organizational Change Consultant; currently matched with a partner. Your current partner's scores (out of 10): attractiveness: 9.0/10; sincerity: 8.0/10; intelligence: 7.0/10; being funny: 9.0/10; ambition: nan/10; shared interests: 8.0/10. A new man is courting you with scores: attractiveness: 8.0/10; sincerity: 5.0/10; intelligence: 6.0/10; being funny: 9.0/10; ambition: 4.0/10; shared interests: 6.0/10. Your importance weights are: attractiveness: 10.0; sincerity: 10.0; intelligence: 30.0; being funny: 25.0; ambition: 10.0; shared interests: 15.0. Would you leave your current partner for the new man? Your answer must be (YES) or (NO) followed by your reason. You must FOLLOW THIS RULE! You MUST NOT SAY other words.,NO The new man scores lower in intelligence (weighted heavily at 30.0) and sincerity (weighted at 10.0); which are important to you; despite being slightly funnier. Your current partner outperforms him in key areas you value.,48,37,26,0
Assume you are a 26-year-old woman with career type Biostatistics; currently matched with a partner. Your current partner's scores (out of 10): attractiveness: 8.0/10; sincerity: 10.0/10; intelligence: 10.0/10; being funny: 10.0/10; ambition: 10.0/10; shared interests: 8.0/10. A new man is courting you with scores: attractiveness: 5.0/10; sincerity: 6.0/10; intelligence: 8.0/10; being funny: 6.0/10; ambition: 8.0/10; shared interests: 4.0/10. Your importance weights are: attractiveness: 20.0; sincerity: 25.0; intelligence: 20.0; being funny: 15.0; ambition: 15.0; shared interests: 5.0. Would you leave your current partner for the new man? Your answer must be (YES) or (NO) followed by your reason. You must FOLLOW THIS RULE! You MUST NOT SAY other words.,NO. The current partner scores significantly higher in all important categories (sincerity; intelligence; being funny; ambition) and matches or exceeds the new man in attractiveness and shared interests; which are also weighted highly. The new man does not offer enough to justify leaving a highly compatible and high-scoring partner.,55,36,31,0
Assume you are a 23-year-old single man; and there is a 23-year-old woman who is courting you. Your career type is Law. You evaluated her on six dimensions with scores out of 10. These are attractiveness: 6.0/10; sincerity: 8.0/10; intelligence: 8.0/10; being funny: 6.0/10; ambition: 7.0/10; shared interests: 7.0/10. Your importance weights for these attributes are: attractiveness: 25.0; sincerity: 10.0; intelligence: 35.0; being funny: 15.0; ambition: 0.0; shared interests: 15.0. Would you be willing to date this woman? And also tell me the reason. Your answer must be (YES) or (NO) followed by your reason. You must FOLLOW THIS RULE! You MUST NOT SAY other words.,YES. Her high scores in intelligence (35.0 weight) and sincerity (10.0 weight) align well with your priorities; outweighing the moderate scores in attractiveness and being funny. Ambition has no weight for you; and shared interests are decent.,38,51,,1
Assume you are a 23-year-old woman with career type Lawyer; currently matched with a partner. Your current partner's scores (out of 10): attractiveness: 8.0/10; sincerity: 10.0/10; intelligence: 9.0/10; being funny: 9.0/10; ambition: 8.0/10; shared interests: 4.0/10. A new man is courting you with scores: attractiveness: 3.0/10; sincerity: 6.0/10; intelligence: 6.0/10; being funny: 5.0/10; ambition: 6.0/10; shared interests: 5.0/10. Your importance weights are: attractiveness: 10.0; sincerity: 20.0; intelligence: 20.0; being funny: 20.0; ambition: 20.0; shared interests: 10.0. Would you leave your current partner for the new man? Your answer must be (YES) or (NO) followed by your reason. You must FOLLOW THIS RULE! You MUST NOT SAY other words.,NO – The new man's scores are significantly lower in key weighted categories (sincerity; intelligence; being funny; ambition) compared to your current partner.,40,30,25,0
Assume you are a 28-year-old man with career type banker / academia; currently matched with a partner. Your current partner's scores (out of 10): attractiveness: 6.0/10; sincerity: 5.0/10; intelligence: 5.0/10; being funny: 7.0/10; ambition: 6.0/10; shared interests: 3.0/10. A new woman is courting you with scores: attractiveness: 7.0/10; sincerity: 6.0/10; intelligence: 8.0/10; being funny: 7.0/10; ambition: 6.0/10; shared interests: 7.0/10. Your importance weights are: attractiveness: 25.0; sincerity: 15.0; intelligence: 25.0; being funny: 15.0; ambition: 0.0; shared interests: 20.0. Would you leave your current partner for the new woman? Your answer must be (YES) or (NO) followed by your reason. You must FOLLOW THIS RULE! You MUST NOT SAY other words.,YES. The new woman scores higher in intelligence (weight: 25.0); shared interests (weight: 20.0); and attractiveness (weight: 25.0); which are your top priorities; outweighing the slight advantages your current partner has in being funny (weight: 15.0) and sincerity (weight: 15.0). The alignment with your importance weights makes the new woman a better match.,26,45,48,1
Assume you are a 23-year-old single woman; and there is a 23-year-old man who is courting you. Your career type is Lawyer. You evaluated him on six dimensions with scores out of 10. These are attractiveness: 6.0/10; sincerity: 7.0/10; intelligence: 8.0/10; being funny: 7.0/10; ambition: 8.0/10; shared interests: 7.0/10. Your importance weights for these attributes are: attractiveness: 10.0; sincerity: 20.0; intelligence: 20.0; being funny: 20.0; ambition: 20.0; shared interests: 10.0. Would you be willing to date this man? And also tell me the reason. Your answer must be (YES) or (NO) followed by your reason. You must FOLLOW THIS RULE! You MUST NOT SAY other words.,YES. The weighted scores (attractiveness: 6.0*10=60; sincerity: 7.0*20=140; intelligence: 8.0*20=160; being funny: 7.0*20=140; ambition: 8.0*20=160; shared interests: 7.0*10=70) sum to 730; indicating strong alignment with your priorities; especially in sincerity; intelligence; humor; and ambition.,42,30,,1
Assume you are a 22-year-old single man; and there is a 22-year-old woman who is courting you. Your career type is Music production. You evaluated her on six dimensions with scores out of 10. These are attractiveness: 8.0/10; sincerity: 8.0/10; intelligence: 5.0/10; being funny: 6.0/10; ambition: nan/10; shared interests: 7.0/10. Your importance weights for these attributes are: attractiveness: 30.0; sincerity: 15.0; intelligence: 25.0; being funny: 25.0; ambition: 5.0; shared interests: 0.0. Would you be willing to date this woman? And also tell me the reason. Your answer must be (YES) or (NO) followed by your reason. You must FOLLOW THIS RULE! You MUST NOT SAY other words.,NO. Intelligence (5.0) and being funny (6.0) scores are low relative to their high importance weights (25.0 each); making compatibility unlikely despite good attractiveness and sincerity.,27,48,,0
Assume you are a 24-year-old man with career type Academic; currently matched with a partner. Your current partner's scores (out of 10): attractiveness: 4.0/10; sincerity: 7.0/10; intelligence: 6.0/10; being funny: 1.0/10; ambition: 4.0/10; shared interests: 3.0/10. A new woman is courting you with scores: attractiveness: 6.0/10; sincerity: 5.0/10; intelligence: 7.0/10; being funny: 5.0/10; ambition: 5.0/10; shared interests: 2.0/10. Your importance weights are: attractiveness: 25.0; sincerity: 35.0; intelligence: 30.0; being funny: 10.0; ambition: 0.0; shared interests: 0.0. Would you leave your current partner for the new woman? Your answer must be (YES) or (NO) followed by your reason. You must FOLLOW THIS RULE! You MUST NOT SAY other words.,NO. The weighted scores for the current partner (attractiveness: 1.0; sincerity: 2.45; intelligence: 1.8; being funny: 0.1) total 5.35; while the new woman's weighted scores (attractiveness: 1.5; sincerity: 1.75; intelligence: 2.1; being funny: 0.5) total 5.85. The difference is minimal; and sincerity (your highest-weighted trait) is significantly lower in the new woman.,26,43,45,0
Assume you are a 27-year-old woman with career type Informatics; currently matched with a partner. Your current partner's scores (out of 10): attractiveness: 4.0/10; sincerity: 7.0/10; intelligence: 7.0/10; being funny: 6.0/10; ambition: 6.0/10; shared interests: nan/10. A new man is courting you with scores: attractiveness: 5.0/10; sincerity: 6.0/10; intelligence: 6.0/10; being funny: 5.0/10; ambition: 6.0/10; shared interests: 3.0/10. Your importance weights are: attractiveness: 20.0; sincerity: 20.0; intelligence: 20.0; being funny: 10.0; ambition: 10.0; shared interests: 20.0. Would you leave your current partner for the new man? Your answer must be (YES) or (NO) followed by your reason. You must FOLLOW THIS RULE! You MUST NOT SAY other words.,NO. The new man's overall weighted score does not significantly outperform the current partner; especially in key areas like sincerity and intelligence; while shared interests are only slightly better. The current partner's strengths align better with your importance weights.,42,22,30,0
Assume you are a 24-year-old single man; and there is a 22-year-old woman who is courting you. Your career type is Academic. You evaluated her on six dimensions with scores out of 10. These are attractiveness: 7.0/10; sincerity: 6.0/10; intelligence: 5.0/10; being funny: 7.0/10; ambition: 3.0/10; shared interests: 5.0/10. Your importance weights for these attributes are: attractiveness: 25.0; sincerity: 35.0; intelligence: 30.0; being funny: 10.0; ambition: 0.0; shared interests: 0.0. Would you be willing to date this woman? And also tell me the reason. Your answer must be (YES) or (NO) followed by your reason. You must FOLLOW THIS RULE! You MUST NOT SAY other words.,NO. The weighted scores for sincerity (2.1) and intelligence (1.5) are too low relative to their high importance weights (35.0 and 30.0); making her overall compatibility insufficient despite decent scores in attractiveness and humor.,27,43,,0
Assume you are a 21-year-old woman with career type Undecided; currently matched with a partner. Your current partner's scores (out of 10): attractiveness: 10.0/10; sincerity: 10.0/10; intelligence: 10.0/10; being funny: 10.0/10; ambition: 10.0/10; shared interests: nan/10. A new man is courting you with scores: attractiveness: 5.0/10; sincerity: 8.0/10; intelligence: 7.0/10; being funny: 5.0/10; ambition: 9.0/10; shared interests: 5.0/10. Your importance weights are: attractiveness: 12.0; sincerity: 18.0; intelligence: 20.0; being funny: 16.0; ambition: 16.0; shared interests: 18.0. Would you leave your current partner for the new man? Your answer must be (YES) or (NO) followed by your reason. You must FOLLOW THIS RULE! You MUST NOT SAY other words.,NO. Your current partner scores perfectly in all categories except shared interests (which is unknown); while the new man scores significantly lower in attractiveness; intelligence; and being funny—traits you highly value based on your importance weights. The unknown shared interests with your current partner could potentially be high; making him the better match overall.,41,21,33,0
Assume you are a 21-year-old man with career type Intellectual Property Attorney; currently matched with a partner. Your current partner's scores (out of 10): attractiveness: 9.0/10; sincerity: 8.0/10; intelligence: 7.0/10; being funny: 10.0/10; ambition: 9.0/10; shared interests: 8.0/10. A new woman is courting you with scores: attractiveness: 8.0/10; sincerity: 8.0/10; intelligence: 8.0/10; being funny: 6.0/10; ambition: 7.0/10; shared interests: 5.0/10. Your importance weights are: attractiveness: 15.0; sincerity: 20.0; intelligence: 15.0; being funny: 30.0; ambition: 5.0; shared interests: 15.0. Would you leave your current partner for the new woman? Your answer must be (YES) or (NO) followed by your reason. You must FOLLOW THIS RULE! You MUST NOT SAY other words.,NO. The current partner scores higher in key weighted categories (being funny: 30.0 weight; attractiveness: 15.0; shared interests: 15.0) and maintains strong overall compatibility. The new woman falls short in humor and shared interests; which are highly prioritized.,31,52,55,0
Assume you are a 27-year-old woman with career type Organizational Change Consultant; currently matched with a partner. Your current partner's scores (out of 10): attractiveness: 6.0/10; sincerity: 8.0/10; intelligence: 8.0/10; being funny: 6.0/10; ambition: 7.0/10; shared interests: 7.0/10. A new man is courting you with scores: attractiveness: 7.0/10; sincerity: 4.0/10; intelligence: 7.0/10; being funny: 7.0/10; ambition: 6.0/10; shared interests: 8.0/10. Your importance weights are: attractiveness: 10.0; sincerity: 10.0; intelligence: 30.0; being funny: 25.0; ambition: 10.0; shared interests: 15.0. Would you leave your current partner for the new man? Your answer must be (YES) or (NO) followed by your reason. You must FOLLOW THIS RULE! You MUST NOT SAY other words.,NO. The current partner scores higher in sincerity (8.0 vs. 4.0) and intelligence (8.0 vs. 7.0); which are highly weighted (10.0 and 30.0 respectively). The new man's slight advantages in attractiveness; humor; and shared interests do not outweigh these critical deficits.,51,37,38,0
Assume you are a 22-year-old woman with career type Social Work Administration; currently matched with a partner. Your current partner's scores (out of 10): attractiveness: 8.0/10; sincerity: 8.0/10; intelligence: 8.0/10; being funny: 10.0/10; ambition: 7.0/10; shared interests: 8.0/10. A new man is courting you with scores: attractiveness: 8.0/10; sincerity: 6.0/10; intelligence: 7.0/10; being funny: 3.0/10; ambition: 7.0/10; shared interests: 2.0/10. Your importance weights are: attractiveness: 20.0; sincerity: 22.0; intelligence: 18.0; being funny: 15.0; ambition: 15.0; shared interests: 10.0. Would you leave your current partner for the new man? Your answer must be (YES) or (NO) followed by your reason. You must FOLLOW THIS RULE! You MUST NOT SAY other words.,NO – The new man scores significantly lower in sincerity; being funny; and shared interests; which are highly weighted in your priorities. Your current partner is well-balanced and strong in areas that matter most to you.,44,29,23,0
Assume you are a 26-year-old woman with career type Biostatistics; currently matched with a partner. Your current partner's scores (out of 10): attractiveness: 7.0/10; sincerity: 8.0/10; intelligence: 8.0/10; being funny: 7.0/10; ambition: 8.0/10; shared interests: 6.0/10. A new man is courting you with scores: attractiveness: 3.0/10; sincerity: 4.0/10; intelligence: 6.0/10; being funny: 4.0/10; ambition: 5.0/10; shared interests: 2.0/10. Your importance weights are: attractiveness: 20.0; sincerity: 25.0; intelligence: 20.0; being funny: 15.0; ambition: 15.0; shared interests: 5.0. Would you leave your current partner for the new man? Your answer must be (YES) or (NO) followed by your reason. You must FOLLOW THIS RULE! You MUST NOT SAY other words.,NO. The new man scores significantly lower in key areas like sincerity; intelligence; and shared interests; which are highly weighted in your priorities. The current partner's overall compatibility is much stronger.,54,36,32,0
Assume you are a 27-year-old single woman; and there is a 24-year-old man who is courting you. Your career type is Informatics. You evaluated him on six dimensions with scores out of 10. These are attractiveness: 5.0/10; sincerity: 7.0/10; intelligence: 7.0/10; being funny: 5.0/10; ambition: 7.0/10; shared interests: 3.0/10. Your importance weights for these attributes are: attractiveness: 20.0; sincerity: 20.0; intelligence: 20.0; being funny: 10.0; ambition: 10.0; shared interests: 20.0. Would you be willing to date this man? And also tell me the reason. Your answer must be (YES) or (NO) followed by your reason. You must FOLLOW THIS RULE! You MUST NOT SAY other words.,NO. The weighted score is below average; particularly due to low shared interests (3.0/10) which is highly weighted (20.0); and mediocre attractiveness (5.0/10) and humor (5.0/10). The lack of alignment in key areas makes him a poor match.,43,22,,0
Assume you are a 27-year-old woman with career type Informatics; currently matched with a partner. Your current partner's scores (out of 10): attractiveness: 8.0/10; sincerity: 8.0/10; intelligence: 8.0/10; being funny: 10.0/10; ambition: 7.0/10; shared interests: 8.0/10. A new man is courting you with scores: attractiveness: 6.0/10; sincerity: 8.0/10; intelligence: 8.0/10; being funny: 7.0/10; ambition: 7.0/10; shared interests: 6.0/10. Your importance weights are: attractiveness: 20.0; sincerity: 20.0; intelligence: 20.0; being funny: 10.0; ambition: 10.0; shared interests: 20.0. Would you leave your current partner for the new man? Your answer must be (YES) or (NO) followed by your reason. You must FOLLOW THIS RULE! You MUST NOT SAY other words.,NO – The new man's overall weighted score does not outweigh your current partner's; especially in key areas like attractiveness; shared interests; and humor.,44,22,23,0
Assume you are a 21-year-old single man; and there is a 21-year-old woman who is courting you. Your career type is Intellectual Property Attorney. You evaluated her on six dimensions with scores out of 10. These are attractiveness: 6.0/10; sincerity: 6.0/10; intelligence: 8.0/10; being funny: 6.0/10; ambition: 7.0/10; shared interests: 6.0/10. Your importance weights for these attributes are: attractiveness: 15.0; sincerity: 20.0; intelligence: 15.0; being funny: 30.0; ambition: 5.0; shared interests: 15.0. Would you be willing to date this woman? And also tell me the reason. Your answer must be (YES) or (NO) followed by your reason. You must FOLLOW THIS RULE! You MUST NOT SAY other words.,NO. The weighted score (5.85) falls below your likely threshold for dating; as humor (your highest-weighted trait) only scored 6/10; and other key traits like sincerity and shared interests are also moderate.,21,52,,0
Assume you are a 24-year-old man with career type Academic; currently matched with a partner. Your current partner's scores (out of 10): attractiveness: 9.0/10; sincerity: 8.0/10; intelligence: 7.0/10; being funny: 10.0/10; ambition: 9.0/10; shared interests: 8.0/10. A new woman is courting you with scores: attractiveness: 6.0/10; sincerity: 6.0/10; intelligence: 6.0/10; being funny: 6.0/10; ambition: 5.0/10; shared interests: 3.0/10. Your importance weights are: attractiveness: 25.0; sincerity: 35.0; intelligence: 30.0; being funny: 10.0; ambition: 0.0; shared interests: 0.0. Would you leave your current partner for the new woman? Your answer must be (YES) or (NO) followed by your reason. You must FOLLOW THIS RULE! You MUST NOT SAY other words.,NO. The new woman scores significantly lower in key weighted categories (sincerity; intelligence) and lacks shared interests; making her a worse match despite the current partner's lower scores in some areas.,31,43,55,0
Assume you are a 24-year-old woman with career type lawyer; currently matched with a partner. Your current partner's scores (out of 10): attractiveness: 8.0/10; sincerity: 10.0/10; intelligence: 9.0/10; being funny: 9.0/10; ambition: 8.0/10; shared interests: 4.0/10. A new man is courting you with scores: attractiveness: 6.0/10; sincerity: 7.0/10; intelligence: 9.0/10; being funny: 9.0/10; ambition: 9.0/10; shared interests: 8.0/10. Your importance weights are: attractiveness: 20.0; sincerity: 20.0; intelligence: 20.0; being funny: 15.0; ambition: 15.0; shared interests: 10.0. Would you leave your current partner for the new man? Your answer must be (YES) or (NO) followed by your reason. You must FOLLOW THIS RULE! You MUST NOT SAY other words.,NO – The current partner scores higher in attractiveness; sincerity; and intelligence; which are weighted equally highest (20.0 each); outweighing the new man's advantage in shared interests and ambition.,40,39,25,0
Assume you are a 30-year-old man with career type Academic; currently matched with a partner. Your current partner's scores (out of 10): attractiveness: 9.0/10; sincerity: 8.0/10; intelligence: 9.0/10; being funny: 7.0/10; ambition: 8.0/10; shared interests: nan/10. A new woman is courting you with scores: attractiveness: 5.0/10; sincerity: 6.0/10; intelligence: 7.0/10; being funny: 7.0/10; ambition: 7.0/10; shared interests: 6.0/10. Your importance weights are: attractiveness: 20.0; sincerity: 20.0; intelligence: 25.0; being funny: 25.0; ambition: 5.0; shared interests: 5.0. Would you leave your current partner for the new woman? Your answer must be (YES) or (NO) followed by your reason. You must FOLLOW THIS RULE! You MUST NOT SAY other words.,NO. The current partner scores higher in key weighted categories (attractiveness; sincerity; intelligence) and matches closely in others (being funny; ambition); while the new woman offers no clear advantage in highly weighted traits. The missing shared interests score for the current partner is a minor factor given its low weight.,34,47,46,0
Assume you are a 26-year-old woman with career type Biostatistics; currently matched with a partner. Your current partner's scores (out of 10): attractiveness: 7.0/10; sincerity: 6.0/10; intelligence: 8.0/10; being funny: 7.0/10; ambition: 6.0/10; shared interests: 7.0/10. A new man is courting you with scores: attractiveness: 2.0/10; sincerity: 2.0/10; intelligence: 5.0/10; being funny: 2.0/10; ambition: 8.0/10; shared interests: 4.0/10. Your importance weights are: attractiveness: 20.0; sincerity: 25.0; intelligence: 20.0; being funny: 15.0; ambition: 15.0; shared interests: 5.0. Would you leave your current partner for the new man? Your answer must be (YES) or (NO) followed by your reason. You must FOLLOW THIS RULE! You MUST NOT SAY other words.,NO. The new man's significantly lower scores in attractiveness; sincerity; and being funny—which are highly weighted in your priorities—outweigh his higher ambition. Your current partner better aligns with your values and importance weights overall.,45,36,26,0
Assume you are a 26-year-old woman with career type Biostatistics; currently matched with a partner. Your current partner's scores (out of 10): attractiveness: 7.0/10; sincerity: 7.0/10; intelligence: 7.0/10; being funny: 9.0/10; ambition: 8.0/10; shared interests: 7.0/10. A new man is courting you with scores: attractiveness: 2.0/10; sincerity: 5.0/10; intelligence: 4.0/10; being funny: 3.0/10; ambition: 4.0/10; shared interests: 2.0/10. Your importance weights are: attractiveness: 20.0; sincerity: 25.0; intelligence: 20.0; being funny: 15.0; ambition: 15.0; shared interests: 5.0. Would you leave your current partner for the new man? Your answer must be (YES) or (NO) followed by your reason. You must FOLLOW THIS RULE! You MUST NOT SAY other words.,NO. The new man's scores are significantly lower in all categories that are important to you; and he does not outweigh your current partner in any meaningful way.,46,36,34,0
Assume you are a 27-year-old woman with career type Organizational Change Consultant; currently matched with a partner. Your current partner's scores (out of 10): attractiveness: 4.0/10; sincerity: 7.0/10; intelligence: 7.0/10; being funny: 6.0/10; ambition: 6.0/10; shared interests: nan/10. A new man is courting you with scores: attractiveness: 4.0/10; sincerity: 4.0/10; intelligence: 6.0/10; being funny: 7.0/10; ambition: 5.0/10; shared interests: 4.0/10. Your importance weights are: attractiveness: 10.0; sincerity: 10.0; intelligence: 30.0; being funny: 25.0; ambition: 10.0; shared interests: 15.0. Would you leave your current partner for the new man? Your answer must be (YES) or (NO) followed by your reason. You must FOLLOW THIS RULE! You MUST NOT SAY other words.,NO. The new man scores lower in sincerity (a high priority for you) and shared interests; and only marginally better in being funny; while intelligence (your highest priority) is lower than your current partner. The trade-offs are not favorable.,42,37,30,0
Assume you are a 24-year-old man with career type Academic; currently matched with a partner. Your current partner's scores (out of 10): attractiveness: 7.0/10; sincerity: 6.0/10; intelligence: 9.0/10; being funny: 8.0/10; ambition: 9.0/10; shared interests: 9.0/10. A new woman is courting you with scores: attractiveness: 5.0/10; sincerity: 6.0/10; intelligence: 7.0/10; being funny: 4.0/10; ambition: 4.0/10; shared interests: 3.0/10. Your importance weights are: attractiveness: 25.0; sincerity: 35.0; intelligence: 30.0; being funny: 10.0; ambition: 0.0; shared interests: 0.0. Would you leave your current partner for the new woman? Your answer must be (YES) or (NO) followed by your reason. You must FOLLOW THIS RULE! You MUST NOT SAY other words.,NO. The new woman scores lower in attractiveness; intelligence; and being funny; which are your most important criteria; and offers no advantage in sincerity. Your current partner aligns better with your weighted priorities.,32,43,54,0
Assume you are a 22-year-old single man; and there is a 22-year-old woman who is courting you. Your career type is Music production. You evaluated her on six dimensions with scores out of 10. These are attractiveness: 6.0/10; sincerity: 8.0/10; intelligence: 9.0/10; being funny: 5.0/10; ambition: 9.0/10; shared interests: 3.0/10. Your importance weights for these attributes are: attractiveness: 30.0; sincerity: 15.0; intelligence: 25.0; being funny: 25.0; ambition: 5.0; shared interests: 0.0. Would you be willing to date this woman? And also tell me the reason. Your answer must be (YES) or (NO) followed by your reason. You must FOLLOW THIS RULE! You MUST NOT SAY other words.,NO. The weighted score (attractiveness 1.8; sincerity 1.2; intelligence 2.25; being funny 1.25; ambition 0.45; shared interests 0.0) totals 6.95; which is below your likely threshold given low scores in high-priority traits like being funny and attractiveness.,29,48,,0
Assume you are a 24-year-old woman with career type lawyer; currently matched with a partner. Your current partner's scores (out of 10): attractiveness: 10.0/10; sincerity: 10.0/10; intelligence: 10.0/10; being funny: 10.0/10; ambition: 10.0/10; shared interests: nan/10. A new man is courting you with scores: attractiveness: 3.0/10; sincerity: 10.0/10; intelligence: 9.0/10; being funny: 6.0/10; ambition: 8.0/10; shared interests: nan/10. Your importance weights are: attractiveness: 20.0; sincerity: 20.0; intelligence: 20.0; being funny: 15.0; ambition: 15.0; shared interests: 10.0. Would you leave your current partner for the new man? Your answer must be (YES) or (NO) followed by your reason. You must FOLLOW THIS RULE! You MUST NOT SAY other words.,NO. The current partner scores perfectly in all highly weighted categories (attractiveness; sincerity; intelligence; ambition; and humor); while the new man scores significantly lower in attractiveness and humor; which are important to you. Shared interests are unknown for both; so they don’t tip the scale. The current partner is objectively the better match based on your priorities.,41,39,33,0
Assume you are a 21-year-old woman with career type Undecided; currently matched with a partner. Your current partner's scores (out of 10): attractiveness: 4.0/10; sincerity: 7.0/10; intelligence: 7.0/10; being funny: 6.0/10; ambition: 6.0/10; shared interests: nan/10. A new man is courting you with scores: attractiveness: 8.0/10; sincerity: 9.0/10; intelligence: 8.0/10; being funny: 8.0/10; ambition: 7.0/10; shared interests: 6.0/10. Your importance weights are: attractiveness: 12.0; sincerity: 18.0; intelligence: 20.0; being funny: 16.0; ambition: 16.0; shared interests: 18.0. Would you leave your current partner for the new man? Your answer must be (YES) or (NO) followed by your reason. You must FOLLOW THIS RULE! You MUST NOT SAY other words.,YES. The new man scores higher in all weighted categories that are important to you; including sincerity; intelligence; being funny; ambition; and shared interests; which align with your importance weights. The significant improvement in attractiveness (from 4.0 to 8.0) is also a notable factor.,42,21,30,1
Assume you are a 22-year-old woman with career type Social Work Administration; currently matched with a partner. Your current partner's scores (out of 10): attractiveness: 7.0/10; sincerity: 6.0/10; intelligence: 8.0/10; being funny: 7.0/10; ambition: 6.0/10; shared interests: 7.0/10. A new man is courting you with scores: attractiveness: 6.0/10; sincerity: 8.0/10; intelligence: 7.0/10; being funny: 4.0/10; ambition: 7.0/10; shared interests: 2.0/10. Your importance weights are: attractiveness: 20.0; sincerity: 22.0; intelligence: 18.0; being funny: 15.0; ambition: 15.0; shared interests: 10.0. Would you leave your current partner for the new man? Your answer must be (YES) or (NO) followed by your reason. You must FOLLOW THIS RULE! You MUST NOT SAY other words.,NO. The current partner has a higher weighted score (6.94) compared to the new man (6.31); and the new man lacks shared interests; which are important for long-term compatibility.,45,29,26,0
Assume you are a 27-year-old woman with career type Organizational Change Consultant; currently matched with a partner. Your current partner's scores (out of 10): attractiveness: 7.0/10; sincerity: 6.0/10; intelligence: 8.0/10; being funny: 7.0/10; ambition: 6.0/10; shared interests: 7.0/10. A new man is courting you with scores: attractiveness: 6.0/10; sincerity: 4.0/10; intelligence: 7.0/10; being funny: 4.0/10; ambition: 5.0/10; shared interests: 2.0/10. Your importance weights are: attractiveness: 10.0; sincerity: 10.0; intelligence: 30.0; being funny: 25.0; ambition: 10.0; shared interests: 15.0. Would you leave your current partner for the new man? Your answer must be (YES) or (NO) followed by your reason. You must FOLLOW THIS RULE! You MUST NOT SAY other words.,NO. The new man scores significantly lower in key weighted categories like intelligence (30.0 weight); being funny (25.0 weight); and shared interests (15.0 weight); making him a worse match overall despite the current partner's moderate scores.,45,37,26,0
Assume you are a 27-year-old woman with career type Informatics; currently matched with a partner. Your current partner's scores (out of 10): attractiveness: 7.0/10; sincerity: 6.0/10; intelligence: 8.0/10; being funny: 7.0/10; ambition: 6.0/10; shared interests: 7.0/10. A new man is courting you with scores: attractiveness: 6.0/10; sincerity: 7.0/10; intelligence: 7.0/10; being funny: 4.0/10; ambition: 6.0/10; shared interests: 6.0/10. Your importance weights are: attractiveness: 20.0; sincerity: 20.0; intelligence: 20.0; being funny: 10.0; ambition: 10.0; shared interests: 20.0. Would you leave your current partner for the new man? Your answer must be (YES) or (NO) followed by your reason. You must FOLLOW THIS RULE! You MUST NOT SAY other words.,NO The new man's weighted score is lower than your current partner's (6.8 vs. 7.0); with weaker alignment in key areas like intelligence and shared interests.,45,22,26,0
Assume you are a 23-year-old single woman; and there is a 24-year-old man who is courting you. Your career type is Lawyer. You evaluated him on six dimensions with scores out of 10. These are attractiveness: 4.0/10; sincerity: 6.0/10; intelligence: 6.0/10; being funny: 5.0/10; ambition: 7.0/10; shared interests: 6.0/10. Your importance weights for these attributes are: attractiveness: 10.0; sincerity: 20.0; intelligence: 20.0; being funny: 20.0; ambition: 20.0; shared interests: 10.0. Would you be willing to date this man? And also tell me the reason. Your answer must be (YES) or (NO) followed by your reason. You must FOLLOW THIS RULE! You MUST NOT SAY other words.,NO. The weighted scores (attractiveness: 4.0 * 10 = 40; sincerity: 6.0 * 20 = 120; intelligence: 6.0 * 20 = 120; being funny: 5.0 * 20 = 100; ambition: 7.0 * 20 = 140; shared interests: 6.0 * 10 = 60) sum to 580/800; which is 72.5%. This falls below a likely threshold for compatibility given the importance weights.,43,30,,0
Assume you are a 22-year-old man with career type Music production; currently matched with a partner. Your current partner's scores (out of 10): attractiveness: 9.0/10; sincerity: 8.0/10; intelligence: 7.0/10; being funny: 10.0/10; ambition: 9.0/10; shared interests: 8.0/10. A new woman is courting you with scores: attractiveness: 7.0/10; sincerity: 7.0/10; intelligence: 7.0/10; being funny: 8.0/10; ambition: nan/10; shared interests: nan/10. Your importance weights are: attractiveness: 30.0; sincerity: 15.0; intelligence: 25.0; being funny: 25.0; ambition: 5.0; shared interests: 0.0. Would you leave your current partner for the new woman? Your answer must be (YES) or (NO) followed by your reason. You must FOLLOW THIS RULE! You MUST NOT SAY other words.,NO. The new woman scores lower in attractiveness; sincerity; and being funny; which are highly weighted for you. Missing data (ambition; shared interests) also makes her a riskier choice compared to your current partner.,31,48,55,0
Assume you are a 27-year-old single woman; and there is a 30-year-old man who is courting you. Your career type is Organizational Change Consultant. You evaluated him on six dimensions with scores out of 10. These are attractiveness: 3.0/10; sincerity: 5.0/10; intelligence: 7.0/10; being funny: 6.0/10; ambition: 6.0/10; shared interests: 6.0/10. Your importance weights for these attributes are: attractiveness: 10.0; sincerity: 10.0; intelligence: 30.0; being funny: 25.0; ambition: 10.0; shared interests: 15.0. Would you be willing to date this man? And also tell me the reason. Your answer must be (YES) or (NO) followed by your reason. You must FOLLOW THIS RULE! You MUST NOT SAY other words.,NO   Reason: The weighted scores (attractiveness: 3.0 * 10 = 30; sincerity: 5.0 * 10 = 50; intelligence: 7.0 * 30 = 210; being funny: 6.0 * 25 = 150; ambition: 6.0 * 10 = 60; shared interests: 6.0 * 15 = 90) sum to 590; which is below the threshold for compatibility given the importance weights. Intelligence and being funny are highly weighted; but his scores in these areas (7.0 and 6.0) are not strong enough to compensate for low scores in attractiveness and sincerity.,47,37,,0
Assume you are a 27-year-old single woman; and there is a 21-year-old man who is courting you. Your career type is Organizational Change Consultant. You evaluated him on six dimensions with scores out of 10. These are attractiveness: 2.0/10; sincerity: 6.0/10; intelligence: 6.0/10; being funny: 6.0/10; ambition: 4.0/10; shared interests: 5.0/10. Your importance weights for these attributes are: attractiveness: 10.0; sincerity: 10.0; intelligence: 30.0; being funny: 25.0; ambition: 10.0; shared interests: 15.0. Would you be willing to date this man? And also tell me the reason. Your answer must be (YES) or (NO) followed by your reason. You must FOLLOW THIS RULE! You MUST NOT SAY other words.,NO. The weighted scores (attractiveness: 2.0; sincerity: 6.0; intelligence: 18.0; being funny: 15.0; ambition: 4.0; shared interests: 7.5) total 52.5/100; which is below a satisfactory threshold given your priorities; especially low attractiveness and ambition scores.,52,37,,0
Assume you are a 21-year-old single man; and there is a 27-year-old woman who is courting you. Your career type is Intellectual Property Attorney. You evaluated her on six dimensions with scores out of 10. These are attractiveness: 4.0/10; sincerity: 6.0/10; intelligence: 7.0/10; being funny: 6.0/10; ambition: 5.0/10; shared interests: 5.0/10. Your importance weights for these attributes are: attractiveness: 15.0; sincerity: 20.0; intelligence: 15.0; being funny: 30.0; ambition: 5.0; shared interests: 15.0. Would you be willing to date this woman? And also tell me the reason. Your answer must be (YES) or (NO) followed by your reason. You must FOLLOW THIS RULE! You MUST NOT SAY other words.,NO. The weighted score (4.0*15 + 6.0*20 + 7.0*15 + 6.0*30 + 5.0*5 + 5.0*15 = 60 + 120 + 105 + 180 + 25 + 75 = 565) is below the threshold for compatibility given the importance weights.,22,52,,0
Assume you are a 24-year-old woman with career type lawyer; currently matched with a partner. Your current partner's scores (out of 10): attractiveness: 3.0/10; sincerity: 10.0/10; intelligence: 9.0/10; being funny: 5.0/10; ambition: 9.0/10; shared interests: 2.0/10. A new man is courting you with scores: attractiveness: 5.0/10; sincerity: 5.0/10; intelligence: 9.0/10; being funny: 7.0/10; ambition: 9.0/10; shared interests: nan/10. Your importance weights are: attractiveness: 20.0; sincerity: 20.0; intelligence: 20.0; being funny: 15.0; ambition: 15.0; shared interests: 10.0. Would you leave your current partner for the new man? Your answer must be (YES) or (NO) followed by your reason. You must FOLLOW THIS RULE! You MUST NOT SAY other words.,NO. The new man's lower sincerity (5.0 vs. 10.0) and unknown shared interests outweigh his slight improvements in attractiveness and humor; given your high weights for sincerity and intelligence. Your current partner's strengths align better with your priorities.,42,39,21,0
Assume you are a 22-year-old woman with career type Social Work Administration; currently matched with a partner. Your current partner's scores (out of 10): attractiveness: 7.0/10; sincerity: 7.0/10; intelligence: 7.0/10; being funny: 9.0/10; ambition: 8.0/10; shared interests: 7.0/10. A new man is courting you with scores: attractiveness: 8.0/10; sincerity: 6.0/10; intelligence: 6.0/10; being funny: 5.0/10; ambition: nan/10; shared interests: nan/10. Your importance weights are: attractiveness: 20.0; sincerity: 22.0; intelligence: 18.0; being funny: 15.0; ambition: 15.0; shared interests: 10.0. Would you leave your current partner for the new man? Your answer must be (YES) or (NO) followed by your reason. You must FOLLOW THIS RULE! You MUST NOT SAY other words.,NO. The new man scores lower in sincerity; intelligence; and humor—traits you highly value—and lacks data on ambition and shared interests; which are also important to you. Your current partner offers a more balanced and reliable match.,46,29,34,0
Assume you are a 27-year-old woman with career type Organizational Change Consultant; currently matched with a partner. Your current partner's scores (out of 10): attractiveness: 8.0/10; sincerity: 10.0/10; intelligence: 10.0/10; being funny: 10.0/10; ambition: 10.0/10; shared interests: 8.0/10. A new man is courting you with scores: attractiveness: 5.0/10; sincerity: 7.0/10; intelligence: 6.0/10; being funny: 7.0/10; ambition: 4.0/10; shared interests: 5.0/10. Your importance weights are: attractiveness: 10.0; sincerity: 10.0; intelligence: 30.0; being funny: 25.0; ambition: 10.0; shared interests: 15.0. Would you leave your current partner for the new man? Your answer must be (YES) or (NO) followed by your reason. You must FOLLOW THIS RULE! You MUST NOT SAY other words.,NO. The new man's scores are significantly lower in intelligence; ambition; and shared interests; which are highly weighted priorities for you. Your current partner excels in these areas.,55,37,31,0
Assume you are a 22-year-old single man; and there is a 26-year-old woman who is courting you. Your career type is Music production. You evaluated her on six dimensions with scores out of 10. These are attractiveness: 6.0/10; sincerity: 8.0/10; intelligence: 7.0/10; being funny: 7.0/10; ambition: 9.0/10; shared interests: 4.0/10. Your importance weights for these attributes are: attractiveness: 30.0; sincerity: 15.0; intelligence: 25.0; being funny: 25.0; ambition: 5.0; shared interests: 0.0. Would you be willing to date this woman? And also tell me the reason. Your answer must be (YES) or (NO) followed by your reason. You must FOLLOW THIS RULE! You MUST NOT SAY other words.,YES   Reason: Despite low shared interests; her high scores in sincerity; intelligence; and being funny align well with your weighted priorities; making her a compatible match.,36,48,,1
Assume you are a 30-year-old man with career type Academic; currently matched with a partner. Your current partner's scores (out of 10): attractiveness: 3.0/10; sincerity: 1.0/10; intelligence: 2.0/10; being funny: 2.0/10; ambition: 2.0/10; shared interests: 3.0/10. A new woman is courting you with scores: attractiveness: 6.0/10; sincerity: 6.0/10; intelligence: 6.0/10; being funny: 5.0/10; ambition: 8.0/10; shared interests: 4.0/10. Your importance weights are: attractiveness: 20.0; sincerity: 20.0; intelligence: 25.0; being funny: 25.0; ambition: 5.0; shared interests: 5.0. Would you leave your current partner for the new woman? Your answer must be (YES) or (NO) followed by your reason. You must FOLLOW THIS RULE! You MUST NOT SAY other words.,NO Your current partner's weighted score (1.95) is slightly higher than the new woman's weighted score (1.85) based on your importance weights.,36,47,48,0
Assume you are a 22-year-old woman with career type Social Work Administration; currently matched with a partner. Your current partner's scores (out of 10): attractiveness: 6.0/10; sincerity: 8.0/10; intelligence: 7.0/10; being funny: 7.0/10; ambition: 9.0/10; shared interests: 4.0/10. A new man is courting you with scores: attractiveness: 8.0/10; sincerity: 7.0/10; intelligence: 8.0/10; being funny: 8.0/10; ambition: 8.0/10; shared interests: 6.0/10. Your importance weights are: attractiveness: 20.0; sincerity: 22.0; intelligence: 18.0; being funny: 15.0; ambition: 15.0; shared interests: 10.0. Would you leave your current partner for the new man? Your answer must be (YES) or (NO) followed by your reason. You must FOLLOW THIS RULE! You MUST NOT SAY other words.,NO. The current partner scores higher in sincerity (22.0 weight) and ambition (15.0 weight); which are more important to you; outweighing the new man's higher attractiveness and shared interests.,48,29,36,0
Assume you are a 30-year-old man with career type Academic; currently matched with a partner. Your current partner's scores (out of 10): attractiveness: 8.0/10; sincerity: 9.0/10; intelligence: 8.0/10; being funny: 8.0/10; ambition: 7.0/10; shared interests: 6.0/10. A new woman is courting you with scores: attractiveness: 9.0/10; sincerity: 5.0/10; intelligence: 6.0/10; being funny: 5.0/10; ambition: 5.0/10; shared interests: 7.0/10. Your importance weights are: attractiveness: 20.0; sincerity: 20.0; intelligence: 25.0; being funny: 25.0; ambition: 5.0; shared interests: 5.0. Would you leave your current partner for the new woman? Your answer must be (YES) or (NO) followed by your reason. You must FOLLOW THIS RULE! You MUST NOT SAY other words.,NO. The new woman scores significantly lower in sincerity; intelligence; and being funny; which are your highest-weighted traits (20.0; 25.0; and 25.0 respectively). The slight gains in attractiveness and shared interests do not outweigh these losses.,21,47,42,0
Assume you are a 24-year-old woman with career type lawyer; currently matched with a partner. Your current partner's scores (out of 10): attractiveness: 7.0/10; sincerity: 7.0/10; intelligence: 7.0/10; being funny: 9.0/10; ambition: 8.0/10; shared interests: 7.0/10. A new man is courting you with scores: attractiveness: 8.0/10; sincerity: 6.0/10; intelligence: 9.0/10; being funny: 9.0/10; ambition: 6.0/10; shared interests: nan/10. Your importance weights are: attractiveness: 20.0; sincerity: 20.0; intelligence: 20.0; being funny: 15.0; ambition: 15.0; shared interests: 10.0. Would you leave your current partner for the new man? Your answer must be (YES) or (NO) followed by your reason. You must FOLLOW THIS RULE! You MUST NOT SAY other words.,NO - The new man's higher attractiveness and intelligence do not outweigh the lower sincerity and ambition; and the lack of shared interests is a significant drawback. The current partner's balanced scores align better with your priorities.,46,39,34,0
Assume you are a 24-year-old man with career type Academic; currently matched with a partner. Your current partner's scores (out of 10): attractiveness: 2.0/10; sincerity: 6.0/10; intelligence: 7.0/10; being funny: 4.0/10; ambition: 6.0/10; shared interests: 2.0/10. A new woman is courting you with scores: attractiveness: 4.0/10; sincerity: 4.0/10; intelligence: 7.0/10; being funny: 3.0/10; ambition: 6.0/10; shared interests: 4.0/10. Your importance weights are: attractiveness: 25.0; sincerity: 35.0; intelligence: 30.0; being funny: 10.0; ambition: 0.0; shared interests: 0.0. Would you leave your current partner for the new woman? Your answer must be (YES) or (NO) followed by your reason. You must FOLLOW THIS RULE! You MUST NOT SAY other words.,NO - Your current partner scores higher in sincerity (35.0 weight) and intelligence (30.0 weight); which are your most important criteria; outweighing the minor gains in attractiveness and shared interests from the new woman.,33,43,41,0
Assume you are a 22-year-old woman with career type Social Work Administration; currently matched with a partner. Your current partner's scores (out of 10): attractiveness: 8.0/10; sincerity: 8.0/10; intelligence: 10.0/10; being funny: 5.0/10; ambition: 6.0/10; shared interests: 5.0/10. A new man is courting you with scores: attractiveness: 7.0/10; sincerity: 5.0/10; intelligence: 6.0/10; being funny: 8.0/10; ambition: 6.0/10; shared interests: 4.0/10. Your importance weights are: attractiveness: 20.0; sincerity: 22.0; intelligence: 18.0; being funny: 15.0; ambition: 15.0; shared interests: 10.0. Would you leave your current partner for the new man? Your answer must be (YES) or (NO) followed by your reason. You must FOLLOW THIS RULE! You MUST NOT SAY other words.,NO. The current partner scores higher in sincerity; intelligence; and attractiveness; which are your top-weighted traits. The new man's lower sincerity and intelligence scores; along with minimal gains in less important traits; do not justify leaving.,49,29,35,0
Assume you are a 23-year-old woman with career type Lawyer; currently matched with a partner. Your current partner's scores (out of 10): attractiveness: 7.0/10; sincerity: 7.0/10; intelligence: 7.0/10; being funny: 9.0/10; ambition: 8.0/10; shared interests: 7.0/10. A new man is courting you with scores: attractiveness: 8.0/10; sincerity: 7.0/10; intelligence: 7.0/10; being funny: 7.0/10; ambition: 5.0/10; shared interests: 5.0/10. Your importance weights are: attractiveness: 10.0; sincerity: 20.0; intelligence: 20.0; being funny: 20.0; ambition: 20.0; shared interests: 10.0. Would you leave your current partner for the new man? Your answer must be (YES) or (NO) followed by your reason. You must FOLLOW THIS RULE! You MUST NOT SAY other words.,NO. The new man scores lower in key weighted categories like ambition; shared interests; and being funny; which are highly important to you. Your current partner better aligns with your priorities.,46,30,34,0
Assume you are a 21-year-old man with career type Intellectual Property Attorney; currently matched with a partner. Your current partner's scores (out of 10): attractiveness: 7.0/10; sincerity: 7.0/10; intelligence: 7.0/10; being funny: 6.0/10; ambition: 6.0/10; shared interests: 9.0/10. A new woman is courting you with scores: attractiveness: 7.0/10; sincerity: 7.0/10; intelligence: 6.0/10; being funny: 6.0/10; ambition: 6.0/10; shared interests: 5.0/10. Your importance weights are: attractiveness: 15.0; sincerity: 20.0; intelligence: 15.0; being funny: 30.0; ambition: 5.0; shared interests: 15.0. Would you leave your current partner for the new woman? Your answer must be (YES) or (NO) followed by your reason. You must FOLLOW THIS RULE! You MUST NOT SAY other words.,NO. The new woman scores lower in shared interests (which you value at 15.0) and similarly in other categories; while your current partner excels in shared interests (9.0/10). The weighted benefits do not justify leaving.,23,52,44,0
Assume you are a 30-year-old single man; and there is a 27-year-old woman who is courting you. Your career type is Academic. You evaluated her on six dimensions with scores out of 10. These are attractiveness: nan/10; sincerity: 5.0/10; intelligence: 6.0/10; being funny: 5.0/10; ambition: 6.0/10; shared interests: 3.0/10. Your importance weights for these attributes are: attractiveness: 20.0; sincerity: 20.0; intelligence: 25.0; being funny: 25.0; ambition: 5.0; shared interests: 5.0. Would you be willing to date this woman? And also tell me the reason. Your answer must be (YES) or (NO) followed by your reason. You must FOLLOW THIS RULE! You MUST NOT SAY other words.,NO - The weighted scores for sincerity (5.0); intelligence (6.0); and being funny (5.0) are low; and these traits are highly important to you (weights 20.0; 25.0; and 25.0 respectively). Shared interests are also minimal (3.0); further reducing compatibility.,22,47,,0
Assume you are a 22-year-old woman with career type Social Work Administration; currently matched with a partner. Your current partner's scores (out of 10): attractiveness: 6.0/10; sincerity: 8.0/10; intelligence: 8.0/10; being funny: 6.0/10; ambition: 7.0/10; shared interests: 7.0/10. A new man is courting you with scores: attractiveness: 6.0/10; sincerity: 7.0/10; intelligence: 7.0/10; being funny: 4.0/10; ambition: 6.0/10; shared interests: 6.0/10. Your importance weights are: attractiveness: 20.0; sincerity: 22.0; intelligence: 18.0; being funny: 15.0; ambition: 15.0; shared interests: 10.0. Would you leave your current partner for the new man? Your answer must be (YES) or (NO) followed by your reason. You must FOLLOW THIS RULE! You MUST NOT SAY other words.,NO. The new man's scores are lower or equal in all categories except being funny; which is already a lower priority for you. Your current partner outperforms him in sincerity; intelligence; and shared interests; which are more important to you based on your weights.,51,29,38,0
Assume you are a 27-year-old woman with career type Organizational Change Consultant; currently matched with a partner. Your current partner's scores (out of 10): attractiveness: 8.0/10; sincerity: 10.0/10; intelligence: 9.0/10; being funny: 9.0/10; ambition: 8.0/10; shared interests: 4.0/10. A new man is courting you with scores: attractiveness: 2.0/10; sincerity: 4.0/10; intelligence: 5.0/10; being funny: 4.0/10; ambition: 4.0/10; shared interests: 3.0/10. Your importance weights are: attractiveness: 10.0; sincerity: 10.0; intelligence: 30.0; being funny: 25.0; ambition: 10.0; shared interests: 15.0. Would you leave your current partner for the new man? Your answer must be (YES) or (NO) followed by your reason. You must FOLLOW THIS RULE! You MUST NOT SAY other words.,NO. The new man scores significantly lower in key weighted categories like intelligence (30.0 weight); being funny (25.0 weight); and sincerity (10.0 weight); and offers no advantage in shared interests (15.0 weight). The current partner excels in these areas; making him a far better match overall.,40,37,25,0
Assume you are a 24-year-old man with career type Academic; currently matched with a partner. Your current partner's scores (out of 10): attractiveness: 9.0/10; sincerity: 8.0/10; intelligence: 9.0/10; being funny: 7.0/10; ambition: 8.0/10; shared interests: nan/10. A new woman is courting you with scores: attractiveness: 6.0/10; sincerity: 5.0/10; intelligence: 5.0/10; being funny: 6.0/10; ambition: 7.0/10; shared interests: 2.0/10. Your importance weights are: attractiveness: 25.0; sincerity: 35.0; intelligence: 30.0; being funny: 10.0; ambition: 0.0; shared interests: 0.0. Would you leave your current partner for the new woman? Your answer must be (YES) or (NO) followed by your reason. You must FOLLOW THIS RULE! You MUST NOT SAY other words.,NO. The new woman scores significantly lower in sincerity and intelligence; which are your highest-weighted priorities (35.0 and 30.0 respectively); while your current partner excels in these areas. The slight advantage in shared interests (2.0 vs. nan) is irrelevant due to your 0.0 weight for that trait.,34,43,46,0
Assume you are a 21-year-old man with career type Intellectual Property Attorney; currently matched with a partner. Your current partner's scores (out of 10): attractiveness: 7.0/10; sincerity: 8.0/10; intelligence: 9.0/10; being funny: 6.0/10; ambition: 8.0/10; shared interests: 5.0/10. A new woman is courting you with scores: attractiveness: 8.0/10; sincerity: 7.0/10; intelligence: 7.0/10; being funny: 7.0/10; ambition: 6.0/10; shared interests: 6.0/10. Your importance weights are: attractiveness: 15.0; sincerity: 20.0; intelligence: 15.0; being funny: 30.0; ambition: 5.0; shared interests: 15.0. Would you leave your current partner for the new woman? Your answer must be (YES) or (NO) followed by your reason. You must FOLLOW THIS RULE! You MUST NOT SAY other words.,NO. The current partner scores higher in sincerity; intelligence; and ambition; which are weighted more heavily in your priorities (especially sincerity and intelligence). The new woman only marginally improves attractiveness and being funny; which are less critical to you.,25,52,40,0
Assume you are a 23-year-old woman with career type Lawyer; currently matched with a partner. Your current partner's scores (out of 10): attractiveness: 6.0/10; sincerity: 8.0/10; intelligence: 7.0/10; being funny: 7.0/10; ambition: 9.0/10; shared interests: 4.0/10. A new man is courting you with scores: attractiveness: 7.0/10; sincerity: 7.0/10; intelligence: 5.0/10; being funny: 7.0/10; ambition: 5.0/10; shared interests: 7.0/10. Your importance weights are: attractiveness: 10.0; sincerity: 20.0; intelligence: 20.0; being funny: 20.0; ambition: 20.0; shared interests: 10.0. Would you leave your current partner for the new man? Your answer must be (YES) or (NO) followed by your reason. You must FOLLOW THIS RULE! You MUST NOT SAY other words.,NO. The current partner scores higher in key weighted categories (sincerity; intelligence; being funny; ambition) which align more with your priorities; despite the new man's higher attractiveness and shared interests.,48,30,36,0
Assume you are a 24-year-old single woman; and there is a 21-year-old man who is courting you. Your career type is lawyer. You evaluated him on six dimensions with scores out of 10. These are attractiveness: 3.0/10; sincerity: 9.0/10; intelligence: 9.0/10; being funny: 6.0/10; ambition: 9.0/10; shared interests: nan/10. Your importance weights for these attributes are: attractiveness: 20.0; sincerity: 20.0; intelligence: 20.0; being funny: 15.0; ambition: 15.0; shared interests: 10.0. Would you be willing to date this man? And also tell me the reason. Your answer must be (YES) or (NO) followed by your reason. You must FOLLOW THIS RULE! You MUST NOT SAY other words.,NO. The low attractiveness score (3.0/10) and lack of shared interests (nan/10) outweigh the high scores in sincerity; intelligence; and ambition; given their importance weights.,52,39,,0
Assume you are a 24-year-old single woman; and there is a 24-year-old man who is courting you. Your career type is lawyer. You evaluated him on six dimensions with scores out of 10. These are attractiveness: 7.0/10; sincerity: 9.0/10; intelligence: 8.0/10; being funny: 7.0/10; ambition: 6.0/10; shared interests: 5.0/10. Your importance weights for these attributes are: attractiveness: 20.0; sincerity: 20.0; intelligence: 20.0; being funny: 15.0; ambition: 15.0; shared interests: 10.0. Would you be willing to date this man? And also tell me the reason. Your answer must be (YES) or (NO) followed by your reason. You must FOLLOW THIS RULE! You MUST NOT SAY other words.,YES. He scores highly on sincerity; intelligence; and attractiveness; which are your top-weighted attributes; and decently on being funny and ambition. The lower score in shared interests is less critical given its lower weight.,43,39,,1
Assume you are a 21-year-old man with career type Intellectual Property Attorney; currently matched with a partner. Your current partner's scores (out of 10): attractiveness: 4.0/10; sincerity: 7.0/10; intelligence: 6.0/10; being funny: 1.0/10; ambition: 4.0/10; shared interests: 3.0/10. A new woman is courting you with scores: attractiveness: 8.0/10; sincerity: 7.0/10; intelligence: 7.0/10; being funny: 7.0/10; ambition: 6.0/10; shared interests: 6.0/10. Your importance weights are: attractiveness: 15.0; sincerity: 20.0; intelligence: 15.0; being funny: 30.0; ambition: 5.0; shared interests: 15.0. Would you leave your current partner for the new woman? Your answer must be (YES) or (NO) followed by your reason. You must FOLLOW THIS RULE! You MUST NOT SAY other words.,"YES. The new woman scores significantly higher in ""being funny"" (30.0 weight) and ""shared interests"" (15.0 weight); which are highly important to you; while maintaining similar or better scores in other key categories. The overall compatibility is higher with the new woman based on your weighted priorities.",26,52,45,1
Assume you are a 22-year-old woman with career type Social Work Administration; currently matched with a partner. Your current partner's scores (out of 10): attractiveness: 8.0/10; sincerity: 7.0/10; intelligence: 7.0/10; being funny: 7.0/10; ambition: 6.0/10; shared interests: 6.0/10. A new man is courting you with scores: attractiveness: 6.0/10; sincerity: 8.0/10; intelligence: 8.0/10; being funny: 5.0/10; ambition: 7.0/10; shared interests: 5.0/10. Your importance weights are: attractiveness: 20.0; sincerity: 22.0; intelligence: 18.0; being funny: 15.0; ambition: 15.0; shared interests: 10.0. Would you leave your current partner for the new man? Your answer must be (YES) or (NO) followed by your reason. You must FOLLOW THIS RULE! You MUST NOT SAY other words.,NO. The current partner's weighted total score (7.8) is higher than the new man's (7.0); aligning better with your importance weights.,52,29,26,0
Assume you are a 22-year-old woman with career type Social Work Administration; currently matched with a partner. Your current partner's scores (out of 10): attractiveness: 7.0/10; sincerity: 8.0/10; intelligence: 8.0/10; being funny: 7.0/10; ambition: 8.0/10; shared interests: 6.0/10. A new man is courting you with scores: attractiveness: 6.0/10; sincerity: 7.0/10; intelligence: 6.0/10; being funny: 4.0/10; ambition: 6.0/10; shared interests: 5.0/10. Your importance weights are: attractiveness: 20.0; sincerity: 22.0; intelligence: 18.0; being funny: 15.0; ambition: 15.0; shared interests: 10.0. Would you leave your current partner for the new man? Your answer must be (YES) or (NO) followed by your reason. You must FOLLOW THIS RULE! You MUST NOT SAY other words.,NO The new man's overall weighted score is lower than your current partner's; especially in key areas like sincerity; intelligence; and ambition; which you value highly.,54,29,32,0
Assume you are a 27-year-old woman with career type Organizational Change Consultant; currently matched with a partner. Your current partner's scores (out of 10): attractiveness: 3.0/10; sincerity: 7.0/10; intelligence: 7.0/10; being funny: 7.0/10; ambition: 5.0/10; shared interests: 3.0/10. A new man is courting you with scores: attractiveness: 4.0/10; sincerity: 7.0/10; intelligence: 8.0/10; being funny: 2.0/10; ambition: 6.0/10; shared interests: 2.0/10. Your importance weights are: attractiveness: 10.0; sincerity: 10.0; intelligence: 30.0; being funny: 25.0; ambition: 10.0; shared interests: 15.0. Would you leave your current partner for the new man? Your answer must be (YES) or (NO) followed by your reason. You must FOLLOW THIS RULE! You MUST NOT SAY other words.,NO. The new man's lower scores in humor (25.0 weight) and shared interests (15.0 weight) outweigh his slight improvements in attractiveness and ambition; making him a worse overall match based on your priorities.,43,37,39,0
Assume you are a 23-year-old woman with career type Lawyer; currently matched with a partner. Your current partner's scores (out of 10): attractiveness: 8.0/10; sincerity: 8.0/10; intelligence: 10.0/10; being funny: 5.0/10; ambition: 6.0/10; shared interests: 5.0/10. A new man is courting you with scores: attractiveness: 8.0/10; sincerity: 7.0/10; intelligence: 7.0/10; being funny: 7.0/10; ambition: 7.0/10; shared interests: 7.0/10. Your importance weights are: attractiveness: 10.0; sincerity: 20.0; intelligence: 20.0; being funny: 20.0; ambition: 20.0; shared interests: 10.0. Would you leave your current partner for the new man? Your answer must be (YES) or (NO) followed by your reason. You must FOLLOW THIS RULE! You MUST NOT SAY other words.,NO. The current partner scores higher in sincerity; intelligence; and ambition (weighted more heavily); outweighing the new man's slightly better scores in being funny and shared interests.,49,30,35,0
Assume you are a 27-year-old woman with career type Organizational Change Consultant; currently matched with a partner. Your current partner's scores (out of 10): attractiveness: 8.0/10; sincerity: 8.0/10; intelligence: 10.0/10; being funny: 5.0/10; ambition: 6.0/10; shared interests: 5.0/10. A new man is courting you with scores: attractiveness: 6.0/10; sincerity: 5.0/10; intelligence: 5.0/10; being funny: 4.0/10; ambition: 4.0/10; shared interests: 4.0/10. Your importance weights are: attractiveness: 10.0; sincerity: 10.0; intelligence: 30.0; being funny: 25.0; ambition: 10.0; shared interests: 15.0. Would you leave your current partner for the new man? Your answer must be (YES) or (NO) followed by your reason. You must FOLLOW THIS RULE! You MUST NOT SAY other words.,NO. The new man scores significantly lower in intelligence (your highest-weighted trait) and other important categories like sincerity; humor; and shared interests; making him a less compatible match overall.,49,37,35,0
Assume you are a 22-year-old woman with career type Social Work Administration; currently matched with a partner. Your current partner's scores (out of 10): attractiveness: 8.0/10; sincerity: 10.0/10; intelligence: 10.0/10; being funny: 10.0/10; ambition: 10.0/10; shared interests: 8.0/10. A new man is courting you with scores: attractiveness: 6.0/10; sincerity: 8.0/10; intelligence: 7.0/10; being funny: 6.0/10; ambition: 5.0/10; shared interests: 3.0/10. Your importance weights are: attractiveness: 20.0; sincerity: 22.0; intelligence: 18.0; being funny: 15.0; ambition: 15.0; shared interests: 10.0. Would you leave your current partner for the new man? Your answer must be (YES) or (NO) followed by your reason. You must FOLLOW THIS RULE! You MUST NOT SAY other words.,NO. The new man scores significantly lower in key areas that are highly important to you (sincerity; intelligence; ambition; shared interests) and does not outweigh the strengths of your current partner.,55,29,31,0
Assume you are a 30-year-old man with career type Academic; currently matched with a partner. Your current partner's scores (out of 10): attractiveness: 7.0/10; sincerity: 7.0/10; intelligence: 7.0/10; being funny: 6.0/10; ambition: 6.0/10; shared interests: 9.0/10. A new woman is courting you with scores: attractiveness: 5.0/10; sincerity: 6.0/10; intelligence: 6.0/10; being funny: 4.0/10; ambition: 7.0/10; shared interests: 4.0/10. Your importance weights are: attractiveness: 20.0; sincerity: 20.0; intelligence: 25.0; being funny: 25.0; ambition: 5.0; shared interests: 5.0. Would you leave your current partner for the new woman? Your answer must be (YES) or (NO) followed by your reason. You must FOLLOW THIS RULE! You MUST NOT SAY other words.,NO. The new woman scores lower in key weighted categories (intelligence; being funny) and significantly lower in shared interests; which are important to you despite their lower weight. Your current partner aligns better with your priorities.,23,47,44,0
Assume you are a 22-year-old woman with career type Speech Language Pathologist; currently matched with a partner. Your current partner's scores (out of 10): attractiveness: 7.0/10; sincerity: 7.0/10; intelligence: 7.0/10; being funny: 9.0/10; ambition: 8.0/10; shared interests: 7.0/10. A new man is courting you with scores: attractiveness: 8.0/10; sincerity: 7.0/10; intelligence: 6.0/10; being funny: 6.0/10; ambition: 4.0/10; shared interests: 4.0/10. Your importance weights are: attractiveness: 17.0; sincerity: 10.0; intelligence: 18.0; being funny: 20.0; ambition: 25.0; shared interests: 10.0. Would you leave your current partner for the new man? Your answer must be (YES) or (NO) followed by your reason. You must FOLLOW THIS RULE! You MUST NOT SAY other words.,NO. The new man scores lower in intelligence; being funny; ambition; and shared interests; which are highly weighted for you. Your current partner better aligns with your priorities.,46,27,34,0
Assume you are a 22-year-old woman with career type Speech Language Pathologist; currently matched with a partner. Your current partner's scores (out of 10): attractiveness: 6.0/10; sincerity: 8.0/10; intelligence: 7.0/10; being funny: 7.0/10; ambition: 9.0/10; shared interests: 4.0/10. A new man is courting you with scores: attractiveness: 4.0/10; sincerity: 6.0/10; intelligence: 4.0/10; being funny: 5.0/10; ambition: 6.0/10; shared interests: 7.0/10. Your importance weights are: attractiveness: 17.0; sincerity: 10.0; intelligence: 18.0; being funny: 20.0; ambition: 25.0; shared interests: 10.0. Would you leave your current partner for the new man? Your answer must be (YES) or (NO) followed by your reason. You must FOLLOW THIS RULE! You MUST NOT SAY other words.,NO. The new man scores lower in key weighted categories like intelligence (18.0 weight); ambition (25.0 weight); and being funny (20.0 weight); which outweigh the slightly higher shared interests (10.0 weight). The current partner's strengths align better with your priorities.,48,27,36,0
Assume you are a 28-year-old single man; and there is a 22-year-old woman who is courting you. Your career type is banker / academia. You evaluated her on six dimensions with scores out of 10. These are attractiveness: 8.0/10; sincerity: 8.0/10; intelligence: 7.0/10; being funny: 8.0/10; ambition: 6.0/10; shared interests: 7.0/10. Your importance weights for these attributes are: attractiveness: 25.0; sincerity: 15.0; intelligence: 25.0; being funny: 15.0; ambition: 0.0; shared interests: 20.0. Would you be willing to date this woman? And also tell me the reason. Your answer must be (YES) or (NO) followed by your reason. You must FOLLOW THIS RULE! You MUST NOT SAY other words.,(YES) Her weighted score (7.825) meets your criteria based on importance weights and dimension scores.,27,45,,1
Assume you are a 30-year-old man with career type Academic; currently matched with a partner. Your current partner's scores (out of 10): attractiveness: 2.0/10; sincerity: 7.0/10; intelligence: 6.0/10; being funny: 4.0/10; ambition: 4.0/10; shared interests: 4.0/10. A new woman is courting you with scores: attractiveness: 5.0/10; sincerity: 6.0/10; intelligence: 6.0/10; being funny: 6.0/10; ambition: 6.0/10; shared interests: 6.0/10. Your importance weights are: attractiveness: 20.0; sincerity: 20.0; intelligence: 25.0; being funny: 25.0; ambition: 5.0; shared interests: 5.0. Would you leave your current partner for the new woman? Your answer must be (YES) or (NO) followed by your reason. You must FOLLOW THIS RULE! You MUST NOT SAY other words.,NO. The weighted scores for the current partner (3.95) and the new woman (5.45) show an improvement; but the difference may not be significant enough to justify leaving a committed relationship; especially if emotional bonds and stability are valued.,26,47,52,0
Assume you are a 27-year-old single woman; and there is a 30-year-old man who is courting you. Your career type is Informatics. You evaluated him on six dimensions with scores out of 10. These are attractiveness: 5.0/10; sincerity: 7.0/10; intelligence: 7.0/10; being funny: 6.0/10; ambition: 6.0/10; shared interests: 5.0/10. Your importance weights for these attributes are: attractiveness: 20.0; sincerity: 20.0; intelligence: 20.0; being funny: 10.0; ambition: 10.0; shared interests: 20.0. Would you be willing to date this man? And also tell me the reason. Your answer must be (YES) or (NO) followed by your reason. You must FOLLOW THIS RULE! You MUST NOT SAY other words.,NO. The weighted average score is 6.0/10; which is below your likely threshold for compatibility given the importance weights. Key areas like attractiveness and shared interests scored low (5.0/10) despite high importance (20.0 weight each).,47,22,,0
Assume you are a 30-year-old man with career type Academic; currently matched with a partner. Your current partner's scores (out of 10): attractiveness: 3.0/10; sincerity: 6.0/10; intelligence: 6.0/10; being funny: 4.0/10; ambition: 5.0/10; shared interests: 1.0/10. A new woman is courting you with scores: attractiveness: 7.0/10; sincerity: 5.0/10; intelligence: 6.0/10; being funny: 6.0/10; ambition: 4.0/10; shared interests: 5.0/10. Your importance weights are: attractiveness: 20.0; sincerity: 20.0; intelligence: 25.0; being funny: 25.0; ambition: 5.0; shared interests: 5.0. Would you leave your current partner for the new woman? Your answer must be (YES) or (NO) followed by your reason. You must FOLLOW THIS RULE! You MUST NOT SAY other words.,NO. The weighted scores are very close (current partner: 4.7; new woman: 5.75); and the new woman does not significantly outperform your current partner enough to justify leaving; especially given the importance of sincerity and intelligence in your priorities.,27,47,45,0
Assume you are a 22-year-old woman with career type Social Work Administration; currently matched with a partner. Your current partner's scores (out of 10): attractiveness: 3.0/10; sincerity: 7.0/10; intelligence: 7.0/10; being funny: 7.0/10; ambition: 5.0/10; shared interests: 3.0/10. A new man is courting you with scores: attractiveness: 5.0/10; sincerity: 7.0/10; intelligence: 5.0/10; being funny: 3.0/10; ambition: 5.0/10; shared interests: nan/10. Your importance weights are: attractiveness: 20.0; sincerity: 22.0; intelligence: 18.0; being funny: 15.0; ambition: 15.0; shared interests: 10.0. Would you leave your current partner for the new man? Your answer must be (YES) or (NO) followed by your reason. You must FOLLOW THIS RULE! You MUST NOT SAY other words.,NO - The new man does not significantly outperform your current partner in key areas (sincerity; intelligence) that you value highly; and the lack of shared interests data makes the decision risky.,43,29,39,0
Assume you are a 23-year-old woman with career type Lawyer; currently matched with a partner. Your current partner's scores (out of 10): attractiveness: 8.0/10; sincerity: 7.0/10; intelligence: 7.0/10; being funny: 7.0/10; ambition: 6.0/10; shared interests: 6.0/10. A new man is courting you with scores: attractiveness: 3.0/10; sincerity: 7.0/10; intelligence: 8.0/10; being funny: 6.0/10; ambition: 7.0/10; shared interests: 5.0/10. Your importance weights are: attractiveness: 10.0; sincerity: 20.0; intelligence: 20.0; being funny: 20.0; ambition: 20.0; shared interests: 10.0. Would you leave your current partner for the new man? Your answer must be (YES) or (NO) followed by your reason. You must FOLLOW THIS RULE! You MUST NOT SAY other words.,NO The new man's lower attractiveness and shared interests; combined with lower scores in key weighted categories like sincerity; intelligence; and ambition; do not outweigh the current partner's strengths.,52,30,26,0
Assume you are a 23-year-old woman with career type Lawyer; currently matched with a partner. Your current partner's scores (out of 10): attractiveness: 7.0/10; sincerity: 8.0/10; intelligence: 8.0/10; being funny: 7.0/10; ambition: 8.0/10; shared interests: 6.0/10. A new man is courting you with scores: attractiveness: 3.0/10; sincerity: 5.0/10; intelligence: 8.0/10; being funny: 4.0/10; ambition: 7.0/10; shared interests: 6.0/10. Your importance weights are: attractiveness: 10.0; sincerity: 20.0; intelligence: 20.0; being funny: 20.0; ambition: 20.0; shared interests: 10.0. Would you leave your current partner for the new man? Your answer must be (YES) or (NO) followed by your reason. You must FOLLOW THIS RULE! You MUST NOT SAY other words.,NO The new man scores significantly lower in key weighted categories like sincerity; being funny; and ambition; which are highly important to you; and offers no advantage in shared interests or intelligence. The current partner's overall profile aligns better with your priorities.,54,30,32,0
Assume you are a 23-year-old woman with career type Lawyer; currently matched with a partner. Your current partner's scores (out of 10): attractiveness: 8.0/10; sincerity: 10.0/10; intelligence: 10.0/10; being funny: 10.0/10; ambition: 10.0/10; shared interests: 8.0/10. A new man is courting you with scores: attractiveness: 7.0/10; sincerity: 7.0/10; intelligence: 8.0/10; being funny: 8.0/10; ambition: 7.0/10; shared interests: 8.0/10. Your importance weights are: attractiveness: 10.0; sincerity: 20.0; intelligence: 20.0; being funny: 20.0; ambition: 20.0; shared interests: 10.0. Would you leave your current partner for the new man? Your answer must be (YES) or (NO) followed by your reason. You must FOLLOW THIS RULE! You MUST NOT SAY other words.,NO. The new man scores lower in all weighted categories (sincerity; intelligence; being funny; ambition) that are most important to you; despite similar shared interests and slightly lower attractiveness. Your current partner excels in the traits you value highest.,55,30,31,0
Assume you are a 27-year-old woman with career type Informatics; currently matched with a partner. Your current partner's scores (out of 10): attractiveness: 6.0/10; sincerity: 8.0/10; intelligence: 7.0/10; being funny: 7.0/10; ambition: 9.0/10; shared interests: 4.0/10. A new man is courting you with scores: attractiveness: 7.0/10; sincerity: 7.0/10; intelligence: 7.0/10; being funny: 7.0/10; ambition: 7.0/10; shared interests: 6.0/10. Your importance weights are: attractiveness: 20.0; sincerity: 20.0; intelligence: 20.0; being funny: 10.0; ambition: 10.0; shared interests: 20.0. Would you leave your current partner for the new man? Your answer must be (YES) or (NO) followed by your reason. You must FOLLOW THIS RULE! You MUST NOT SAY other words.,NO. The weighted score for the current partner (6.0*20 + 8.0*20 + 7.0*20 + 7.0*10 + 9.0*10 + 4.0*20 = 690) is higher than the new man's weighted score (7.0*20 + 7.0*20 + 7.0*20 + 7.0*10 + 7.0*10 + 6.0*20 = 680).,48,22,36,0
Assume you are a 30-year-old single man; and there is a 22-year-old woman who is courting you. Your career type is Academic. You evaluated her on six dimensions with scores out of 10. These are attractiveness: 5.0/10; sincerity: 6.0/10; intelligence: 5.0/10; being funny: 6.0/10; ambition: 7.0/10; shared interests: 2.0/10. Your importance weights for these attributes are: attractiveness: 20.0; sincerity: 20.0; intelligence: 25.0; being funny: 25.0; ambition: 5.0; shared interests: 5.0. Would you be willing to date this woman? And also tell me the reason. Your answer must be (YES) or (NO) followed by your reason. You must FOLLOW THIS RULE! You MUST NOT SAY other words.,NO – Low scores in intelligence and shared interests; which are highly weighted for you (25.0 and 5.0 respectively); outweigh the moderate scores in other areas. The lack of alignment in key priorities makes this a poor match.,29,47,,0
Assume you are a 27-year-old woman with career type Informatics; currently matched with a partner. Your current partner's scores (out of 10): attractiveness: 8.0/10; sincerity: 8.0/10; intelligence: 10.0/10; being funny: 5.0/10; ambition: 6.0/10; shared interests: 5.0/10. A new man is courting you with scores: attractiveness: 6.0/10; sincerity: 7.0/10; intelligence: 7.0/10; being funny: 5.0/10; ambition: 7.0/10; shared interests: 4.0/10. Your importance weights are: attractiveness: 20.0; sincerity: 20.0; intelligence: 20.0; being funny: 10.0; ambition: 10.0; shared interests: 20.0. Would you leave your current partner for the new man? Your answer must be (YES) or (NO) followed by your reason. You must FOLLOW THIS RULE! You MUST NOT SAY other words.,NO. The current partner has higher weighted scores in key areas like intelligence (20.0 weight); shared interests (20.0 weight); and attractiveness (20.0 weight); which outweigh the new man's slightly higher ambition (10.0 weight). The overall compatibility is better with the current partner.,49,22,35,0
Assume you are a 27-year-old woman with career type Informatics; currently matched with a partner. Your current partner's scores (out of 10): attractiveness: 8.0/10; sincerity: 7.0/10; intelligence: 7.0/10; being funny: 7.0/10; ambition: 6.0/10; shared interests: 6.0/10. A new man is courting you with scores: attractiveness: 3.0/10; sincerity: 6.0/10; intelligence: 7.0/10; being funny: 5.0/10; ambition: 5.0/10; shared interests: 4.0/10. Your importance weights are: attractiveness: 20.0; sincerity: 20.0; intelligence: 20.0; being funny: 10.0; ambition: 10.0; shared interests: 20.0. Would you leave your current partner for the new man? Your answer must be (YES) or (NO) followed by your reason. You must FOLLOW THIS RULE! You MUST NOT SAY other words.,NO. The new man scores significantly lower in attractiveness and shared interests; which are highly weighted for you; and does not outperform your current partner in any key areas. Your current partner has a better overall weighted score.,52,22,26,0
Assume you are a 30-year-old man with career type Academic; currently matched with a partner. Your current partner's scores (out of 10): attractiveness: 9.0/10; sincerity: 8.0/10; intelligence: 7.0/10; being funny: 10.0/10; ambition: 9.0/10; shared interests: 8.0/10. A new woman is courting you with scores: attractiveness: 7.0/10; sincerity: 6.0/10; intelligence: 6.0/10; being funny: 5.0/10; ambition: 7.0/10; shared interests: 5.0/10. Your importance weights are: attractiveness: 20.0; sincerity: 20.0; intelligence: 25.0; being funny: 25.0; ambition: 5.0; shared interests: 5.0. Would you leave your current partner for the new woman? Your answer must be (YES) or (NO) followed by your reason. You must FOLLOW THIS RULE! You MUST NOT SAY other words.,NO – The new woman scores lower in key weighted categories (intelligence; being funny) and overall compatibility.,31,47,55,0
Assume you are a 27-year-old woman with career type Organizational Change Consultant; currently matched with a partner. Your current partner's scores (out of 10): attractiveness: 10.0/10; sincerity: 10.0/10; intelligence: 10.0/10; being funny: 10.0/10; ambition: 10.0/10; shared interests: nan/10. A new man is courting you with scores: attractiveness: 2.0/10; sincerity: 5.0/10; intelligence: 6.0/10; being funny: 3.0/10; ambition: 4.0/10; shared interests: 3.0/10. Your importance weights are: attractiveness: 10.0; sincerity: 10.0; intelligence: 30.0; being funny: 25.0; ambition: 10.0; shared interests: 15.0. Would you leave your current partner for the new man? Your answer must be (YES) or (NO) followed by your reason. You must FOLLOW THIS RULE! You MUST NOT SAY other words.,NO. The new man scores significantly lower in all important categories; especially intelligence and being funny; which are highly weighted for you. Your current partner excels in every aspect that matters to you.,41,37,33,0
Assume you are a 30-year-old man with career type Academic; currently matched with a partner. Your current partner's scores (out of 10): attractiveness: 7.0/10; sincerity: 6.0/10; intelligence: 9.0/10; being funny: 8.0/10; ambition: 9.0/10; shared interests: 9.0/10. A new woman is courting you with scores: attractiveness: 5.0/10; sincerity: 7.0/10; intelligence: 7.0/10; being funny: 6.0/10; ambition: 5.0/10; shared interests: 5.0/10. Your importance weights are: attractiveness: 20.0; sincerity: 20.0; intelligence: 25.0; being funny: 25.0; ambition: 5.0; shared interests: 5.0. Would you leave your current partner for the new woman? Your answer must be (YES) or (NO) followed by your reason. You must FOLLOW THIS RULE! You MUST NOT SAY other words.,NO. The current partner scores higher in key weighted categories like intelligence (25.0 weight) and being funny (25.0 weight); which outweigh the new woman's slightly higher sincerity. The overall compatibility is better with the current partner.,32,47,54,0
Assume you are a 30-year-old man with career type Academic; currently matched with a partner. Your current partner's scores (out of 10): attractiveness: 2.0/10; sincerity: 6.0/10; intelligence: 7.0/10; being funny: 4.0/10; ambition: 6.0/10; shared interests: 2.0/10. A new woman is courting you with scores: attractiveness: 5.0/10; sincerity: 6.0/10; intelligence: 7.0/10; being funny: 6.0/10; ambition: 6.0/10; shared interests: 3.0/10. Your importance weights are: attractiveness: 20.0; sincerity: 20.0; intelligence: 25.0; being funny: 25.0; ambition: 5.0; shared interests: 5.0. Would you leave your current partner for the new woman? Your answer must be (YES) or (NO) followed by your reason. You must FOLLOW THIS RULE! You MUST NOT SAY other words.,YES. The new woman scores higher in attractiveness; being funny; and shared interests; which are weighted more heavily in your priorities (especially intelligence and being funny at 25% each). The slight improvements in these key areas outweigh the minor trade-offs.,33,47,41,1
Assume you are a 27-year-old woman with career type Organizational Change Consultant; currently matched with a partner. Your current partner's scores (out of 10): attractiveness: 7.0/10; sincerity: 8.0/10; intelligence: 8.0/10; being funny: 7.0/10; ambition: 8.0/10; shared interests: 6.0/10. A new man is courting you with scores: attractiveness: 4.0/10; sincerity: 3.0/10; intelligence: 4.0/10; being funny: 2.0/10; ambition: 3.0/10; shared interests: 3.0/10. Your importance weights are: attractiveness: 10.0; sincerity: 10.0; intelligence: 30.0; being funny: 25.0; ambition: 10.0; shared interests: 15.0. Would you leave your current partner for the new man? Your answer must be (YES) or (NO) followed by your reason. You must FOLLOW THIS RULE! You MUST NOT SAY other words.,NO. The new man scores significantly lower in all important categories; especially intelligence (30.0 weight) and being funny (25.0 weight); which are your highest priorities. Your current partner outperforms him in every aspect.,54,37,32,0
Assume you are a 30-year-old single man; and there is a 23-year-old woman who is courting you. Your career type is law. You evaluated her on six dimensions with scores out of 10. These are attractiveness: 10.0/10; sincerity: 10.0/10; intelligence: 10.0/10; being funny: 10.0/10; ambition: 10.0/10; shared interests: nan/10. Your importance weights for these attributes are: attractiveness: 30.0; sincerity: 20.0; intelligence: 10.0; being funny: 30.0; ambition: 0.0; shared interests: 10.0. Would you be willing to date this woman? And also tell me the reason. Your answer must be (YES) or (NO) followed by your reason. You must FOLLOW THIS RULE! You MUST NOT SAY other words.,YES. She scores perfectly in all evaluated dimensions except shared interests (unknown); and your highest-weighted attributes (attractiveness; being funny) are maxed out; making her highly compatible despite the age gap and career differences.,30,41,,1
Assume you are a 27-year-old woman with career type Informatics; currently matched with a partner. Your current partner's scores (out of 10): attractiveness: 8.0/10; sincerity: 10.0/10; intelligence: 10.0/10; being funny: 10.0/10; ambition: 10.0/10; shared interests: 8.0/10. A new man is courting you with scores: attractiveness: 6.0/10; sincerity: 7.0/10; intelligence: 7.0/10; being funny: 7.0/10; ambition: 7.0/10; shared interests: 7.0/10. Your importance weights are: attractiveness: 20.0; sincerity: 20.0; intelligence: 20.0; being funny: 10.0; ambition: 10.0; shared interests: 20.0. Would you leave your current partner for the new man? Your answer must be (YES) or (NO) followed by your reason. You must FOLLOW THIS RULE! You MUST NOT SAY other words.,NO. The current partner significantly outperforms the new man in key weighted categories (sincerity; intelligence; shared interests) and matches or exceeds in others; making him a far better match overall.,55,22,31,0
Assume you are a 27-year-old woman with career type Informatics; currently matched with a partner. Your current partner's scores (out of 10): attractiveness: 6.0/10; sincerity: 8.0/10; intelligence: 8.0/10; being funny: 6.0/10; ambition: 7.0/10; shared interests: 7.0/10. A new man is courting you with scores: attractiveness: 3.0/10; sincerity: 4.0/10; intelligence: 5.0/10; being funny: 4.0/10; ambition: 4.0/10; shared interests: 2.0/10. Your importance weights are: attractiveness: 20.0; sincerity: 20.0; intelligence: 20.0; being funny: 10.0; ambition: 10.0; shared interests: 20.0. Would you leave your current partner for the new man? Your answer must be (YES) or (NO) followed by your reason. You must FOLLOW THIS RULE! You MUST NOT SAY other words.,NO. The new man scores significantly lower in key weighted categories like sincerity; intelligence; and shared interests; which outweigh his minor disadvantages in attractiveness and humor. The current partner remains a better overall match.,51,22,38,0
Assume you are a 27-year-old woman with career type Informatics; currently matched with a partner. Your current partner's scores (out of 10): attractiveness: 7.0/10; sincerity: 8.0/10; intelligence: 8.0/10; being funny: 7.0/10; ambition: 8.0/10; shared interests: 6.0/10. A new man is courting you with scores: attractiveness: 4.0/10; sincerity: 5.0/10; intelligence: 5.0/10; being funny: 4.0/10; ambition: 5.0/10; shared interests: 4.0/10. Your importance weights are: attractiveness: 20.0; sincerity: 20.0; intelligence: 20.0; being funny: 10.0; ambition: 10.0; shared interests: 20.0. Would you leave your current partner for the new man? Your answer must be (YES) or (NO) followed by your reason. You must FOLLOW THIS RULE! You MUST NOT SAY other words.,NO. The new man scores significantly lower in all categories; especially in shared interests; sincerity; and intelligence; which are highly weighted for you. Your current partner outperforms him in every aspect.,54,22,32,0
