Assume you are a 24-year-old single woman; and there is a 26-year-old man who is courting you. Your career type is Psychologist. You evaluated him on six dimensions with scores out of 10. These are attractiveness: 9.0/10; sincerity: 9.0/10; intelligence: 9.0/10; being funny: 9.0/10; ambition: 9.0/10; shared interests: 7.0/10. Your importance weights for these attributes are: attractiveness: 16.0; sincerity: 16.0; intelligence: 20.0; being funny: 16.0; ambition: 18.0; shared interests: 14.0. Would you be willing to date this man? And also tell me the reason. Your answer must be (YES) or (NO) followed by your reason. You must FOLLOW THIS RULE! You MUST NOT SAY other words.,(YES) The weighted scores across all dimensions are high; with sincerity; intelligence; and ambition being particularly strong; aligning well with your priorities as a psychologist. The only slightly lower score in shared interests is outweighed by the other exceptional qualities.,215,194,,1
Assume you are a 26-year-old single man; and there is a 27-year-old woman who is courting you. Your career type is Business. You evaluated her on six dimensions with scores out of 10. These are attractiveness: 7.0/10; sincerity: 8.0/10; intelligence: 7.0/10; being funny: 7.0/10; ambition: 4.0/10; shared interests: 7.0/10. Your importance weights for these attributes are: attractiveness: 16.28; sincerity: 16.28; intelligence: 18.6; being funny: 16.28; ambition: 16.28; shared interests: 16.28. Would you be willing to date this woman? And also tell me the reason. Your answer must be (YES) or (NO) followed by your reason. You must FOLLOW THIS RULE! You MUST NOT SAY other words.,YES – The weighted scores align well with your priorities; particularly sincerity; intelligence; and shared interests; outweighing the lower ambition score.,195,219,,1
Assume you are a 27-year-old single man; and there is a 22-year-old woman who is courting you. Your career type is Consulting. You evaluated her on six dimensions with scores out of 10. These are attractiveness: 9.0/10; sincerity: 9.0/10; intelligence: 9.0/10; being funny: 9.0/10; ambition: 9.0/10; shared interests: 9.0/10. Your importance weights for these attributes are: attractiveness: 7.5; sincerity: 17.5; intelligence: 20.0; being funny: 22.5; ambition: 12.5; shared interests: 20.0. Would you be willing to date this woman? And also tell me the reason. Your answer must be (YES) or (NO) followed by your reason. You must FOLLOW THIS RULE! You MUST NOT SAY other words.,(YES) The weighted scores across all dimensions are exceptionally high; aligning closely with your importance weights; making her an ideal match.,202,216,,1
Assume you are a 24-year-old single woman; and there is a 30-year-old man who is courting you. Your career type is Development work. You evaluated him on six dimensions with scores out of 10. These are attractiveness: 10.0/10; sincerity: 10.0/10; intelligence: 10.0/10; being funny: 10.0/10; ambition: 10.0/10; shared interests: 10.0/10. Your importance weights for these attributes are: attractiveness: 14.0; sincerity: 18.0; intelligence: 20.0; being funny: 18.0; ambition: 16.0; shared interests: 14.0. Would you be willing to date this man? And also tell me the reason. Your answer must be (YES) or (NO) followed by your reason. You must FOLLOW THIS RULE! You MUST NOT SAY other words.,YES. He scores perfectly in all dimensions that are highly important to you (sincerity; intelligence; being funny; ambition) and aligns with your values and interests.,231,197,,1
Assume you are a 28-year-old single man; and there is a 22-year-old woman who is courting you. Your career type is History Professor. You evaluated her on six dimensions with scores out of 10. These are attractiveness: 9.0/10; sincerity: 9.0/10; intelligence: 9.0/10; being funny: 8.0/10; ambition: 8.0/10; shared interests: 7.0/10. Your importance weights for these attributes are: attractiveness: 17.39; sincerity: 17.39; intelligence: 19.57; being funny: 19.57; ambition: 10.87; shared interests: 15.22. Would you be willing to date this woman? And also tell me the reason. Your answer must be (YES) or (NO) followed by your reason. You must FOLLOW THIS RULE! You MUST NOT SAY other words.,YES. The weighted score is high (8.78/10); with strong compatibility in intelligence; humor; sincerity; and attractiveness; outweighing the slightly lower shared interests.,203,223,,1
Assume you are a 23-year-old single man; and there is a 30-year-old woman who is courting you. Your career type is Entertainment/Sports. You evaluated her on six dimensions with scores out of 10. These are attractiveness: 7.0/10; sincerity: 6.0/10; intelligence: 6.0/10; being funny: 7.0/10; ambition: 6.0/10; shared interests: 7.0/10. Your importance weights for these attributes are: attractiveness: 25.64; sincerity: 17.95; intelligence: 15.38; being funny: 20.51; ambition: 10.26; shared interests: 10.26. Would you be willing to date this woman? And also tell me the reason. Your answer must be (YES) or (NO) followed by your reason. You must FOLLOW THIS RULE! You MUST NOT SAY other words.,YES   Reason: The weighted score (attractiveness and being funny are highly valued) meets your criteria despite the age difference.,199,226,,1
Assume you are a 28-year-old single woman; and there is a 31-year-old man who is courting you. Your career type is Humanitarian Affairs/Human Rights. You evaluated him on six dimensions with scores out of 10. These are attractiveness: 5.0/10; sincerity: 10.0/10; intelligence: 10.0/10; being funny: 10.0/10; ambition: 9.0/10; shared interests: 9.0/10. Your importance weights for these attributes are: attractiveness: 16.36; sincerity: 16.36; intelligence: 18.18; being funny: 18.18; ambition: 16.36; shared interests: 14.55. Would you be willing to date this man? And also tell me the reason. Your answer must be (YES) or (NO) followed by your reason. You must FOLLOW THIS RULE! You MUST NOT SAY other words.,YES. Despite average attractiveness; his exceptional sincerity; intelligence; humor; ambition; and strong shared interests align closely with your highly weighted values; making him a compelling match.,232,211,,1
Assume you are a 26-year-old single woman; and there is a 26-year-old man who is courting you. Your career type is marketing / brand management. You evaluated him on six dimensions with scores out of 10. These are attractiveness: 9.0/10; sincerity: 8.0/10; intelligence: 10.0/10; being funny: 8.0/10; ambition: 10.0/10; shared interests: 7.0/10. Your importance weights for these attributes are: attractiveness: 19.61; sincerity: 15.69; intelligence: 17.65; being funny: 15.69; ambition: 17.65; shared interests: 13.73. Would you be willing to date this man? And also tell me the reason. Your answer must be (YES) or (NO) followed by your reason. You must FOLLOW THIS RULE! You MUST NOT SAY other words.,YES. The weighted score is high (8.89/10); with exceptional scores in intelligence and ambition; which are highly weighted for you; outweighing the slightly lower shared interests.,217,204,,1
Assume you are a 25-year-old single woman; and there is a 23-year-old man who is courting you. Your career type is education. You evaluated him on six dimensions with scores out of 10. These are attractiveness: 5.0/10; sincerity: 8.0/10; intelligence: 7.0/10; being funny: 9.0/10; ambition: 8.0/10; shared interests: 5.0/10. Your importance weights for these attributes are: attractiveness: 17.65; sincerity: 17.65; intelligence: 17.65; being funny: 15.69; ambition: 15.69; shared interests: 15.69. Would you be willing to date this man? And also tell me the reason. Your answer must be (YES) or (NO) followed by your reason. You must FOLLOW THIS RULE! You MUST NOT SAY other words.,YES - His high scores in sincerity; intelligence; being funny; and ambition outweigh the lower scores in attractiveness and shared interests; aligning well with your weighted priorities.,214,196,,1
Assume you are a 28-year-old man with career type CEO in For Profit Biomedical Organization; currently matched with a partner. Your current partner's scores (out of 10): attractiveness: 9.0/10; sincerity: 10.0/10; intelligence: 9.0/10; being funny: 9.0/10; ambition: 8.0/10; shared interests: 9.0/10. A new woman is courting you with scores: attractiveness: 8.0/10; sincerity: 9.0/10; intelligence: 7.0/10; being funny: 9.0/10; ambition: 5.0/10; shared interests: 5.0/10. Your importance weights are: attractiveness: 21.43; sincerity: 16.67; intelligence: 21.43; being funny: 16.67; ambition: 11.9; shared interests: 11.9. Would you leave your current partner for the new woman? Your answer must be (YES) or (NO) followed by your reason. You must FOLLOW THIS RULE! You MUST NOT SAY other words.,NO. The new woman's lower scores in intelligence; ambition; and shared interests; which are weighted highly in your priorities; make her a less suitable match compared to your current partner.,195,229,219,0
Assume you are a 31-year-old single woman; and there is a 25-year-old man who is courting you. Your career type is UN Civil Servant. You evaluated him on six dimensions with scores out of 10. These are attractiveness: 9.0/10; sincerity: 10.0/10; intelligence: 10.0/10; being funny: 10.0/10; ambition: 9.0/10; shared interests: 9.0/10. Your importance weights for these attributes are: attractiveness: 14.58; sincerity: 16.67; intelligence: 20.83; being funny: 18.75; ambition: 16.67; shared interests: 12.5. Would you be willing to date this man? And also tell me the reason. Your answer must be (YES) or (NO) followed by your reason. You must FOLLOW THIS RULE! You MUST NOT SAY other words.,YES. The man scores exceptionally high in all evaluated dimensions (especially sincerity; intelligence; and humor; which are your most weighted attributes); and the age difference is manageable given his maturity and alignment with your values.,220,206,,1
Assume you are a 27-year-old woman with career type Finance; currently matched with a partner. Your current partner's scores (out of 10): attractiveness: 4.0/10; sincerity: 6.0/10; intelligence: 7.0/10; being funny: 7.0/10; ambition: 7.0/10; shared interests: 5.0/10. A new man is courting you with scores: attractiveness: 7.0/10; sincerity: 10.0/10; intelligence: 10.0/10; being funny: 7.0/10; ambition: 10.0/10; shared interests: 5.0/10. Your importance weights are: attractiveness: 14.29; sincerity: 18.37; intelligence: 18.37; being funny: 16.33; ambition: 18.37; shared interests: 14.29. Would you leave your current partner for the new man? Your answer must be (YES) or (NO) followed by your reason. You must FOLLOW THIS RULE! You MUST NOT SAY other words.,YES. The new man significantly outperforms your current partner in key weighted categories (sincerity; intelligence; ambition) while matching or slightly improving in others; making him a more compatible match overall.,217,212,204,1
Assume you are a 25-year-old woman with career type International Development; currently matched with a partner. Your current partner's scores (out of 10): attractiveness: 7.0/10; sincerity: 8.0/10; intelligence: 8.0/10; being funny: 7.0/10; ambition: 9.0/10; shared interests: 5.0/10. A new man is courting you with scores: attractiveness: 7.0/10; sincerity: 10.0/10; intelligence: 10.0/10; being funny: 7.0/10; ambition: 9.0/10; shared interests: nan/10. Your importance weights are: attractiveness: 13.21; sincerity: 18.87; intelligence: 18.87; being funny: 16.98; ambition: 16.98; shared interests: 15.09. Would you leave your current partner for the new man? Your answer must be (YES) or (NO) followed by your reason. You must FOLLOW THIS RULE! You MUST NOT SAY other words.,NO - Shared interests are important (15.09 weight); and the new man's score is unknown (nan/10); making it a risk to leave a stable partner with decent scores across the board.,214,200,196,0
Assume you are a 27-year-old single man; and there is a 25-year-old woman who is courting you. Your career type is Investment Banking. You evaluated her on six dimensions with scores out of 10. These are attractiveness: 7.0/10; sincerity: 6.0/10; intelligence: 7.0/10; being funny: 7.0/10; ambition: 6.0/10; shared interests: 5.0/10. Your importance weights for these attributes are: attractiveness: 15.56; sincerity: 17.78; intelligence: 17.78; being funny: 17.78; ambition: 17.78; shared interests: 13.33. Would you be willing to date this woman? And also tell me the reason. Your answer must be (YES) or (NO) followed by your reason. You must FOLLOW THIS RULE! You MUST NOT SAY other words.,NO - The weighted average score (6.49) is below a strong compatibility threshold; with lower scores in sincerity; ambition; and shared interests; which are highly weighted in your priorities.,200,221,,0
Assume you are a 27-year-old man with career type Professor or Consultant; currently matched with a partner. Your current partner's scores (out of 10): attractiveness: 8.0/10; sincerity: 7.0/10; intelligence: 8.0/10; being funny: 8.0/10; ambition: 8.0/10; shared interests: 3.0/10. A new woman is courting you with scores: attractiveness: 10.0/10; sincerity: 7.0/10; intelligence: 9.0/10; being funny: 8.0/10; ambition: 6.0/10; shared interests: 7.0/10. Your importance weights are: attractiveness: 9.52; sincerity: 19.05; intelligence: 23.81; being funny: 19.05; ambition: 4.76; shared interests: 23.81. Would you leave your current partner for the new woman? Your answer must be (YES) or (NO) followed by your reason. You must FOLLOW THIS RULE! You MUST NOT SAY other words.,NO. The new woman scores higher in attractiveness and shared interests; but your highest-weighted criteria (intelligence; shared interests; sincerity; being funny) show minimal or no improvement; while ambition (lower priority) is worse. The current partner remains a better overall match based on your priorities.,199,222,226,0
Assume you are a 32-year-old man with career type Hero; currently matched with a partner. Your current partner's scores (out of 10): attractiveness: 9.0/10; sincerity: 9.0/10; intelligence: 9.0/10; being funny: 9.0/10; ambition: 9.0/10; shared interests: 7.0/10. A new woman is courting you with scores: attractiveness: 5.0/10; sincerity: 8.0/10; intelligence: 7.0/10; being funny: 7.0/10; ambition: 6.0/10; shared interests: 7.0/10. Your importance weights are: attractiveness: 17.24; sincerity: 17.24; intelligence: 17.24; being funny: 17.24; ambition: 13.79; shared interests: 17.24. Would you leave your current partner for the new woman? Your answer must be (YES) or (NO) followed by your reason. You must FOLLOW THIS RULE! You MUST NOT SAY other words.,NO. The new woman's overall weighted score is significantly lower than your current partner's; especially in key areas like attractiveness; intelligence; and being funny; which have high importance weights. Your current partner excels in almost all categories.,194,224,215,0
Assume you are a 28-year-old single man; and there is a 25-year-old woman who is courting you. Your career type is Consulting. You evaluated her on six dimensions with scores out of 10. These are attractiveness: 8.0/10; sincerity: 10.0/10; intelligence: 9.0/10; being funny: 9.0/10; ambition: 9.0/10; shared interests: 6.0/10. Your importance weights for these attributes are: attractiveness: 14.71; sincerity: 14.71; intelligence: 14.71; being funny: 14.71; ambition: 20.59; shared interests: 20.59. Would you be willing to date this woman? And also tell me the reason. Your answer must be (YES) or (NO) followed by your reason. You must FOLLOW THIS RULE! You MUST NOT SAY other words.,YES. Despite the lower score in shared interests (6.0/10); her high scores in sincerity (10.0/10); intelligence (9.0/10); being funny (9.0/10); and ambition (9.0/10) align well with your weighted priorities; particularly ambition and sincerity. The strong attributes outweigh the weaker one.,208,225,,1
Assume you are a 27-year-old man with career type Investment Banking; currently matched with a partner. Your current partner's scores (out of 10): attractiveness: 5.0/10; sincerity: 8.0/10; intelligence: 8.0/10; being funny: 7.0/10; ambition: 9.0/10; shared interests: nan/10. A new woman is courting you with scores: attractiveness: 6.0/10; sincerity: 7.0/10; intelligence: 9.0/10; being funny: 6.0/10; ambition: 6.0/10; shared interests: 3.0/10. Your importance weights are: attractiveness: 15.56; sincerity: 17.78; intelligence: 17.78; being funny: 17.78; ambition: 17.78; shared interests: 13.33. Would you leave your current partner for the new woman? Your answer must be (YES) or (NO) followed by your reason. You must FOLLOW THIS RULE! You MUST NOT SAY other words.,NO. The current partner scores higher in sincerity; being funny; and ambition (which are highly weighted for you); while the new woman only marginally improves attractiveness and intelligence but lacks in shared interests and other key areas. The trade-off isn't favorable.,203,221,223,0
Assume you are a 27-year-old man with career type Investment Banking; currently matched with a partner. Your current partner's scores (out of 10): attractiveness: 9.0/10; sincerity: 10.0/10; intelligence: 10.0/10; being funny: 10.0/10; ambition: 9.0/10; shared interests: 9.0/10. A new woman is courting you with scores: attractiveness: 6.0/10; sincerity: 6.0/10; intelligence: 7.0/10; being funny: 7.0/10; ambition: 7.0/10; shared interests: 5.0/10. Your importance weights are: attractiveness: 15.56; sincerity: 17.78; intelligence: 17.78; being funny: 17.78; ambition: 17.78; shared interests: 13.33. Would you leave your current partner for the new woman? Your answer must be (YES) or (NO) followed by your reason. You must FOLLOW THIS RULE! You MUST NOT SAY other words.,NO. The new woman scores significantly lower in all key weighted categories (sincerity; intelligence; being funny; ambition) and shared interests; which are highly valued based on your importance weights. Your current partner excels in these areas; making her a far better match.,206,221,220,0
Assume you are a 24-year-old man with career type professor; currently matched with a partner. Your current partner's scores (out of 10): attractiveness: 9.0/10; sincerity: 10.0/10; intelligence: 9.0/10; being funny: 9.0/10; ambition: 8.0/10; shared interests: 9.0/10. A new woman is courting you with scores: attractiveness: 6.0/10; sincerity: 6.0/10; intelligence: 6.0/10; being funny: 7.0/10; ambition: 6.0/10; shared interests: 5.0/10. Your importance weights are: attractiveness: 13.51; sincerity: 18.92; intelligence: 21.62; being funny: 13.51; ambition: 13.51; shared interests: 18.92. Would you leave your current partner for the new woman? Your answer must be (YES) or (NO) followed by your reason. You must FOLLOW THIS RULE! You MUST NOT SAY other words.,NO. The new woman's scores are significantly lower in all key weighted categories (sincerity; intelligence; shared interests) that you prioritize highly; making her a less compatible match overall.,195,228,219,0
Assume you are a 25-year-old woman with career type International Business; currently matched with a partner. Your current partner's scores (out of 10): attractiveness: 3.0/10; sincerity: 4.0/10; intelligence: 4.0/10; being funny: 3.0/10; ambition: 3.0/10; shared interests: 4.0/10. A new man is courting you with scores: attractiveness: 6.0/10; sincerity: 9.0/10; intelligence: 9.0/10; being funny: 7.0/10; ambition: 9.0/10; shared interests: 6.0/10. Your importance weights are: attractiveness: 15.52; sincerity: 17.24; intelligence: 17.24; being funny: 17.24; ambition: 17.24; shared interests: 15.52. Would you leave your current partner for the new man? Your answer must be (YES) or (NO) followed by your reason. You must FOLLOW THIS RULE! You MUST NOT SAY other words.,YES - The new man scores significantly higher in sincerity; intelligence; ambition; and humor; which are your most weighted traits; outweighing the slight advantage your current partner has in shared interests.,215,213,194,1
Assume you are a 28-year-old man with career type CEO in For Profit Biomedical Organization; currently matched with a partner. Your current partner's scores (out of 10): attractiveness: 9.0/10; sincerity: 10.0/10; intelligence: 10.0/10; being funny: 10.0/10; ambition: 9.0/10; shared interests: 9.0/10. A new woman is courting you with scores: attractiveness: 3.0/10; sincerity: 9.0/10; intelligence: 8.0/10; being funny: 7.0/10; ambition: 5.0/10; shared interests: 4.0/10. Your importance weights are: attractiveness: 21.43; sincerity: 16.67; intelligence: 21.43; being funny: 16.67; ambition: 11.9; shared interests: 11.9. Would you leave your current partner for the new woman? Your answer must be (YES) or (NO) followed by your reason. You must FOLLOW THIS RULE! You MUST NOT SAY other words.,NO. The new woman's scores are significantly lower in key areas you highly value (attractiveness; intelligence; and shared interests); outweighing her strengths in sincerity and humor. Your current partner excels in all prioritized categories.,206,229,220,0
Assume you are a 23-year-old single woman; and there is a 32-year-old man who is courting you. Your career type is academic. You evaluated him on six dimensions with scores out of 10. These are attractiveness: 10.0/10; sincerity: 10.0/10; intelligence: 10.0/10; being funny: 7.0/10; ambition: 7.0/10; shared interests: 9.0/10. Your importance weights for these attributes are: attractiveness: 15.38; sincerity: 17.31; intelligence: 19.23; being funny: 19.23; ambition: 11.54; shared interests: 17.31. Would you be willing to date this man? And also tell me the reason. Your answer must be (YES) or (NO) followed by your reason. You must FOLLOW THIS RULE! You MUST NOT SAY other words.,(YES) His high scores in attractiveness; sincerity; intelligence; and shared interests outweigh the slightly lower scores in being funny and ambition; aligning well with your weighted priorities.,224,205,,1
Assume you are a 23-year-old woman with career type IP Law; currently matched with a partner. Your current partner's scores (out of 10): attractiveness: 7.0/10; sincerity: 6.0/10; intelligence: 6.0/10; being funny: 7.0/10; ambition: 6.0/10; shared interests: 7.0/10. A new man is courting you with scores: attractiveness: 10.0/10; sincerity: 9.0/10; intelligence: 9.0/10; being funny: 10.0/10; ambition: 10.0/10; shared interests: 10.0/10. Your importance weights are: attractiveness: 17.31; sincerity: 13.46; intelligence: 17.31; being funny: 19.23; ambition: 19.23; shared interests: 13.46. Would you leave your current partner for the new man? Your answer must be (YES) or (NO) followed by your reason. You must FOLLOW THIS RULE! You MUST NOT SAY other words.,(YES) The new man significantly outperforms the current partner in all weighted categories; making him a better match overall.,226,207,199,1
Assume you are a 42-year-old man with career type consulting; currently matched with a partner. Your current partner's scores (out of 10): attractiveness: 9.0/10; sincerity: 10.0/10; intelligence: 9.0/10; being funny: 9.0/10; ambition: 8.0/10; shared interests: 9.0/10. A new woman is courting you with scores: attractiveness: 8.0/10; sincerity: 7.0/10; intelligence: 7.0/10; being funny: 7.0/10; ambition: 6.0/10; shared interests: 5.0/10. Your importance weights are: attractiveness: 23.81; sincerity: 23.81; intelligence: 23.81; being funny: 23.81; ambition: 2.38; shared interests: 2.38. Would you leave your current partner for the new woman? Your answer must be (YES) or (NO) followed by your reason. You must FOLLOW THIS RULE! You MUST NOT SAY other words.,NO. The current partner scores higher in all weighted categories that matter most (attractiveness; sincerity; intelligence; being funny). The new woman does not outperform in any critical area.,195,230,219,0
Assume you are a 28-year-old man with career type CEO in For Profit Biomedical Organization; currently matched with a partner. Your current partner's scores (out of 10): attractiveness: 10.0/10; sincerity: 10.0/10; intelligence: 10.0/10; being funny: 10.0/10; ambition: 10.0/10; shared interests: 10.0/10. A new woman is courting you with scores: attractiveness: 4.0/10; sincerity: 8.0/10; intelligence: 8.0/10; being funny: 5.0/10; ambition: 4.0/10; shared interests: 3.0/10. Your importance weights are: attractiveness: 21.43; sincerity: 16.67; intelligence: 21.43; being funny: 16.67; ambition: 11.9; shared interests: 11.9. Would you leave your current partner for the new woman? Your answer must be (YES) or (NO) followed by your reason. You must FOLLOW THIS RULE! You MUST NOT SAY other words.,NO. The new woman's scores are significantly lower across all weighted categories compared to your current partner; who is perfect in every aspect. The trade-off is not favorable.,197,229,231,0
Assume you are a 26-year-old man with career type corporate finance; currently matched with a partner. Your current partner's scores (out of 10): attractiveness: 10.0/10; sincerity: 10.0/10; intelligence: 10.0/10; being funny: 10.0/10; ambition: 10.0/10; shared interests: 10.0/10. A new woman is courting you with scores: attractiveness: 7.0/10; sincerity: 7.0/10; intelligence: 7.0/10; being funny: 7.0/10; ambition: 7.0/10; shared interests: 7.0/10. Your importance weights are: attractiveness: 20.0; sincerity: 16.0; intelligence: 18.0; being funny: 16.0; ambition: 16.0; shared interests: 14.0. Would you leave your current partner for the new woman? Your answer must be (YES) or (NO) followed by your reason. You must FOLLOW THIS RULE! You MUST NOT SAY other words.,NO. Your current partner has perfect scores in all categories that align closely with your importance weights; while the new woman scores significantly lower across all traits you value.,197,227,231,0
Assume you are a 27-year-old man with career type Investment Banking; currently matched with a partner. Your current partner's scores (out of 10): attractiveness: 10.0/10; sincerity: 9.0/10; intelligence: 9.0/10; being funny: 10.0/10; ambition: 10.0/10; shared interests: 10.0/10. A new woman is courting you with scores: attractiveness: 8.0/10; sincerity: 7.0/10; intelligence: 7.0/10; being funny: 9.0/10; ambition: 9.0/10; shared interests: 5.0/10. Your importance weights are: attractiveness: 15.56; sincerity: 17.78; intelligence: 17.78; being funny: 17.78; ambition: 17.78; shared interests: 13.33. Would you leave your current partner for the new woman? Your answer must be (YES) or (NO) followed by your reason. You must FOLLOW THIS RULE! You MUST NOT SAY other words.,NO. The new woman scores lower in all weighted categories compared to your current partner; especially in sincerity; intelligence; and shared interests; which are highly important to you.,207,221,226,0
Assume you are a 27-year-old single man; and there is a 24-year-old woman who is courting you. Your career type is Professor or Consultant. You evaluated her on six dimensions with scores out of 10. These are attractiveness: 7.0/10; sincerity: 4.0/10; intelligence: 4.0/10; being funny: 4.0/10; ambition: 7.0/10; shared interests: 2.0/10. Your importance weights for these attributes are: attractiveness: 9.52; sincerity: 19.05; intelligence: 23.81; being funny: 19.05; ambition: 4.76; shared interests: 23.81. Would you be willing to date this woman? And also tell me the reason. Your answer must be (YES) or (NO) followed by your reason. You must FOLLOW THIS RULE! You MUST NOT SAY other words.,NO. The low scores in sincerity; intelligence; being funny; and shared interests—which are your most heavily weighted attributes—outweigh the positives in attractiveness and ambition. The lack of alignment in key areas makes her an unsuitable match for you.,194,222,,0
Assume you are a 26-year-old man with career type corporate finance; currently matched with a partner. Your current partner's scores (out of 10): attractiveness: 10.0/10; sincerity: 9.0/10; intelligence: 9.0/10; being funny: 10.0/10; ambition: 10.0/10; shared interests: 10.0/10. A new woman is courting you with scores: attractiveness: 8.0/10; sincerity: 8.0/10; intelligence: 7.0/10; being funny: 9.0/10; ambition: 8.0/10; shared interests: 8.0/10. Your importance weights are: attractiveness: 20.0; sincerity: 16.0; intelligence: 18.0; being funny: 16.0; ambition: 16.0; shared interests: 14.0. Would you leave your current partner for the new woman? Your answer must be (YES) or (NO) followed by your reason. You must FOLLOW THIS RULE! You MUST NOT SAY other words.,NO. The new woman's weighted composite score is lower than your current partner's across all important criteria.,207,227,226,0
Assume you are a 25-year-old woman with career type International Development; currently matched with a partner. Your current partner's scores (out of 10): attractiveness: 6.0/10; sincerity: 10.0/10; intelligence: 8.0/10; being funny: 8.0/10; ambition: 6.0/10; shared interests: 6.0/10. A new man is courting you with scores: attractiveness: 8.0/10; sincerity: 10.0/10; intelligence: 10.0/10; being funny: 8.0/10; ambition: 10.0/10; shared interests: nan/10. Your importance weights are: attractiveness: 13.21; sincerity: 18.87; intelligence: 18.87; being funny: 16.98; ambition: 16.98; shared interests: 15.09. Would you leave your current partner for the new man? Your answer must be (YES) or (NO) followed by your reason. You must FOLLOW THIS RULE! You MUST NOT SAY other words.,NO - The new man lacks a score for shared interests; which is important (15.09 weight); and while he scores higher in attractiveness; intelligence; and ambition; the current partner has strong sincerity; humor; and decent shared interests; making the overall trade-off unclear.,217,200,212,0
Assume you are a 30-year-old woman with career type Historian; currently matched with a partner. Your current partner's scores (out of 10): attractiveness: 7.0/10; sincerity: 8.0/10; intelligence: 7.0/10; being funny: 7.0/10; ambition: 4.0/10; shared interests: 7.0/10. A new man is courting you with scores: attractiveness: 9.0/10; sincerity: 10.0/10; intelligence: 10.0/10; being funny: 10.0/10; ambition: 9.0/10; shared interests: 10.0/10. Your importance weights are: attractiveness: 17.5; sincerity: 17.5; intelligence: 20.0; being funny: 12.5; ambition: 20.0; shared interests: 12.5. Would you leave your current partner for the new man? Your answer must be (YES) or (NO) followed by your reason. You must FOLLOW THIS RULE! You MUST NOT SAY other words.,YES. The new man significantly outperforms the current partner in all weighted categories; especially in intelligence; ambition; and shared interests; which are your highest priorities. The overall compatibility and alignment with your values make the new man a better match.,219,199,195,1
Assume you are a 23-year-old single woman; and there is a 28-year-old man who is courting you. Your career type is investment banking. You evaluated him on six dimensions with scores out of 10. These are attractiveness: 6.0/10; sincerity: 6.0/10; intelligence: 8.0/10; being funny: 6.0/10; ambition: 6.0/10; shared interests: 5.0/10. Your importance weights for these attributes are: attractiveness: 15.38; sincerity: 19.23; intelligence: 17.31; being funny: 19.23; ambition: 9.62; shared interests: 19.23. Would you be willing to date this man? And also tell me the reason. Your answer must be (YES) or (NO) followed by your reason. You must FOLLOW THIS RULE! You MUST NOT SAY other words.,NO. The weighted average score (6.23) is below your importance thresholds; particularly in sincerity; being funny; and shared interests; which are your highest-weighted priorities.,229,198,,0
Assume you are a 24-year-old single man; and there is a 25-year-old woman who is courting you. Your career type is Researcher. You evaluated her on six dimensions with scores out of 10. These are attractiveness: 7.0/10; sincerity: 6.0/10; intelligence: 7.0/10; being funny: 6.0/10; ambition: 6.0/10; shared interests: 6.0/10. Your importance weights for these attributes are: attractiveness: 20.51; sincerity: 5.13; intelligence: 23.08; being funny: 12.82; ambition: 17.95; shared interests: 20.51. Would you be willing to date this woman? And also tell me the reason. Your answer must be (YES) or (NO) followed by your reason. You must FOLLOW THIS RULE! You MUST NOT SAY other words.,YES. The weighted score (attractiveness: 1.435; sincerity: 0.308; intelligence: 1.615; being funny: 0.769; ambition: 1.077; shared interests: 1.231) sums to 6.435; which meets a reasonable threshold for dating given your priorities (intelligence; attractiveness; and shared interests are highly weighted and scored well).,200,218,,1
Assume you are a 27-year-old man with career type Investment Banking; currently matched with a partner. Your current partner's scores (out of 10): attractiveness: 5.0/10; sincerity: 8.0/10; intelligence: 8.0/10; being funny: 9.0/10; ambition: 9.0/10; shared interests: 5.0/10. A new woman is courting you with scores: attractiveness: 7.0/10; sincerity: 7.0/10; intelligence: 7.0/10; being funny: 8.0/10; ambition: 8.0/10; shared interests: 5.0/10. Your importance weights are: attractiveness: 15.56; sincerity: 17.78; intelligence: 17.78; being funny: 17.78; ambition: 17.78; shared interests: 13.33. Would you leave your current partner for the new woman? Your answer must be (YES) or (NO) followed by your reason. You must FOLLOW THIS RULE! You MUST NOT SAY other words.,NO. The current partner scores higher in sincerity; intelligence; being funny; and ambition; which are weighted more heavily in your priorities. The slight gain in attractiveness does not outweigh the losses in other key areas.,208,221,225,0
Assume you are a 42-year-old man with career type consulting; currently matched with a partner. Your current partner's scores (out of 10): attractiveness: 10.0/10; sincerity: 10.0/10; intelligence: 10.0/10; being funny: 10.0/10; ambition: 10.0/10; shared interests: 10.0/10. A new woman is courting you with scores: attractiveness: 7.0/10; sincerity: 6.0/10; intelligence: 7.0/10; being funny: 6.0/10; ambition: 5.0/10; shared interests: 5.0/10. Your importance weights are: attractiveness: 23.81; sincerity: 23.81; intelligence: 23.81; being funny: 23.81; ambition: 2.38; shared interests: 2.38. Would you leave your current partner for the new woman? Your answer must be (YES) or (NO) followed by your reason. You must FOLLOW THIS RULE! You MUST NOT SAY other words.,NO. The current partner scores perfectly in all categories that are highly weighted (attractiveness; sincerity; intelligence; being funny); while the new woman scores significantly lower in these key areas. The slight advantage in less important categories (ambition; shared interests) does not outweigh the disparity in priorities.,197,230,231,0
Assume you are a 26-year-old single man; and there is a 24-year-old woman who is courting you. Your career type is corporate finance. You evaluated her on six dimensions with scores out of 10. These are attractiveness: 4.0/10; sincerity: 6.0/10; intelligence: 6.0/10; being funny: 5.0/10; ambition: 5.0/10; shared interests: 5.0/10. Your importance weights for these attributes are: attractiveness: 20.0; sincerity: 16.0; intelligence: 18.0; being funny: 16.0; ambition: 16.0; shared interests: 14.0. Would you be willing to date this woman? And also tell me the reason. Your answer must be (YES) or (NO) followed by your reason. You must FOLLOW THIS RULE! You MUST NOT SAY other words.,NO. The weighted average score (4.72/10) is below a likely threshold for dating interest; given the middling scores and lack of standout traits in highly weighted categories like intelligence (18%) and attractiveness (20%).,194,227,,0
Assume you are a 26-year-old woman with career type marketing / brand management; currently matched with a partner. Your current partner's scores (out of 10): attractiveness: 9.0/10; sincerity: 7.0/10; intelligence: 7.0/10; being funny: 9.0/10; ambition: 7.0/10; shared interests: 7.0/10. A new man is courting you with scores: attractiveness: 9.0/10; sincerity: 9.0/10; intelligence: 8.0/10; being funny: 9.0/10; ambition: 7.0/10; shared interests: 8.0/10. Your importance weights are: attractiveness: 19.61; sincerity: 15.69; intelligence: 17.65; being funny: 15.69; ambition: 17.65; shared interests: 13.73. Would you leave your current partner for the new man? Your answer must be (YES) or (NO) followed by your reason. You must FOLLOW THIS RULE! You MUST NOT SAY other words.,NO – The weighted scores for both partners are very close (current partner: ~7.8; new man: ~8.2); and the difference isn't significant enough to justify leaving a stable relationship for a marginally higher score.,226,204,207,0
Assume you are a 27-year-old man with career type Professor or Consultant; currently matched with a partner. Your current partner's scores (out of 10): attractiveness: 10.0/10; sincerity: 10.0/10; intelligence: 10.0/10; being funny: 10.0/10; ambition: 10.0/10; shared interests: 10.0/10. A new woman is courting you with scores: attractiveness: 8.0/10; sincerity: 4.0/10; intelligence: 7.0/10; being funny: 6.0/10; ambition: 7.0/10; shared interests: 5.0/10. Your importance weights are: attractiveness: 9.52; sincerity: 19.05; intelligence: 23.81; being funny: 19.05; ambition: 4.76; shared interests: 23.81. Would you leave your current partner for the new woman? Your answer must be (YES) or (NO) followed by your reason. You must FOLLOW THIS RULE! You MUST NOT SAY other words.,NO. The new woman scores significantly lower in key weighted categories like sincerity; intelligence; being funny; and shared interests; which are highly important to you. Your current partner is perfect across all dimensions.,197,222,231,0
Assume you are a 28-year-old man with career type CEO in For Profit Biomedical Organization; currently matched with a partner. Your current partner's scores (out of 10): attractiveness: 6.0/10; sincerity: 7.0/10; intelligence: 9.0/10; being funny: 5.0/10; ambition: 9.0/10; shared interests: nan/10. A new woman is courting you with scores: attractiveness: 8.0/10; sincerity: 8.0/10; intelligence: 6.0/10; being funny: 6.0/10; ambition: 6.0/10; shared interests: 3.0/10. Your importance weights are: attractiveness: 21.43; sincerity: 16.67; intelligence: 21.43; being funny: 16.67; ambition: 11.9; shared interests: 11.9. Would you leave your current partner for the new woman? Your answer must be (YES) or (NO) followed by your reason. You must FOLLOW THIS RULE! You MUST NOT SAY other words.,NO - Current partner scores higher in intelligence and ambition; which are weighted more heavily; and the new woman lacks sufficient shared interests.,200,229,218,0
Assume you are a 23-year-old woman with career type investment banking; currently matched with a partner. Your current partner's scores (out of 10): attractiveness: 4.0/10; sincerity: 8.0/10; intelligence: 4.0/10; being funny: 5.0/10; ambition: 4.0/10; shared interests: 6.0/10. A new man is courting you with scores: attractiveness: 4.0/10; sincerity: 5.0/10; intelligence: 5.0/10; being funny: 6.0/10; ambition: 6.0/10; shared interests: 5.0/10. Your importance weights are: attractiveness: 15.38; sincerity: 19.23; intelligence: 17.31; being funny: 19.23; ambition: 9.62; shared interests: 19.23. Would you leave your current partner for the new man? Your answer must be (YES) or (NO) followed by your reason. You must FOLLOW THIS RULE! You MUST NOT SAY other words.,NO. The new man's scores do not significantly outweigh your current partner's in the categories you value most (sincerity; being funny; shared interests). Your current partner also has higher sincerity; which is your top-weighted trait.,215,198,213,0
Assume you are a 23-year-old woman with career type investment banking; currently matched with a partner. Your current partner's scores (out of 10): attractiveness: 9.0/10; sincerity: 9.0/10; intelligence: 9.0/10; being funny: 9.0/10; ambition: 9.0/10; shared interests: 9.0/10. A new man is courting you with scores: attractiveness: 3.0/10; sincerity: 4.0/10; intelligence: 5.0/10; being funny: 6.0/10; ambition: 6.0/10; shared interests: 7.0/10. Your importance weights are: attractiveness: 15.38; sincerity: 19.23; intelligence: 17.31; being funny: 19.23; ambition: 9.62; shared interests: 19.23. Would you leave your current partner for the new man? Your answer must be (YES) or (NO) followed by your reason. You must FOLLOW THIS RULE! You MUST NOT SAY other words.,NO The new man's scores are significantly lower in key areas you value highly (sincerity; intelligence; being funny; shared interests); and your current partner excels in all categories.,216,198,202,0
Assume you are a 28-year-old man with career type CEO in For Profit Biomedical Organization; currently matched with a partner. Your current partner's scores (out of 10): attractiveness: 5.0/10; sincerity: 8.0/10; intelligence: 7.0/10; being funny: 8.0/10; ambition: 9.0/10; shared interests: 7.0/10. A new woman is courting you with scores: attractiveness: 2.0/10; sincerity: 8.0/10; intelligence: 9.0/10; being funny: 4.0/10; ambition: 3.0/10; shared interests: 2.0/10. Your importance weights are: attractiveness: 21.43; sincerity: 16.67; intelligence: 21.43; being funny: 16.67; ambition: 11.9; shared interests: 11.9. Would you leave your current partner for the new woman? Your answer must be (YES) or (NO) followed by your reason. You must FOLLOW THIS RULE! You MUST NOT SAY other words.,NO. The new woman's significantly lower scores in attractiveness; ambition; and shared interests (which are important to you) outweigh her higher intelligence. Your current partner has a more balanced and compatible profile overall.,202,229,216,0
Assume you are a 27-year-old single man; and there is a 23-year-old woman who is courting you. Your career type is Professor or Consultant. You evaluated her on six dimensions with scores out of 10. These are attractiveness: 4.0/10; sincerity: 7.0/10; intelligence: 8.0/10; being funny: 5.0/10; ambition: 6.0/10; shared interests: 2.0/10. Your importance weights for these attributes are: attractiveness: 9.52; sincerity: 19.05; intelligence: 23.81; being funny: 19.05; ambition: 4.76; shared interests: 23.81. Would you be willing to date this woman? And also tell me the reason. Your answer must be (YES) or (NO) followed by your reason. You must FOLLOW THIS RULE! You MUST NOT SAY other words.,NO – The low scores in attractiveness (4.0/10) and shared interests (2.0/10); combined with their high importance weights (9.52 and 23.81 respectively); make this a poor match despite strengths in sincerity and intelligence.,198,222,,0
Assume you are a 26-year-old woman with career type marketing / brand management; currently matched with a partner. Your current partner's scores (out of 10): attractiveness: 4.0/10; sincerity: 8.0/10; intelligence: 4.0/10; being funny: 5.0/10; ambition: 4.0/10; shared interests: 6.0/10. A new man is courting you with scores: attractiveness: 7.0/10; sincerity: 7.0/10; intelligence: 9.0/10; being funny: 8.0/10; ambition: 8.0/10; shared interests: 6.0/10. Your importance weights are: attractiveness: 19.61; sincerity: 15.69; intelligence: 17.65; being funny: 15.69; ambition: 17.65; shared interests: 13.73. Would you leave your current partner for the new man? Your answer must be (YES) or (NO) followed by your reason. You must FOLLOW THIS RULE! You MUST NOT SAY other words.,YES. The new man scores higher in attractiveness; intelligence; being funny; and ambition; which are your most weighted criteria; outweighing the slight advantage your current partner has in sincerity. The overall compatibility is better with the new man.,215,204,213,1
Assume you are a 24-year-old man with career type professor; currently matched with a partner. Your current partner's scores (out of 10): attractiveness: 9.0/10; sincerity: 10.0/10; intelligence: 10.0/10; being funny: 10.0/10; ambition: 9.0/10; shared interests: 9.0/10. A new woman is courting you with scores: attractiveness: 7.0/10; sincerity: 7.0/10; intelligence: 7.0/10; being funny: 7.0/10; ambition: 7.0/10; shared interests: 5.0/10. Your importance weights are: attractiveness: 13.51; sincerity: 18.92; intelligence: 21.62; being funny: 13.51; ambition: 13.51; shared interests: 18.92. Would you leave your current partner for the new woman? Your answer must be (YES) or (NO) followed by your reason. You must FOLLOW THIS RULE! You MUST NOT SAY other words.,NO. The current partner scores higher in all weighted categories; making them a better match overall.,206,228,220,0
Assume you are a 23-year-old woman with career type investment banking; currently matched with a partner. Your current partner's scores (out of 10): attractiveness: 6.0/10; sincerity: 10.0/10; intelligence: 8.0/10; being funny: 8.0/10; ambition: 6.0/10; shared interests: 6.0/10. A new man is courting you with scores: attractiveness: 6.0/10; sincerity: 5.0/10; intelligence: 7.0/10; being funny: 5.0/10; ambition: 5.0/10; shared interests: 6.0/10. Your importance weights are: attractiveness: 15.38; sincerity: 19.23; intelligence: 17.31; being funny: 19.23; ambition: 9.62; shared interests: 19.23. Would you leave your current partner for the new man? Your answer must be (YES) or (NO) followed by your reason. You must FOLLOW THIS RULE! You MUST NOT SAY other words.,NO. The new man scores lower in sincerity; being funny; and ambition; which are highly weighted in your priorities. Your current partner excels in sincerity and humor; aligning better with your values.,217,198,212,0
Assume you are a 27-year-old man with career type Professor or Consultant; currently matched with a partner. Your current partner's scores (out of 10): attractiveness: 6.0/10; sincerity: 7.0/10; intelligence: 9.0/10; being funny: 5.0/10; ambition: 9.0/10; shared interests: nan/10. A new woman is courting you with scores: attractiveness: 8.0/10; sincerity: 6.0/10; intelligence: 4.0/10; being funny: 6.0/10; ambition: 8.0/10; shared interests: 4.0/10. Your importance weights are: attractiveness: 9.52; sincerity: 19.05; intelligence: 23.81; being funny: 19.05; ambition: 4.76; shared interests: 23.81. Would you leave your current partner for the new woman? Your answer must be (YES) or (NO) followed by your reason. You must FOLLOW THIS RULE! You MUST NOT SAY other words.,NO - Your current partner scores higher in sincerity; intelligence; and shared interests (weighted heavily in your priorities); while the new woman only scores higher in attractiveness and ambition (less important to you). The trade-off isn't favorable.,200,222,218,0
Assume you are a 23-year-old woman with career type investment banking; currently matched with a partner. Your current partner's scores (out of 10): attractiveness: 8.0/10; sincerity: 10.0/10; intelligence: 9.0/10; being funny: 9.0/10; ambition: 9.0/10; shared interests: 6.0/10. A new man is courting you with scores: attractiveness: 4.0/10; sincerity: 6.0/10; intelligence: 7.0/10; being funny: 7.0/10; ambition: 6.0/10; shared interests: 6.0/10. Your importance weights are: attractiveness: 15.38; sincerity: 19.23; intelligence: 17.31; being funny: 19.23; ambition: 9.62; shared interests: 19.23. Would you leave your current partner for the new man? Your answer must be (YES) or (NO) followed by your reason. You must FOLLOW THIS RULE! You MUST NOT SAY other words.,NO. The new man scores significantly lower in key weighted categories (sincerity; being funny; shared interests) and lacks the high overall alignment of your current partner; despite the slightly lower shared interests score. Your current partner excels in traits you value most.,225,198,208,0
Assume you are a 24-year-old woman with career type Psychologist; currently matched with a partner. Your current partner's scores (out of 10): attractiveness: 10.0/10; sincerity: 10.0/10; intelligence: 10.0/10; being funny: 10.0/10; ambition: 10.0/10; shared interests: 10.0/10. A new man is courting you with scores: attractiveness: 6.0/10; sincerity: 10.0/10; intelligence: 10.0/10; being funny: 9.0/10; ambition: 10.0/10; shared interests: 7.0/10. Your importance weights are: attractiveness: 16.0; sincerity: 16.0; intelligence: 20.0; being funny: 16.0; ambition: 18.0; shared interests: 14.0. Would you leave your current partner for the new man? Your answer must be (YES) or (NO) followed by your reason. You must FOLLOW THIS RULE! You MUST NOT SAY other words.,NO. The current partner scores higher in attractiveness; being funny; and shared interests; which are important to you; and matches perfectly in all other weighted categories. The new man does not offer enough improvement to justify leaving.,220,194,206,0
Assume you are a 27-year-old woman with career type professional student; currently matched with a partner. Your current partner's scores (out of 10): attractiveness: 6.0/10; sincerity: 6.0/10; intelligence: 6.0/10; being funny: 6.0/10; ambition: 5.0/10; shared interests: 5.0/10. A new man is courting you with scores: attractiveness: 9.0/10; sincerity: 10.0/10; intelligence: 9.0/10; being funny: 9.0/10; ambition: 8.0/10; shared interests: 9.0/10. Your importance weights are: attractiveness: 15.38; sincerity: 19.23; intelligence: 19.23; being funny: 19.23; ambition: 13.46; shared interests: 13.46. Would you leave your current partner for the new man? Your answer must be (YES) or (NO) followed by your reason. You must FOLLOW THIS RULE! You MUST NOT SAY other words.,YES. The new man significantly outperforms your current partner in all weighted categories; especially in sincerity; intelligence; and being funny; which are your highest priorities. The overall compatibility and quality of the new match are substantially better.,219,195,199,1
Assume you are a 27-year-old single man; and there is a 24-year-old woman who is courting you. Your career type is Investment Banking. You evaluated her on six dimensions with scores out of 10. These are attractiveness: 4.0/10; sincerity: 3.0/10; intelligence: 6.0/10; being funny: 7.0/10; ambition: 6.0/10; shared interests: 5.0/10. Your importance weights for these attributes are: attractiveness: 15.56; sincerity: 17.78; intelligence: 17.78; being funny: 17.78; ambition: 17.78; shared interests: 13.33. Would you be willing to date this woman? And also tell me the reason. Your answer must be (YES) or (NO) followed by your reason. You must FOLLOW THIS RULE! You MUST NOT SAY other words.,NO. The weighted average score is below your threshold; with sincerity and attractiveness being particularly low despite their high importance weights.,194,221,,0
Assume you are a 24-year-old man with career type professor; currently matched with a partner. Your current partner's scores (out of 10): attractiveness: 5.0/10; sincerity: 10.0/10; intelligence: 10.0/10; being funny: 10.0/10; ambition: 9.0/10; shared interests: 9.0/10. A new woman is courting you with scores: attractiveness: 6.0/10; sincerity: 6.0/10; intelligence: 6.0/10; being funny: 5.0/10; ambition: 6.0/10; shared interests: 5.0/10. Your importance weights are: attractiveness: 13.51; sincerity: 18.92; intelligence: 21.62; being funny: 13.51; ambition: 13.51; shared interests: 18.92. Would you leave your current partner for the new woman? Your answer must be (YES) or (NO) followed by your reason. You must FOLLOW THIS RULE! You MUST NOT SAY other words.,NO – The current partner scores higher in key weighted categories (sincerity; intelligence; ambition; shared interests) that align with your priorities. The new woman does not offer enough improvement in attractiveness to outweigh these strengths.,211,228,232,0
Assume you are a 25-year-old woman with career type International Business; currently matched with a partner. Your current partner's scores (out of 10): attractiveness: 6.0/10; sincerity: 10.0/10; intelligence: 8.0/10; being funny: 8.0/10; ambition: 6.0/10; shared interests: 6.0/10. A new man is courting you with scores: attractiveness: 8.0/10; sincerity: 8.0/10; intelligence: 9.0/10; being funny: 8.0/10; ambition: 10.0/10; shared interests: 8.0/10. Your importance weights are: attractiveness: 15.52; sincerity: 17.24; intelligence: 17.24; being funny: 17.24; ambition: 17.24; shared interests: 15.52. Would you leave your current partner for the new man? Your answer must be (YES) or (NO) followed by your reason. You must FOLLOW THIS RULE! You MUST NOT SAY other words.,NO - Your current partner scores higher in sincerity; which is your most weighted factor (17.24); and matches closely in intelligence and humor. The new man's advantages in attractiveness and ambition are less critical to your priorities.,217,213,212,0
Assume you are a 23-year-old woman with career type investment banking; currently matched with a partner. Your current partner's scores (out of 10): attractiveness: 9.0/10; sincerity: 7.0/10; intelligence: 7.0/10; being funny: 9.0/10; ambition: 7.0/10; shared interests: 7.0/10. A new man is courting you with scores: attractiveness: 8.0/10; sincerity: 7.0/10; intelligence: 7.0/10; being funny: 6.0/10; ambition: 6.0/10; shared interests: 6.0/10. Your importance weights are: attractiveness: 15.38; sincerity: 19.23; intelligence: 17.31; being funny: 19.23; ambition: 9.62; shared interests: 19.23. Would you leave your current partner for the new man? Your answer must be (YES) or (NO) followed by your reason. You must FOLLOW THIS RULE! You MUST NOT SAY other words.,NO The new man scores lower in attractiveness; being funny; ambition; and shared interests; which are highly weighted for you; and does not offer enough advantages in other areas to justify leaving your current partner.,226,198,207,0
Assume you are a 27-year-old man with career type Professor or Consultant; currently matched with a partner. Your current partner's scores (out of 10): attractiveness: 5.0/10; sincerity: 8.0/10; intelligence: 7.0/10; being funny: 8.0/10; ambition: 9.0/10; shared interests: 7.0/10. A new woman is courting you with scores: attractiveness: 6.0/10; sincerity: 4.0/10; intelligence: 7.0/10; being funny: 7.0/10; ambition: 8.0/10; shared interests: 2.0/10. Your importance weights are: attractiveness: 9.52; sincerity: 19.05; intelligence: 23.81; being funny: 19.05; ambition: 4.76; shared interests: 23.81. Would you leave your current partner for the new woman? Your answer must be (YES) or (NO) followed by your reason. You must FOLLOW THIS RULE! You MUST NOT SAY other words.,NO. The new woman scores significantly lower in sincerity (4.0 vs. 8.0) and shared interests (2.0 vs. 7.0); which are your top-weighted traits (19.05 and 23.81; respectively). The slight gains in attractiveness (6.0 vs. 5.0) and ambition (8.0 vs. 9.0) do not outweigh the losses in higher-priority areas.,202,222,216,0
Assume you are a 28-year-old man with career type CEO in For Profit Biomedical Organization; currently matched with a partner. Your current partner's scores (out of 10): attractiveness: 5.0/10; sincerity: 8.0/10; intelligence: 8.0/10; being funny: 7.0/10; ambition: 9.0/10; shared interests: nan/10. A new woman is courting you with scores: attractiveness: 6.0/10; sincerity: 6.0/10; intelligence: 9.0/10; being funny: 3.0/10; ambition: 1.0/10; shared interests: 2.0/10. Your importance weights are: attractiveness: 21.43; sincerity: 16.67; intelligence: 21.43; being funny: 16.67; ambition: 11.9; shared interests: 11.9. Would you leave your current partner for the new woman? Your answer must be (YES) or (NO) followed by your reason. You must FOLLOW THIS RULE! You MUST NOT SAY other words.,NO. The new woman's lower scores in sincerity; being funny; and ambition; along with minimal shared interests; outweigh her slight edge in attractiveness and intelligence; making the current partner a better overall match based on your weighted priorities.,203,229,223,0
Assume you are a 23-year-old single woman; and there is a 24-year-old man who is courting you. Your career type is investment banking. You evaluated him on six dimensions with scores out of 10. These are attractiveness: 8.0/10; sincerity: 8.0/10; intelligence: 8.0/10; being funny: 8.0/10; ambition: 8.0/10; shared interests: 5.0/10. Your importance weights for these attributes are: attractiveness: 15.38; sincerity: 19.23; intelligence: 17.31; being funny: 19.23; ambition: 9.62; shared interests: 19.23. Would you be willing to date this man? And also tell me the reason. Your answer must be (YES) or (NO) followed by your reason. You must FOLLOW THIS RULE! You MUST NOT SAY other words.,NO. The shared interests score is too low (5.0/10) and carries a high importance weight (19.23); which significantly lowers the overall compatibility.,228,198,,0
Assume you are a 27-year-old man with career type Investment Banking; currently matched with a partner. Your current partner's scores (out of 10): attractiveness: 9.0/10; sincerity: 10.0/10; intelligence: 9.0/10; being funny: 9.0/10; ambition: 8.0/10; shared interests: 9.0/10. A new woman is courting you with scores: attractiveness: 7.0/10; sincerity: 8.0/10; intelligence: 8.0/10; being funny: 8.0/10; ambition: 5.0/10; shared interests: 5.0/10. Your importance weights are: attractiveness: 15.56; sincerity: 17.78; intelligence: 17.78; being funny: 17.78; ambition: 17.78; shared interests: 13.33. Would you leave your current partner for the new woman? Your answer must be (YES) or (NO) followed by your reason. You must FOLLOW THIS RULE! You MUST NOT SAY other words.,NO. The new woman scores lower in all weighted categories compared to your current partner; who excels in sincerity; intelligence; humor; and ambition—traits you highly value.,195,221,219,0
Assume you are a 25-year-old woman with career type International Business; currently matched with a partner. Your current partner's scores (out of 10): attractiveness: 7.0/10; sincerity: 6.0/10; intelligence: 7.0/10; being funny: 6.0/10; ambition: 6.0/10; shared interests: 6.0/10. A new man is courting you with scores: attractiveness: 7.0/10; sincerity: 8.0/10; intelligence: 9.0/10; being funny: 6.0/10; ambition: 9.0/10; shared interests: 5.0/10. Your importance weights are: attractiveness: 15.52; sincerity: 17.24; intelligence: 17.24; being funny: 17.24; ambition: 17.24; shared interests: 15.52. Would you leave your current partner for the new man? Your answer must be (YES) or (NO) followed by your reason. You must FOLLOW THIS RULE! You MUST NOT SAY other words.,NO. The new man scores higher in sincerity; intelligence; and ambition; but the current partner has slightly better shared interests and similar attractiveness. The weights prioritize sincerity; intelligence; and ambition; but the difference in shared interests and the equal attractiveness make the overall decision less clear-cut. The current partner still meets many of the weighted priorities adequately.,218,213,200,0
Assume you are a 27-year-old man with career type Investment Banking; currently matched with a partner. Your current partner's scores (out of 10): attractiveness: 10.0/10; sincerity: 10.0/10; intelligence: 10.0/10; being funny: 10.0/10; ambition: 10.0/10; shared interests: 10.0/10. A new woman is courting you with scores: attractiveness: 7.0/10; sincerity: 6.0/10; intelligence: 7.0/10; being funny: 6.0/10; ambition: 6.0/10; shared interests: 5.0/10. Your importance weights are: attractiveness: 15.56; sincerity: 17.78; intelligence: 17.78; being funny: 17.78; ambition: 17.78; shared interests: 13.33. Would you leave your current partner for the new woman? Your answer must be (YES) or (NO) followed by your reason. You must FOLLOW THIS RULE! You MUST NOT SAY other words.,NO. The new woman's scores are significantly lower in all categories; and the weights emphasize qualities where your current partner excels.,197,221,231,0
Assume you are a 28-year-old man with career type CEO in For Profit Biomedical Organization; currently matched with a partner. Your current partner's scores (out of 10): attractiveness: 7.0/10; sincerity: 7.0/10; intelligence: 9.0/10; being funny: 8.0/10; ambition: 8.0/10; shared interests: 6.0/10. A new woman is courting you with scores: attractiveness: 3.0/10; sincerity: 5.0/10; intelligence: 8.0/10; being funny: 5.0/10; ambition: 8.0/10; shared interests: 6.0/10. Your importance weights are: attractiveness: 21.43; sincerity: 16.67; intelligence: 21.43; being funny: 16.67; ambition: 11.9; shared interests: 11.9. Would you leave your current partner for the new woman? Your answer must be (YES) or (NO) followed by your reason. You must FOLLOW THIS RULE! You MUST NOT SAY other words.,NO. The new woman's lower scores in attractiveness; sincerity; and being funny outweigh her comparable scores in intelligence and ambition; given your higher importance weights for those traits.,204,229,215,0
Assume you are a 42-year-old man with career type consulting; currently matched with a partner. Your current partner's scores (out of 10): attractiveness: 9.0/10; sincerity: 10.0/10; intelligence: 10.0/10; being funny: 10.0/10; ambition: 9.0/10; shared interests: 9.0/10. A new woman is courting you with scores: attractiveness: 6.0/10; sincerity: 8.0/10; intelligence: 9.0/10; being funny: 8.0/10; ambition: 7.0/10; shared interests: 7.0/10. Your importance weights are: attractiveness: 23.81; sincerity: 23.81; intelligence: 23.81; being funny: 23.81; ambition: 2.38; shared interests: 2.38. Would you leave your current partner for the new woman? Your answer must be (YES) or (NO) followed by your reason. You must FOLLOW THIS RULE! You MUST NOT SAY other words.,NO. Your current partner scores higher in all categories that you value most (attractiveness; sincerity; intelligence; being funny); which have the highest importance weights (23.81 each). The new woman does not outperform your current partner in any of these key areas.,206,230,220,0
Assume you are a 25-year-old single woman; and there is a 27-year-old man who is courting you. Your career type is International Business. You evaluated him on six dimensions with scores out of 10. These are attractiveness: 8.0/10; sincerity: 9.0/10; intelligence: 10.0/10; being funny: 6.0/10; ambition: 9.0/10; shared interests: 7.0/10. Your importance weights for these attributes are: attractiveness: 15.52; sincerity: 17.24; intelligence: 17.24; being funny: 17.24; ambition: 17.24; shared interests: 15.52. Would you be willing to date this man? And also tell me the reason. Your answer must be (YES) or (NO) followed by your reason. You must FOLLOW THIS RULE! You MUST NOT SAY other words.,(YES) His high scores in sincerity; intelligence; and ambition align well with your prioritized values; outweighing the lower scores in humor and shared interests.,221,213,,1
Assume you are a 30-year-old woman with career type Historian; currently matched with a partner. Your current partner's scores (out of 10): attractiveness: 6.0/10; sincerity: 10.0/10; intelligence: 8.0/10; being funny: 8.0/10; ambition: 6.0/10; shared interests: 6.0/10. A new man is courting you with scores: attractiveness: 9.0/10; sincerity: 9.0/10; intelligence: 9.0/10; being funny: 8.0/10; ambition: 9.0/10; shared interests: 8.0/10. Your importance weights are: attractiveness: 17.5; sincerity: 17.5; intelligence: 20.0; being funny: 12.5; ambition: 20.0; shared interests: 12.5. Would you leave your current partner for the new man? Your answer must be (YES) or (NO) followed by your reason. You must FOLLOW THIS RULE! You MUST NOT SAY other words.,YES. The new man scores higher in all weighted categories (attractiveness; sincerity; intelligence; ambition; and shared interests); which align closely with your importance weights; making him a better overall match.,217,199,212,1
Assume you are a 42-year-old man with career type consulting; currently matched with a partner. Your current partner's scores (out of 10): attractiveness: 10.0/10; sincerity: 9.0/10; intelligence: 9.0/10; being funny: 10.0/10; ambition: 10.0/10; shared interests: 10.0/10. A new woman is courting you with scores: attractiveness: 9.0/10; sincerity: 7.0/10; intelligence: 7.0/10; being funny: 7.0/10; ambition: 6.0/10; shared interests: 7.0/10. Your importance weights are: attractiveness: 23.81; sincerity: 23.81; intelligence: 23.81; being funny: 23.81; ambition: 2.38; shared interests: 2.38. Would you leave your current partner for the new woman? Your answer must be (YES) or (NO) followed by your reason. You must FOLLOW THIS RULE! You MUST NOT SAY other words.,NO. The new woman scores lower in all weighted categories (attractiveness; sincerity; intelligence; being funny); which are your highest priorities; making your current partner a significantly better match.,207,230,226,0
Assume you are a 26-year-old man with career type corporate finance; currently matched with a partner. Your current partner's scores (out of 10): attractiveness: 9.0/10; sincerity: 10.0/10; intelligence: 9.0/10; being funny: 9.0/10; ambition: 8.0/10; shared interests: 9.0/10. A new woman is courting you with scores: attractiveness: 6.0/10; sincerity: 4.0/10; intelligence: 8.0/10; being funny: 8.0/10; ambition: 5.0/10; shared interests: 6.0/10. Your importance weights are: attractiveness: 20.0; sincerity: 16.0; intelligence: 18.0; being funny: 16.0; ambition: 16.0; shared interests: 14.0. Would you leave your current partner for the new woman? Your answer must be (YES) or (NO) followed by your reason. You must FOLLOW THIS RULE! You MUST NOT SAY other words.,NO. The new woman scores significantly lower in sincerity; attractiveness; ambition; and shared interests; which are important to you. Your current partner excels in all key areas and aligns much better with your values and priorities.,195,227,219,0
Assume you are a 23-year-old woman with career type investment banking; currently matched with a partner. Your current partner's scores (out of 10): attractiveness: 7.0/10; sincerity: 8.0/10; intelligence: 8.0/10; being funny: 7.0/10; ambition: 9.0/10; shared interests: 5.0/10. A new man is courting you with scores: attractiveness: 4.0/10; sincerity: 5.0/10; intelligence: 5.0/10; being funny: 5.0/10; ambition: 5.0/10; shared interests: 5.0/10. Your importance weights are: attractiveness: 15.38; sincerity: 19.23; intelligence: 17.31; being funny: 19.23; ambition: 9.62; shared interests: 19.23. Would you leave your current partner for the new man? Your answer must be (YES) or (NO) followed by your reason. You must FOLLOW THIS RULE! You MUST NOT SAY other words.,NO. The new man's scores are lower or equal in all categories except shared interests (which is the same); and your current partner outperforms him significantly in key areas like attractiveness; sincerity; intelligence; and ambition. The weights also prioritize sincerity; intelligence; and shared interests; where the current partner is stronger or equal.,214,198,196,0
Assume you are a 24-year-old woman with career type Psychologist; currently matched with a partner. Your current partner's scores (out of 10): attractiveness: 7.0/10; sincerity: 8.0/10; intelligence: 8.0/10; being funny: 7.0/10; ambition: 9.0/10; shared interests: 5.0/10. A new man is courting you with scores: attractiveness: 7.0/10; sincerity: 8.0/10; intelligence: 10.0/10; being funny: 8.0/10; ambition: 10.0/10; shared interests: 7.0/10. Your importance weights are: attractiveness: 16.0; sincerity: 16.0; intelligence: 20.0; being funny: 16.0; ambition: 18.0; shared interests: 14.0. Would you leave your current partner for the new man? Your answer must be (YES) or (NO) followed by your reason. You must FOLLOW THIS RULE! You MUST NOT SAY other words.,NO shared interests and ambition are not significantly higher to justify leaving a stable partner.,214,194,196,0
Assume you are a 24-year-old single man; and there is a 27-year-old woman who is courting you. Your career type is professor. You evaluated her on six dimensions with scores out of 10. These are attractiveness: 7.0/10; sincerity: 6.0/10; intelligence: 7.0/10; being funny: 7.0/10; ambition: 6.0/10; shared interests: 6.0/10. Your importance weights for these attributes are: attractiveness: 13.51; sincerity: 18.92; intelligence: 21.62; being funny: 13.51; ambition: 13.51; shared interests: 18.92. Would you be willing to date this woman? And also tell me the reason. Your answer must be (YES) or (NO) followed by your reason. You must FOLLOW THIS RULE! You MUST NOT SAY other words.,YES. The weighted evaluation of her attributes (attractiveness: 7.0 * 13.51% = 0.9457; sincerity: 6.0 * 18.92% = 1.1352; intelligence: 7.0 * 21.62% = 1.5134; being funny: 7.0 * 13.51% = 0.9457; ambition: 6.0 * 13.51% = 0.8106; shared interests: 6.0 * 18.92% = 1.1352) sums to 6.4858/10; which meets a reasonable threshold for dating consideration.,212,228,,1
Assume you are a 24-year-old woman with career type Psychologist; currently matched with a partner. Your current partner's scores (out of 10): attractiveness: 9.0/10; sincerity: 6.0/10; intelligence: 7.0/10; being funny: 5.0/10; ambition: 6.0/10; shared interests: 7.0/10. A new man is courting you with scores: attractiveness: 8.0/10; sincerity: 8.0/10; intelligence: 10.0/10; being funny: 7.0/10; ambition: 10.0/10; shared interests: 9.0/10. Your importance weights are: attractiveness: 16.0; sincerity: 16.0; intelligence: 20.0; being funny: 16.0; ambition: 18.0; shared interests: 14.0. Would you leave your current partner for the new man? Your answer must be (YES) or (NO) followed by your reason. You must FOLLOW THIS RULE! You MUST NOT SAY other words.,YES. The new man scores higher in sincerity; intelligence; being funny; ambition; and shared interests—traits you value more—while only slightly lower in attractiveness; making him a better overall match based on your priorities.,217,194,199,1
Assume you are a 28-year-old man with career type CEO in For Profit Biomedical Organization; currently matched with a partner. Your current partner's scores (out of 10): attractiveness: 10.0/10; sincerity: 9.0/10; intelligence: 9.0/10; being funny: 10.0/10; ambition: 10.0/10; shared interests: 10.0/10. A new woman is courting you with scores: attractiveness: 8.0/10; sincerity: 5.0/10; intelligence: 5.0/10; being funny: 8.0/10; ambition: 3.0/10; shared interests: 6.0/10. Your importance weights are: attractiveness: 21.43; sincerity: 16.67; intelligence: 21.43; being funny: 16.67; ambition: 11.9; shared interests: 11.9. Would you leave your current partner for the new woman? Your answer must be (YES) or (NO) followed by your reason. You must FOLLOW THIS RULE! You MUST NOT SAY other words.,NO The new woman's scores are significantly lower in key areas you value highly (intelligence; sincerity; and ambition); and your current partner excels in all categories; especially those you prioritize.,207,229,226,0
Assume you are a 26-year-old man with career type corporate finance; currently matched with a partner. Your current partner's scores (out of 10): attractiveness: 5.0/10; sincerity: 8.0/10; intelligence: 7.0/10; being funny: 9.0/10; ambition: 8.0/10; shared interests: 5.0/10. A new woman is courting you with scores: attractiveness: 5.0/10; sincerity: 7.0/10; intelligence: 7.0/10; being funny: 6.0/10; ambition: 5.0/10; shared interests: 3.0/10. Your importance weights are: attractiveness: 20.0; sincerity: 16.0; intelligence: 18.0; being funny: 16.0; ambition: 16.0; shared interests: 14.0. Would you leave your current partner for the new woman? Your answer must be (YES) or (NO) followed by your reason. You must FOLLOW THIS RULE! You MUST NOT SAY other words.,NO. The new woman scores lower or equal in all categories except ambition (equal) and shared interests (lower); and her weighted total would be significantly lower than your current partner's. Your current partner excels in sincerity; humor; and ambition; which are highly weighted for you.,196,227,214,0
Assume you are a 23-year-old woman with career type investment banking; currently matched with a partner. Your current partner's scores (out of 10): attractiveness: 7.0/10; sincerity: 6.0/10; intelligence: 7.0/10; being funny: 6.0/10; ambition: 6.0/10; shared interests: 6.0/10. A new man is courting you with scores: attractiveness: 5.0/10; sincerity: 4.0/10; intelligence: 5.0/10; being funny: 5.0/10; ambition: 4.0/10; shared interests: 5.0/10. Your importance weights are: attractiveness: 15.38; sincerity: 19.23; intelligence: 17.31; being funny: 19.23; ambition: 9.62; shared interests: 19.23. Would you leave your current partner for the new man? Your answer must be (YES) or (NO) followed by your reason. You must FOLLOW THIS RULE! You MUST NOT SAY other words.,NO. The new man's scores are lower than your current partner's in all categories; and your importance weights prioritize sincerity; being funny; and shared interests—where your current partner already outperforms him.,218,198,200,0
Assume you are a 26-year-old single man; and there is a 30-year-old woman who is courting you. Your career type is corporate finance. You evaluated her on six dimensions with scores out of 10. These are attractiveness: 8.0/10; sincerity: 8.0/10; intelligence: 8.0/10; being funny: 8.0/10; ambition: 8.0/10; shared interests: 8.0/10. Your importance weights for these attributes are: attractiveness: 20.0; sincerity: 16.0; intelligence: 18.0; being funny: 16.0; ambition: 16.0; shared interests: 14.0. Would you be willing to date this woman? And also tell me the reason. Your answer must be (YES) or (NO) followed by your reason. You must FOLLOW THIS RULE! You MUST NOT SAY other words.,(YES) Her scores are strong across all dimensions; and the weighted evaluation aligns well with your priorities.,199,227,,1
Assume you are a 42-year-old man with career type consulting; currently matched with a partner. Your current partner's scores (out of 10): attractiveness: 5.0/10; sincerity: 10.0/10; intelligence: 10.0/10; being funny: 10.0/10; ambition: 9.0/10; shared interests: 9.0/10. A new woman is courting you with scores: attractiveness: 9.0/10; sincerity: 7.0/10; intelligence: 7.0/10; being funny: 7.0/10; ambition: 5.0/10; shared interests: 7.0/10. Your importance weights are: attractiveness: 23.81; sincerity: 23.81; intelligence: 23.81; being funny: 23.81; ambition: 2.38; shared interests: 2.38. Would you leave your current partner for the new woman? Your answer must be (YES) or (NO) followed by your reason. You must FOLLOW THIS RULE! You MUST NOT SAY other words.,NO. Your current partner scores higher in sincerity; intelligence; being funny; and ambition—traits you value most based on your importance weights. The new woman's higher attractiveness does not outweigh these key factors.,211,230,232,0
Assume you are a 28-year-old man with career type CEO in For Profit Biomedical Organization; currently matched with a partner. Your current partner's scores (out of 10): attractiveness: 5.0/10; sincerity: 8.0/10; intelligence: 8.0/10; being funny: 9.0/10; ambition: 9.0/10; shared interests: 5.0/10. A new woman is courting you with scores: attractiveness: 6.0/10; sincerity: 8.0/10; intelligence: 7.0/10; being funny: 5.0/10; ambition: 6.0/10; shared interests: 3.0/10. Your importance weights are: attractiveness: 21.43; sincerity: 16.67; intelligence: 21.43; being funny: 16.67; ambition: 11.9; shared interests: 11.9. Would you leave your current partner for the new woman? Your answer must be (YES) or (NO) followed by your reason. You must FOLLOW THIS RULE! You MUST NOT SAY other words.,NO. The new woman's weighted score does not significantly outweigh the current partner's; especially in key areas like intelligence; ambition; and being funny; which are highly valued.,208,229,225,0
Assume you are a 27-year-old man with career type Professor or Consultant; currently matched with a partner. Your current partner's scores (out of 10): attractiveness: 5.0/10; sincerity: 8.0/10; intelligence: 8.0/10; being funny: 7.0/10; ambition: 9.0/10; shared interests: nan/10. A new woman is courting you with scores: attractiveness: 8.0/10; sincerity: 5.0/10; intelligence: 6.0/10; being funny: 7.0/10; ambition: 6.0/10; shared interests: 3.0/10. Your importance weights are: attractiveness: 9.52; sincerity: 19.05; intelligence: 23.81; being funny: 19.05; ambition: 4.76; shared interests: 23.81. Would you leave your current partner for the new woman? Your answer must be (YES) or (NO) followed by your reason. You must FOLLOW THIS RULE! You MUST NOT SAY other words.,NO Your importance weights prioritize sincerity; intelligence; being funny; and shared interests; where your current partner scores higher or equal in all but attractiveness. The new woman's lower scores in sincerity; intelligence; and shared interests (which are highly weighted for you) make her a worse match despite her higher attractiveness.,203,222,223,0
Assume you are a 28-year-old man with career type CEO in For Profit Biomedical Organization; currently matched with a partner. Your current partner's scores (out of 10): attractiveness: 8.0/10; sincerity: 9.0/10; intelligence: 10.0/10; being funny: 6.0/10; ambition: 9.0/10; shared interests: 7.0/10. A new woman is courting you with scores: attractiveness: 6.0/10; sincerity: 8.0/10; intelligence: 5.0/10; being funny: 8.0/10; ambition: 5.0/10; shared interests: 7.0/10. Your importance weights are: attractiveness: 21.43; sincerity: 16.67; intelligence: 21.43; being funny: 16.67; ambition: 11.9; shared interests: 11.9. Would you leave your current partner for the new woman? Your answer must be (YES) or (NO) followed by your reason. You must FOLLOW THIS RULE! You MUST NOT SAY other words.,NO. The current partner scores higher in key weighted categories (attractiveness; intelligence; ambition) and matches in shared interests; while the new woman underperforms in intelligence and ambition; which are highly weighted.,213,229,221,0
Assume you are a 42-year-old man with career type consulting; currently matched with a partner. Your current partner's scores (out of 10): attractiveness: 6.0/10; sincerity: 10.0/10; intelligence: 10.0/10; being funny: 6.0/10; ambition: 10.0/10; shared interests: 6.0/10. A new woman is courting you with scores: attractiveness: 7.0/10; sincerity: 6.0/10; intelligence: 6.0/10; being funny: 6.0/10; ambition: 6.0/10; shared interests: 7.0/10. Your importance weights are: attractiveness: 23.81; sincerity: 23.81; intelligence: 23.81; being funny: 23.81; ambition: 2.38; shared interests: 2.38. Would you leave your current partner for the new woman? Your answer must be (YES) or (NO) followed by your reason. You must FOLLOW THIS RULE! You MUST NOT SAY other words.,NO. The current partner scores higher in sincerity; intelligence; and ambition; which are highly weighted in your priorities. The new woman's slight edge in attractiveness and shared interests does not outweigh these key traits.,212,230,228,0
Assume you are a 27-year-old man with career type Professor or Consultant; currently matched with a partner. Your current partner's scores (out of 10): attractiveness: 10.0/10; sincerity: 10.0/10; intelligence: 10.0/10; being funny: 7.0/10; ambition: 7.0/10; shared interests: 9.0/10. A new woman is courting you with scores: attractiveness: 7.0/10; sincerity: 5.0/10; intelligence: 6.0/10; being funny: 8.0/10; ambition: 2.0/10; shared interests: 4.0/10. Your importance weights are: attractiveness: 9.52; sincerity: 19.05; intelligence: 23.81; being funny: 19.05; ambition: 4.76; shared interests: 23.81. Would you leave your current partner for the new woman? Your answer must be (YES) or (NO) followed by your reason. You must FOLLOW THIS RULE! You MUST NOT SAY other words.,NO. The new woman scores significantly lower in sincerity; intelligence; and shared interests; which are your most heavily weighted criteria (19.05; 23.81; and 23.81 respectively); and your current partner excels in these areas. The marginal gains in humor (8.0 vs. 7.0) do not outweigh the substantial losses in more important traits.,205,222,224,0
Assume you are a 27-year-old man with career type Professor or Consultant; currently matched with a partner. Your current partner's scores (out of 10): attractiveness: 9.0/10; sincerity: 10.0/10; intelligence: 10.0/10; being funny: 10.0/10; ambition: 9.0/10; shared interests: 9.0/10. A new woman is courting you with scores: attractiveness: 6.0/10; sincerity: 5.0/10; intelligence: 6.0/10; being funny: 2.0/10; ambition: 5.0/10; shared interests: 4.0/10. Your importance weights are: attractiveness: 9.52; sincerity: 19.05; intelligence: 23.81; being funny: 19.05; ambition: 4.76; shared interests: 23.81. Would you leave your current partner for the new woman? Your answer must be (YES) or (NO) followed by your reason. You must FOLLOW THIS RULE! You MUST NOT SAY other words.,NO. The new woman scores significantly lower in key weighted categories (sincerity; intelligence; being funny; shared interests) compared to your current partner; who excels in all areas you value highly.,206,222,220,0
Assume you are a 28-year-old man with career type CEO in For Profit Biomedical Organization; currently matched with a partner. Your current partner's scores (out of 10): attractiveness: 4.0/10; sincerity: 10.0/10; intelligence: 10.0/10; being funny: 6.0/10; ambition: 8.0/10; shared interests: 4.0/10. A new woman is courting you with scores: attractiveness: 5.0/10; sincerity: 3.0/10; intelligence: 6.0/10; being funny: 4.0/10; ambition: 4.0/10; shared interests: 4.0/10. Your importance weights are: attractiveness: 21.43; sincerity: 16.67; intelligence: 21.43; being funny: 16.67; ambition: 11.9; shared interests: 11.9. Would you leave your current partner for the new woman? Your answer must be (YES) or (NO) followed by your reason. You must FOLLOW THIS RULE! You MUST NOT SAY other words.,NO. The new woman scores lower in key weighted categories like sincerity; intelligence; and ambition; and only marginally higher in attractiveness; which does not outweigh the significant drop in other important traits.,199,229,227,0
Assume you are a 23-year-old woman with career type investment banking; currently matched with a partner. Your current partner's scores (out of 10): attractiveness: 7.0/10; sincerity: 8.0/10; intelligence: 7.0/10; being funny: 7.0/10; ambition: 4.0/10; shared interests: 7.0/10. A new man is courting you with scores: attractiveness: 5.0/10; sincerity: 4.0/10; intelligence: 5.0/10; being funny: 4.0/10; ambition: 4.0/10; shared interests: 4.0/10. Your importance weights are: attractiveness: 15.38; sincerity: 19.23; intelligence: 17.31; being funny: 19.23; ambition: 9.62; shared interests: 19.23. Would you leave your current partner for the new man? Your answer must be (YES) or (NO) followed by your reason. You must FOLLOW THIS RULE! You MUST NOT SAY other words.,NO. The new man scores lower in all categories; especially in sincerity; intelligence; being funny; and shared interests; which are your highest-weighted priorities. Your current partner outperforms him significantly in key areas you value.,219,198,195,0
Assume you are a 42-year-old man with career type consulting; currently matched with a partner. Your current partner's scores (out of 10): attractiveness: 8.0/10; sincerity: 9.0/10; intelligence: 10.0/10; being funny: 6.0/10; ambition: 9.0/10; shared interests: 7.0/10. A new woman is courting you with scores: attractiveness: 9.0/10; sincerity: 8.0/10; intelligence: 8.0/10; being funny: 8.0/10; ambition: 6.0/10; shared interests: 8.0/10. Your importance weights are: attractiveness: 23.81; sincerity: 23.81; intelligence: 23.81; being funny: 23.81; ambition: 2.38; shared interests: 2.38. Would you leave your current partner for the new woman? Your answer must be (YES) or (NO) followed by your reason. You must FOLLOW THIS RULE! You MUST NOT SAY other words.,NO. The weighted scores for your current partner (8.0*23.81 + 9.0*23.81 + 10.0*23.81 + 6.0*23.81 + 9.0*2.38 + 7.0*2.38 = 784.62) are higher than the new woman's (9.0*23.81 + 8.0*23.81 + 8.0*23.81 + 8.0*23.81 + 6.0*2.38 + 8.0*2.38 = 784.62). The scores are equal; but your current partner excels in sincerity and intelligence; which are highly weighted.,213,230,221,0
Assume you are a 42-year-old man with career type consulting; currently matched with a partner. Your current partner's scores (out of 10): attractiveness: 5.0/10; sincerity: 8.0/10; intelligence: 7.0/10; being funny: 9.0/10; ambition: 8.0/10; shared interests: 5.0/10. A new woman is courting you with scores: attractiveness: 8.0/10; sincerity: 7.0/10; intelligence: 8.0/10; being funny: 5.0/10; ambition: 5.0/10; shared interests: 6.0/10. Your importance weights are: attractiveness: 23.81; sincerity: 23.81; intelligence: 23.81; being funny: 23.81; ambition: 2.38; shared interests: 2.38. Would you leave your current partner for the new woman? Your answer must be (YES) or (NO) followed by your reason. You must FOLLOW THIS RULE! You MUST NOT SAY other words.,NO. The weighted scores for both partners are very close (current: 7.14; new: 7.02); and the slight difference does not justify leaving a committed relationship for someone with lower sincerity and humor; which you highly value.,196,230,214,0
Assume you are a 28-year-old man with career type CEO in For Profit Biomedical Organization; currently matched with a partner. Your current partner's scores (out of 10): attractiveness: 5.0/10; sincerity: 10.0/10; intelligence: 10.0/10; being funny: 10.0/10; ambition: 9.0/10; shared interests: 9.0/10. A new woman is courting you with scores: attractiveness: 6.0/10; sincerity: 5.0/10; intelligence: 5.0/10; being funny: 5.0/10; ambition: 5.0/10; shared interests: 5.0/10. Your importance weights are: attractiveness: 21.43; sincerity: 16.67; intelligence: 21.43; being funny: 16.67; ambition: 11.9; shared interests: 11.9. Would you leave your current partner for the new woman? Your answer must be (YES) or (NO) followed by your reason. You must FOLLOW THIS RULE! You MUST NOT SAY other words.,NO   Reason: The current partner scores higher in sincerity; intelligence; humor; ambition; and shared interests—qualities weighted more heavily in your priorities. The new woman only marginally improves attractiveness but falls short in other key areas.,211,229,232,0
Assume you are a 28-year-old man with career type CEO in For Profit Biomedical Organization; currently matched with a partner. Your current partner's scores (out of 10): attractiveness: 6.0/10; sincerity: 10.0/10; intelligence: 10.0/10; being funny: 6.0/10; ambition: 10.0/10; shared interests: 6.0/10. A new woman is courting you with scores: attractiveness: 4.0/10; sincerity: 8.0/10; intelligence: 7.0/10; being funny: 4.0/10; ambition: 4.0/10; shared interests: 3.0/10. Your importance weights are: attractiveness: 21.43; sincerity: 16.67; intelligence: 21.43; being funny: 16.67; ambition: 11.9; shared interests: 11.9. Would you leave your current partner for the new woman? Your answer must be (YES) or (NO) followed by your reason. You must FOLLOW THIS RULE! You MUST NOT SAY other words.,NO. The new woman scores lower in key weighted categories like attractiveness; intelligence; and shared interests; and does not offer enough advantage to justify leaving a partner with high sincerity; intelligence; and ambition.,212,229,228,0
Assume you are a 42-year-old single man; and there is a 23-year-old woman who is courting you. Your career type is consulting. You evaluated her on six dimensions with scores out of 10. These are attractiveness: 9.0/10; sincerity: 8.0/10; intelligence: 8.0/10; being funny: 7.0/10; ambition: 5.0/10; shared interests: 6.0/10. Your importance weights for these attributes are: attractiveness: 23.81; sincerity: 23.81; intelligence: 23.81; being funny: 23.81; ambition: 2.38; shared interests: 2.38. Would you be willing to date this woman? And also tell me the reason. Your answer must be (YES) or (NO) followed by your reason. You must FOLLOW THIS RULE! You MUST NOT SAY other words.,YES - She scores highly in your most valued traits (attractiveness; sincerity; intelligence; and humor); outweighing the lower scores in less important areas (ambition; shared interests).,198,230,,1
Assume you are a 28-year-old man with career type CEO in For Profit Biomedical Organization; currently matched with a partner. Your current partner's scores (out of 10): attractiveness: 5.0/10; sincerity: 8.0/10; intelligence: 7.0/10; being funny: 9.0/10; ambition: 8.0/10; shared interests: 5.0/10. A new woman is courting you with scores: attractiveness: 6.0/10; sincerity: 7.0/10; intelligence: 8.0/10; being funny: 2.0/10; ambition: 1.0/10; shared interests: 1.0/10. Your importance weights are: attractiveness: 21.43; sincerity: 16.67; intelligence: 21.43; being funny: 16.67; ambition: 11.9; shared interests: 11.9. Would you leave your current partner for the new woman? Your answer must be (YES) or (NO) followed by your reason. You must FOLLOW THIS RULE! You MUST NOT SAY other words.,NO - The weighted scores favor the current partner (higher sincerity; intelligence; being funny; and ambition) despite the new woman's slight edge in attractiveness. Shared interests and ambition are also significantly lower with the new woman.,196,229,214,0
Assume you are a 28-year-old man with career type CEO in For Profit Biomedical Organization; currently matched with a partner. Your current partner's scores (out of 10): attractiveness: 8.0/10; sincerity: 8.0/10; intelligence: 10.0/10; being funny: 7.0/10; ambition: 10.0/10; shared interests: 9.0/10. A new woman is courting you with scores: attractiveness: 1.0/10; sincerity: 5.0/10; intelligence: 5.0/10; being funny: 3.0/10; ambition: 5.0/10; shared interests: 3.0/10. Your importance weights are: attractiveness: 21.43; sincerity: 16.67; intelligence: 21.43; being funny: 16.67; ambition: 11.9; shared interests: 11.9. Would you leave your current partner for the new woman? Your answer must be (YES) or (NO) followed by your reason. You must FOLLOW THIS RULE! You MUST NOT SAY other words.,NO. The new woman's scores are significantly lower in all categories; especially in attractiveness; intelligence; and shared interests; which are your highest-weighted priorities. Your current partner is a better match overall.,194,229,217,0
Assume you are a 28-year-old man with career type CEO in For Profit Biomedical Organization; currently matched with a partner. Your current partner's scores (out of 10): attractiveness: 5.0/10; sincerity: 5.0/10; intelligence: 5.0/10; being funny: 5.0/10; ambition: 5.0/10; shared interests: 6.0/10. A new woman is courting you with scores: attractiveness: 3.0/10; sincerity: 4.0/10; intelligence: 5.0/10; being funny: 2.0/10; ambition: 2.0/10; shared interests: 2.0/10. Your importance weights are: attractiveness: 21.43; sincerity: 16.67; intelligence: 21.43; being funny: 16.67; ambition: 11.9; shared interests: 11.9. Would you leave your current partner for the new woman? Your answer must be (YES) or (NO) followed by your reason. You must FOLLOW THIS RULE! You MUST NOT SAY other words.,NO. The new woman scores lower in all categories; including shared interests; and does not outperform the current partner in any weighted priority. The current partner is a better overall match based on your importance weights.,198,229,230,0
Assume you are a 27-year-old man with career type Professor or Consultant; currently matched with a partner. Your current partner's scores (out of 10): attractiveness: 10.0/10; sincerity: 9.0/10; intelligence: 9.0/10; being funny: 10.0/10; ambition: 10.0/10; shared interests: 10.0/10. A new woman is courting you with scores: attractiveness: 8.0/10; sincerity: 4.0/10; intelligence: 8.0/10; being funny: 6.0/10; ambition: 4.0/10; shared interests: 4.0/10. Your importance weights are: attractiveness: 9.52; sincerity: 19.05; intelligence: 23.81; being funny: 19.05; ambition: 4.76; shared interests: 23.81. Would you leave your current partner for the new woman? Your answer must be (YES) or (NO) followed by your reason. You must FOLLOW THIS RULE! You MUST NOT SAY other words.,NO. The new woman scores significantly lower in sincerity; intelligence; being funny; and shared interests—traits you highly value—while your current partner excels in all these areas. The trade-off is not favorable.,207,222,226,0
Assume you are a 28-year-old man with career type CEO in For Profit Biomedical Organization; currently matched with a partner. Your current partner's scores (out of 10): attractiveness: 10.0/10; sincerity: 10.0/10; intelligence: 10.0/10; being funny: 7.0/10; ambition: 7.0/10; shared interests: 9.0/10. A new woman is courting you with scores: attractiveness: 3.0/10; sincerity: 5.0/10; intelligence: 4.0/10; being funny: 2.0/10; ambition: 3.0/10; shared interests: 3.0/10. Your importance weights are: attractiveness: 21.43; sincerity: 16.67; intelligence: 21.43; being funny: 16.67; ambition: 11.9; shared interests: 11.9. Would you leave your current partner for the new woman? Your answer must be (YES) or (NO) followed by your reason. You must FOLLOW THIS RULE! You MUST NOT SAY other words.,NO. The new woman scores significantly lower in all categories that are important to you; making her a poor match compared to your current partner.,205,229,224,0
Assume you are a 27-year-old man with career type Professor or Consultant; currently matched with a partner. Your current partner's scores (out of 10): attractiveness: 5.0/10; sincerity: 8.0/10; intelligence: 8.0/10; being funny: 9.0/10; ambition: 9.0/10; shared interests: 5.0/10. A new woman is courting you with scores: attractiveness: 8.0/10; sincerity: 7.0/10; intelligence: 7.0/10; being funny: 8.0/10; ambition: 2.0/10; shared interests: 5.0/10. Your importance weights are: attractiveness: 9.52; sincerity: 19.05; intelligence: 23.81; being funny: 19.05; ambition: 4.76; shared interests: 23.81. Would you leave your current partner for the new woman? Your answer must be (YES) or (NO) followed by your reason. You must FOLLOW THIS RULE! You MUST NOT SAY other words.,NO. The current partner scores higher in sincerity; intelligence; and ambition; which are highly weighted traits in your priorities. The new woman’s lower ambition (2.0/10) and only marginally better attractiveness do not outweigh the current partner’s strengths in key areas.,208,222,225,0
Assume you are a 27-year-old man with career type Professor or Consultant; currently matched with a partner. Your current partner's scores (out of 10): attractiveness: 5.0/10; sincerity: 10.0/10; intelligence: 10.0/10; being funny: 10.0/10; ambition: 9.0/10; shared interests: 9.0/10. A new woman is courting you with scores: attractiveness: 8.0/10; sincerity: 5.0/10; intelligence: 7.0/10; being funny: 5.0/10; ambition: 6.0/10; shared interests: 5.0/10. Your importance weights are: attractiveness: 9.52; sincerity: 19.05; intelligence: 23.81; being funny: 19.05; ambition: 4.76; shared interests: 23.81. Would you leave your current partner for the new woman? Your answer must be (YES) or (NO) followed by your reason. You must FOLLOW THIS RULE! You MUST NOT SAY other words.,NO. The new woman scores significantly lower on the traits you value most (sincerity; intelligence; being funny; and shared interests); despite higher attractiveness. Your current partner excels in these key areas.,211,222,232,0
Assume you are a 27-year-old man with career type Professor or Consultant; currently matched with a partner. Your current partner's scores (out of 10): attractiveness: 6.0/10; sincerity: 10.0/10; intelligence: 10.0/10; being funny: 6.0/10; ambition: 10.0/10; shared interests: 6.0/10. A new woman is courting you with scores: attractiveness: 8.0/10; sincerity: 6.0/10; intelligence: 6.0/10; being funny: 8.0/10; ambition: 5.0/10; shared interests: 6.0/10. Your importance weights are: attractiveness: 9.52; sincerity: 19.05; intelligence: 23.81; being funny: 19.05; ambition: 4.76; shared interests: 23.81. Would you leave your current partner for the new woman? Your answer must be (YES) or (NO) followed by your reason. You must FOLLOW THIS RULE! You MUST NOT SAY other words.,NO. The current partner scores significantly higher in sincerity; intelligence; and ambition; which are highly weighted in your priorities. The new woman's higher attractiveness and humor do not outweigh these key traits.,212,222,228,0
Assume you are a 27-year-old man with career type Professor or Consultant; currently matched with a partner. Your current partner's scores (out of 10): attractiveness: 8.0/10; sincerity: 9.0/10; intelligence: 10.0/10; being funny: 6.0/10; ambition: 9.0/10; shared interests: 7.0/10. A new woman is courting you with scores: attractiveness: 6.0/10; sincerity: 5.0/10; intelligence: 5.0/10; being funny: 4.0/10; ambition: 6.0/10; shared interests: 5.0/10. Your importance weights are: attractiveness: 9.52; sincerity: 19.05; intelligence: 23.81; being funny: 19.05; ambition: 4.76; shared interests: 23.81. Would you leave your current partner for the new woman? Your answer must be (YES) or (NO) followed by your reason. You must FOLLOW THIS RULE! You MUST NOT SAY other words.,NO. The new woman scores significantly lower in key weighted categories like sincerity; intelligence; being funny; and shared interests; which are highly important to you. Your current partner excels in these areas.,213,222,221,0
Assume you are a 27-year-old man with career type Professor or Consultant; currently matched with a partner. Your current partner's scores (out of 10): attractiveness: 5.0/10; sincerity: 8.0/10; intelligence: 7.0/10; being funny: 9.0/10; ambition: 8.0/10; shared interests: 5.0/10. A new woman is courting you with scores: attractiveness: 7.0/10; sincerity: 6.0/10; intelligence: 5.0/10; being funny: 3.0/10; ambition: 4.0/10; shared interests: 5.0/10. Your importance weights are: attractiveness: 9.52; sincerity: 19.05; intelligence: 23.81; being funny: 19.05; ambition: 4.76; shared interests: 23.81. Would you leave your current partner for the new woman? Your answer must be (YES) or (NO) followed by your reason. You must FOLLOW THIS RULE! You MUST NOT SAY other words.,NO. The current partner scores higher in key weighted categories (sincerity; intelligence; being funny; shared interests) which outweigh the new woman's higher attractiveness. The overall compatibility is better with the current partner based on your importance weights.,196,222,214,0
Assume you are a 27-year-old man with career type Professor or Consultant; currently matched with a partner. Your current partner's scores (out of 10): attractiveness: 9.0/10; sincerity: 10.0/10; intelligence: 9.0/10; being funny: 9.0/10; ambition: 8.0/10; shared interests: 9.0/10. A new woman is courting you with scores: attractiveness: 6.0/10; sincerity: 3.0/10; intelligence: 8.0/10; being funny: 3.0/10; ambition: 3.0/10; shared interests: 2.0/10. Your importance weights are: attractiveness: 9.52; sincerity: 19.05; intelligence: 23.81; being funny: 19.05; ambition: 4.76; shared interests: 23.81. Would you leave your current partner for the new woman? Your answer must be (YES) or (NO) followed by your reason. You must FOLLOW THIS RULE! You MUST NOT SAY other words.,NO. The new woman scores significantly lower in sincerity; being funny; ambition; and shared interests—traits you highly value—while only offering marginal gains in attractiveness and intelligence; which do not outweigh the losses in other critical areas. Your current partner excels in nearly all dimensions you prioritize.,195,222,219,0
Assume you are a 27-year-old man with career type Professor or Consultant; currently matched with a partner. Your current partner's scores (out of 10): attractiveness: 7.0/10; sincerity: 7.0/10; intelligence: 9.0/10; being funny: 8.0/10; ambition: 8.0/10; shared interests: 6.0/10. A new woman is courting you with scores: attractiveness: 7.0/10; sincerity: 6.0/10; intelligence: 2.0/10; being funny: 2.0/10; ambition: 8.0/10; shared interests: 3.0/10. Your importance weights are: attractiveness: 9.52; sincerity: 19.05; intelligence: 23.81; being funny: 19.05; ambition: 4.76; shared interests: 23.81. Would you leave your current partner for the new woman? Your answer must be (YES) or (NO) followed by your reason. You must FOLLOW THIS RULE! You MUST NOT SAY other words.,NO. The new woman scores significantly lower in intelligence; sincerity; being funny; and shared interests—traits you highly value (weights 23.81; 19.05; 19.05; and 23.81; respectively). Despite equal attractiveness and ambition; her poor alignment with your priorities makes her a worse match.,204,222,215,0
