Assume you are a 30-year-old single woman; and there is a 26-year-old man who is courting you. Your career type is Historian. You evaluated him on six dimensions with scores out of 10. These are attractiveness: 9.0/10; sincerity: 10.0/10; intelligence: 10.0/10; being funny: 10.0/10; ambition: 9.0/10; shared interests: 10.0/10. Your importance weights for these attributes are: attractiveness: 17.5; sincerity: 17.5; intelligence: 20.0; being funny: 12.5; ambition: 20.0; shared interests: 12.5. Would you be willing to date this man? And also tell me the reason. Your answer must be (YES) or (NO) followed by your reason. You must FOLLOW THIS RULE! You MUST NOT SAY other words.,(YES) The high scores in sincerity; intelligence; and shared interests; combined with their high importance weights; make him an excellent match despite the slight age difference.,219,199,,1
Assume you are a 22-year-old single woman; and there is a 26-year-old man who is courting you. Your career type is college professor. You evaluated him on six dimensions with scores out of 10. These are attractiveness: 10.0/10; sincerity: 7.0/10; intelligence: 9.0/10; being funny: 10.0/10; ambition: 10.0/10; shared interests: 7.0/10. Your importance weights for these attributes are: attractiveness: 16.0; sincerity: 20.0; intelligence: 18.0; being funny: 20.0; ambition: 18.0; shared interests: 8.0. Would you be willing to date this man? And also tell me the reason. Your answer must be (YES) or (NO) followed by your reason. You must FOLLOW THIS RULE! You MUST NOT SAY other words.,YES. He scores highly in attractiveness; intelligence; being funny; and ambition; which are important to you; outweighing the slightly lower scores in sincerity and shared interests.,217,203,,1
Assume you are a 22-year-old single woman; and there is a 28-year-old man who is courting you. Your career type is college professor. You evaluated him on six dimensions with scores out of 10. These are attractiveness: 9.0/10; sincerity: 9.0/10; intelligence: 9.0/10; being funny: 8.0/10; ambition: 9.0/10; shared interests: 4.0/10. Your importance weights for these attributes are: attractiveness: 15.38; sincerity: 19.23; intelligence: 19.23; being funny: 19.23; ambition: 15.38; shared interests: 11.54. Would you be willing to date this man? And also tell me the reason. Your answer must be (YES) or (NO) followed by your reason. You must FOLLOW THIS RULE! You MUST NOT SAY other words.,YES. Despite the low score in shared interests (4.0/10); his high scores in sincerity (9.0); intelligence (9.0); and being funny (8.0)—which are your most weighted attributes—outweigh this drawback. The age difference (6 years) is reasonable; and his ambition (9.0) and attractiveness (9.0) further strengthen his appeal.,229,202,,1
Assume you are a 23-year-old man with career type Research Scientist; currently matched with a partner. Your current partner's scores (out of 10): attractiveness: 9.0/10; sincerity: 9.0/10; intelligence: 9.0/10; being funny: 8.0/10; ambition: 9.0/10; shared interests: 4.0/10. A new woman is courting you with scores: attractiveness: 9.0/10; sincerity: 8.0/10; intelligence: 9.0/10; being funny: 9.0/10; ambition: 9.0/10; shared interests: 6.0/10. Your importance weights are: attractiveness: 17.02; sincerity: 21.28; intelligence: 17.02; being funny: 21.28; ambition: 14.89; shared interests: 8.51. Would you leave your current partner for the new woman? Your answer must be (YES) or (NO) followed by your reason. You must FOLLOW THIS RULE! You MUST NOT SAY other words.,NO. The current partner scores higher in sincerity (weighted heavily at 21.28) and matches equally in attractiveness; intelligence; and ambition; outweighing the slight improvement in shared interests and humor with the new woman.,202,214,229,0
Assume you are a 26-year-old woman with career type marketing / brand management; currently matched with a partner. Your current partner's scores (out of 10): attractiveness: 6.0/10; sincerity: 8.0/10; intelligence: 9.0/10; being funny: 6.0/10; ambition: 9.0/10; shared interests: 8.0/10. A new man is courting you with scores: attractiveness: 9.0/10; sincerity: 8.0/10; intelligence: 10.0/10; being funny: 8.0/10; ambition: 10.0/10; shared interests: 7.0/10. Your importance weights are: attractiveness: 19.61; sincerity: 15.69; intelligence: 17.65; being funny: 15.69; ambition: 17.65; shared interests: 13.73. Would you leave your current partner for the new man? Your answer must be (YES) or (NO) followed by your reason. You must FOLLOW THIS RULE! You MUST NOT SAY other words.,YES. The new man has higher weighted scores in attractiveness; intelligence; being funny; and ambition; which outweigh the slight drop in shared interests. His overall weighted score is higher.,217,204,203,1
Assume you are a 28-year-old single man; and there is a 25-year-old woman who is courting you. Your career type is Consulting. You evaluated her on six dimensions with scores out of 10. These are attractiveness: 8.0/10; sincerity: 10.0/10; intelligence: 9.0/10; being funny: 9.0/10; ambition: 9.0/10; shared interests: 6.0/10. Your importance weights for these attributes are: attractiveness: 14.71; sincerity: 14.71; intelligence: 14.71; being funny: 14.71; ambition: 20.59; shared interests: 20.59. Would you be willing to date this woman? And also tell me the reason. Your answer must be (YES) or (NO) followed by your reason. You must FOLLOW THIS RULE! You MUST NOT SAY other words.,YES - Despite the lower score in shared interests; her high scores in sincerity; intelligence; humor; and ambition—especially with ambition being a highly weighted factor—make her a strong match overall.,208,225,,1
Assume you are a 25-year-old single woman; and there is a 23-year-old man who is courting you. Your career type is International Development. You evaluated him on six dimensions with scores out of 10. These are attractiveness: 7.0/10; sincerity: 10.0/10; intelligence: 10.0/10; being funny: 7.0/10; ambition: 9.0/10; shared interests: nan/10. Your importance weights for these attributes are: attractiveness: 13.21; sincerity: 18.87; intelligence: 18.87; being funny: 16.98; ambition: 16.98; shared interests: 15.09. Would you be willing to date this man? And also tell me the reason. Your answer must be (YES) or (NO) followed by your reason. You must FOLLOW THIS RULE! You MUST NOT SAY other words.,YES - High scores in sincerity (10); intelligence (10); and ambition (9); which are weighted heavily; outweigh the lack of shared interests data and moderate attractiveness/funny scores.,214,200,,1
Assume you are a 27-year-old man with career type Consulting; currently matched with a partner. Your current partner's scores (out of 10): attractiveness: 9.0/10; sincerity: 9.0/10; intelligence: 9.0/10; being funny: 8.0/10; ambition: 9.0/10; shared interests: 4.0/10. A new woman is courting you with scores: attractiveness: 9.0/10; sincerity: 9.0/10; intelligence: 9.0/10; being funny: 9.0/10; ambition: 9.0/10; shared interests: 9.0/10. Your importance weights are: attractiveness: 7.5; sincerity: 17.5; intelligence: 20.0; being funny: 22.5; ambition: 12.5; shared interests: 20.0. Would you leave your current partner for the new woman? Your answer must be (YES) or (NO) followed by your reason. You must FOLLOW THIS RULE! You MUST NOT SAY other words.,NO shared interests are weighted highly (20.0) and the new woman scores significantly better (9.0 vs. 4.0). However; the current partner still meets high thresholds in other key categories.,202,216,229,0
Assume you are a 31-year-old single man; and there is a 24-year-old woman who is courting you. Your career type is public service. You evaluated her on six dimensions with scores out of 10. These are attractiveness: 10.0/10; sincerity: 10.0/10; intelligence: 9.0/10; being funny: 10.0/10; ambition: 8.0/10; shared interests: 8.0/10. Your importance weights for these attributes are: attractiveness: 17.78; sincerity: 17.78; intelligence: 17.78; being funny: 17.78; ambition: 13.33; shared interests: 15.56. Would you be willing to date this woman? And also tell me the reason. Your answer must be (YES) or (NO) followed by your reason. You must FOLLOW THIS RULE! You MUST NOT SAY other words.,YES. She scores exceptionally high in attractiveness; sincerity; intelligence; and humor—all weighted equally and highly important to you. While ambition and shared interests are slightly lower; her strengths in other critical areas outweigh these minor gaps. The age difference is reasonable; and her overall compatibility is strong.,197,232,,1
Assume you are a 25-year-old single man; and there is a 25-year-old woman who is courting you. Your career type is Poet; Writer; Singer; Policy Maker with the UN and/or Indian Govt.. You evaluated her on six dimensions with scores out of 10. These are attractiveness: 10.0/10; sincerity: 10.0/10; intelligence: 10.0/10; being funny: 9.0/10; ambition: 9.0/10; shared interests: 10.0/10. Your importance weights for these attributes are: attractiveness: 16.67; sincerity: 16.67; intelligence: 16.67; being funny: 16.67; ambition: 14.81; shared interests: 18.52. Would you be willing to date this woman? And also tell me the reason. Your answer must be (YES) or (NO) followed by your reason. You must FOLLOW THIS RULE! You MUST NOT SAY other words.,(YES) She scores exceptionally high in all important dimensions; including shared interests; sincerity; intelligence; and attractiveness; aligning perfectly with your priorities.,196,220,,1
Assume you are a 23-year-old man with career type Entertainment/Sports; currently matched with a partner. Your current partner's scores (out of 10): attractiveness: 9.0/10; sincerity: 10.0/10; intelligence: 10.0/10; being funny: 10.0/10; ambition: 9.0/10; shared interests: 10.0/10. A new woman is courting you with scores: attractiveness: 7.0/10; sincerity: 6.0/10; intelligence: 6.0/10; being funny: 7.0/10; ambition: 6.0/10; shared interests: 7.0/10. Your importance weights are: attractiveness: 25.64; sincerity: 17.95; intelligence: 15.38; being funny: 20.51; ambition: 10.26; shared interests: 10.26. Would you leave your current partner for the new woman? Your answer must be (YES) or (NO) followed by your reason. You must FOLLOW THIS RULE! You MUST NOT SAY other words.,NO. The new woman's scores are significantly lower in key areas you value highly (attractiveness; sincerity; intelligence; being funny) and do not outweigh your current partner's near-perfect scores across the board.,199,226,219,0
Assume you are a 23-year-old single man; and there is a 23-year-old woman who is courting you. Your career type is Entertainment/Sports. You evaluated her on six dimensions with scores out of 10. These are attractiveness: 9.0/10; sincerity: 7.0/10; intelligence: 7.0/10; being funny: 9.0/10; ambition: 7.0/10; shared interests: 7.0/10. Your importance weights for these attributes are: attractiveness: 25.64; sincerity: 17.95; intelligence: 15.38; being funny: 20.51; ambition: 10.26; shared interests: 10.26. Would you be willing to date this woman? And also tell me the reason. Your answer must be (YES) or (NO) followed by your reason. You must FOLLOW THIS RULE! You MUST NOT SAY other words.,YES. Her high scores in attractiveness (9.0) and being funny (9.0); which are your most weighted attributes (25.64% and 20.51%); along with solid scores in sincerity; intelligence; ambition; and shared interests; make her a strong match for you.,207,226,,1
Assume you are a 22-year-old single woman; and there is a 24-year-old man who is courting you. Your career type is college professor. You evaluated him on six dimensions with scores out of 10. These are attractiveness: 7.0/10; sincerity: 5.0/10; intelligence: 10.0/10; being funny: 7.0/10; ambition: 10.0/10; shared interests: nan/10. Your importance weights for these attributes are: attractiveness: 16.0; sincerity: 20.0; intelligence: 18.0; being funny: 20.0; ambition: 18.0; shared interests: 8.0. Would you be willing to date this man? And also tell me the reason. Your answer must be (YES) or (NO) followed by your reason. You must FOLLOW THIS RULE! You MUST NOT SAY other words.,NO. The sincerity score is low (5.0/10) and sincerity has a high importance weight (20.0); which is a significant drawback. Additionally; shared interests are unknown (nan/10); making compatibility uncertain. The high intelligence and ambition scores are positive; but the low sincerity and unknown shared interests outweigh these strengths.,218,203,,0
Assume you are a 22-year-old woman with career type college professor; currently matched with a partner. Your current partner's scores (out of 10): attractiveness: 10.0/10; sincerity: 10.0/10; intelligence: 10.0/10; being funny: 9.0/10; ambition: 9.0/10; shared interests: 10.0/10. A new man is courting you with scores: attractiveness: 3.0/10; sincerity: 9.0/10; intelligence: 9.0/10; being funny: 7.0/10; ambition: 9.0/10; shared interests: 6.0/10. Your importance weights are: attractiveness: 16.0; sincerity: 20.0; intelligence: 18.0; being funny: 20.0; ambition: 18.0; shared interests: 8.0. Would you leave your current partner for the new man? Your answer must be (YES) or (NO) followed by your reason. You must FOLLOW THIS RULE! You MUST NOT SAY other words.,NO. The new man scores significantly lower in attractiveness and shared interests; which are still important factors; and does not outperform the current partner in any highly weighted category. The current partner excels in all key areas; making him the better match overall.,220,203,196,0
Assume you are a 30-year-old man with career type International affairs related career; currently matched with a partner. Your current partner's scores (out of 10): attractiveness: 10.0/10; sincerity: 10.0/10; intelligence: 10.0/10; being funny: 10.0/10; ambition: 10.0/10; shared interests: 10.0/10. A new woman is courting you with scores: attractiveness: 9.0/10; sincerity: 5.0/10; intelligence: 6.0/10; being funny: 6.0/10; ambition: 6.0/10; shared interests: 9.0/10. Your importance weights are: attractiveness: 18.6; sincerity: 20.93; intelligence: 23.26; being funny: 23.26; ambition: 2.33; shared interests: 11.63. Would you leave your current partner for the new woman? Your answer must be (YES) or (NO) followed by your reason. You must FOLLOW THIS RULE! You MUST NOT SAY other words.,NO – Your current partner scores perfectly in all categories that you highly value (sincerity; intelligence; being funny); while the new woman falls short in these key areas despite higher shared interests and slightly lower attractiveness. The weights clearly prioritize traits where your current partner excels.,197,231,232,0
Assume you are a 32-year-old single man; and there is a 24-year-old woman who is courting you. Your career type is Hero. You evaluated her on six dimensions with scores out of 10. These are attractiveness: 5.0/10; sincerity: 8.0/10; intelligence: 7.0/10; being funny: 7.0/10; ambition: 6.0/10; shared interests: 7.0/10. Your importance weights for these attributes are: attractiveness: 17.24; sincerity: 17.24; intelligence: 17.24; being funny: 17.24; ambition: 13.79; shared interests: 17.24. Would you be willing to date this woman? And also tell me the reason. Your answer must be (YES) or (NO) followed by your reason. You must FOLLOW THIS RULE! You MUST NOT SAY other words.,YES - Her high scores in sincerity; intelligence; being funny; and shared interests align well with your high importance weights; making her a strong match despite the average attractiveness score.,194,224,,1
Assume you are a 26-year-old single man; and there is a 27-year-old woman who is courting you. Your career type is Finance. You evaluated her on six dimensions with scores out of 10. These are attractiveness: 5.0/10; sincerity: 9.0/10; intelligence: 8.0/10; being funny: 9.0/10; ambition: 7.0/10; shared interests: 9.0/10. Your importance weights for these attributes are: attractiveness: 14.89; sincerity: 19.15; intelligence: 21.28; being funny: 19.15; ambition: 14.89; shared interests: 10.64. Would you be willing to date this woman? And also tell me the reason. Your answer must be (YES) or (NO) followed by your reason. You must FOLLOW THIS RULE! You MUST NOT SAY other words.,YES; because her high scores in sincerity; intelligence; being funny; and shared interests align well with your weighted priorities.,195,215,,1
Assume you are a 28-year-old woman with career type Humanitarian Affairs/Human Rights; currently matched with a partner. Your current partner's scores (out of 10): attractiveness: 10.0/10; sincerity: 10.0/10; intelligence: 9.0/10; being funny: 10.0/10; ambition: 8.0/10; shared interests: 8.0/10. A new man is courting you with scores: attractiveness: 5.0/10; sincerity: 10.0/10; intelligence: 10.0/10; being funny: 10.0/10; ambition: 9.0/10; shared interests: 9.0/10. Your importance weights are: attractiveness: 16.36; sincerity: 16.36; intelligence: 18.18; being funny: 18.18; ambition: 16.36; shared interests: 14.55. Would you leave your current partner for the new man? Your answer must be (YES) or (NO) followed by your reason. You must FOLLOW THIS RULE! You MUST NOT SAY other words.,NO. The current partner's higher attractiveness and equal sincerity; along with strong scores in other important categories (intelligence; humor); outweigh the new man's slightly higher ambition and shared interests; given the weight distribution.,232,211,197,0
Assume you are a 23-year-old woman with career type academic; currently matched with a partner. Your current partner's scores (out of 10): attractiveness: 5.0/10; sincerity: 8.0/10; intelligence: 7.0/10; being funny: 7.0/10; ambition: 6.0/10; shared interests: 7.0/10. A new man is courting you with scores: attractiveness: 10.0/10; sincerity: 10.0/10; intelligence: 10.0/10; being funny: 7.0/10; ambition: 7.0/10; shared interests: 9.0/10. Your importance weights are: attractiveness: 15.38; sincerity: 17.31; intelligence: 19.23; being funny: 19.23; ambition: 11.54; shared interests: 17.31. Would you leave your current partner for the new man? Your answer must be (YES) or (NO) followed by your reason. You must FOLLOW THIS RULE! You MUST NOT SAY other words.,YES The new man significantly outperforms your current partner in key areas you value highly (intelligence; sincerity; shared interests; and attractiveness); resulting in a much higher weighted score overall.,224,205,194,1
Assume you are a 28-year-old single man; and there is a 22-year-old woman who is courting you. Your career type is History Professor. You evaluated her on six dimensions with scores out of 10. These are attractiveness: 9.0/10; sincerity: 9.0/10; intelligence: 9.0/10; being funny: 8.0/10; ambition: 8.0/10; shared interests: 7.0/10. Your importance weights for these attributes are: attractiveness: 17.39; sincerity: 17.39; intelligence: 19.57; being funny: 19.57; ambition: 10.87; shared interests: 15.22. Would you be willing to date this woman? And also tell me the reason. Your answer must be (YES) or (NO) followed by your reason. You must FOLLOW THIS RULE! You MUST NOT SAY other words.,YES. Her high scores in attractiveness; sincerity; intelligence; and humor align well with your weighted priorities; outweighing the slightly lower score in shared interests. The age gap is reasonable; and her ambition is still strong. Overall; she meets your key criteria.,203,223,,1
Assume you are a 30-year-old man with career type International affairs related career; currently matched with a partner. Your current partner's scores (out of 10): attractiveness: 9.0/10; sincerity: 10.0/10; intelligence: 10.0/10; being funny: 10.0/10; ambition: 9.0/10; shared interests: 10.0/10. A new woman is courting you with scores: attractiveness: 9.0/10; sincerity: 4.0/10; intelligence: 6.0/10; being funny: 6.0/10; ambition: 6.0/10; shared interests: 7.0/10. Your importance weights are: attractiveness: 18.6; sincerity: 20.93; intelligence: 23.26; being funny: 23.26; ambition: 2.33; shared interests: 11.63. Would you leave your current partner for the new woman? Your answer must be (YES) or (NO) followed by your reason. You must FOLLOW THIS RULE! You MUST NOT SAY other words.,NO. The new woman scores significantly lower in sincerity; intelligence; and being funny; which are your highest-weighted priorities. Your current partner excels in these areas.,199,231,219,0
Assume you are a 24-year-old man with career type Researcher; currently matched with a partner. Your current partner's scores (out of 10): attractiveness: 7.0/10; sincerity: 10.0/10; intelligence: 10.0/10; being funny: 7.0/10; ambition: 9.0/10; shared interests: nan/10. A new woman is courting you with scores: attractiveness: 7.0/10; sincerity: 6.0/10; intelligence: 7.0/10; being funny: 6.0/10; ambition: 6.0/10; shared interests: 6.0/10. Your importance weights are: attractiveness: 20.51; sincerity: 5.13; intelligence: 23.08; being funny: 12.82; ambition: 17.95; shared interests: 20.51. Would you leave your current partner for the new woman? Your answer must be (YES) or (NO) followed by your reason. You must FOLLOW THIS RULE! You MUST NOT SAY other words.,NO. The current partner scores higher in key weighted categories like intelligence (23.08 weight); ambition (17.95 weight); and sincerity (5.13 weight); outweighing the new woman's slightly better shared interests (20.51 weight). The overall value of the current partner is higher based on your priorities.,200,218,214,0
Assume you are a 24-year-old man with career type Researcher; currently matched with a partner. Your current partner's scores (out of 10): attractiveness: 10.0/10; sincerity: 10.0/10; intelligence: 10.0/10; being funny: 7.0/10; ambition: 7.0/10; shared interests: 9.0/10. A new woman is courting you with scores: attractiveness: 6.0/10; sincerity: 6.0/10; intelligence: 7.0/10; being funny: 6.0/10; ambition: 6.0/10; shared interests: 7.0/10. Your importance weights are: attractiveness: 20.51; sincerity: 5.13; intelligence: 23.08; being funny: 12.82; ambition: 17.95; shared interests: 20.51. Would you leave your current partner for the new woman? Your answer must be (YES) or (NO) followed by your reason. You must FOLLOW THIS RULE! You MUST NOT SAY other words.,NO. The new woman's weighted score is significantly lower than your current partner's; especially in high-priority traits like attractiveness; intelligence; and shared interests.,205,218,224,0
Assume you are a 24-year-old man with career type professor; currently matched with a partner. Your current partner's scores (out of 10): attractiveness: 7.0/10; sincerity: 8.0/10; intelligence: 9.0/10; being funny: 9.0/10; ambition: 8.0/10; shared interests: 9.0/10. A new woman is courting you with scores: attractiveness: 6.0/10; sincerity: 6.0/10; intelligence: 6.0/10; being funny: 7.0/10; ambition: 6.0/10; shared interests: 5.0/10. Your importance weights are: attractiveness: 13.51; sincerity: 18.92; intelligence: 21.62; being funny: 13.51; ambition: 13.51; shared interests: 18.92. Would you leave your current partner for the new woman? Your answer must be (YES) or (NO) followed by your reason. You must FOLLOW THIS RULE! You MUST NOT SAY other words.,NO. The new woman scores lower in all categories that are highly weighted for you (sincerity; intelligence; shared interests); making your current partner a significantly better match overall.,195,228,215,0
Assume you are a 31-year-old woman with career type UN Civil Servant; currently matched with a partner. Your current partner's scores (out of 10): attractiveness: 10.0/10; sincerity: 10.0/10; intelligence: 10.0/10; being funny: 9.0/10; ambition: 9.0/10; shared interests: 10.0/10. A new man is courting you with scores: attractiveness: 9.0/10; sincerity: 10.0/10; intelligence: 10.0/10; being funny: 10.0/10; ambition: 9.0/10; shared interests: 9.0/10. Your importance weights are: attractiveness: 14.58; sincerity: 16.67; intelligence: 20.83; being funny: 18.75; ambition: 16.67; shared interests: 12.5. Would you leave your current partner for the new man? Your answer must be (YES) or (NO) followed by your reason. You must FOLLOW THIS RULE! You MUST NOT SAY other words.,NO. Your current partner has higher weighted scores in attractiveness; sincerity; intelligence; and shared interests; which are highly important to you. The new man only slightly outperforms in being funny; which does not outweigh the overall better match with your current partner.,220,206,196,0
Assume you are a 27-year-old man with career type Investment Banking; currently matched with a partner. Your current partner's scores (out of 10): attractiveness: 7.0/10; sincerity: 10.0/10; intelligence: 10.0/10; being funny: 7.0/10; ambition: 9.0/10; shared interests: nan/10. A new woman is courting you with scores: attractiveness: 7.0/10; sincerity: 6.0/10; intelligence: 7.0/10; being funny: 7.0/10; ambition: 6.0/10; shared interests: 5.0/10. Your importance weights are: attractiveness: 15.56; sincerity: 17.78; intelligence: 17.78; being funny: 17.78; ambition: 17.78; shared interests: 13.33. Would you leave your current partner for the new woman? Your answer must be (YES) or (NO) followed by your reason. You must FOLLOW THIS RULE! You MUST NOT SAY other words.,NO. The current partner scores higher in sincerity; intelligence; and ambition; which are heavily weighted in your priorities. The new woman does not offer enough improvement to justify leaving.,200,221,214,0
Assume you are a 25-year-old woman with career type International Business; currently matched with a partner. Your current partner's scores (out of 10): attractiveness: 5.0/10; sincerity: 9.0/10; intelligence: 8.0/10; being funny: 9.0/10; ambition: 7.0/10; shared interests: 9.0/10. A new man is courting you with scores: attractiveness: 6.0/10; sincerity: 9.0/10; intelligence: 9.0/10; being funny: 7.0/10; ambition: 9.0/10; shared interests: 6.0/10. Your importance weights are: attractiveness: 15.52; sincerity: 17.24; intelligence: 17.24; being funny: 17.24; ambition: 17.24; shared interests: 15.52. Would you leave your current partner for the new man? Your answer must be (YES) or (NO) followed by your reason. You must FOLLOW THIS RULE! You MUST NOT SAY other words.,NO. The new man has higher scores in intelligence and ambition; but the current partner scores higher in shared interests and being funny; which are weighted equally important. The overall weighted difference does not justify leaving.,215,213,195,0
Assume you are a 42-year-old man with career type consulting; currently matched with a partner. Your current partner's scores (out of 10): attractiveness: 7.0/10; sincerity: 8.0/10; intelligence: 9.0/10; being funny: 9.0/10; ambition: 8.0/10; shared interests: 9.0/10. A new woman is courting you with scores: attractiveness: 8.0/10; sincerity: 7.0/10; intelligence: 7.0/10; being funny: 7.0/10; ambition: 6.0/10; shared interests: 5.0/10. Your importance weights are: attractiveness: 23.81; sincerity: 23.81; intelligence: 23.81; being funny: 23.81; ambition: 2.38; shared interests: 2.38. Would you leave your current partner for the new woman? Your answer must be (YES) or (NO) followed by your reason. You must FOLLOW THIS RULE! You MUST NOT SAY other words.,NO. The new woman's weighted total score is lower than your current partner's; especially in key areas with high importance weights (sincerity; intelligence; being funny).,195,230,215,0
Assume you are a 27-year-old man with career type Professor or Consultant; currently matched with a partner. Your current partner's scores (out of 10): attractiveness: 9.0/10; sincerity: 10.0/10; intelligence: 10.0/10; being funny: 10.0/10; ambition: 9.0/10; shared interests: 10.0/10. A new woman is courting you with scores: attractiveness: 10.0/10; sincerity: 7.0/10; intelligence: 9.0/10; being funny: 8.0/10; ambition: 6.0/10; shared interests: 7.0/10. Your importance weights are: attractiveness: 9.52; sincerity: 19.05; intelligence: 23.81; being funny: 19.05; ambition: 4.76; shared interests: 23.81. Would you leave your current partner for the new woman? Your answer must be (YES) or (NO) followed by your reason. You must FOLLOW THIS RULE! You MUST NOT SAY other words.,NO. The current partner scores higher in sincerity; intelligence; being funny; and shared interests; which are weighted more heavily in your priorities. The new woman only scores slightly higher in attractiveness; which is less important to you.,199,222,219,0
Assume you are a 42-year-old man with career type consulting; currently matched with a partner. Your current partner's scores (out of 10): attractiveness: 10.0/10; sincerity: 10.0/10; intelligence: 10.0/10; being funny: 10.0/10; ambition: 10.0/10; shared interests: 10.0/10. A new woman is courting you with scores: attractiveness: 7.0/10; sincerity: 6.0/10; intelligence: 7.0/10; being funny: 6.0/10; ambition: 5.0/10; shared interests: 5.0/10. Your importance weights are: attractiveness: 23.81; sincerity: 23.81; intelligence: 23.81; being funny: 23.81; ambition: 2.38; shared interests: 2.38. Would you leave your current partner for the new woman? Your answer must be (YES) or (NO) followed by your reason. You must FOLLOW THIS RULE! You MUST NOT SAY other words.,NO. The new woman scores significantly lower in all categories that are highly weighted (attractiveness; sincerity; intelligence; being funny); and your current partner is perfect in every aspect. The minor gains in lower-weighted categories (ambition; shared interests) do not justify leaving.,197,230,232,0
Assume you are a 31-year-old single woman; and there is a 27-year-old man who is courting you. Your career type is UN Civil Servant. You evaluated him on six dimensions with scores out of 10. These are attractiveness: 4.0/10; sincerity: 10.0/10; intelligence: 10.0/10; being funny: 9.0/10; ambition: 8.0/10; shared interests: 7.0/10. Your importance weights for these attributes are: attractiveness: 14.58; sincerity: 16.67; intelligence: 20.83; being funny: 18.75; ambition: 16.67; shared interests: 12.5. Would you be willing to date this man? And also tell me the reason. Your answer must be (YES) or (NO) followed by your reason. You must FOLLOW THIS RULE! You MUST NOT SAY other words.,YES. Despite his lower attractiveness score; his exceptional sincerity; intelligence; humor; and ambition—which are highly weighted priorities for you—outweigh the lower scores in other areas. The age difference is also minimal and unlikely to be a significant factor.,222,206,,1
Assume you are a 30-year-old man with career type International affairs related career; currently matched with a partner. Your current partner's scores (out of 10): attractiveness: 4.0/10; sincerity: 10.0/10; intelligence: 10.0/10; being funny: 9.0/10; ambition: 8.0/10; shared interests: 7.0/10. A new woman is courting you with scores: attractiveness: 5.0/10; sincerity: 9.0/10; intelligence: 9.0/10; being funny: 8.0/10; ambition: 7.0/10; shared interests: 8.0/10. Your importance weights are: attractiveness: 18.6; sincerity: 20.93; intelligence: 23.26; being funny: 23.26; ambition: 2.33; shared interests: 11.63. Would you leave your current partner for the new woman? Your answer must be (YES) or (NO) followed by your reason. You must FOLLOW THIS RULE! You MUST NOT SAY other words.,NO. Your current partner scores higher in sincerity; intelligence; and being funny; which are your top-weighted traits (20.93; 23.26; 23.26). The new woman does not outweigh these key factors despite slightly higher attractiveness and shared interests.,206,231,222,0
Assume you are a 24-year-old man with career type professor; currently matched with a partner. Your current partner's scores (out of 10): attractiveness: 4.0/10; sincerity: 10.0/10; intelligence: 10.0/10; being funny: 9.0/10; ambition: 8.0/10; shared interests: 7.0/10. A new woman is courting you with scores: attractiveness: 7.0/10; sincerity: 7.0/10; intelligence: 7.0/10; being funny: 7.0/10; ambition: 7.0/10; shared interests: 5.0/10. Your importance weights are: attractiveness: 13.51; sincerity: 18.92; intelligence: 21.62; being funny: 13.51; ambition: 13.51; shared interests: 18.92. Would you leave your current partner for the new woman? Your answer must be (YES) or (NO) followed by your reason. You must FOLLOW THIS RULE! You MUST NOT SAY other words.,NO. The current partner scores higher in key weighted categories (sincerity; intelligence; shared interests) and aligns better with your values despite lower attractiveness. The new woman does not offer enough overall improvement to justify leaving.,206,228,222,0
Assume you are a 27-year-old woman with career type Finance; currently matched with a partner. Your current partner's scores (out of 10): attractiveness: 4.0/10; sincerity: 6.0/10; intelligence: 7.0/10; being funny: 7.0/10; ambition: 7.0/10; shared interests: 5.0/10. A new man is courting you with scores: attractiveness: 7.0/10; sincerity: 10.0/10; intelligence: 10.0/10; being funny: 7.0/10; ambition: 10.0/10; shared interests: 5.0/10. Your importance weights are: attractiveness: 14.29; sincerity: 18.37; intelligence: 18.37; being funny: 16.33; ambition: 18.37; shared interests: 14.29. Would you leave your current partner for the new man? Your answer must be (YES) or (NO) followed by your reason. You must FOLLOW THIS RULE! You MUST NOT SAY other words.,YES. The new man scores significantly higher in sincerity; intelligence; and ambition; which are your most heavily weighted priorities; outweighing the marginal differences in attractiveness and shared interests.,217,212,204,1
Assume you are a 26-year-old man with career type corporate finance; currently matched with a partner. Your current partner's scores (out of 10): attractiveness: 10.0/10; sincerity: 10.0/10; intelligence: 10.0/10; being funny: 10.0/10; ambition: 10.0/10; shared interests: 10.0/10. A new woman is courting you with scores: attractiveness: 7.0/10; sincerity: 7.0/10; intelligence: 7.0/10; being funny: 7.0/10; ambition: 7.0/10; shared interests: 7.0/10. Your importance weights are: attractiveness: 20.0; sincerity: 16.0; intelligence: 18.0; being funny: 16.0; ambition: 16.0; shared interests: 14.0. Would you leave your current partner for the new woman? Your answer must be (YES) or (NO) followed by your reason. You must FOLLOW THIS RULE! You MUST NOT SAY other words.,NO. The current partner scores perfectly in all categories; which far outweighs the new woman's scores; even when considering the importance weights. The decision is clear based on the superior overall match.,197,227,232,0
Assume you are a 25-year-old woman with career type International Business; currently matched with a partner. Your current partner's scores (out of 10): attractiveness: 6.0/10; sincerity: 10.0/10; intelligence: 8.0/10; being funny: 8.0/10; ambition: 6.0/10; shared interests: 6.0/10. A new man is courting you with scores: attractiveness: 8.0/10; sincerity: 8.0/10; intelligence: 9.0/10; being funny: 8.0/10; ambition: 10.0/10; shared interests: 8.0/10. Your importance weights are: attractiveness: 15.52; sincerity: 17.24; intelligence: 17.24; being funny: 17.24; ambition: 17.24; shared interests: 15.52. Would you leave your current partner for the new man? Your answer must be (YES) or (NO) followed by your reason. You must FOLLOW THIS RULE! You MUST NOT SAY other words.,NO. While the new man scores higher in attractiveness; ambition; and shared interests; your current partner excels in sincerity (a top priority for you) and matches closely in intelligence and humor; which are also highly weighted. The overall difference may not justify leaving a sincere and well-matched partner.,217,213,212,0
Assume you are a 23-year-old woman with career type investment banking; currently matched with a partner. Your current partner's scores (out of 10): attractiveness: 2.0/10; sincerity: 8.0/10; intelligence: 9.0/10; being funny: 4.0/10; ambition: 3.0/10; shared interests: 2.0/10. A new man is courting you with scores: attractiveness: 6.0/10; sincerity: 6.0/10; intelligence: 8.0/10; being funny: 6.0/10; ambition: 6.0/10; shared interests: 5.0/10. Your importance weights are: attractiveness: 15.38; sincerity: 19.23; intelligence: 17.31; being funny: 19.23; ambition: 9.62; shared interests: 19.23. Would you leave your current partner for the new man? Your answer must be (YES) or (NO) followed by your reason. You must FOLLOW THIS RULE! You MUST NOT SAY other words.,NO. The current partner scores higher in sincerity; intelligence; and ambition; which are weighted more heavily in your priorities; despite the new man's higher attractiveness and shared interests. The overall compatibility based on your importance weights favors the current partner.,229,198,202,0
Assume you are a 27-year-old man with career type Consulting; currently matched with a partner. Your current partner's scores (out of 10): attractiveness: 5.0/10; sincerity: 8.0/10; intelligence: 8.0/10; being funny: 7.0/10; ambition: 9.0/10; shared interests: nan/10. A new woman is courting you with scores: attractiveness: 9.0/10; sincerity: 9.0/10; intelligence: 9.0/10; being funny: 9.0/10; ambition: 9.0/10; shared interests: 9.0/10. Your importance weights are: attractiveness: 7.5; sincerity: 17.5; intelligence: 20.0; being funny: 22.5; ambition: 12.5; shared interests: 20.0. Would you leave your current partner for the new woman? Your answer must be (YES) or (NO) followed by your reason. You must FOLLOW THIS RULE! You MUST NOT SAY other words.,NO. The current partner scores higher in sincerity; intelligence; and ambition; which are weighted more heavily in your priorities. The new woman's higher attractiveness and shared interests do not outweigh these key factors.,203,216,223,0
Assume you are a 27-year-old single man; and there is a 25-year-old woman who is courting you. Your career type is Consulting. You evaluated her on six dimensions with scores out of 10. These are attractiveness: 9.0/10; sincerity: 9.0/10; intelligence: 9.0/10; being funny: 9.0/10; ambition: 9.0/10; shared interests: 9.0/10. Your importance weights for these attributes are: attractiveness: 7.5; sincerity: 17.5; intelligence: 20.0; being funny: 22.5; ambition: 12.5; shared interests: 20.0. Would you be willing to date this woman? And also tell me the reason. Your answer must be (YES) or (NO) followed by your reason. You must FOLLOW THIS RULE! You MUST NOT SAY other words.,(YES) Her scores are exceptionally high across all dimensions that you value highly; especially sincerity; intelligence; being funny; and shared interests; which have the highest importance weights in your evaluation.,213,216,,1
Assume you are a 42-year-old man with career type consulting; currently matched with a partner. Your current partner's scores (out of 10): attractiveness: 4.0/10; sincerity: 10.0/10; intelligence: 10.0/10; being funny: 9.0/10; ambition: 8.0/10; shared interests: 7.0/10. A new woman is courting you with scores: attractiveness: 6.0/10; sincerity: 8.0/10; intelligence: 9.0/10; being funny: 8.0/10; ambition: 7.0/10; shared interests: 7.0/10. Your importance weights are: attractiveness: 23.81; sincerity: 23.81; intelligence: 23.81; being funny: 23.81; ambition: 2.38; shared interests: 2.38. Would you leave your current partner for the new woman? Your answer must be (YES) or (NO) followed by your reason. You must FOLLOW THIS RULE! You MUST NOT SAY other words.,NO. The current partner scores higher in sincerity; intelligence; and being funny; which are equally weighted as your top priorities (23.81 each). The slight increase in attractiveness (6.0 vs. 4.0) does not outweigh the significant advantages your current partner has in these key areas. Ambition and shared interests; where the new woman is comparable or slightly better; are much less important to you (2.38 each).,206,230,222,0
Assume you are a 42-year-old man with career type consulting; currently matched with a partner. Your current partner's scores (out of 10): attractiveness: 10.0/10; sincerity: 9.0/10; intelligence: 9.0/10; being funny: 10.0/10; ambition: 10.0/10; shared interests: 10.0/10. A new woman is courting you with scores: attractiveness: 9.0/10; sincerity: 7.0/10; intelligence: 7.0/10; being funny: 7.0/10; ambition: 6.0/10; shared interests: 7.0/10. Your importance weights are: attractiveness: 23.81; sincerity: 23.81; intelligence: 23.81; being funny: 23.81; ambition: 2.38; shared interests: 2.38. Would you leave your current partner for the new woman? Your answer must be (YES) or (NO) followed by your reason. You must FOLLOW THIS RULE! You MUST NOT SAY other words.,NO. The new woman scores lower in all highly weighted categories (attractiveness; sincerity; intelligence; being funny) and does not outperform your current partner in any meaningful way. Your current partner excels in the traits you value most.,207,230,226,0
Assume you are a 27-year-old man with career type Investment Banking; currently matched with a partner. Your current partner's scores (out of 10): attractiveness: 5.0/10; sincerity: 8.0/10; intelligence: 8.0/10; being funny: 7.0/10; ambition: 9.0/10; shared interests: nan/10. A new woman is courting you with scores: attractiveness: 6.0/10; sincerity: 7.0/10; intelligence: 9.0/10; being funny: 6.0/10; ambition: 6.0/10; shared interests: 3.0/10. Your importance weights are: attractiveness: 15.56; sincerity: 17.78; intelligence: 17.78; being funny: 17.78; ambition: 17.78; shared interests: 13.33. Would you leave your current partner for the new woman? Your answer must be (YES) or (NO) followed by your reason. You must FOLLOW THIS RULE! You MUST NOT SAY other words.,NO. The current partner scores higher in sincerity; ambition; and being funny; which are weighted more heavily in your priorities. The new woman does not offer enough of an advantage in the most important categories to justify leaving.,203,221,223,0
Assume you are a 26-year-old man with career type corporate finance; currently matched with a partner. Your current partner's scores (out of 10): attractiveness: 10.0/10; sincerity: 9.0/10; intelligence: 9.0/10; being funny: 10.0/10; ambition: 10.0/10; shared interests: 10.0/10. A new woman is courting you with scores: attractiveness: 8.0/10; sincerity: 8.0/10; intelligence: 7.0/10; being funny: 9.0/10; ambition: 8.0/10; shared interests: 8.0/10. Your importance weights are: attractiveness: 20.0; sincerity: 16.0; intelligence: 18.0; being funny: 16.0; ambition: 16.0; shared interests: 14.0. Would you leave your current partner for the new woman? Your answer must be (YES) or (NO) followed by your reason. You must FOLLOW THIS RULE! You MUST NOT SAY other words.,NO. The current partner has significantly higher scores in all categories that align with your importance weights; making them a better overall match.,207,227,226,0
Assume you are a 30-year-old man with career type International affairs related career; currently matched with a partner. Your current partner's scores (out of 10): attractiveness: 5.0/10; sincerity: 8.0/10; intelligence: 8.0/10; being funny: 9.0/10; ambition: 9.0/10; shared interests: 5.0/10. A new woman is courting you with scores: attractiveness: 8.0/10; sincerity: 8.0/10; intelligence: 7.0/10; being funny: 9.0/10; ambition: 6.0/10; shared interests: 7.0/10. Your importance weights are: attractiveness: 18.6; sincerity: 20.93; intelligence: 23.26; being funny: 23.26; ambition: 2.33; shared interests: 11.63. Would you leave your current partner for the new woman? Your answer must be (YES) or (NO) followed by your reason. You must FOLLOW THIS RULE! You MUST NOT SAY other words.,NO. The current partner scores higher in intelligence; being funny; and ambition; which are weighted more heavily in your priorities. The new woman's higher attractiveness and shared interests do not outweigh these key factors.,208,231,225,0
Assume you are a 24-year-old single man; and there is a 28-year-old woman who is courting you. Your career type is professor. You evaluated her on six dimensions with scores out of 10. These are attractiveness: 6.0/10; sincerity: 6.0/10; intelligence: 6.0/10; being funny: 5.0/10; ambition: 6.0/10; shared interests: 5.0/10. Your importance weights for these attributes are: attractiveness: 13.51; sincerity: 18.92; intelligence: 21.62; being funny: 13.51; ambition: 13.51; shared interests: 18.92. Would you be willing to date this woman? And also tell me the reason. Your answer must be (YES) or (NO) followed by your reason. You must FOLLOW THIS RULE! You MUST NOT SAY other words.,NO. The weighted scores (attractiveness: 0.81; sincerity: 1.14; intelligence: 1.30; being funny: 0.68; ambition: 0.81; shared interests: 0.95) sum to 5.69; which is below a threshold of 6.0 for compatibility.,211,228,,0
Assume you are a 27-year-old man with career type Investment Banking; currently matched with a partner. Your current partner's scores (out of 10): attractiveness: 4.0/10; sincerity: 10.0/10; intelligence: 10.0/10; being funny: 9.0/10; ambition: 8.0/10; shared interests: 7.0/10. A new woman is courting you with scores: attractiveness: 6.0/10; sincerity: 6.0/10; intelligence: 7.0/10; being funny: 7.0/10; ambition: 7.0/10; shared interests: 5.0/10. Your importance weights are: attractiveness: 15.56; sincerity: 17.78; intelligence: 17.78; being funny: 17.78; ambition: 17.78; shared interests: 13.33. Would you leave your current partner for the new woman? Your answer must be (YES) or (NO) followed by your reason. You must FOLLOW THIS RULE! You MUST NOT SAY other words.,NO. The current partner scores higher in sincerity; intelligence; being funny; and ambition; which are weighted more heavily in your priorities. The new woman does not offer enough improvement in attractiveness or other areas to outweigh these key strengths.,206,221,222,0
Assume you are a 30-year-old man with career type International affairs related career; currently matched with a partner. Your current partner's scores (out of 10): attractiveness: 7.0/10; sincerity: 10.0/10; intelligence: 10.0/10; being funny: 7.0/10; ambition: 10.0/10; shared interests: 5.0/10. A new woman is courting you with scores: attractiveness: 6.0/10; sincerity: 8.0/10; intelligence: 7.0/10; being funny: 6.0/10; ambition: 7.0/10; shared interests: 10.0/10. Your importance weights are: attractiveness: 18.6; sincerity: 20.93; intelligence: 23.26; being funny: 23.26; ambition: 2.33; shared interests: 11.63. Would you leave your current partner for the new woman? Your answer must be (YES) or (NO) followed by your reason. You must FOLLOW THIS RULE! You MUST NOT SAY other words.,NO. Your current partner scores higher in the traits you value most (sincerity; intelligence; and being funny); which outweigh the higher shared interests with the new woman.,212,231,217,0
Assume you are a 27-year-old man with career type Investment Banking; currently matched with a partner. Your current partner's scores (out of 10): attractiveness: 10.0/10; sincerity: 9.0/10; intelligence: 9.0/10; being funny: 10.0/10; ambition: 10.0/10; shared interests: 10.0/10. A new woman is courting you with scores: attractiveness: 8.0/10; sincerity: 7.0/10; intelligence: 7.0/10; being funny: 9.0/10; ambition: 9.0/10; shared interests: 5.0/10. Your importance weights are: attractiveness: 15.56; sincerity: 17.78; intelligence: 17.78; being funny: 17.78; ambition: 17.78; shared interests: 13.33. Would you leave your current partner for the new woman? Your answer must be (YES) or (NO) followed by your reason. You must FOLLOW THIS RULE! You MUST NOT SAY other words.,NO. The new woman scores lower in all weighted categories compared to your current partner; who excels in attractiveness; sincerity; intelligence; humor; ambition; and shared interests.,207,221,226,0
Assume you are a 42-year-old single man; and there is a 28-year-old woman who is courting you. Your career type is consulting. You evaluated her on six dimensions with scores out of 10. These are attractiveness: 9.0/10; sincerity: 7.0/10; intelligence: 7.0/10; being funny: 7.0/10; ambition: 5.0/10; shared interests: 7.0/10. Your importance weights for these attributes are: attractiveness: 23.81; sincerity: 23.81; intelligence: 23.81; being funny: 23.81; ambition: 2.38; shared interests: 2.38. Would you be willing to date this woman? And also tell me the reason. Your answer must be (YES) or (NO) followed by your reason. You must FOLLOW THIS RULE! You MUST NOT SAY other words.,YES. The weighted scores for attractiveness; sincerity; intelligence; and being funny are high (all above 7.0); which are your most valued traits (23.81 weight each); while the lower scores in ambition and shared interests (5.0 and 7.0) have minimal impact due to their low weights (2.38 each). Overall; she aligns well with your priorities.,211,230,,1
Assume you are a 26-year-old single man; and there is a 24-year-old woman who is courting you. Your career type is corporate finance. You evaluated her on six dimensions with scores out of 10. These are attractiveness: 4.0/10; sincerity: 6.0/10; intelligence: 6.0/10; being funny: 5.0/10; ambition: 5.0/10; shared interests: 5.0/10. Your importance weights for these attributes are: attractiveness: 20.0; sincerity: 16.0; intelligence: 18.0; being funny: 16.0; ambition: 16.0; shared interests: 14.0. Would you be willing to date this woman? And also tell me the reason. Your answer must be (YES) or (NO) followed by your reason. You must FOLLOW THIS RULE! You MUST NOT SAY other words.,NO. The weighted average score (4.8/10) is below a reasonable threshold for compatibility given your priorities.,194,227,,0
Assume you are a 26-year-old woman with career type marketing / brand management; currently matched with a partner. Your current partner's scores (out of 10): attractiveness: 9.0/10; sincerity: 7.0/10; intelligence: 7.0/10; being funny: 9.0/10; ambition: 7.0/10; shared interests: 7.0/10. A new man is courting you with scores: attractiveness: 9.0/10; sincerity: 9.0/10; intelligence: 8.0/10; being funny: 9.0/10; ambition: 7.0/10; shared interests: 8.0/10. Your importance weights are: attractiveness: 19.61; sincerity: 15.69; intelligence: 17.65; being funny: 15.69; ambition: 17.65; shared interests: 13.73. Would you leave your current partner for the new man? Your answer must be (YES) or (NO) followed by your reason. You must FOLLOW THIS RULE! You MUST NOT SAY other words.,YES. The new man has higher weighted scores in sincerity; intelligence; and shared interests; which are important to you; outweighing the slight trade-offs in other areas.,226,204,207,1
Assume you are a 26-year-old man with career type corporate finance; currently matched with a partner. Your current partner's scores (out of 10): attractiveness: 7.0/10; sincerity: 8.0/10; intelligence: 9.0/10; being funny: 9.0/10; ambition: 8.0/10; shared interests: 9.0/10. A new woman is courting you with scores: attractiveness: 6.0/10; sincerity: 4.0/10; intelligence: 8.0/10; being funny: 8.0/10; ambition: 5.0/10; shared interests: 6.0/10. Your importance weights are: attractiveness: 20.0; sincerity: 16.0; intelligence: 18.0; being funny: 16.0; ambition: 16.0; shared interests: 14.0. Would you leave your current partner for the new woman? Your answer must be (YES) or (NO) followed by your reason. You must FOLLOW THIS RULE! You MUST NOT SAY other words.,NO. The new woman scores lower in sincerity; ambition; and shared interests—key traits you value highly—and only marginally outperforms in a few categories. Your current partner's overall compatibility is significantly stronger.,195,227,215,0
Assume you are a 26-year-old man with career type corporate finance; currently matched with a partner. Your current partner's scores (out of 10): attractiveness: 4.0/10; sincerity: 4.0/10; intelligence: 3.0/10; being funny: 3.0/10; ambition: 3.0/10; shared interests: nan/10. A new woman is courting you with scores: attractiveness: 5.0/10; sincerity: 7.0/10; intelligence: 7.0/10; being funny: 6.0/10; ambition: 5.0/10; shared interests: 3.0/10. Your importance weights are: attractiveness: 20.0; sincerity: 16.0; intelligence: 18.0; being funny: 16.0; ambition: 16.0; shared interests: 14.0. Would you leave your current partner for the new woman? Your answer must be (YES) or (NO) followed by your reason. You must FOLLOW THIS RULE! You MUST NOT SAY other words.,YES. The new woman scores higher in all weighted categories except shared interests; which are marginally lower but offset by significant improvements in sincerity; intelligence; and humor—key traits for long-term compatibility.,196,227,220,1
Assume you are a 24-year-old woman with career type Psychologist; currently matched with a partner. Your current partner's scores (out of 10): attractiveness: 5.0/10; sincerity: 9.0/10; intelligence: 8.0/10; being funny: 9.0/10; ambition: 7.0/10; shared interests: 9.0/10. A new man is courting you with scores: attractiveness: 9.0/10; sincerity: 9.0/10; intelligence: 9.0/10; being funny: 9.0/10; ambition: 9.0/10; shared interests: 7.0/10. Your importance weights are: attractiveness: 16.0; sincerity: 16.0; intelligence: 20.0; being funny: 16.0; ambition: 18.0; shared interests: 14.0. Would you leave your current partner for the new man? Your answer must be (YES) or (NO) followed by your reason. You must FOLLOW THIS RULE! You MUST NOT SAY other words.,NO – Your current partner scores highly in sincerity; being funny; and shared interests; which align well with your importance weights (sincerity: 16.0; being funny: 16.0; shared interests: 14.0). While the new man has higher attractiveness and ambition; your partner's strengths in key areas you value more (like sincerity and humor) make him a better match overall.,215,194,195,0
Assume you are a 24-year-old man with career type Researcher; currently matched with a partner. Your current partner's scores (out of 10): attractiveness: 7.0/10; sincerity: 8.0/10; intelligence: 9.0/10; being funny: 9.0/10; ambition: 8.0/10; shared interests: 9.0/10. A new woman is courting you with scores: attractiveness: 6.0/10; sincerity: 7.0/10; intelligence: 7.0/10; being funny: 5.0/10; ambition: 6.0/10; shared interests: 6.0/10. Your importance weights are: attractiveness: 20.51; sincerity: 5.13; intelligence: 23.08; being funny: 12.82; ambition: 17.95; shared interests: 20.51. Would you leave your current partner for the new woman? Your answer must be (YES) or (NO) followed by your reason. You must FOLLOW THIS RULE! You MUST NOT SAY other words.,NO. The new woman scores lower in all categories that are highly weighted for you (intelligence; attractiveness; shared interests); and your current partner excels in key areas you value. The trade-off is not favorable.,195,218,215,0
Assume you are a 24-year-old man with career type Researcher; currently matched with a partner. Your current partner's scores (out of 10): attractiveness: 9.0/10; sincerity: 10.0/10; intelligence: 10.0/10; being funny: 10.0/10; ambition: 9.0/10; shared interests: 10.0/10. A new woman is courting you with scores: attractiveness: 4.0/10; sincerity: 4.0/10; intelligence: 6.0/10; being funny: 6.0/10; ambition: 6.0/10; shared interests: 5.0/10. Your importance weights are: attractiveness: 20.51; sincerity: 5.13; intelligence: 23.08; being funny: 12.82; ambition: 17.95; shared interests: 20.51. Would you leave your current partner for the new woman? Your answer must be (YES) or (NO) followed by your reason. You must FOLLOW THIS RULE! You MUST NOT SAY other words.,NO. The new woman scores significantly lower in all weighted categories; especially in intelligence; attractiveness; and shared interests; which are your highest priorities. Your current partner excels in every aspect you value.,199,218,219,0
Assume you are a 25-year-old man with career type Poet; Writer; Singer; Policy Maker with the UN and/or Indian Govt.; currently matched with a partner. Your current partner's scores (out of 10): attractiveness: 4.0/10; sincerity: 10.0/10; intelligence: 10.0/10; being funny: 9.0/10; ambition: 8.0/10; shared interests: 7.0/10. A new woman is courting you with scores: attractiveness: 10.0/10; sincerity: 10.0/10; intelligence: 10.0/10; being funny: 10.0/10; ambition: 10.0/10; shared interests: 10.0/10. Your importance weights are: attractiveness: 16.67; sincerity: 16.67; intelligence: 16.67; being funny: 16.67; ambition: 14.81; shared interests: 18.52. Would you leave your current partner for the new woman? Your answer must be (YES) or (NO) followed by your reason. You must FOLLOW THIS RULE! You MUST NOT SAY other words.,NO – Your current partner scores highly in sincerity; intelligence; and humor; which align with your weighted priorities; while the new woman; though seemingly perfect; may not outweigh the established trust and connection.,206,220,222,0
Assume you are a 24-year-old man with career type Researcher; currently matched with a partner. Your current partner's scores (out of 10): attractiveness: 9.0/10; sincerity: 9.0/10; intelligence: 9.0/10; being funny: 8.0/10; ambition: 9.0/10; shared interests: 4.0/10. A new woman is courting you with scores: attractiveness: 6.0/10; sincerity: 6.0/10; intelligence: 8.0/10; being funny: 5.0/10; ambition: 5.0/10; shared interests: 6.0/10. Your importance weights are: attractiveness: 20.51; sincerity: 5.13; intelligence: 23.08; being funny: 12.82; ambition: 17.95; shared interests: 20.51. Would you leave your current partner for the new woman? Your answer must be (YES) or (NO) followed by your reason. You must FOLLOW THIS RULE! You MUST NOT SAY other words.,NO The new woman's lower scores in attractiveness; sincerity; being funny; and ambition; along with only marginally better shared interests; do not outweigh the current partner's significantly higher overall compatibility based on your importance weights.,202,218,229,0
Assume you are a 27-year-old man with career type Investment Banking; currently matched with a partner. Your current partner's scores (out of 10): attractiveness: 5.0/10; sincerity: 8.0/10; intelligence: 8.0/10; being funny: 9.0/10; ambition: 9.0/10; shared interests: 5.0/10. A new woman is courting you with scores: attractiveness: 7.0/10; sincerity: 7.0/10; intelligence: 7.0/10; being funny: 8.0/10; ambition: 8.0/10; shared interests: 5.0/10. Your importance weights are: attractiveness: 15.56; sincerity: 17.78; intelligence: 17.78; being funny: 17.78; ambition: 17.78; shared interests: 13.33. Would you leave your current partner for the new woman? Your answer must be (YES) or (NO) followed by your reason. You must FOLLOW THIS RULE! You MUST NOT SAY other words.,NO. The weighted score for your current partner (7.56) is higher than the new woman's (7.33); and your current partner excels in sincerity; intelligence; being funny; and ambition; which are highly weighted for you.,208,221,225,0
Assume you are a 27-year-old single man; and there is a 24-year-old woman who is courting you. Your career type is Investment Banking. You evaluated her on six dimensions with scores out of 10. These are attractiveness: 4.0/10; sincerity: 3.0/10; intelligence: 6.0/10; being funny: 7.0/10; ambition: 6.0/10; shared interests: 5.0/10. Your importance weights for these attributes are: attractiveness: 15.56; sincerity: 17.78; intelligence: 17.78; being funny: 17.78; ambition: 17.78; shared interests: 13.33. Would you be willing to date this woman? And also tell me the reason. Your answer must be (YES) or (NO) followed by your reason. You must FOLLOW THIS RULE! You MUST NOT SAY other words.,NO. The weighted scores (attractiveness: 0.62; sincerity: 0.53; intelligence: 1.07; being funny: 1.24; ambition: 1.07; shared interests: 0.67) sum to a low total of 5.2; which does not meet your weighted preferences.,194,221,,0
Assume you are a 24-year-old single woman; and there is a 25-year-old man who is courting you. Your career type is Psychologist. You evaluated him on six dimensions with scores out of 10. These are attractiveness: 6.0/10; sincerity: 10.0/10; intelligence: 10.0/10; being funny: 9.0/10; ambition: 10.0/10; shared interests: 7.0/10. Your importance weights for these attributes are: attractiveness: 16.0; sincerity: 16.0; intelligence: 20.0; being funny: 16.0; ambition: 18.0; shared interests: 14.0. Would you be willing to date this man? And also tell me the reason. Your answer must be (YES) or (NO) followed by your reason. You must FOLLOW THIS RULE! You MUST NOT SAY other words.,YES. The man scores exceptionally high on sincerity; intelligence; humor; and ambition—traits highly weighted in your priorities. While attractiveness and shared interests are slightly lower; their weights are less critical compared to his outstanding qualities in other areas.,220,194,,1
Assume you are a 23-year-old woman with career type IP Law; currently matched with a partner. Your current partner's scores (out of 10): attractiveness: 3.0/10; sincerity: 3.0/10; intelligence: 5.0/10; being funny: 7.0/10; ambition: 6.0/10; shared interests: 6.0/10. A new man is courting you with scores: attractiveness: 10.0/10; sincerity: 9.0/10; intelligence: 9.0/10; being funny: 10.0/10; ambition: 10.0/10; shared interests: 10.0/10. Your importance weights are: attractiveness: 17.31; sincerity: 13.46; intelligence: 17.31; being funny: 19.23; ambition: 19.23; shared interests: 13.46. Would you leave your current partner for the new man? Your answer must be (YES) or (NO) followed by your reason. You must FOLLOW THIS RULE! You MUST NOT SAY other words.,YES   The new man significantly outperforms your current partner in all weighted categories; especially in those you value most (being funny; ambition; intelligence; and attractiveness); making him a far better match for your priorities.,226,207,204,1
Assume you are a 24-year-old man with career type professor; currently matched with a partner. Your current partner's scores (out of 10): attractiveness: 7.0/10; sincerity: 10.0/10; intelligence: 10.0/10; being funny: 7.0/10; ambition: 10.0/10; shared interests: 5.0/10. A new woman is courting you with scores: attractiveness: 7.0/10; sincerity: 6.0/10; intelligence: 7.0/10; being funny: 7.0/10; ambition: 6.0/10; shared interests: 6.0/10. Your importance weights are: attractiveness: 13.51; sincerity: 18.92; intelligence: 21.62; being funny: 13.51; ambition: 13.51; shared interests: 18.92. Would you leave your current partner for the new woman? Your answer must be (YES) or (NO) followed by your reason. You must FOLLOW THIS RULE! You MUST NOT SAY other words.,NO. The current partner scores higher in key weighted categories (sincerity; intelligence; ambition) and matches in attractiveness and humor; while the new woman underperforms in sincerity; intelligence; and ambition; which are highly prioritized. Shared interests; though lower; are outweighed by other strengths.,212,228,217,0
Assume you are a 26-year-old woman with career type marketing / brand management; currently matched with a partner. Your current partner's scores (out of 10): attractiveness: 5.0/10; sincerity: 9.0/10; intelligence: 8.0/10; being funny: 9.0/10; ambition: 7.0/10; shared interests: 9.0/10. A new man is courting you with scores: attractiveness: 7.0/10; sincerity: 7.0/10; intelligence: 9.0/10; being funny: 8.0/10; ambition: 8.0/10; shared interests: 6.0/10. Your importance weights are: attractiveness: 19.61; sincerity: 15.69; intelligence: 17.65; being funny: 15.69; ambition: 17.65; shared interests: 13.73. Would you leave your current partner for the new man? Your answer must be (YES) or (NO) followed by your reason. You must FOLLOW THIS RULE! You MUST NOT SAY other words.,NO. The weighted score for the current partner (7.45) is higher than the new man's (7.34); and the current partner excels in sincerity; humor; and shared interests; which are important to you.,215,204,195,0
Assume you are a 24-year-old man with career type Researcher; currently matched with a partner. Your current partner's scores (out of 10): attractiveness: 5.0/10; sincerity: 8.0/10; intelligence: 8.0/10; being funny: 7.0/10; ambition: 9.0/10; shared interests: nan/10. A new woman is courting you with scores: attractiveness: 6.0/10; sincerity: 6.0/10; intelligence: 8.0/10; being funny: 6.0/10; ambition: 6.0/10; shared interests: 6.0/10. Your importance weights are: attractiveness: 20.51; sincerity: 5.13; intelligence: 23.08; being funny: 12.82; ambition: 17.95; shared interests: 20.51. Would you leave your current partner for the new woman? Your answer must be (YES) or (NO) followed by your reason. You must FOLLOW THIS RULE! You MUST NOT SAY other words.,NO. The current partner scores higher in key weighted categories like intelligence (23.08); ambition (17.95); and sincerity (5.13); outweighing the new woman's slight edge in attractiveness and shared interests. The overall weighted score favors the current partner.,203,218,223,0
Assume you are a 27-year-old man with career type Investment Banking; currently matched with a partner. Your current partner's scores (out of 10): attractiveness: 7.0/10; sincerity: 8.0/10; intelligence: 9.0/10; being funny: 9.0/10; ambition: 8.0/10; shared interests: 9.0/10. A new woman is courting you with scores: attractiveness: 7.0/10; sincerity: 8.0/10; intelligence: 8.0/10; being funny: 8.0/10; ambition: 5.0/10; shared interests: 5.0/10. Your importance weights are: attractiveness: 15.56; sincerity: 17.78; intelligence: 17.78; being funny: 17.78; ambition: 17.78; shared interests: 13.33. Would you leave your current partner for the new woman? Your answer must be (YES) or (NO) followed by your reason. You must FOLLOW THIS RULE! You MUST NOT SAY other words.,NO. The new woman scores lower in key weighted categories (ambition; shared interests) and matches or underperforms in others; making her a less compatible choice overall.,195,221,215,0
Assume you are a 27-year-old man with career type Investment Banking; currently matched with a partner. Your current partner's scores (out of 10): attractiveness: 10.0/10; sincerity: 10.0/10; intelligence: 10.0/10; being funny: 10.0/10; ambition: 10.0/10; shared interests: 10.0/10. A new woman is courting you with scores: attractiveness: 7.0/10; sincerity: 6.0/10; intelligence: 7.0/10; being funny: 6.0/10; ambition: 6.0/10; shared interests: 5.0/10. Your importance weights are: attractiveness: 15.56; sincerity: 17.78; intelligence: 17.78; being funny: 17.78; ambition: 17.78; shared interests: 13.33. Would you leave your current partner for the new woman? Your answer must be (YES) or (NO) followed by your reason. You must FOLLOW THIS RULE! You MUST NOT SAY other words.,NO. The new woman scores significantly lower in all categories that you highly value (sincerity; intelligence; being funny; ambition; and shared interests); and your current partner is a perfect match across all dimensions.,197,221,232,0
Assume you are a 26-year-old woman with career type marketing / brand management; currently matched with a partner. Your current partner's scores (out of 10): attractiveness: 9.0/10; sincerity: 9.0/10; intelligence: 9.0/10; being funny: 9.0/10; ambition: 9.0/10; shared interests: 9.0/10. A new man is courting you with scores: attractiveness: 3.0/10; sincerity: 8.0/10; intelligence: 10.0/10; being funny: 6.0/10; ambition: 10.0/10; shared interests: 7.0/10. Your importance weights are: attractiveness: 19.61; sincerity: 15.69; intelligence: 17.65; being funny: 15.69; ambition: 17.65; shared interests: 13.73. Would you leave your current partner for the new man? Your answer must be (YES) or (NO) followed by your reason. You must FOLLOW THIS RULE! You MUST NOT SAY other words.,NO – The weighted scores of your current partner significantly outweigh those of the new man; particularly in attractiveness; sincerity; and being funny; which are highly important to you. The new man does not offer enough improvement in key areas to justify leaving.,216,204,213,0
Assume you are a 26-year-old single woman; and there is a 24-year-old man who is courting you. Your career type is marketing / brand management. You evaluated him on six dimensions with scores out of 10. These are attractiveness: 5.0/10; sincerity: 7.0/10; intelligence: 9.0/10; being funny: 5.0/10; ambition: 9.0/10; shared interests: 5.0/10. Your importance weights for these attributes are: attractiveness: 19.61; sincerity: 15.69; intelligence: 17.65; being funny: 15.69; ambition: 17.65; shared interests: 13.73. Would you be willing to date this man? And also tell me the reason. Your answer must be (YES) or (NO) followed by your reason. You must FOLLOW THIS RULE! You MUST NOT SAY other words.,NO – The weighted scores (attractiveness: 0.98; sincerity: 1.10; intelligence: 1.59; being funny: 0.78; ambition: 1.59; shared interests: 0.69) sum to 6.73; which is below a reasonable threshold for compatibility given the importance weights.,218,204,,0
Assume you are a 27-year-old man with career type Investment Banking; currently matched with a partner. Your current partner's scores (out of 10): attractiveness: 9.0/10; sincerity: 10.0/10; intelligence: 10.0/10; being funny: 10.0/10; ambition: 9.0/10; shared interests: 10.0/10. A new woman is courting you with scores: attractiveness: 8.0/10; sincerity: 6.0/10; intelligence: 7.0/10; being funny: 7.0/10; ambition: 8.0/10; shared interests: 3.0/10. Your importance weights are: attractiveness: 15.56; sincerity: 17.78; intelligence: 17.78; being funny: 17.78; ambition: 17.78; shared interests: 13.33. Would you leave your current partner for the new woman? Your answer must be (YES) or (NO) followed by your reason. You must FOLLOW THIS RULE! You MUST NOT SAY other words.,NO. The current partner scores higher in all weighted categories that are important to you; especially sincerity; intelligence; being funny; and ambition. The new woman does not offer a compelling reason to leave.,199,221,219,0
Assume you are a 23-year-old woman with career type investment banking; currently matched with a partner. Your current partner's scores (out of 10): attractiveness: 5.0/10; sincerity: 9.0/10; intelligence: 8.0/10; being funny: 9.0/10; ambition: 7.0/10; shared interests: 9.0/10. A new man is courting you with scores: attractiveness: 4.0/10; sincerity: 5.0/10; intelligence: 5.0/10; being funny: 6.0/10; ambition: 6.0/10; shared interests: 5.0/10. Your importance weights are: attractiveness: 15.38; sincerity: 19.23; intelligence: 17.31; being funny: 19.23; ambition: 9.62; shared interests: 19.23. Would you leave your current partner for the new man? Your answer must be (YES) or (NO) followed by your reason. You must FOLLOW THIS RULE! You MUST NOT SAY other words.,NO – The new man scores lower in sincerity; intelligence; and shared interests; which are your highest-weighted priorities. Your current partner aligns better with your values.,215,198,195,0
Assume you are a 27-year-old man with career type Investment Banking; currently matched with a partner. Your current partner's scores (out of 10): attractiveness: 9.0/10; sincerity: 9.0/10; intelligence: 9.0/10; being funny: 8.0/10; ambition: 9.0/10; shared interests: 4.0/10. A new woman is courting you with scores: attractiveness: 8.0/10; sincerity: 8.0/10; intelligence: 8.0/10; being funny: 7.0/10; ambition: 7.0/10; shared interests: 3.0/10. Your importance weights are: attractiveness: 15.56; sincerity: 17.78; intelligence: 17.78; being funny: 17.78; ambition: 17.78; shared interests: 13.33. Would you leave your current partner for the new woman? Your answer must be (YES) or (NO) followed by your reason. You must FOLLOW THIS RULE! You MUST NOT SAY other words.,NO. The new woman scores lower in all categories and has even fewer shared interests; making her a less compatible match overall based on your importance weights.,202,221,229,0
Assume you are a 24-year-old man with career type professor; currently matched with a partner. Your current partner's scores (out of 10): attractiveness: 6.0/10; sincerity: 10.0/10; intelligence: 10.0/10; being funny: 9.0/10; ambition: 10.0/10; shared interests: 7.0/10. A new woman is courting you with scores: attractiveness: 6.0/10; sincerity: 7.0/10; intelligence: 6.0/10; being funny: 4.0/10; ambition: 6.0/10; shared interests: 5.0/10. Your importance weights are: attractiveness: 13.51; sincerity: 18.92; intelligence: 21.62; being funny: 13.51; ambition: 13.51; shared interests: 18.92. Would you leave your current partner for the new woman? Your answer must be (YES) or (NO) followed by your reason. You must FOLLOW THIS RULE! You MUST NOT SAY other words.,NO. The new woman scores lower in all weighted categories (sincerity; intelligence; ambition; shared interests) that are most important to you; and only matches in attractiveness while being worse in humor. Your current partner excels in your highest-priority traits.,194,228,220,0
Assume you are a 24-year-old single man; and there is a 26-year-old woman who is courting you. Your career type is Researcher. You evaluated her on six dimensions with scores out of 10. These are attractiveness: 6.0/10; sincerity: 5.0/10; intelligence: 5.0/10; being funny: 6.0/10; ambition: 6.0/10; shared interests: 4.0/10. Your importance weights for these attributes are: attractiveness: 20.51; sincerity: 5.13; intelligence: 23.08; being funny: 12.82; ambition: 17.95; shared interests: 20.51. Would you be willing to date this woman? And also tell me the reason. Your answer must be (YES) or (NO) followed by your reason. You must FOLLOW THIS RULE! You MUST NOT SAY other words.,NO. The weighted score (attractiveness: 1.23; sincerity: 0.26; intelligence: 1.15; being funny: 0.77; ambition: 1.08; shared interests: 0.82) totals 5.31; which is below the threshold for compatibility.,204,218,,0
Assume you are a 24-year-old man with career type professor; currently matched with a partner. Your current partner's scores (out of 10): attractiveness: 5.0/10; sincerity: 5.0/10; intelligence: 4.0/10; being funny: 2.0/10; ambition: 3.0/10; shared interests: 3.0/10. A new woman is courting you with scores: attractiveness: 6.0/10; sincerity: 7.0/10; intelligence: 6.0/10; being funny: 4.0/10; ambition: 5.0/10; shared interests: 6.0/10. Your importance weights are: attractiveness: 13.51; sincerity: 18.92; intelligence: 21.62; being funny: 13.51; ambition: 13.51; shared interests: 18.92. Would you leave your current partner for the new woman? Your answer must be (YES) or (NO) followed by your reason. You must FOLLOW THIS RULE! You MUST NOT SAY other words.,YES. The new woman has higher weighted scores in sincerity; intelligence; ambition; and shared interests; which are your most important traits (higher weights). The overall compatibility improvement justifies the switch.,196,228,227,1
Assume you are a 26-year-old man with career type corporate finance; currently matched with a partner. Your current partner's scores (out of 10): attractiveness: 9.0/10; sincerity: 10.0/10; intelligence: 10.0/10; being funny: 10.0/10; ambition: 9.0/10; shared interests: 10.0/10. A new woman is courting you with scores: attractiveness: 8.0/10; sincerity: 8.0/10; intelligence: 8.0/10; being funny: 8.0/10; ambition: 8.0/10; shared interests: 8.0/10. Your importance weights are: attractiveness: 20.0; sincerity: 16.0; intelligence: 18.0; being funny: 16.0; ambition: 16.0; shared interests: 14.0. Would you leave your current partner for the new woman? Your answer must be (YES) or (NO) followed by your reason. You must FOLLOW THIS RULE! You MUST NOT SAY other words.,NO. Your current partner scores higher in all categories that you value most (attractiveness; sincerity; intelligence; being funny; ambition; and shared interests); and the weights you assign to these traits further emphasize the superiority of your current match. The new woman does not outperform your partner in any key area.,199,227,219,0
Assume you are a 23-year-old woman with career type investment banking; currently matched with a partner. Your current partner's scores (out of 10): attractiveness: 9.0/10; sincerity: 9.0/10; intelligence: 9.0/10; being funny: 9.0/10; ambition: 9.0/10; shared interests: 9.0/10. A new man is courting you with scores: attractiveness: 3.0/10; sincerity: 4.0/10; intelligence: 5.0/10; being funny: 6.0/10; ambition: 6.0/10; shared interests: 7.0/10. Your importance weights are: attractiveness: 15.38; sincerity: 19.23; intelligence: 17.31; being funny: 19.23; ambition: 9.62; shared interests: 19.23. Would you leave your current partner for the new man? Your answer must be (YES) or (NO) followed by your reason. You must FOLLOW THIS RULE! You MUST NOT SAY other words.,NO. The new man scores significantly lower in nearly all categories that are highly weighted for you (sincerity; intelligence; being funny; shared interests); and your current partner excels in all areas. The trade-off is not favorable.,216,198,213,0
Assume you are a 26-year-old man with career type corporate finance; currently matched with a partner. Your current partner's scores (out of 10): attractiveness: 7.0/10; sincerity: 10.0/10; intelligence: 10.0/10; being funny: 7.0/10; ambition: 9.0/10; shared interests: nan/10. A new woman is courting you with scores: attractiveness: 8.0/10; sincerity: 7.0/10; intelligence: 8.0/10; being funny: 7.0/10; ambition: 8.0/10; shared interests: 8.0/10. Your importance weights are: attractiveness: 20.0; sincerity: 16.0; intelligence: 18.0; being funny: 16.0; ambition: 16.0; shared interests: 14.0. Would you leave your current partner for the new woman? Your answer must be (YES) or (NO) followed by your reason. You must FOLLOW THIS RULE! You MUST NOT SAY other words.,NO. Your current partner scores higher in sincerity and intelligence; which are weighted heavily in your priorities (16.0 and 18.0 respectively). The new woman does not outweigh these key factors despite slightly higher attractiveness and shared interests.,200,227,214,0
Assume you are a 30-year-old man with career type International affairs related career; currently matched with a partner. Your current partner's scores (out of 10): attractiveness: 6.0/10; sincerity: 10.0/10; intelligence: 10.0/10; being funny: 9.0/10; ambition: 10.0/10; shared interests: 7.0/10. A new woman is courting you with scores: attractiveness: 5.0/10; sincerity: 4.0/10; intelligence: 6.0/10; being funny: 5.0/10; ambition: 6.0/10; shared interests: 4.0/10. Your importance weights are: attractiveness: 18.6; sincerity: 20.93; intelligence: 23.26; being funny: 23.26; ambition: 2.33; shared interests: 11.63. Would you leave your current partner for the new woman? Your answer must be (YES) or (NO) followed by your reason. You must FOLLOW THIS RULE! You MUST NOT SAY other words.,NO. The new woman scores significantly lower in sincerity; intelligence; humor; and shared interests—traits you highly value—while offering minimal gains in attractiveness and no meaningful advantage elsewhere. Your current partner excels in key areas that matter most to you.,194,231,220,0
Assume you are a 24-year-old man with career type Researcher; currently matched with a partner. Your current partner's scores (out of 10): attractiveness: 4.0/10; sincerity: 10.0/10; intelligence: 10.0/10; being funny: 9.0/10; ambition: 8.0/10; shared interests: 7.0/10. A new woman is courting you with scores: attractiveness: 5.0/10; sincerity: 7.0/10; intelligence: 8.0/10; being funny: 5.0/10; ambition: 6.0/10; shared interests: 5.0/10. Your importance weights are: attractiveness: 20.51; sincerity: 5.13; intelligence: 23.08; being funny: 12.82; ambition: 17.95; shared interests: 20.51. Would you leave your current partner for the new woman? Your answer must be (YES) or (NO) followed by your reason. You must FOLLOW THIS RULE! You MUST NOT SAY other words.,NO. The current partner scores higher in key weighted categories like intelligence (23.08); attractiveness (20.51); and shared interests (20.51); outweighing the new woman's minor advantages.,206,218,222,0
Assume you are a 23-year-old woman with career type investment banking; currently matched with a partner. Your current partner's scores (out of 10): attractiveness: 6.0/10; sincerity: 10.0/10; intelligence: 8.0/10; being funny: 8.0/10; ambition: 6.0/10; shared interests: 6.0/10. A new man is courting you with scores: attractiveness: 6.0/10; sincerity: 5.0/10; intelligence: 7.0/10; being funny: 5.0/10; ambition: 5.0/10; shared interests: 6.0/10. Your importance weights are: attractiveness: 15.38; sincerity: 19.23; intelligence: 17.31; being funny: 19.23; ambition: 9.62; shared interests: 19.23. Would you leave your current partner for the new man? Your answer must be (YES) or (NO) followed by your reason. You must FOLLOW THIS RULE! You MUST NOT SAY other words.,NO. The new man scores lower in sincerity; being funny; and ambition; which are highly weighted traits for you. Your current partner excels in sincerity and humor; aligning better with your priorities.,217,198,212,0
Assume you are a 24-year-old man with career type Researcher; currently matched with a partner. Your current partner's scores (out of 10): attractiveness: 10.0/10; sincerity: 9.0/10; intelligence: 9.0/10; being funny: 10.0/10; ambition: 10.0/10; shared interests: 10.0/10. A new woman is courting you with scores: attractiveness: 6.0/10; sincerity: 5.0/10; intelligence: 6.0/10; being funny: 7.0/10; ambition: 6.0/10; shared interests: 4.0/10. Your importance weights are: attractiveness: 20.51; sincerity: 5.13; intelligence: 23.08; being funny: 12.82; ambition: 17.95; shared interests: 20.51. Would you leave your current partner for the new woman? Your answer must be (YES) or (NO) followed by your reason. You must FOLLOW THIS RULE! You MUST NOT SAY other words.,NO. The new woman scores significantly lower in key weighted categories like intelligence; shared interests; and attractiveness; which are highly important to you. Your current partner excels in all areas; making her the better match.,207,218,226,0
Assume you are a 30-year-old man with career type International affairs related career; currently matched with a partner. Your current partner's scores (out of 10): attractiveness: 7.0/10; sincerity: 8.0/10; intelligence: 9.0/10; being funny: 9.0/10; ambition: 8.0/10; shared interests: 9.0/10. A new woman is courting you with scores: attractiveness: 6.0/10; sincerity: 8.0/10; intelligence: 8.0/10; being funny: 8.0/10; ambition: 4.0/10; shared interests: 6.0/10. Your importance weights are: attractiveness: 18.6; sincerity: 20.93; intelligence: 23.26; being funny: 23.26; ambition: 2.33; shared interests: 11.63. Would you leave your current partner for the new woman? Your answer must be (YES) or (NO) followed by your reason. You must FOLLOW THIS RULE! You MUST NOT SAY other words.,NO. The new woman scores lower in key weighted categories (intelligence; being funny; shared interests) and significantly lower in ambition; while only matching sincerity and scoring lower in attractiveness. The current partner aligns better with your priorities.,195,231,215,0
Assume you are a 26-year-old man with career type corporate finance; currently matched with a partner. Your current partner's scores (out of 10): attractiveness: 9.0/10; sincerity: 9.0/10; intelligence: 9.0/10; being funny: 8.0/10; ambition: 9.0/10; shared interests: 4.0/10. A new woman is courting you with scores: attractiveness: 4.0/10; sincerity: 6.0/10; intelligence: 7.0/10; being funny: 4.0/10; ambition: 5.0/10; shared interests: 4.0/10. Your importance weights are: attractiveness: 20.0; sincerity: 16.0; intelligence: 18.0; being funny: 16.0; ambition: 16.0; shared interests: 14.0. Would you leave your current partner for the new woman? Your answer must be (YES) or (NO) followed by your reason. You must FOLLOW THIS RULE! You MUST NOT SAY other words.,NO. The new woman scores significantly lower in key weighted categories (attractiveness; sincerity; intelligence; humor; ambition) compared to your current partner; with no advantage in shared interests. The current partner is a far better match based on your priorities.,202,227,229,0
Assume you are a 24-year-old man with career type Researcher; currently matched with a partner. Your current partner's scores (out of 10): attractiveness: 5.0/10; sincerity: 8.0/10; intelligence: 8.0/10; being funny: 9.0/10; ambition: 9.0/10; shared interests: 5.0/10. A new woman is courting you with scores: attractiveness: 7.0/10; sincerity: 6.0/10; intelligence: 6.0/10; being funny: 8.0/10; ambition: 7.0/10; shared interests: 4.0/10. Your importance weights are: attractiveness: 20.51; sincerity: 5.13; intelligence: 23.08; being funny: 12.82; ambition: 17.95; shared interests: 20.51. Would you leave your current partner for the new woman? Your answer must be (YES) or (NO) followed by your reason. You must FOLLOW THIS RULE! You MUST NOT SAY other words.,NO. The current partner scores higher in intelligence; ambition; and shared interests; which are your top priorities (weights: 23.08; 17.95; 20.51). The new woman offers only slight improvements in attractiveness and humor; which don't outweigh the losses in key areas.,208,218,225,0
Assume you are a 26-year-old woman with career type marketing / brand management; currently matched with a partner. Your current partner's scores (out of 10): attractiveness: 6.0/10; sincerity: 6.0/10; intelligence: 6.0/10; being funny: 6.0/10; ambition: 5.0/10; shared interests: 5.0/10. A new man is courting you with scores: attractiveness: 7.0/10; sincerity: 8.0/10; intelligence: 9.0/10; being funny: 8.0/10; ambition: 8.0/10; shared interests: 8.0/10. Your importance weights are: attractiveness: 19.61; sincerity: 15.69; intelligence: 17.65; being funny: 15.69; ambition: 17.65; shared interests: 13.73. Would you leave your current partner for the new man? Your answer must be (YES) or (NO) followed by your reason. You must FOLLOW THIS RULE! You MUST NOT SAY other words.,YES. The new man scores significantly higher in all weighted categories; especially in intelligence; ambition; and shared interests; which are highly valued based on your importance weights. This suggests a better overall match for your preferences.,219,204,199,1
Assume you are a 26-year-old man with career type corporate finance; currently matched with a partner. Your current partner's scores (out of 10): attractiveness: 5.0/10; sincerity: 8.0/10; intelligence: 8.0/10; being funny: 7.0/10; ambition: 9.0/10; shared interests: nan/10. A new woman is courting you with scores: attractiveness: 5.0/10; sincerity: 7.0/10; intelligence: 7.0/10; being funny: 5.0/10; ambition: 6.0/10; shared interests: 5.0/10. Your importance weights are: attractiveness: 20.0; sincerity: 16.0; intelligence: 18.0; being funny: 16.0; ambition: 16.0; shared interests: 14.0. Would you leave your current partner for the new woman? Your answer must be (YES) or (NO) followed by your reason. You must FOLLOW THIS RULE! You MUST NOT SAY other words.,NO. The current partner scores higher in key weighted categories (sincerity; intelligence; ambition) and matches in attractiveness; while the new woman offers no significant upgrade to justify leaving.,203,227,223,0
Assume you are a 23-year-old woman with career type investment banking; currently matched with a partner. Your current partner's scores (out of 10): attractiveness: 8.0/10; sincerity: 10.0/10; intelligence: 9.0/10; being funny: 9.0/10; ambition: 9.0/10; shared interests: 6.0/10. A new man is courting you with scores: attractiveness: 4.0/10; sincerity: 6.0/10; intelligence: 7.0/10; being funny: 7.0/10; ambition: 6.0/10; shared interests: 6.0/10. Your importance weights are: attractiveness: 15.38; sincerity: 19.23; intelligence: 17.31; being funny: 19.23; ambition: 9.62; shared interests: 19.23. Would you leave your current partner for the new man? Your answer must be (YES) or (NO) followed by your reason. You must FOLLOW THIS RULE! You MUST NOT SAY other words.,NO. The new man scores significantly lower in key weighted categories like sincerity; intelligence; being funny; and ambition; which are highly important to you. The current partner outperforms him in almost every aspect that matters most to you.,225,198,208,0
Assume you are a 30-year-old woman with career type Historian; currently matched with a partner. Your current partner's scores (out of 10): attractiveness: 6.0/10; sincerity: 10.0/10; intelligence: 8.0/10; being funny: 8.0/10; ambition: 6.0/10; shared interests: 6.0/10. A new man is courting you with scores: attractiveness: 9.0/10; sincerity: 9.0/10; intelligence: 9.0/10; being funny: 8.0/10; ambition: 9.0/10; shared interests: 8.0/10. Your importance weights are: attractiveness: 17.5; sincerity: 17.5; intelligence: 20.0; being funny: 12.5; ambition: 20.0; shared interests: 12.5. Would you leave your current partner for the new man? Your answer must be (YES) or (NO) followed by your reason. You must FOLLOW THIS RULE! You MUST NOT SAY other words.,YES; the new man scores significantly higher in key weighted categories (intelligence; ambition; shared interests) while maintaining strong scores in sincerity and attractiveness; making him a better overall match.,217,199,212,1
Assume you are a 24-year-old single man; and there is a 27-year-old woman who is courting you. Your career type is Researcher. You evaluated her on six dimensions with scores out of 10. These are attractiveness: 6.0/10; sincerity: 5.0/10; intelligence: 6.0/10; being funny: 6.0/10; ambition: 6.0/10; shared interests: 5.0/10. Your importance weights for these attributes are: attractiveness: 20.51; sincerity: 5.13; intelligence: 23.08; being funny: 12.82; ambition: 17.95; shared interests: 20.51. Would you be willing to date this woman? And also tell me the reason. Your answer must be (YES) or (NO) followed by your reason. You must FOLLOW THIS RULE! You MUST NOT SAY other words.,NO. The weighted score (attractiveness: 1.23; sincerity: 0.26; intelligence: 1.38; being funny: 0.77; ambition: 1.08; shared interests: 1.03) sums to 5.75; which is below the threshold for compatibility given your priorities.,212,218,,0
Assume you are a 27-year-old man with career type Investment Banking; currently matched with a partner. Your current partner's scores (out of 10): attractiveness: 7.0/10; sincerity: 8.0/10; intelligence: 9.0/10; being funny: 8.0/10; ambition: 8.0/10; shared interests: 8.0/10. A new woman is courting you with scores: attractiveness: 4.0/10; sincerity: 5.0/10; intelligence: 6.0/10; being funny: 6.0/10; ambition: 7.0/10; shared interests: 3.0/10. Your importance weights are: attractiveness: 15.56; sincerity: 17.78; intelligence: 17.78; being funny: 17.78; ambition: 17.78; shared interests: 13.33. Would you leave your current partner for the new woman? Your answer must be (YES) or (NO) followed by your reason. You must FOLLOW THIS RULE! You MUST NOT SAY other words.,NO. The new woman's scores are significantly lower in key weighted categories like sincerity; intelligence; being funny; and shared interests; which outweigh her slightly higher ambition. The current partner's overall weighted score is higher.,204,221,219,0
Assume you are a 23-year-old woman with career type investment banking; currently matched with a partner. Your current partner's scores (out of 10): attractiveness: 9.0/10; sincerity: 7.0/10; intelligence: 7.0/10; being funny: 9.0/10; ambition: 7.0/10; shared interests: 7.0/10. A new man is courting you with scores: attractiveness: 8.0/10; sincerity: 7.0/10; intelligence: 7.0/10; being funny: 6.0/10; ambition: 6.0/10; shared interests: 6.0/10. Your importance weights are: attractiveness: 15.38; sincerity: 19.23; intelligence: 17.31; being funny: 19.23; ambition: 9.62; shared interests: 19.23. Would you leave your current partner for the new man? Your answer must be (YES) or (NO) followed by your reason. You must FOLLOW THIS RULE! You MUST NOT SAY other words.,NO. The new man scores lower in key weighted categories like being funny; ambition; and shared interests; which are highly important to you. The current partner outperforms him overall.,226,198,207,0
Assume you are a 30-year-old man with career type International affairs related career; currently matched with a partner. Your current partner's scores (out of 10): attractiveness: 2.0/10; sincerity: 5.0/10; intelligence: 3.0/10; being funny: 2.0/10; ambition: nan/10; shared interests: nan/10. A new woman is courting you with scores: attractiveness: 8.0/10; sincerity: 6.0/10; intelligence: 7.0/10; being funny: 6.0/10; ambition: 6.0/10; shared interests: 3.0/10. Your importance weights are: attractiveness: 18.6; sincerity: 20.93; intelligence: 23.26; being funny: 23.26; ambition: 2.33; shared interests: 11.63. Would you leave your current partner for the new woman? Your answer must be (YES) or (NO) followed by your reason. You must FOLLOW THIS RULE! You MUST NOT SAY other words.,YES. The new woman scores significantly higher in key weighted categories (intelligence; being funny; attractiveness) that you prioritize; outweighing the lower scores in less important areas (ambition; shared interests).,196,231,228,1
Assume you are a 24-year-old man with career type Researcher; currently matched with a partner. Your current partner's scores (out of 10): attractiveness: 6.0/10; sincerity: 8.0/10; intelligence: 9.0/10; being funny: 7.0/10; ambition: 7.0/10; shared interests: 7.0/10. A new woman is courting you with scores: attractiveness: 6.0/10; sincerity: 6.0/10; intelligence: 6.0/10; being funny: 5.0/10; ambition: 6.0/10; shared interests: 5.0/10. Your importance weights are: attractiveness: 20.51; sincerity: 5.13; intelligence: 23.08; being funny: 12.82; ambition: 17.95; shared interests: 20.51. Would you leave your current partner for the new woman? Your answer must be (YES) or (NO) followed by your reason. You must FOLLOW THIS RULE! You MUST NOT SAY other words.,NO. The new woman scores lower in intelligence; sincerity; being funny; ambition; and shared interests—traits you highly value—while matching only in attractiveness. Your current partner aligns better with your priorities.,213,218,216,0
Assume you are a 26-year-old man with career type corporate finance; currently matched with a partner. Your current partner's scores (out of 10): attractiveness: 4.0/10; sincerity: 10.0/10; intelligence: 10.0/10; being funny: 9.0/10; ambition: 8.0/10; shared interests: 7.0/10. A new woman is courting you with scores: attractiveness: 4.0/10; sincerity: 5.0/10; intelligence: 6.0/10; being funny: 4.0/10; ambition: 5.0/10; shared interests: 3.0/10. Your importance weights are: attractiveness: 20.0; sincerity: 16.0; intelligence: 18.0; being funny: 16.0; ambition: 16.0; shared interests: 14.0. Would you leave your current partner for the new woman? Your answer must be (YES) or (NO) followed by your reason. You must FOLLOW THIS RULE! You MUST NOT SAY other words.,NO. The new woman scores lower in all important categories (sincerity; intelligence; being funny; ambition; shared interests) and equally in attractiveness; making her a worse match overall based on your weighted preferences.,206,227,222,0
Assume you are a 23-year-old single woman; and there is a 24-year-old man who is courting you. Your career type is investment banking. You evaluated him on six dimensions with scores out of 10. These are attractiveness: 8.0/10; sincerity: 8.0/10; intelligence: 8.0/10; being funny: 8.0/10; ambition: 8.0/10; shared interests: 5.0/10. Your importance weights for these attributes are: attractiveness: 15.38; sincerity: 19.23; intelligence: 17.31; being funny: 19.23; ambition: 9.62; shared interests: 19.23. Would you be willing to date this man? And also tell me the reason. Your answer must be (YES) or (NO) followed by your reason. You must FOLLOW THIS RULE! You MUST NOT SAY other words.,NO – Shared interests score is too low relative to its high importance weight.,228,198,,0
Assume you are a 26-year-old man with career type corporate finance; currently matched with a partner. Your current partner's scores (out of 10): attractiveness: 5.0/10; sincerity: 8.0/10; intelligence: 8.0/10; being funny: 9.0/10; ambition: 9.0/10; shared interests: 5.0/10. A new woman is courting you with scores: attractiveness: 8.0/10; sincerity: 8.0/10; intelligence: 8.0/10; being funny: 8.0/10; ambition: 8.0/10; shared interests: 7.0/10. Your importance weights are: attractiveness: 20.0; sincerity: 16.0; intelligence: 18.0; being funny: 16.0; ambition: 16.0; shared interests: 14.0. Would you leave your current partner for the new woman? Your answer must be (YES) or (NO) followed by your reason. You must FOLLOW THIS RULE! You MUST NOT SAY other words.,NO; because the current partner scores higher in sincerity; intelligence; being funny; and ambition; which are weighted more heavily in your priorities.,208,227,225,0
Assume you are a 27-year-old woman with career type Finance; currently matched with a partner. Your current partner's scores (out of 10): attractiveness: 6.0/10; sincerity: 6.0/10; intelligence: 8.0/10; being funny: 6.0/10; ambition: 7.0/10; shared interests: 5.0/10. A new man is courting you with scores: attractiveness: 8.0/10; sincerity: 8.0/10; intelligence: 9.0/10; being funny: 8.0/10; ambition: 9.0/10; shared interests: 6.0/10. Your importance weights are: attractiveness: 14.29; sincerity: 18.37; intelligence: 18.37; being funny: 16.33; ambition: 18.37; shared interests: 14.29. Would you leave your current partner for the new man? Your answer must be (YES) or (NO) followed by your reason. You must FOLLOW THIS RULE! You MUST NOT SAY other words.,YES - The new man scores higher in all weighted categories (attractiveness; sincerity; intelligence; being funny; ambition) except shared interests; which are equally weighted but only slightly lower (5.0 vs. 6.0). Given the importance weights; the new man is a better overall match.,219,212,204,1
Assume you are a 27-year-old man with career type Investment Banking; currently matched with a partner. Your current partner's scores (out of 10): attractiveness: 10.0/10; sincerity: 10.0/10; intelligence: 10.0/10; being funny: 7.0/10; ambition: 7.0/10; shared interests: 9.0/10. A new woman is courting you with scores: attractiveness: 5.0/10; sincerity: 5.0/10; intelligence: 7.0/10; being funny: 6.0/10; ambition: 6.0/10; shared interests: 3.0/10. Your importance weights are: attractiveness: 15.56; sincerity: 17.78; intelligence: 17.78; being funny: 17.78; ambition: 17.78; shared interests: 13.33. Would you leave your current partner for the new woman? Your answer must be (YES) or (NO) followed by your reason. You must FOLLOW THIS RULE! You MUST NOT SAY other words.,NO. The new woman scores significantly lower in key weighted categories (sincerity; intelligence; being funny; ambition) and shared interests; which are highly important to you. Your current partner excels in these areas.,205,221,224,0
Assume you are a 23-year-old woman with career type investment banking; currently matched with a partner. Your current partner's scores (out of 10): attractiveness: 9.0/10; sincerity: 5.0/10; intelligence: 6.0/10; being funny: 7.0/10; ambition: 6.0/10; shared interests: 5.0/10. A new man is courting you with scores: attractiveness: 4.0/10; sincerity: 5.0/10; intelligence: 5.0/10; being funny: 5.0/10; ambition: 5.0/10; shared interests: 5.0/10. Your importance weights are: attractiveness: 15.38; sincerity: 19.23; intelligence: 17.31; being funny: 19.23; ambition: 9.62; shared interests: 19.23. Would you leave your current partner for the new man? Your answer must be (YES) or (NO) followed by your reason. You must FOLLOW THIS RULE! You MUST NOT SAY other words.,NO. The new man scores lower in all categories except sincerity (which is equal) and does not outperform your current partner in any weighted priority (attractiveness; intelligence; humor; ambition; or shared interests). The current partner; despite flaws; aligns better with your importance weights.,214,198,200,0
Assume you are a 26-year-old man with career type corporate finance; currently matched with a partner. Your current partner's scores (out of 10): attractiveness: 6.0/10; sincerity: 9.0/10; intelligence: 8.0/10; being funny: 9.0/10; ambition: 8.0/10; shared interests: 8.0/10. A new woman is courting you with scores: attractiveness: 6.0/10; sincerity: 6.0/10; intelligence: 6.0/10; being funny: 5.0/10; ambition: 5.0/10; shared interests: 5.0/10. Your importance weights are: attractiveness: 20.0; sincerity: 16.0; intelligence: 18.0; being funny: 16.0; ambition: 16.0; shared interests: 14.0. Would you leave your current partner for the new woman? Your answer must be (YES) or (NO) followed by your reason. You must FOLLOW THIS RULE! You MUST NOT SAY other words.,NO. The new woman scores lower in all categories except attractiveness (which is equal); and your importance weights prioritize traits where your current partner significantly outperforms her (sincerity; intelligence; being funny; ambition; shared interests).,211,227,230,0
Assume you are a 27-year-old man with career type Investment Banking; currently matched with a partner. Your current partner's scores (out of 10): attractiveness: 6.0/10; sincerity: 9.0/10; intelligence: 8.0/10; being funny: 9.0/10; ambition: 8.0/10; shared interests: 8.0/10. A new woman is courting you with scores: attractiveness: 6.0/10; sincerity: 5.0/10; intelligence: 6.0/10; being funny: 6.0/10; ambition: 7.0/10; shared interests: 3.0/10. Your importance weights are: attractiveness: 15.56; sincerity: 17.78; intelligence: 17.78; being funny: 17.78; ambition: 17.78; shared interests: 13.33. Would you leave your current partner for the new woman? Your answer must be (YES) or (NO) followed by your reason. You must FOLLOW THIS RULE! You MUST NOT SAY other words.,NO. The new woman scores significantly lower in sincerity; intelligence; being funny; and shared interests—traits you highly value—while offering no advantage in attractiveness and only a marginal increase in ambition. Your current partner aligns much better with your priorities.,211,221,230,0
Assume you are a 23-year-old single woman; and there is a 24-year-old man who is courting you. Your career type is investment banking. You evaluated him on six dimensions with scores out of 10. These are attractiveness: 5.0/10; sincerity: 4.0/10; intelligence: 5.0/10; being funny: 5.0/10; ambition: 4.0/10; shared interests: 5.0/10. Your importance weights for these attributes are: attractiveness: 15.38; sincerity: 19.23; intelligence: 17.31; being funny: 19.23; ambition: 9.62; shared interests: 19.23. Would you be willing to date this man? And also tell me the reason. Your answer must be (YES) or (NO) followed by your reason. You must FOLLOW THIS RULE! You MUST NOT SAY other words.,NO. The weighted scores (attractiveness: 0.77; sincerity: 0.77; intelligence: 0.87; being funny: 0.96; ambition: 0.38; shared interests: 0.96) sum to 4.71/10; which is below average; and key traits like sincerity and ambition are low.,218,198,,0
Assume you are a 24-year-old man with career type Researcher; currently matched with a partner. Your current partner's scores (out of 10): attractiveness: 6.0/10; sincerity: 10.0/10; intelligence: 10.0/10; being funny: 9.0/10; ambition: 10.0/10; shared interests: 7.0/10. A new woman is courting you with scores: attractiveness: 2.0/10; sincerity: 6.0/10; intelligence: 4.0/10; being funny: 5.0/10; ambition: 4.0/10; shared interests: 4.0/10. Your importance weights are: attractiveness: 20.51; sincerity: 5.13; intelligence: 23.08; being funny: 12.82; ambition: 17.95; shared interests: 20.51. Would you leave your current partner for the new woman? Your answer must be (YES) or (NO) followed by your reason. You must FOLLOW THIS RULE! You MUST NOT SAY other words.,NO. The new woman scores significantly lower in key weighted categories like intelligence (23.08); attractiveness (20.51); and shared interests (20.51); while your current partner excels in sincerity; intelligence; humor; and ambition. The trade-off is not favorable.,194,218,220,0
Assume you are a 26-year-old man with career type corporate finance; currently matched with a partner. Your current partner's scores (out of 10): attractiveness: 8.0/10; sincerity: 8.0/10; intelligence: 9.0/10; being funny: 8.0/10; ambition: 9.0/10; shared interests: 6.0/10. A new woman is courting you with scores: attractiveness: 6.0/10; sincerity: 8.0/10; intelligence: 8.0/10; being funny: 6.0/10; ambition: 6.0/10; shared interests: 6.0/10. Your importance weights are: attractiveness: 20.0; sincerity: 16.0; intelligence: 18.0; being funny: 16.0; ambition: 16.0; shared interests: 14.0. Would you leave your current partner for the new woman? Your answer must be (YES) or (NO) followed by your reason. You must FOLLOW THIS RULE! You MUST NOT SAY other words.,NO. The current partner has higher weighted scores overall (8.0*20 + 8.0*16 + 9.0*18 + 8.0*16 + 9.0*16 + 6.0*14 = 814) compared to the new woman (6.0*20 + 8.0*16 + 8.0*18 + 6.0*16 + 6.0*16 + 6.0*14 = 692). The current partner better aligns with your priorities.,212,227,219,0
Assume you are a 26-year-old man with career type corporate finance; currently matched with a partner. Your current partner's scores (out of 10): attractiveness: 6.0/10; sincerity: 8.0/10; intelligence: 9.0/10; being funny: 7.0/10; ambition: 7.0/10; shared interests: 7.0/10. A new woman is courting you with scores: attractiveness: 6.0/10; sincerity: 8.0/10; intelligence: 8.0/10; being funny: 7.0/10; ambition: 7.0/10; shared interests: 7.0/10. Your importance weights are: attractiveness: 20.0; sincerity: 16.0; intelligence: 18.0; being funny: 16.0; ambition: 16.0; shared interests: 14.0. Would you leave your current partner for the new woman? Your answer must be (YES) or (NO) followed by your reason. You must FOLLOW THIS RULE! You MUST NOT SAY other words.,NO. The new woman's scores are either equal or slightly lower in key areas (intelligence; ambition; shared interests) compared to your current partner; while other traits remain the same. The marginal difference does not justify leaving a stable relationship.,213,227,216,0
Assume you are a 26-year-old single man; and there is a 26-year-old woman who is courting you. Your career type is corporate finance. You evaluated her on six dimensions with scores out of 10. These are attractiveness: 4.0/10; sincerity: 4.0/10; intelligence: 5.0/10; being funny: 5.0/10; ambition: 5.0/10; shared interests: 5.0/10. Your importance weights for these attributes are: attractiveness: 20.0; sincerity: 16.0; intelligence: 18.0; being funny: 16.0; ambition: 16.0; shared interests: 14.0. Would you be willing to date this woman? And also tell me the reason. Your answer must be (YES) or (NO) followed by your reason. You must FOLLOW THIS RULE! You MUST NOT SAY other words.,NO. The weighted average score (4.72/10) is below a threshold that would justify pursuing a relationship given your importance weights and her scores.,204,227,,0
Assume you are a 23-year-old woman with career type investment banking; currently matched with a partner. Your current partner's scores (out of 10): attractiveness: 8.0/10; sincerity: 8.0/10; intelligence: 8.0/10; being funny: 8.0/10; ambition: 6.0/10; shared interests: 7.0/10. A new man is courting you with scores: attractiveness: 5.0/10; sincerity: 4.0/10; intelligence: 5.0/10; being funny: 4.0/10; ambition: 4.0/10; shared interests: 4.0/10. Your importance weights are: attractiveness: 15.38; sincerity: 19.23; intelligence: 17.31; being funny: 19.23; ambition: 9.62; shared interests: 19.23. Would you leave your current partner for the new man? Your answer must be (YES) or (NO) followed by your reason. You must FOLLOW THIS RULE! You MUST NOT SAY other words.,NO. The new man scores significantly lower in all categories; especially in sincerity; intelligence; being funny; and shared interests; which are your highest-weighted priorities. The current partner is a better match overall.,219,198,212,0
Assume you are a 24-year-old man with career type Researcher; currently matched with a partner. Your current partner's scores (out of 10): attractiveness: 6.0/10; sincerity: 9.0/10; intelligence: 8.0/10; being funny: 9.0/10; ambition: 8.0/10; shared interests: 8.0/10. A new woman is courting you with scores: attractiveness: 5.0/10; sincerity: 5.0/10; intelligence: 4.0/10; being funny: 5.0/10; ambition: 4.0/10; shared interests: 4.0/10. Your importance weights are: attractiveness: 20.51; sincerity: 5.13; intelligence: 23.08; being funny: 12.82; ambition: 17.95; shared interests: 20.51. Would you leave your current partner for the new woman? Your answer must be (YES) or (NO) followed by your reason. You must FOLLOW THIS RULE! You MUST NOT SAY other words.,NO. The new woman's scores are significantly lower in key weighted categories like intelligence (23.08 weight) and attractiveness (20.51 weight); making her a worse match overall.,211,218,230,0
Assume you are a 23-year-old single woman; and there is a 27-year-old man who is courting you. Your career type is investment banking. You evaluated him on six dimensions with scores out of 10. These are attractiveness: 3.0/10; sincerity: 5.0/10; intelligence: 6.0/10; being funny: 4.0/10; ambition: 5.0/10; shared interests: 5.0/10. Your importance weights for these attributes are: attractiveness: 15.38; sincerity: 19.23; intelligence: 17.31; being funny: 19.23; ambition: 9.62; shared interests: 19.23. Would you be willing to date this man? And also tell me the reason. Your answer must be (YES) or (NO) followed by your reason. You must FOLLOW THIS RULE! You MUST NOT SAY other words.,NO. The weighted average score is low (4.73/10); with particularly low scores in attractiveness; sincerity; being funny; and shared interests—attributes you highly value (weights 19.23%). The overall compatibility does not meet your standards.,221,198,,0
Assume you are a 24-year-old man with career type professor; currently matched with a partner. Your current partner's scores (out of 10): attractiveness: 10.0/10; sincerity: 10.0/10; intelligence: 10.0/10; being funny: 10.0/10; ambition: 10.0/10; shared interests: 10.0/10. A new woman is courting you with scores: attractiveness: 5.0/10; sincerity: 6.0/10; intelligence: 6.0/10; being funny: 6.0/10; ambition: 7.0/10; shared interests: 5.0/10. Your importance weights are: attractiveness: 13.51; sincerity: 18.92; intelligence: 21.62; being funny: 13.51; ambition: 13.51; shared interests: 18.92. Would you leave your current partner for the new woman? Your answer must be (YES) or (NO) followed by your reason. You must FOLLOW THIS RULE! You MUST NOT SAY other words.,NO. The new woman's scores in all categories are significantly lower than your current partner's; and your importance weights prioritize sincerity; intelligence; and shared interests—where your current partner excels perfectly.,197,228,232,0
Assume you are a 26-year-old man with career type corporate finance; currently matched with a partner. Your current partner's scores (out of 10): attractiveness: 10.0/10; sincerity: 10.0/10; intelligence: 10.0/10; being funny: 7.0/10; ambition: 7.0/10; shared interests: 9.0/10. A new woman is courting you with scores: attractiveness: 3.0/10; sincerity: 5.0/10; intelligence: 6.0/10; being funny: 5.0/10; ambition: 5.0/10; shared interests: 3.0/10. Your importance weights are: attractiveness: 20.0; sincerity: 16.0; intelligence: 18.0; being funny: 16.0; ambition: 16.0; shared interests: 14.0. Would you leave your current partner for the new woman? Your answer must be (YES) or (NO) followed by your reason. You must FOLLOW THIS RULE! You MUST NOT SAY other words.,NO. The new woman scores significantly lower in all important categories compared to your current partner; who excels in attractiveness; sincerity; intelligence; and shared interests—traits you highly value. The trade-off is not favorable.,205,227,224,0
Assume you are a 24-year-old single man; and there is a 23-year-old woman who is courting you. Your career type is professor. You evaluated her on six dimensions with scores out of 10. These are attractiveness: 6.0/10; sincerity: 9.0/10; intelligence: 7.0/10; being funny: 3.0/10; ambition: 8.0/10; shared interests: 4.0/10. Your importance weights for these attributes are: attractiveness: 13.51; sincerity: 18.92; intelligence: 21.62; being funny: 13.51; ambition: 13.51; shared interests: 18.92. Would you be willing to date this woman? And also tell me the reason. Your answer must be (YES) or (NO) followed by your reason. You must FOLLOW THIS RULE! You MUST NOT SAY other words.,YES. Despite lower scores in attractiveness; being funny; and shared interests; her high scores in sincerity; intelligence; and ambition—which are weighted more heavily in your priorities—make her a compatible match.,198,228,,1
Assume you are a 26-year-old woman with career type marketing / brand management; currently matched with a partner. Your current partner's scores (out of 10): attractiveness: 5.0/10; sincerity: 8.0/10; intelligence: 8.0/10; being funny: 7.0/10; ambition: 9.0/10; shared interests: 0.0/10. A new man is courting you with scores: attractiveness: 4.0/10; sincerity: 7.0/10; intelligence: 9.0/10; being funny: 6.0/10; ambition: 8.0/10; shared interests: 8.0/10. Your importance weights are: attractiveness: 19.61; sincerity: 15.69; intelligence: 17.65; being funny: 15.69; ambition: 17.65; shared interests: 13.73. Would you leave your current partner for the new man? Your answer must be (YES) or (NO) followed by your reason. You must FOLLOW THIS RULE! You MUST NOT SAY other words.,NO shared interests are weighted lower than sincerity; intelligence; and ambition; where the current partner scores higher.,220,204,194,0
Assume you are a 26-year-old single woman; and there is a 27-year-old man who is courting you. Your career type is marketing / brand management. You evaluated him on six dimensions with scores out of 10. These are attractiveness: 4.0/10; sincerity: 7.0/10; intelligence: 9.0/10; being funny: 5.0/10; ambition: 6.0/10; shared interests: 6.0/10. Your importance weights for these attributes are: attractiveness: 19.61; sincerity: 15.69; intelligence: 17.65; being funny: 15.69; ambition: 17.65; shared interests: 13.73. Would you be willing to date this man? And also tell me the reason. Your answer must be (YES) or (NO) followed by your reason. You must FOLLOW THIS RULE! You MUST NOT SAY other words.,NO - The weighted average score (5.96/10) is below a strong compatibility threshold; with low attractiveness (4.0) and humor (5.0) scores dragging down the overall evaluation despite strengths in intelligence (9.0) and sincerity (7.0).,221,204,,0
Assume you are a 26-year-old man with career type corporate finance; currently matched with a partner. Your current partner's scores (out of 10): attractiveness: 8.0/10; sincerity: 8.0/10; intelligence: 8.0/10; being funny: 8.0/10; ambition: 8.0/10; shared interests: 5.0/10. A new woman is courting you with scores: attractiveness: 3.0/10; sincerity: 3.0/10; intelligence: 5.0/10; being funny: 4.0/10; ambition: 4.0/10; shared interests: 2.0/10. Your importance weights are: attractiveness: 20.0; sincerity: 16.0; intelligence: 18.0; being funny: 16.0; ambition: 16.0; shared interests: 14.0. Would you leave your current partner for the new woman? Your answer must be (YES) or (NO) followed by your reason. You must FOLLOW THIS RULE! You MUST NOT SAY other words.,NO. The new woman scores significantly lower in all categories; including key weighted factors like attractiveness; sincerity; intelligence; and shared interests; making her a worse match overall.,198,227,228,0
Assume you are a 24-year-old man with career type Researcher; currently matched with a partner. Your current partner's scores (out of 10): attractiveness: 3.0/10; sincerity: 6.0/10; intelligence: 7.0/10; being funny: 8.0/10; ambition: nan/10; shared interests: 3.0/10. A new woman is courting you with scores: attractiveness: 2.0/10; sincerity: 5.0/10; intelligence: 4.0/10; being funny: 3.0/10; ambition: 6.0/10; shared interests: 2.0/10. Your importance weights are: attractiveness: 20.51; sincerity: 5.13; intelligence: 23.08; being funny: 12.82; ambition: 17.95; shared interests: 20.51. Would you leave your current partner for the new woman? Your answer must be (YES) or (NO) followed by your reason. You must FOLLOW THIS RULE! You MUST NOT SAY other words.,NO; the new woman's scores are lower in key weighted categories like intelligence and attractiveness; and the overall match doesn't outweigh the current partner.,196,218,231,0
Assume you are a 26-year-old woman with career type marketing / brand management; currently matched with a partner. Your current partner's scores (out of 10): attractiveness: 9.0/10; sincerity: 9.0/10; intelligence: 9.0/10; being funny: 8.0/10; ambition: 8.0/10; shared interests: 7.0/10. A new man is courting you with scores: attractiveness: 6.0/10; sincerity: 6.0/10; intelligence: 7.0/10; being funny: 6.0/10; ambition: 7.0/10; shared interests: 6.0/10. Your importance weights are: attractiveness: 19.61; sincerity: 15.69; intelligence: 17.65; being funny: 15.69; ambition: 17.65; shared interests: 13.73. Would you leave your current partner for the new man? Your answer must be (YES) or (NO) followed by your reason. You must FOLLOW THIS RULE! You MUST NOT SAY other words.,NO The new man's scores are significantly lower in all categories; especially in attractiveness; sincerity; and shared interests; which are important to you based on your weights. Your current partner outperforms him in every aspect.,223,204,203,0
Assume you are a 24-year-old man with career type Researcher; currently matched with a partner. Your current partner's scores (out of 10): attractiveness: 10.0/10; sincerity: 10.0/10; intelligence: 10.0/10; being funny: 10.0/10; ambition: 10.0/10; shared interests: 10.0/10. A new woman is courting you with scores: attractiveness: 3.0/10; sincerity: 3.0/10; intelligence: 4.0/10; being funny: 4.0/10; ambition: 4.0/10; shared interests: 3.0/10. Your importance weights are: attractiveness: 20.51; sincerity: 5.13; intelligence: 23.08; being funny: 12.82; ambition: 17.95; shared interests: 20.51. Would you leave your current partner for the new woman? Your answer must be (YES) or (NO) followed by your reason. You must FOLLOW THIS RULE! You MUST NOT SAY other words.,NO. The new woman's scores are significantly lower in all categories; especially in the ones you value most (attractiveness; intelligence; and shared interests). Your current partner is a perfect match in every aspect.,197,218,232,0
Assume you are a 26-year-old woman with career type marketing / brand management; currently matched with a partner. Your current partner's scores (out of 10): attractiveness: 8.0/10; sincerity: 10.0/10; intelligence: 9.0/10; being funny: 9.0/10; ambition: 9.0/10; shared interests: 6.0/10. A new man is courting you with scores: attractiveness: 7.0/10; sincerity: 9.0/10; intelligence: 8.0/10; being funny: 7.0/10; ambition: 7.0/10; shared interests: 8.0/10. Your importance weights are: attractiveness: 19.61; sincerity: 15.69; intelligence: 17.65; being funny: 15.69; ambition: 17.65; shared interests: 13.73. Would you leave your current partner for the new man? Your answer must be (YES) or (NO) followed by your reason. You must FOLLOW THIS RULE! You MUST NOT SAY other words.,NO – Your current partner scores higher in key weighted categories (attractiveness; intelligence; ambition) and matches your values better despite slightly lower shared interests. The new man does not offer enough of an improvement to justify leaving.,225,204,208,0
Assume you are a 27-year-old man with career type Investment Banking; currently matched with a partner. Your current partner's scores (out of 10): attractiveness: 8.0/10; sincerity: 8.0/10; intelligence: 9.0/10; being funny: 8.0/10; ambition: 9.0/10; shared interests: 6.0/10. A new woman is courting you with scores: attractiveness: 5.0/10; sincerity: 8.0/10; intelligence: 8.0/10; being funny: 8.0/10; ambition: 8.0/10; shared interests: 6.0/10. Your importance weights are: attractiveness: 15.56; sincerity: 17.78; intelligence: 17.78; being funny: 17.78; ambition: 17.78; shared interests: 13.33. Would you leave your current partner for the new woman? Your answer must be (YES) or (NO) followed by your reason. You must FOLLOW THIS RULE! You MUST NOT SAY other words.,NO. The current partner has higher weighted scores in attractiveness; intelligence; and ambition; which are highly valued based on your importance weights; outweighing the minimal differences in other categories.,212,221,219,0
Assume you are a 27-year-old man with career type Investment Banking; currently matched with a partner. Your current partner's scores (out of 10): attractiveness: 6.0/10; sincerity: 8.0/10; intelligence: 9.0/10; being funny: 7.0/10; ambition: 7.0/10; shared interests: 7.0/10. A new woman is courting you with scores: attractiveness: 5.0/10; sincerity: 7.0/10; intelligence: 7.0/10; being funny: 7.0/10; ambition: 8.0/10; shared interests: 3.0/10. Your importance weights are: attractiveness: 15.56; sincerity: 17.78; intelligence: 17.78; being funny: 17.78; ambition: 17.78; shared interests: 13.33. Would you leave your current partner for the new woman? Your answer must be (YES) or (NO) followed by your reason. You must FOLLOW THIS RULE! You MUST NOT SAY other words.,NO The new woman scores lower in attractiveness; sincerity; intelligence; and shared interests; which are important to you; and the slight increase in ambition does not outweigh the overall lower compatibility.,213,221,216,0
Assume you are a 27-year-old man with career type Investment Banking; currently matched with a partner. Your current partner's scores (out of 10): attractiveness: 8.0/10; sincerity: 8.0/10; intelligence: 8.0/10; being funny: 8.0/10; ambition: 8.0/10; shared interests: 5.0/10. A new woman is courting you with scores: attractiveness: 3.0/10; sincerity: 5.0/10; intelligence: 6.0/10; being funny: 3.0/10; ambition: 7.0/10; shared interests: 3.0/10. Your importance weights are: attractiveness: 15.56; sincerity: 17.78; intelligence: 17.78; being funny: 17.78; ambition: 17.78; shared interests: 13.33. Would you leave your current partner for the new woman? Your answer must be (YES) or (NO) followed by your reason. You must FOLLOW THIS RULE! You MUST NOT SAY other words.,NO. The new woman scores lower in all weighted categories compared to your current partner; especially in key areas like sincerity; intelligence; being funny; and shared interests; which you value highly.,198,221,228,0
Assume you are a 24-year-old man with career type Researcher; currently matched with a partner. Your current partner's scores (out of 10): attractiveness: 8.0/10; sincerity: 8.0/10; intelligence: 8.0/10; being funny: 8.0/10; ambition: 8.0/10; shared interests: 5.0/10. A new woman is courting you with scores: attractiveness: 3.0/10; sincerity: 7.0/10; intelligence: 5.0/10; being funny: 3.0/10; ambition: 4.0/10; shared interests: 2.0/10. Your importance weights are: attractiveness: 20.51; sincerity: 5.13; intelligence: 23.08; being funny: 12.82; ambition: 17.95; shared interests: 20.51. Would you leave your current partner for the new woman? Your answer must be (YES) or (NO) followed by your reason. You must FOLLOW THIS RULE! You MUST NOT SAY other words.,NO. The new woman scores significantly lower in key weighted categories like attractiveness; intelligence; and shared interests; which are highly important to you. Your current partner outperforms her in all areas except sincerity; where the difference is minimal.,198,218,228,0
Assume you are a 27-year-old man with career type Investment Banking; currently matched with a partner. Your current partner's scores (out of 10): attractiveness: 3.0/10; sincerity: 6.0/10; intelligence: 7.0/10; being funny: 8.0/10; ambition: nan/10; shared interests: 3.0/10. A new woman is courting you with scores: attractiveness: 6.0/10; sincerity: 5.0/10; intelligence: 5.0/10; being funny: 4.0/10; ambition: 3.0/10; shared interests: 3.0/10. Your importance weights are: attractiveness: 15.56; sincerity: 17.78; intelligence: 17.78; being funny: 17.78; ambition: 17.78; shared interests: 13.33. Would you leave your current partner for the new woman? Your answer must be (YES) or (NO) followed by your reason. You must FOLLOW THIS RULE! You MUST NOT SAY other words.,NO – The new woman does not significantly outperform your current partner in key weighted categories (sincerity; intelligence; being funny; ambition) to justify leaving.,196,221,231,0
Assume you are a 26-year-old woman with career type marketing / brand management; currently matched with a partner. Your current partner's scores (out of 10): attractiveness: 2.0/10; sincerity: 8.0/10; intelligence: 9.0/10; being funny: 4.0/10; ambition: 3.0/10; shared interests: 2.0/10. A new man is courting you with scores: attractiveness: 8.0/10; sincerity: 7.0/10; intelligence: 8.0/10; being funny: 9.0/10; ambition: 8.0/10; shared interests: 7.0/10. Your importance weights are: attractiveness: 19.61; sincerity: 15.69; intelligence: 17.65; being funny: 15.69; ambition: 17.65; shared interests: 13.73. Would you leave your current partner for the new man? Your answer must be (YES) or (NO) followed by your reason. You must FOLLOW THIS RULE! You MUST NOT SAY other words.,YES. The new man scores significantly higher in attractiveness; ambition; shared interests; and being funny—traits you value highly—while maintaining strong scores in sincerity and intelligence. The weighted benefits outweigh those of your current partner.,229,204,202,1
Assume you are a 22-year-old woman with career type college professor; currently matched with a partner. Your current partner's scores (out of 10): attractiveness: 9.0/10; sincerity: 6.0/10; intelligence: 7.0/10; being funny: 5.0/10; ambition: 6.0/10; shared interests: 7.0/10. A new man is courting you with scores: attractiveness: 9.0/10; sincerity: 8.0/10; intelligence: 9.0/10; being funny: 8.0/10; ambition: 10.0/10; shared interests: 7.0/10. Your importance weights are: attractiveness: 15.38; sincerity: 19.23; intelligence: 19.23; being funny: 19.23; ambition: 15.38; shared interests: 11.54. Would you leave your current partner for the new man? Your answer must be (YES) or (NO) followed by your reason. You must FOLLOW THIS RULE! You MUST NOT SAY other words.,YES. The new man scores higher in sincerity; intelligence; being funny; and ambition—traits you value more heavily—while matching in attractiveness and shared interests. The overall weighted score favors the new partner.,217,202,199,1
Assume you are a 30-year-old single woman; and there is a 24-year-old man who is courting you. Your career type is Historian. You evaluated him on six dimensions with scores out of 10. These are attractiveness: 4.0/10; sincerity: 9.0/10; intelligence: 9.0/10; being funny: 4.0/10; ambition: 9.0/10; shared interests: 4.0/10. Your importance weights for these attributes are: attractiveness: 17.5; sincerity: 17.5; intelligence: 20.0; being funny: 12.5; ambition: 20.0; shared interests: 12.5. Would you be willing to date this man? And also tell me the reason. Your answer must be (YES) or (NO) followed by your reason. You must FOLLOW THIS RULE! You MUST NOT SAY other words.,NO. Despite high scores in sincerity; intelligence; and ambition; the low compatibility in attractiveness; shared interests; and humor; combined with the age gap; outweigh the positives for a long-term match.,218,199,,0
Assume you are a 30-year-old single woman; and there is a 27-year-old man who is courting you. Your career type is Historian. You evaluated him on six dimensions with scores out of 10. These are attractiveness: 5.0/10; sincerity: 10.0/10; intelligence: 9.0/10; being funny: 6.0/10; ambition: 9.0/10; shared interests: 2.0/10. Your importance weights for these attributes are: attractiveness: 17.5; sincerity: 17.5; intelligence: 20.0; being funny: 12.5; ambition: 20.0; shared interests: 12.5. Would you be willing to date this man? And also tell me the reason. Your answer must be (YES) or (NO) followed by your reason. You must FOLLOW THIS RULE! You MUST NOT SAY other words.,YES. Despite low shared interests; his high scores in sincerity; intelligence; and ambition (which are highly weighted) make him a strong match.,221,199,,1
