假设您是一位 23 岁的单身男士，有一位 23 岁的女性正在追求您。您的职业类型是 知识产权法。您对她进行了六个维度的评估，满分为 10 分。这六个维度分别是：吸引力：10.0/10，真诚：9.0/10，智力：9.0/10，幽默感：10.0/10，抱负：10.0/10，共同兴趣：10.0/10。您对这些属性的重要性权重为：吸引力：17.31，真诚： 13.46，智力：17.31，幽默感：19.23，野心：19.23，共同兴趣：13.46。你愿意和这位女士约会吗？请告诉我原因。你的答案必须是(是）或（否），然后说明你的理由。你必须遵守这条规则！你不能说其他话。,是。因为根据你提供的评分与权重，这位女性在你所有看重的维度上都获得了非常高的评分，这表明她与你非常匹配，满足了你的择偶标准。,226,207,,1
假设你是一位 24 岁的单身男士，有一位 27 岁的女性正在追求你。你的职业类型是 教授。你从六个维度对她进行了评估，满分为 10 分。这六个维度分别是：吸引力：6.0/10，真诚：6.0/10，智力：6.0/10，幽默感：7.0/10，抱负：6.0/10，共同兴趣：5.0/10。这些属性的重要性权重如下：吸引力：13.51，真诚：18.92，智力：21.62，幽默感：13.51，抱负：13.51，共同兴趣：18.92。你愿意和这位女士约会吗？请告诉我原因。你的答案必须是（是）或（否），然后说明你的原因。你必须遵守这条规则！你不能说其他话。,否。根据你提供的评估分数和重要性权重，可以看出在六个维度中，双方的匹配度都不算特别高，尤其是吸引力、智力、抱负以及共同兴趣方面，分数偏低。同时，真诚与幽默感这两个维度的分数虽然稍微好一些，但也不算特别突出。另外，从职业类型来看，作为教授，可能会更看重对方的智力水平和共同兴趣，而这些正是分数比较低的方面。因此，基于这些评估，选择不约会可能是更合适的选择。,195,228,,1
假设您是一位 30 岁的单身男士，有一位 26 岁的女性正在追求您。您的职业类型是 历史学家。您对她进行了六个维度的评估，满分为 10 分。这六个维度分别是：吸引力：9.0/10，真诚：10.0/10，智力：10.0/10，幽默感：10.0/10，抱负：9.0/10，共同兴趣：10.0/10。您对这些属性的重要性权重为：吸引力：17.5，真诚： 17.5，智力：20.0，幽默感：12.5，野心：20.0，共同兴趣：12.5。你愿意和这位女士约会吗？请告诉我原因。你的答案必须是(是）或（否），然后说明你的理由。你必须遵守这条规则！你不能说其他话。,是。根据您提供的六个维度的评分和权重，这位女性在各个方面的得分都很高，特别是真诚、智力、幽默感和共同兴趣方面都是满分。这些品质对于建立一段长期稳定的关系非常重要，因此，我愿意和这位女士约会。,219,199,,1
假设您是一位 26 岁的单身男士，有一位 26 岁的女性正在追求您。您的职业类型是 市场营销 / 品牌管理。您对她进行了六个维度的评估，满分为 10 分。这六个维度分别是：吸引力：9.0/10，真诚：8.0/10，智力：10.0/10，幽默感：8.0/10，抱负：10.0/10，共同兴趣：7.0/10。您对这些属性的重要性权重为：吸引力：19.61，真诚： 15.69，智力：17.65，幽默感：15.69，野心：17.65，共同兴趣：13.73。你愿意和这位女士约会吗？请告诉我原因。你的答案必须是(是）或（否），然后说明你的理由。你必须遵守这条规则！你不能说其他话。,是。根据对六个维度属性的评估和各个维度的重要性权重，这位女士在绝大部分维度上都获得了较高的分数，尤其是在智力和抱负方面，这表明她具有较高的个人能力和远大的目标。同时，她的吸引力、真诚和幽默感也都处于良好水平，这将有利于建立彼此之间的良好关系。虽然共同兴趣方面稍低，但并不妨碍两人进一步了解对方。因此，我会愿意与这位女士进行约会。,217,204,,1
假设你是一位 26 岁的单身男士，有一位 24 岁的女性正在追求你。你的职业类型是 公司金融。你从六个维度对她进行了评估，满分为 10 分。这六个维度分别是：吸引力：7.0/10，真诚：7.0/10，智力：7.0/10，幽默感：7.0/10，抱负：7.0/10，共同兴趣：7.0/10。这些属性的重要性权重如下：吸引力：20.0，真诚：16.0，智力：18.0，幽默感：16.0，抱负：16.0，共同兴趣：14.0。你愿意和这位女士约会吗？请告诉我原因。你的答案必须是（是）或（否），然后说明你的原因。你必须遵守这条规则！你不能说其他话。,是。根据你给出的权重和评分，这位女性在所有维度上都给你留下了均衡且较为正面的印象。虽然每个维度的评分都处于中上范围，没有特别突出的亮点，但也不存在明显的短板。综合考量，她的总评分为70分。这表明，在你对她非常看重的各个维度中，她都能达到你心中相对较高的标准。因此，从这些信息来看，她是一个值得考虑的约会对象。,197,227,,1
假设您是一位 30 岁的男性，职业类型为 国际事务相关职业，目前已匹配到一位伴侣。您当前伴侣的得分（满分 10 分）：吸引力：7.0/10，真诚度：7.0/10，智力：7.0/10，幽默感：7.0/10，野心：7.0/10，共同兴趣：3.0/10。一位新女性正在向您求爱，其得分为：吸引力：9.0/10，真诚度：5.0/10，智力：6.0/10，幽默度：6.0/10，抱负：6.0/10，共同兴趣：9.0/10。您的重要性权重为：吸引力：18.6，真诚度：20.93，智力：23.26，幽默度：23.26，抱负： 2.33，共同兴趣：11.63。你会为了新女友离开现在的伴侣吗？你的答案必须是或否，然后说明你的理由。你必须遵守这条规则！你不能说其他话。,否。根据设定的重要性权重来计算两段关系的加权得分，当前伴侣的加权得分更高，值为：（7.0*18.6%+7.0*20.93%+7.0*23.26%+7.0*23.26%+7.0*2.33%+3.0*11.63%）=6.651。而新女性的加权得分则为：（9.0*18.6%+5.0*20.93%+6.0*23.26%+6.0*23.26%+6.0*2.33%+9.0*11.63%）=6.345。由此可见，目前的伴侣更符合重要性权重的要求。,197,231,227,0
假设您是一位 25 岁的单身男士，有一位 23 岁的女性正在追求您。您的职业类型是 国际发展。您对她进行了六个维度的评估，满分为 10 分。这六个维度分别是：吸引力：7.0/10，真诚：10.0/10，智力：10.0/10，幽默感：7.0/10，抱负：9.0/10，共同兴趣：nan/10。您对这些属性的重要性权重为：吸引力：13.21，真诚： 18.87，智力：18.87，幽默感：16.98，野心：16.98，共同兴趣：15.09。你愿意和这位女士约会吗？请告诉我原因。你的答案必须是(是）或（否），然后说明你的理由。你必须遵守这条规则！你不能说其他话。,是。根据您提供的评分和权重，尽管共同兴趣一项未评分，但除此之外，这位女士在其他五个维度上的表现都非常出色，特别是真诚、智力和抱负这几个您认为非常重要的维度。因此，基于现有信息，与她约会是一个不错的选择。,214,200,,1
假设您是一位 25 岁的女性，职业类型为 教育，目前已匹配到一位伴侣。您当前伴侣的得分（满分 10 分）：吸引力：9.0/10，真诚度：5.0/10，智力：6.0/10，幽默度：7.0/10，野心：6.0/10，共同兴趣：5.0/10。一位新男士正在向您求爱，他的得分为：吸引力：5.0/10，真诚度： 8.0/10，智力：7.0/10，幽默感：9.0/10，抱负：8.0/10，共同兴趣：5.0/10。您的重要性权重为：吸引力：17.65，真诚：17.65，智力：17.65，幽默感：15.69，抱负： 15.69，共同兴趣：15.69。你会为了新男友离开现在的伴侣吗？你的答案必须是（是）或（否），然后说明你的理由。你必须遵守这条规则！你绝对不能说其他话。,否。根据给定的重要性权重计算，当前伴侣的加权得分是：(9.0 * 17.65) + (5.0 * 17.65) + (6.0 * 17.65) + (7.0 * 15.69) + (6.0 * 15.69) + (5.0 * 15.69) = 369.725。新男士的加权得分是：(5.0 * 17.65) + (8.0 * 17.65) + (7.0 * 17.65) + (9.0 * 15.69) + (8.0 * 15.69) + (5.0 * 15.69) = 366.66。因此，当前伴侣的加权得分稍高，所以不会为了新男友离开现在的伴侣。,214,196,200,1
假设您是一位 27 岁的女性，职业类型为 金融，目前已匹配到一位伴侣。您当前伴侣的得分（满分 10 分）：吸引力：4.0/10，真诚度：6.0/10，智力：7.0/10，幽默度：7.0/10，野心：7.0/10，共同兴趣：5.0/10。一位新男士正在向您求爱，他的得分为：吸引力：7.0/10，真诚度： 10.0/10，智力：10.0/10，幽默感：7.0/10，抱负：10.0/10，共同兴趣：5.0/10。您的重要性权重为：吸引力：14.29，真诚：18.37，智力：18.37，幽默感：16.33，抱负： 18.37，共同兴趣：14.29。你会为了新男友离开现在的伴侣吗？你的答案必须是（是）或（否），然后说明你的理由。你必须遵守这条规则！你绝对不能说其他话。,是。按照您提供的各个方面的得分和重要性权重，目前伴侣的加权分为46.74，而新男士的加权分为92.69。由于新男士在您认为重要的方面远超过当前伴侣，因此这个转变可能对您的幸福感和满足感有显著的提升。所以，根据这些数据，建议选择与新男士共同探索新的关系。,217,212,204,1
假设您是一位 30 岁的男性，职业类型为 国际事务相关职业，目前已匹配到一位伴侣。您当前伴侣的得分（满分 10 分）：吸引力：9.0/10，真诚度：10.0/10，智力：10.0/10，幽默感：10.0/10，野心：9.0/10，共同兴趣：10.0/10。一位新女性正在向您求爱，其得分为：吸引力：9.0/10，真诚度：4.0/10，智力：6.0/10，幽默度：6.0/10，抱负：6.0/10，共同兴趣：7.0/10。您的重要性权重为：吸引力：18.6，真诚度：20.93，智力：23.26，幽默度：23.26，抱负： 2.33，共同兴趣：11.63。你会为了新女友离开现在的伴侣吗？你的答案必须是或否，然后说明你的理由。你必须遵守这条规则！你不能说其他话。,否。根据你提供的得分和重要性权重，当前伴侣在真诚度、智力、幽默感和共同兴趣方面都远超新女性，而这些方面在你的价值观中占有较高的权重。虽然新女性在吸引力和抱负方面的得分与现在伴侣相近，但整体来看，你们现在的伴侣显然更加符合你的重要标准。因此，不应该为了新女性而放弃现在如此契合的伴侣。,199,231,219,0
假设您是一位 31 岁的男性，职业类型为 公共服务，目前已匹配到一位伴侣。您当前伴侣的得分（满分 10 分）：吸引力：7.0/10，真诚度：7.0/10，智力：7.0/10，幽默感：7.0/10，野心：7.0/10，共同兴趣：3.0/10。一位新女性正在向您求爱，其得分为：吸引力：10.0/10，真诚度：10.0/10，智力：9.0/10，幽默度：10.0/10，抱负：8.0/10，共同兴趣：8.0/10。您的重要性权重为：吸引力：17.78，真诚度：17.78，智力：17.78，幽默度：17.78，抱负： 13.33，共同兴趣：15.56。你会为了新女友离开现在的伴侣吗？你的答案必须是或否，然后说明你的理由。你必须遵守这条规则！你不能说其他话。,否。尽管新女性在各个方面得分都远高于现在的伴侣，但维持一段关系需要的不仅仅是个人特质的匹配。忠诚和对现有关系的投入是建立稳定关系的基石。选择离开现有的伴侣转向新的关系，除了考虑到新关系的吸引力外，还需要考虑道德和情感的因素。因此，我不会为了新出现的对象而结束现有的关系。当然，这并不意味着不去改善和现有伴侣的关系，尤其是在共同兴趣这一项评分较低的情况下，可以寻找更多共同活动，增进彼此之间的联系。,197,232,227,1
假设您是一位 22 岁的女性，职业类型为 大学教授，目前已匹配到一位伴侣。您当前伴侣的得分（满分 10 分）：吸引力：6.0/10，真诚度：10.0/10，智力：8.0/10，幽默度：8.0/10，野心：6.0/10，共同兴趣：6.0/10。一位新男士正在向您求爱，他的得分为：吸引力：10.0/10，真诚度： 7.0/10，智力：9.0/10，幽默感：10.0/10，抱负：10.0/10，共同兴趣：7.0/10。您的重要性权重为：吸引力：16.0，真诚：20.0，智力：18.0，幽默感：20.0，抱负： 18.0，共同兴趣：8.0。你会为了新男友离开现在的伴侣吗？你的答案必须是（是）或（否），然后说明你的理由。你必须遵守这条规则！你绝对不能说其他话。,否。我的理由是，虽然新男士在某些方面得分更高，但当前伴侣在真诚度方面获得了满分，对于我来说，真诚度非常重要（权重为20.0）。而且，现有伴侣在智力、幽默感和共同兴趣方面也有相当不错的得分。考虑到所有因素，与现有伴侣的关系更有价值。,217,203,212,1
假设您是一位 25 岁的男性，职业类型为 诗人 / 作家 / 歌手 / 联合国或印度政府政策制定者，目前已匹配到一位伴侣。您当前伴侣的得分（满分 10 分）：吸引力：5.0/10，真诚度：8.0/10，智力：7.0/10，幽默感：9.0/10，野心：8.0/10，共同兴趣：5.0/10。一位新女性正在向您求爱，其得分为：吸引力：10.0/10，真诚度：10.0/10，智力：10.0/10，幽默度：9.0/10，抱负：9.0/10，共同兴趣：10.0/10。您的重要性权重为：吸引力：16.67，真诚度：16.67，智力：16.67，幽默度：16.67，抱负： 14.81，共同兴趣：18.52。你会为了新女友离开现在的伴侣吗？你的答案必须是或否，然后说明你的理由。你必须遵守这条规则！你不能说其他话。,否。虽然新女性在各个方面的评分都更高，但是在一段关系中，除了个人特质和兴趣匹配度以外，还有情感联系、相互理解与信任等因素也非常重要。与现有伴侣建立的感情基础是不能用数字衡量的。如果您已经与目前的伴侣建立了深厚的情感纽带，贸然结束这段关系并不明智。此外，追求完美并不代表一定会获得幸福，珍惜眼前人，努力经营现有关系才是更为理智的选择。,196,220,214,1
假设您是一位 24 岁的单身男士，有一位 26 岁的女性正在追求您。您的职业类型是 心理学家。您对她进行了六个维度的评估，满分为 10 分。这六个维度分别是：吸引力：9.0/10，真诚：9.0/10，智力：9.0/10，幽默感：9.0/10，抱负：9.0/10，共同兴趣：7.0/10。您对这些属性的重要性权重为：吸引力：16.0，真诚： 16.0，智力：20.0，幽默感：16.0，野心：18.0，共同兴趣：14.0。你愿意和这位女士约会吗？请告诉我原因。你的答案必须是(是）或（否），然后说明你的理由。你必须遵守这条规则！你不能说其他话。,是。基于您提供的评估分数和权重，这位女性在您重视的大多数特质上得分很高，尤其是在吸引力、真诚、智力、幽默感和抱负方面，这些与您个人价值观和偏好高度匹配，共同兴趣方面也有不错的分数，因此愿意与她约会。,215,194,,1
假设您是一位 28 岁的男性，职业类型为 历史教授，目前已匹配到一位伴侣。您当前伴侣的得分（满分 10 分）：吸引力：10.0/10，真诚度：7.0/10，智力：9.0/10，幽默感：10.0/10，野心：10.0/10，共同兴趣：7.0/10。一位新女性正在向您求爱，其得分为：吸引力：9.0/10，真诚度：9.0/10，智力：9.0/10，幽默度：8.0/10，抱负：8.0/10，共同兴趣：7.0/10。您的重要性权重为：吸引力：17.39，真诚度：17.39，智力：19.57，幽默度：19.57，抱负： 10.87，共同兴趣：15.22。你会为了新女友离开现在的伴侣吗？你的答案必须是或否，然后说明你的理由。你必须遵守这条规则！你不能说其他话。,否。原因是根据你提供的权重和得分计算，现有伴侣的加权得分为9.42，而新女性的加权得分为8.79。现有伴侣在你的评估标准下更具优势，尤其是幽默感和抱负方面的高分非常重要。,203,223,217,1
假设你是一位 30 岁的单身男士，有一位 31 岁的女性正在追求你。你的职业类型是 国际事务相关职业。你从六个维度对她进行了评估，满分为 10 分。这六个维度分别是：吸引力：5.0/10，真诚：9.0/10，智力：9.0/10，幽默感：8.0/10，抱负：7.0/10，共同兴趣：8.0/10。这些属性的重要性权重如下：吸引力：18.6，真诚：20.93，智力：23.26，幽默感：23.26，抱负：2.33，共同兴趣：11.63。你愿意和这位女士约会吗？请告诉我原因。你的答案必须是（是）或（否），然后说明你的原因。你必须遵守这条规则！你不能说其他话。,是。这位女士在多个重要维度上得分较高，特别是在真诚、智力和幽默感方面。这表明她具备良好的品格和个人魅力，有可能成为一段愉快和有意义的恋爱关系的伴侣。虽然她在吸引力上得分相对较低，但这并不是一个决定性因素，尤其考虑到她其他方面的优点。因此，我愿意和这位女士约会。,206,231,,1
假设您是一位 22 岁的单身男士，有一位 28 岁的女性正在追求您。您的职业类型是 大学教授。您对她进行了六个维度的评估，满分为 10 分。这六个维度分别是：吸引力：9.0/10，真诚：9.0/10，智力：9.0/10，幽默感：8.0/10，抱负：9.0/10，共同兴趣：4.0/10。您对这些属性的重要性权重为：吸引力：15.38，真诚： 19.23，智力：19.23，幽默感：19.23，野心：15.38，共同兴趣：11.54。你愿意和这位女士约会吗？请告诉我原因。你的答案必须是(是）或（否），然后说明你的理由。你必须遵守这条规则！你不能说其他话。,是。我愿意和这位女士约会，因为根据我对各个维度的重要性评分及你所提供的她的得分，她在大多数关键领域都表现良好，如吸引力、真诚、智力和抱负等。虽然我们之间的共同兴趣较少，但并不足以成为拒绝约会的理由。通过亲自交往，我们可以进一步了解对方，谁知道呢，也许我们会发现更多的共同点。,229,202,,1
假设您是一位 27 岁的男性，职业类型为 教授或顾问，目前已匹配到一位伴侣。您当前伴侣的得分（满分 10 分）：吸引力：9.0/10，真诚度：10.0/10，智力：10.0/10，幽默感：10.0/10，野心：9.0/10，共同兴趣：10.0/10。一位新女性正在向您求爱，其得分为：吸引力：10.0/10，真诚度：7.0/10，智力：9.0/10，幽默度：8.0/10，抱负：6.0/10，共同兴趣：7.0/10。您的重要性权重为：吸引力：9.52，真诚度：19.05，智力：23.81，幽默度：19.05，抱负： 4.76，共同兴趣：23.81。你会为了新女友离开现在的伴侣吗？你的答案必须是或否，然后说明你的理由。你必须遵守这条规则！你不能说其他话。,否。虽然新女性在吸引力上得分更高，但我的重要性权重中真诚度、智力、幽默度和共同兴趣的所占比例更大。当前伴侣在这些方面的得分明显高于新女性。这表明我与当前伴侣在情感和价值观上有更深的连接，这对我而言更为重要。,199,222,219,0
假设你是一位 27 岁的单身男士，有一位 25 岁的女性正在追求你。你的职业类型是 投资银行。你从六个维度对她进行了评估，满分为 10 分。这六个维度分别是：吸引力：7.0/10，真诚：6.0/10，智力：7.0/10，幽默感：7.0/10，抱负：6.0/10，共同兴趣：5.0/10。这些属性的重要性权重如下：吸引力：15.56，真诚：17.78，智力：17.78，幽默感：17.78，抱负：17.78，共同兴趣：13.33。你愿意和这位女士约会吗？请告诉我原因。你的答案必须是（是）或（否），然后说明你的原因。你必须遵守这条规则！你不能说其他话。,否。根据你提供的六个维度评估和各项权重，计算得出的综合分数为6.5分。虽然这个分数不错，但考虑到你在投资银行的职业类型，你可能需要在真诚、抱负和共同兴趣方面寻找更高的匹配度，而她在这些方面的得分并不高。因此，建议你先不急于决定与她约会，多了解再做决定。,200,221,,0
假设您是一位 27 岁的男性，职业类型为 咨询，目前已匹配到一位伴侣。您当前伴侣的得分（满分 10 分）：吸引力：9.0/10，真诚度：9.0/10，智力：9.0/10，幽默感：8.0/10，野心：9.0/10，共同兴趣：4.0/10。一位新女性正在向您求爱，其得分为：吸引力：9.0/10，真诚度：9.0/10，智力：9.0/10，幽默度：9.0/10，抱负：9.0/10，共同兴趣：9.0/10。您的重要性权重为：吸引力：7.5，真诚度：17.5，智力：20.0，幽默度：22.5，抱负： 12.5，共同兴趣：20.0。你会为了新女友离开现在的伴侣吗？你的答案必须是或否，然后说明你的理由。你必须遵守这条规则！你不能说其他话。,否。虽然新女性在幽默感和共同兴趣上得分更高，但当前伴侣在大部分关键品质上的得分与新女性相差不大，且当前伴侣的真诚度、智力、吸引力和野心都很高，这些品质的权重也较大。结合你的价值观和当前伴侣的得分，保持目前的关系更为合适。同时，维持稳定的关系对双方都有积极意义。,202,216,229,0
假设您是一位 23 岁的单身男士，有一位 32 岁的女性正在追求您。您的职业类型是 学术工作者。您对她进行了六个维度的评估，满分为 10 分。这六个维度分别是：吸引力：10.0/10，真诚：10.0/10，智力：10.0/10，幽默感：7.0/10，抱负：7.0/10，共同兴趣：9.0/10。您对这些属性的重要性权重为：吸引力：15.38，真诚： 17.31，智力：19.23，幽默感：19.23，野心：11.54，共同兴趣：17.31。你愿意和这位女士约会吗？请告诉我原因。你的答案必须是(是）或（否），然后说明你的理由。你必须遵守这条规则！你不能说其他话。,是。这位女士在你认为重要的所有维度上都得到了高分，包括吸引力、真诚和智力，这些方面她都得到了满分。她的幽默感和抱负虽然略低一些，但也达到了不错的水平。你们之间还有大量的共同兴趣，这将有助于你们建立一段稳定和愉悦的关系。根据你的评分标准和对各个特质的重视程度，与她交往看起来会是一个积极的选择。,224,205,,1
假设您是一位 27 岁的男性，职业类型为 教授或顾问，目前已匹配到一位伴侣。您当前伴侣的得分（满分 10 分）：吸引力：9.0/10，真诚度：9.0/10，智力：9.0/10，幽默感：9.0/10，野心：9.0/10，共同兴趣：7.0/10。一位新女性正在向您求爱，其得分为：吸引力：7.0/10，真诚度：4.0/10，智力：4.0/10，幽默度：4.0/10，抱负：7.0/10，共同兴趣：2.0/10。您的重要性权重为：吸引力：9.52，真诚度：19.05，智力：23.81，幽默度：19.05，抱负： 4.76，共同兴趣：23.81。你会为了新女友离开现在的伴侣吗？你的答案必须是或否，然后说明你的理由。你必须遵守这条规则！你不能说其他话。,否。当前伴侣在除了共同兴趣之外的所有方面都表现得十分优秀，尤其是在我重视的真诚度、智力和幽默感方面。虽然共同兴趣方面有所欠缺，但其他的优势已经超过了这一点不足。相比之下，新女性在除了吸引力和抱负外的所有方面都表现一般，分数相对较低。因此，我没有理由为了新女性而抛弃当前的伴侣。,194,222,215,1
假设您是一位 27 岁的男性，职业类型为 投资银行，目前已匹配到一位伴侣。您当前伴侣的得分（满分 10 分）：吸引力：5.0/10，真诚度：8.0/10，智力：8.0/10，幽默感：7.0/10，野心：9.0/10，共同兴趣：nan/10。一位新女性正在向您求爱，其得分为：吸引力：6.0/10，真诚度：7.0/10，智力：9.0/10，幽默度：6.0/10，抱负：6.0/10，共同兴趣：3.0/10。您的重要性权重为：吸引力：15.56，真诚度：17.78，智力：17.78，幽默度：17.78，抱负： 17.78，共同兴趣：13.33。你会为了新女友离开现在的伴侣吗？你的答案必须是或否，然后说明你的理由。你必须遵守这条规则！你不能说其他话。,否。根据给定的评分和权重，我当前的伴侣在总体上得分更高。虽然新女性在吸引力和智力方面得分较高，但我的当前伴侣在真诚度、幽默感和野心方面都表现出色。此外，共同兴趣对于我来说也是一个重要的考量因素，而新女性在这一方面得分很低。因此，综合考量，我选择不为了新女性离开现在的伴侣。,203,221,223,1
假设您是一位 27 岁的男性，职业类型为 咨询，目前已匹配到一位伴侣。您当前伴侣的得分（满分 10 分）：吸引力：3.0/10，真诚度：7.0/10，智力：8.0/10，幽默感：nan/10，野心：9.0/10，共同兴趣：3.0/10。一位新女性正在向您求爱，其得分为：吸引力：9.0/10，真诚度：9.0/10，智力：9.0/10，幽默度：9.0/10，抱负：9.0/10，共同兴趣：9.0/10。您的重要性权重为：吸引力：7.5，真诚度：17.5，智力：20.0，幽默度：22.5，抱负： 12.5，共同兴趣：20.0。你会为了新女友离开现在的伴侣吗？你的答案必须是或否，然后说明你的理由。你必须遵守这条规则！你不能说其他话。,是。新女性在所有方面的得分都较高，尤其是在你认为重要的共同兴趣、智力和幽默感方面。这表明你们之间有更高的相容性和共同点，更有可能建立一段更加稳定和幸福的关系。,203,216,221,1
假设您是一位 26 岁的男性，职业类型为 金融，目前已匹配到一位伴侣。您当前伴侣的得分（满分 10 分）：吸引力：8.0/10，真诚度：9.0/10，智力：10.0/10，幽默感：5.0/10，野心：5.0/10，共同兴趣：5.0/10。一位新女性正在向您求爱，其得分为：吸引力：5.0/10，真诚度：9.0/10，智力：8.0/10，幽默度：9.0/10，抱负：7.0/10，共同兴趣：9.0/10。您的重要性权重为：吸引力：14.89，真诚度：19.15，智力：21.28，幽默度：19.15，抱负： 14.89，共同兴趣：10.64。你会为了新女友离开现在的伴侣吗？你的答案必须是或否，然后说明你的理由。你必须遵守这条规则！你不能说其他话。,否。根据你提供的评分和权重，现有伴侣的加权得分为：(8.0*14.89 + 9.0*19.15 + 10.0*21.28 + 5.0*19.15 + 5.0*14.89 + 5.0*10.64) / (14.89 + 19.15 + 21.28 + 19.15 + 14.89 + 10.64) ≈ 7.11。而新女性的加权得分为：(5.0*14.89 + 9.0*19.15 + 8.0*21.28 + 9.0*19.15 + 7.0*14.89 + 9.0*10.64) / (14.89 + 19.15 + 21.28 + 19.15 + 14.89 + 10.64) ≈ 7.52。虽然新女性的加权得分略高，但是两者的差距非常接近，因此不值得为了新女性而离开当前伴侣。,195,215,228,1
假设您是一位 27 岁的男性，职业类型为 投资银行，目前已匹配到一位伴侣。您当前伴侣的得分（满分 10 分）：吸引力：7.0/10，真诚度：7.0/10，智力：7.0/10，幽默感：7.0/10，野心：7.0/10，共同兴趣：8.0/10。一位新女性正在向您求爱，其得分为：吸引力：6.0/10，真诚度：6.0/10，智力：7.0/10，幽默度：7.0/10，抱负：7.0/10，共同兴趣：5.0/10。您的重要性权重为：吸引力：15.56，真诚度：17.78，智力：17.78，幽默度：17.78，抱负： 17.78，共同兴趣：13.33。你会为了新女友离开现在的伴侣吗？你的答案必须是或否，然后说明你的理由。你必须遵守这条规则！你不能说其他话。,否。根据您提供的信息，您当前的伴侣在各项评分上都平均为7分，而且在共同兴趣上得分较高，这表明你们之间有很多共同点，这在一段感情中是非常重要的。尽管新女性在某些方面可能有所吸引，但她的评分总体上低于您的现任伴侣。特别是，您对共同兴趣的重要性权重大于其他因素，现任伴侣在这方面的得分也更高。因此，更换伴侣并不是一个明智的选择。,206,221,231,1
假设您是一位 25 岁的女性，职业类型为 国际商业，目前已匹配到一位伴侣。您当前伴侣的得分（满分 10 分）：吸引力：5.0/10，真诚度：9.0/10，智力：8.0/10，幽默度：9.0/10，野心：7.0/10，共同兴趣：9.0/10。一位新男士正在向您求爱，他的得分为：吸引力：6.0/10，真诚度： 9.0/10，智力：9.0/10，幽默感：7.0/10，抱负：9.0/10，共同兴趣：6.0/10。您的重要性权重为：吸引力：15.52，真诚：17.24，智力：17.24，幽默感：17.24，抱负： 17.24，共同兴趣：15.52。你会为了新男友离开现在的伴侣吗？你的答案必须是（是）或（否），然后说明你的理由。你必须遵守这条规则！你绝对不能说其他话。,否。根据您的重要性权重和两位男士的得分，当前伴侣在真诚度、幽默感和共同兴趣方面得分较高，这些因素对您来说非常重要。虽然新男士在吸引力、智力和抱负方面得分较高，但考虑到您对每位男士的总体评价，当前伴侣更适合您。,215,213,195,0
假设您是一位 26 岁的男性，职业类型为 公司金融，目前已匹配到一位伴侣。您当前伴侣的得分（满分 10 分）：吸引力：10.0/10，真诚度：9.0/10，智力：9.0/10，幽默感：10.0/10，野心：10.0/10，共同兴趣：10.0/10。一位新女性正在向您求爱，其得分为：吸引力：8.0/10，真诚度：8.0/10，智力：7.0/10，幽默度：9.0/10，抱负：8.0/10，共同兴趣：8.0/10。您的重要性权重为：吸引力：20.0，真诚度：16.0，智力：18.0，幽默度：16.0，抱负： 16.0，共同兴趣：14.0。你会为了新女友离开现在的伴侣吗？你的答案必须是或否，然后说明你的理由。你必须遵守这条规则！你不能说其他话。,否。根据您提供的权重和评分，现有伴侣的加权得分为：(10.0*20.0 + 9.0*16.0 + 9.0*18.0 + 10.0*16.0 + 10.0*16.0 + 10.0*14.0) / 100 = 9.54。新女性的加权得分为：(8.0*20.0 + 8.0*16.0 + 7.0*18.0 + 9.0*16.0 + 8.0*16.0 + 8.0*14.0) / 100 = 8.04。相较于现有伴侣，新女性的加权评分明显较低，所以不会为了新女性离开现有伴侣。,207,227,226,0
假设您是一位 26 岁的男性，职业类型为 公司金融，目前已匹配到一位伴侣。您当前伴侣的得分（满分 10 分）：吸引力：3.0/10，真诚度：10.0/10，智力：9.0/10，幽默感：6.0/10，野心：8.0/10，共同兴趣：5.0/10。一位新女性正在向您求爱，其得分为：吸引力：4.0/10，真诚度：6.0/10，智力：6.0/10，幽默度：5.0/10，抱负：5.0/10，共同兴趣：5.0/10。您的重要性权重为：吸引力：20.0，真诚度：16.0，智力：18.0，幽默度：16.0，抱负： 16.0，共同兴趣：14.0。你会为了新女友离开现在的伴侣吗？你的答案必须是或否，然后说明你的理由。你必须遵守这条规则！你不能说其他话。,否，我不会为了新女友离开现在的伴侣。  原因是根据你的权重和得分计算，当前伴侣的总分为 10*20% + 10*16% + 9*18% + 6*16% + 8*16% + 5*14% = 2 + 1.6 + 1.62 + 0.96 + 1.28 + 0.7 = 8.16分，而新女性的总分为 4*20% + 6*16% + 6*18% + 5*16% + 5*16% + 5*14% = 0.8 + 0.96 + 1.08 + 0.8 + 0.8 + 0.7 = 5.14分，综合分数来看，当前伴侣明显更高。同时，真诚度和智力方面，当前伴侣的优势更为明显，这也是你很重视的方面。,194,227,222,1
假设您是一位 25 岁的单身男士，有一位 26 岁的女性正在追求您。您的职业类型是 国际发展。您对她进行了六个维度的评估，满分为 10 分。这六个维度分别是：吸引力：8.0/10，真诚：10.0/10，智力：10.0/10，幽默感：8.0/10，抱负：10.0/10，共同兴趣：nan/10。您对这些属性的重要性权重为：吸引力：13.21，真诚： 18.87，智力：18.87，幽默感：16.98，野心：16.98，共同兴趣：15.09。你愿意和这位女士约会吗？请告诉我原因。你的答案必须是(是）或（否），然后说明你的理由。你必须遵守这条规则！你不能说其他话。,是。这位女士在吸引我注意的大多数关键领域得分很高，如真诚、智力和抱负，这些对我来说非常重要，且她总体评价较高。虽然我们在共同兴趣上没有评分，但她的其他优点已经足够吸引我尝试约会。,217,200,,1
假设您是一位 28 岁的男性，职业类型为 历史教授，目前已匹配到一位伴侣。您当前伴侣的得分（满分 10 分）：吸引力：8.0/10，真诚度：7.0/10，智力：8.0/10，幽默感：6.0/10，野心：7.0/10，共同兴趣：5.0/10。一位新女性正在向您求爱，其得分为：吸引力：10.0/10，真诚度：9.0/10，智力：10.0/10，幽默度：8.0/10，抱负：9.0/10，共同兴趣：6.0/10。您的重要性权重为：吸引力：17.39，真诚度：17.39，智力：19.57，幽默度：19.57，抱负： 10.87，共同兴趣：15.22。你会为了新女友离开现在的伴侣吗？你的答案必须是或否，然后说明你的理由。你必须遵守这条规则！你不能说其他话。,否。虽然新女性的得分在大多数方面都非常高，但是根据你的权重分配，当前伴侣在共同兴趣方面得分较低（5.0/10），而对于你来说，这个因素也很重要（权重15.22）。此外，你的真诚度和幽默感也很重要，而当前伴侣在这两方面的得分也比新女性稍低。因此，考虑到所有因素，你选择不为了新女性离开当前伴侣。,206,223,221,1
假设您是一位 23 岁的女性，职业类型为 投资银行，目前已匹配到一位伴侣。您当前伴侣的得分（满分 10 分）：吸引力：2.0/10，真诚度：8.0/10，智力：9.0/10，幽默度：4.0/10，野心：3.0/10，共同兴趣：2.0/10。一位新男士正在向您求爱，他的得分为：吸引力：6.0/10，真诚度： 6.0/10，智力：8.0/10，幽默感：6.0/10，抱负：6.0/10，共同兴趣：5.0/10。您的重要性权重为：吸引力：15.38，真诚：19.23，智力：17.31，幽默感：19.23，抱负： 9.62，共同兴趣：19.23。你会为了新男友离开现在的伴侣吗？你的答案必须是（是）或（否），然后说明你的理由。你必须遵守这条规则！你绝对不能说其他话。,是。根据您的重要性权重和两个男士的得分，新男士在您看重的大多数特质方面都明显优于您当前的伴侣。尤其在吸引力、幽默感、抱负以及共同兴趣方面，新男士得分更高，这些都对您的关系满意度有着较大的影响。相比之下，尽管您的现有伴侣在真诚度和智力方面表现较好，但根据您的权重分配，新男士总体来说更符合您的偏好。因此，选择新男士可能能带来更高的幸福感。,229,198,202,1
假设您是一位 27 岁的男性，职业类型为 教授或顾问，目前已匹配到一位伴侣。您当前伴侣的得分（满分 10 分）：吸引力：10.0/10，真诚度：10.0/10，智力：10.0/10，幽默感：10.0/10，野心：10.0/10，共同兴趣：10.0/10。一位新女性正在向您求爱，其得分为：吸引力：8.0/10，真诚度：4.0/10，智力：7.0/10，幽默度：6.0/10，抱负：7.0/10，共同兴趣：5.0/10。您的重要性权重为：吸引力：9.52，真诚度：19.05，智力：23.81，幽默度：19.05，抱负： 4.76，共同兴趣：23.81。你会为了新女友离开现在的伴侣吗？你的答案必须是或否，然后说明你的理由。你必须遵守这条规则！你不能说其他话。,否，我不会为了新女友离开现在的伴侣。因为根据我的重要性权重，当前伴侣在各个方面都得到了满分，尤其是真诚度和共同兴趣这两项我较为重视的特质。而新女性在这些方面的得分相对较低，与我的价值观和需求不匹配。因此，我不会为了这位新女性而离开现在的伴侣。,197,222,232,1
假设你是一位 28 岁的单身男士，有一位 25 岁的女性正在追求你。你的职业类型是 咨询。你从六个维度对她进行了评估，满分为 10 分。这六个维度分别是：吸引力：8.0/10，真诚：10.0/10，智力：9.0/10，幽默感：9.0/10，抱负：9.0/10，共同兴趣：6.0/10。这些属性的重要性权重如下：吸引力：14.71，真诚：14.71，智力：14.71，幽默感：14.71，抱负：20.59，共同兴趣：20.59。你愿意和这位女士约会吗？请告诉我原因。你的答案必须是（是）或（否），然后说明你的原因。你必须遵守这条规则！你不能说其他话。,是。综合考虑了各项属性及其权重，这位女士在吸引力、真诚、智力、幽默感和抱负方面都表现优秀，与我的价值观和偏好高度契合。虽然我们在共同兴趣方面得分较低，但其他方面的高分足以让我愿意尝试与她约会，进一步了解彼此。,208,225,,1
假设您是一位 30 岁的男性，职业类型为 国际事务相关职业，目前已匹配到一位伴侣。您当前伴侣的得分（满分 10 分）：吸引力：5.0/10，真诚度：8.0/10，智力：8.0/10，幽默感：9.0/10，野心：9.0/10，共同兴趣：5.0/10。一位新女性正在向您求爱，其得分为：吸引力：8.0/10，真诚度：8.0/10，智力：7.0/10，幽默度：9.0/10，抱负：6.0/10，共同兴趣：7.0/10。您的重要性权重为：吸引力：18.6，真诚度：20.93，智力：23.26，幽默度：23.26，抱负： 2.33，共同兴趣：11.63。你会为了新女友离开现在的伴侣吗？你的答案必须是或否，然后说明你的理由。你必须遵守这条规则！你不能说其他话。,否。尽管新女性在吸引力和共同兴趣方面得分较高，但根据您对真诚度、智力、幽默感等特质的重要性权重，当前伴侣的总得分更高。在您最为重视的真诚度、智力和幽默感方面，现有伴侣都拥有较高的得分。此外，您的现有伴侣在所有特质上的得分更为均衡，这可能意味着她与您在多个层面上都有良好的匹配度。因此，我建议您继续与现有伴侣保持关系，而不是选择新女性。,208,231,225,1
假设你是一位 23 岁的单身男士，有一位 22 岁的女性正在追求你。你的职业类型是 研究科学家。你从六个维度对她进行了评估，满分为 10 分。这六个维度分别是：吸引力：9.0/10，真诚：8.0/10，智力：9.0/10，幽默感：9.0/10，抱负：9.0/10，共同兴趣：6.0/10。这些属性的重要性权重如下：吸引力：17.02，真诚：21.28，智力：17.02，幽默感：21.28，抱负：14.89，共同兴趣：8.51。你愿意和这位女士约会吗？请告诉我原因。你的答案必须是（是）或（否），然后说明你的原因。你必须遵守这条规则！你不能说其他话。,是。根据你提供的维度评分和重要性权重，这位22岁的女性在吸引力、智力、幽默感和抱负等方面得分很高，这些正是你认为比较重要的方面。尽管你们的共同兴趣得分相对较低，但这并不会对整体关系产生决定性的影响。因此，值得尝试与她约会，亲自了解更多，以便更准确认识对方。,202,214,,1
假设您是一位 26 岁的女性，职业类型为 市场营销 / 品牌管理，目前已匹配到一位伴侣。您当前伴侣的得分（满分 10 分）：吸引力：9.0/10，真诚度：7.0/10，智力：7.0/10，幽默度：9.0/10，野心：7.0/10，共同兴趣：7.0/10。一位新男士正在向您求爱，他的得分为：吸引力：9.0/10，真诚度： 9.0/10，智力：8.0/10，幽默感：9.0/10，抱负：7.0/10，共同兴趣：8.0/10。您的重要性权重为：吸引力：19.61，真诚：15.69，智力：17.65，幽默感：15.69，抱负： 17.65，共同兴趣：13.73。你会为了新男友离开现在的伴侣吗？你的答案必须是（是）或（否），然后说明你的理由。你必须遵守这条规则！你绝对不能说其他话。,否。根据你的重要性权重，你对真诚度和共同兴趣有较高的要求。虽然新男士在这两个方面有更高的得分，但是你的当前伴侣在吸引力和幽默度方面得到了与新男士相同的高分，而这些品质在你的权重中也占有重要比例。在衡量所有因素之后，你的当前伴侣的总分可能仍然是较高的。此外，维持现有关系中的信任和情感稳定对你的幸福同样重要，这使得离开现有伴侣不是一个明智的选择。,226,204,207,1
假设您是一位 28 岁的男性，职业类型为 咨询，目前已匹配到一位伴侣。您当前伴侣的得分（满分 10 分）：吸引力：7.0/10，真诚度：7.0/10，智力：7.0/10，幽默感：7.0/10，野心：7.0/10，共同兴趣：4.0/10。一位新女性正在向您求爱，其得分为：吸引力：6.0/10，真诚度：6.0/10，智力：6.0/10，幽默度：5.0/10，抱负：6.0/10，共同兴趣：8.0/10。您的重要性权重为：吸引力：14.71，真诚度：14.71，智力：14.71，幽默度：14.71，抱负： 20.59，共同兴趣：20.59。你会为了新女友离开现在的伴侣吗？你的答案必须是或否，然后说明你的理由。你必须遵守这条规则！你不能说其他话。,否。  根据你提供的评分和权重，首先计算两位女性的总分：  - 当前伴侣的总分为 (7.0 * 14.71 * 5 + 4.0 * 20.59) / 100 = 6.85 - 新女性的总分为 (6.0 * 14.71 * 5 + 8.0 * 20.59) / 100 = 6.65  因此，即使新女性在共同兴趣方面得分较高，但总体来看，当前的伴侣在总分上更高。此外，换伴侣不仅仅是分数上的计算，还需要考虑到双方的情感投入和关系稳定性。Undoing an established relationship based solely on a new potential match having a slightly higher score in one area is not advisable.,197,225,222,1
假设您是一位 24 岁的男性，职业类型为 研究员，目前已匹配到一位伴侣。您当前伴侣的得分（满分 10 分）：吸引力：8.0/10，真诚度：10.0/10，智力：10.0/10，幽默感：8.0/10，野心：10.0/10，共同兴趣：nan/10。一位新女性正在向您求爱，其得分为：吸引力：7.0/10，真诚度：6.0/10，智力：7.0/10，幽默度：6.0/10，抱负：6.0/10，共同兴趣：6.0/10。您的重要性权重为：吸引力：20.51，真诚度：5.13，智力：23.08，幽默度：12.82，抱负： 17.95，共同兴趣：20.51。你会为了新女友离开现在的伴侣吗？你的答案必须是或否，然后说明你的理由。你必须遵守这条规则！你不能说其他话。,否。根据提供的评分和权重，当前伴侣在吸引力、真诚度、智力、幽默感和抱负方面的得分远高于新女性。虽然新女性在共同兴趣方面得分为6.0，但总体来看，当前伴侣的综合评分更高，更符合您的价值观和重要性权重。因此，没有足够的理由为了新女性离开现在的伴侣。,200,218,217,0
假设你是一位 27 岁的单身男士，有一位 23 岁的女性正在追求你。你的职业类型是 投资银行。你从六个维度对她进行了评估，满分为 10 分。这六个维度分别是：吸引力：8.0/10，真诚：7.0/10，智力：7.0/10，幽默感：9.0/10，抱负：9.0/10，共同兴趣：5.0/10。这些属性的重要性权重如下：吸引力：15.56，真诚：17.78，智力：17.78，幽默感：17.78，抱负：17.78，共同兴趣：13.33。你愿意和这位女士约会吗？请告诉我原因。你的答案必须是（是）或（否），然后说明你的原因。你必须遵守这条规则！你不能说其他话。,是。根据你的评估，这位女士在吸引力、幽默感和抱负上得到了很高的分数，这些特质在你的匹配标准中占有较高的权重。虽然你们在共同兴趣上得分不高，但你们在其他重要维度上的高分可能会促进你们之间的亲密关系。因此，建议你尝试与她约会，进一步了解彼此，看看是否能够建立一段有意义的关系。,207,221,,1
假设您是一位 25 岁的女性，职业类型为 国际商业，目前已匹配到一位伴侣。您当前伴侣的得分（满分 10 分）：吸引力：7.0/10，真诚度：7.0/10，智力：7.0/10，幽默度：5.0/10，野心：7.0/10，共同兴趣：5.0/10。一位新男士正在向您求爱，他的得分为：吸引力：8.0/10，真诚度： 8.0/10，智力：9.0/10，幽默感：8.0/10，抱负：10.0/10，共同兴趣：8.0/10。您的重要性权重为：吸引力：15.52，真诚：17.24，智力：17.24，幽默感：17.24，抱负： 17.24，共同兴趣：15.52。你会为了新男友离开现在的伴侣吗？你的答案必须是（是）或（否），然后说明你的理由。你必须遵守这条规则！你绝对不能说其他话。,是。根据您提供的信息和重要性权重，新男士在所有方面都超过了您当前伴侣的得分。特别是在智力、幽默感、抱负和共同兴趣方面，新男士的得分明显更高，这些因素对您来说非常重要。因此，选择新男士会更符合您的价值观和兴趣。,217,213,200,1
假设您是一位 24 岁的男性，职业类型为 研究员，目前已匹配到一位伴侣。您当前伴侣的得分（满分 10 分）：吸引力：10.0/10，真诚度：10.0/10，智力：10.0/10，幽默感：7.0/10，野心：7.0/10，共同兴趣：9.0/10。一位新女性正在向您求爱，其得分为：吸引力：6.0/10，真诚度：6.0/10，智力：7.0/10，幽默度：6.0/10，抱负：6.0/10，共同兴趣：7.0/10。您的重要性权重为：吸引力：20.51，真诚度：5.13，智力：23.08，幽默度：12.82，抱负： 17.95，共同兴趣：20.51。你会为了新女友离开现在的伴侣吗？你的答案必须是或否，然后说明你的理由。你必须遵守这条规则！你不能说其他话。,否。根据你提供的得分和权重，目前的伴侣在吸引力、真诚度、智力和共同兴趣方面都得到了非常高的评分，这几个方面对你来说也是最重要的。而新女性在各个方面的评分都低于目前的伴侣，尤其是吸引力、真诚度和智力这三个重要方面。因此，根据你的价值观和偏好，目前的伴侣明显是更好的选择。,205,218,224,1
假设您是一位 42 岁的男性，职业类型为 咨询，目前已匹配到一位伴侣。您当前伴侣的得分（满分 10 分）：吸引力：7.0/10，真诚度：8.0/10，智力：9.0/10，幽默感：9.0/10，野心：8.0/10，共同兴趣：9.0/10。一位新女性正在向您求爱，其得分为：吸引力：8.0/10，真诚度：7.0/10，智力：7.0/10，幽默度：7.0/10，抱负：6.0/10，共同兴趣：5.0/10。您的重要性权重为：吸引力：23.81，真诚度：23.81，智力：23.81，幽默度：23.81，抱负： 2.38，共同兴趣：2.38。你会为了新女友离开现在的伴侣吗？你的答案必须是或否，然后说明你的理由。你必须遵守这条规则！你不能说其他话。,否。根据您对各项特质的重要性权重，可以计算出两位伴侣的加权评分。对于您的当前伴侣：(7*23.81%)+(8*23.81%)+(9*23.81%)+(9*23.81%)+(8*2.38%)+(9*2.38%) = 8.4 分；对于新女性：(8*23.81%)+(7*23.81%)+(7*23.81%)+(7*23.81%)+(6*2.38%)+(5*2.38%) = 7.2 分。因此，您的当前伴侣在加权评分上更高，所以不会为了新女性离开现有伴侣。,195,230,215,0
假设你是一位 31 岁的单身男士，有一位 25 岁的女性正在追求你。你的职业类型是 公共服务。你从六个维度对她进行了评估，满分为 10 分。这六个维度分别是：吸引力：8.0/10，真诚：8.0/10，智力：9.0/10，幽默感：10.0/10，抱负：9.0/10，共同兴趣：9.0/10。这些属性的重要性权重如下：吸引力：17.78，真诚：17.78，智力：17.78，幽默感：17.78，抱负：13.33，共同兴趣：15.56。你愿意和这位女士约会吗？请告诉我原因。你的答案必须是（是）或（否），然后说明你的原因。你必须遵守这条规则！你不能说其他话。,是。根据我对这位女士六个维度的评分和给定的重要性权重，我对她的总评分非常高。吸引力为8.0，真诚为8.0，智力为9.0，幽默感为10.0，抱负为9.0，以及共同兴趣为9.0。这些分数经过加权后的结果表明，她在所有方面都对我显得非常有吸引力。特别是她的高幽默感和智力分数，这对我来说非常重要。此外，她的抱负和共同兴趣方面也得到了极高的评分，表明我们之间有很多可以分享和探索的东西。因此，鉴于她几乎符合所有我想要的条件，我非常愿意和这位女士约会。,200,232,,1
假设您是一位 24 岁的男性，职业类型为 教授，目前已匹配到一位伴侣。您当前伴侣的得分（满分 10 分）：吸引力：8.0/10，真诚度：8.0/10，智力：8.0/10，幽默感：5.0/10，野心：5.0/10，共同兴趣：5.0/10。一位新女性正在向您求爱，其得分为：吸引力：7.0/10，真诚度：7.0/10，智力：7.0/10，幽默度：7.0/10，抱负：7.0/10，共同兴趣：5.0/10。您的重要性权重为：吸引力：13.51，真诚度：18.92，智力：21.62，幽默度：13.51，抱负： 13.51，共同兴趣：18.92。你会为了新女友离开现在的伴侣吗？你的答案必须是或否，然后说明你的理由。你必须遵守这条规则！你不能说其他话。,否。根据您给出的重要性权重，计算当前伴侣和新女性的综合得分。当前伴侣的综合得分为：(8.0 * 13.51 + 8.0 * 18.92 + 8.0 * 21.62 + 5.0 * 13.51 + 5.0 * 13.51 + 5.0 * 18.92) / (13.51 + 18.92 + 21.62 + 13.51 + 13.51 + 18.92) ≈ 6.54。新女性的综合得分为：(7.0 * 13.51 + 7.0 * 18.92 + 7.0 * 21.62 + 7.0 * 13.51 + 7.0 * 13.51 + 5.0 * 18.92) / (13.51 + 18.92 + 21.62 + 13.51 + 13.51 + 18.92) ≈ 6.31。尽管新女性在幽默感、抱负等几个方面得分较高，但当前伴侣在吸引力、真诚度和智力等方面得分更高，综合得分也略高。因此，从理性的角度出发，我不会为了新女性而离开现在的伴侣。,206,228,223,0
假设您是一位 27 岁的男性，职业类型为 教授或顾问，目前已匹配到一位伴侣。您当前伴侣的得分（满分 10 分）：吸引力：6.0/10，真诚度：6.0/10，智力：8.0/10，幽默感：6.0/10，野心：6.0/10，共同兴趣：5.0/10。一位新女性正在向您求爱，其得分为：吸引力：4.0/10，真诚度：7.0/10，智力：8.0/10，幽默度：5.0/10，抱负：6.0/10，共同兴趣：2.0/10。您的重要性权重为：吸引力：9.52，真诚度：19.05，智力：23.81，幽默度：19.05，抱负： 4.76，共同兴趣：23.81。你会为了新女友离开现在的伴侣吗？你的答案必须是或否，然后说明你的理由。你必须遵守这条规则！你不能说其他话。,否。根据您给出的重要性权重和两位女性的得分，虽然新女性在真诚度和智力方面得分较高，但她在吸引力和共同兴趣方面的得分远低于您当前的伴侣。考虑到吸引力和共同兴趣在您评估中的重要性非常高，因此从综合角度来看，您当前的伴侣与您的匹配度更高。,198,222,229,0
假设您是一位 42 岁的男性，职业类型为 咨询，目前已匹配到一位伴侣。您当前伴侣的得分（满分 10 分）：吸引力：7.0/10，真诚度：7.0/10，智力：7.0/10，幽默感：7.0/10，野心：7.0/10，共同兴趣：4.0/10。一位新女性正在向您求爱，其得分为：吸引力：7.0/10，真诚度：6.0/10，智力：7.0/10，幽默度：6.0/10，抱负：5.0/10，共同兴趣：5.0/10。您的重要性权重为：吸引力：23.81，真诚度：23.81，智力：23.81，幽默度：23.81，抱负： 2.38，共同兴趣：2.38。你会为了新女友离开现在的伴侣吗？你的答案必须是或否，然后说明你的理由。你必须遵守这条规则！你不能说其他话。,否。根据您给出的重要性权重和伴侣的得分，当前伴侣在真诚度、幽默感、智力、吸引力上的得分与新女性相同或更高，尽管在共同兴趣上得分较低，但共同兴趣的权重相对较小。因此，您没有理由为了新女性而离开当前的伴侣。,197,230,225,0
假设您是一位 42 岁的男性，职业类型为 咨询，目前已匹配到一位伴侣。您当前伴侣的得分（满分 10 分）：吸引力：8.0/10，真诚度：8.0/10，智力：8.0/10，幽默感：5.0/10，野心：5.0/10，共同兴趣：5.0/10。一位新女性正在向您求爱，其得分为：吸引力：6.0/10，真诚度：8.0/10，智力：9.0/10，幽默度：8.0/10，抱负：7.0/10，共同兴趣：7.0/10。您的重要性权重为：吸引力：23.81，真诚度：23.81，智力：23.81，幽默度：23.81，抱负： 2.38，共同兴趣：2.38。你会为了新女友离开现在的伴侣吗？你的答案必须是或否，然后说明你的理由。你必须遵守这条规则！你不能说其他话。,否。根据您提供的权重和得分，可以计算出当前伴侣的总分为 7.25，而新女性的总分为 7.07。虽然新女性在某些方面有更高的评分，但总体而言，当前伴侣仍然更适合您，因此不建议为了新女性离开现在的伴侣。,206,230,223,0
假设您是一位 27 岁的男性，职业类型为 教授或顾问，目前已匹配到一位伴侣。您当前伴侣的得分（满分 10 分）：吸引力：5.0/10，真诚度：9.0/10，智力：7.0/10，幽默感：5.0/10，野心：8.0/10，共同兴趣：nan/10。一位新女性正在向您求爱，其得分为：吸引力：8.0/10，真诚度：6.0/10，智力：4.0/10，幽默度：6.0/10，抱负：8.0/10，共同兴趣：4.0/10。您的重要性权重为：吸引力：9.52，真诚度：19.05，智力：23.81，幽默度：19.05，抱负： 4.76，共同兴趣：23.81。你会为了新女友离开现在的伴侣吗？你的答案必须是或否，然后说明你的理由。你必须遵守这条规则！你不能说其他话。,否。根据您提供的权重和各属性得分，现有伴侣在真诚度、智力和野心方面的得分较高，而这些属性在您的权重中占据了较高的比例。尽管新女性在吸引力和幽默感方面得分较高，但她在智力、真诚度和共同兴趣方面的得分较低，这与您的偏好不匹配。因此，综合考虑后，现有伴侣在您的偏好权重下表现更好，所以不会为了新女性离开现有伴侣。,200,222,232,0
假设你是一位 24 岁的单身男士，有一位 28 岁的女性正在追求你。你的职业类型是 教授。你从六个维度对她进行了评估，满分为 10 分。这六个维度分别是：吸引力：6.0/10，真诚：6.0/10，智力：6.0/10，幽默感：5.0/10，抱负：6.0/10，共同兴趣：5.0/10。这些属性的重要性权重如下：吸引力：13.51，真诚：18.92，智力：21.62，幽默感：13.51，抱负：13.51，共同兴趣：18.92。你愿意和这位女士约会吗？请告诉我原因。你的答案必须是（是）或（否），然后说明你的原因。你必须遵守这条规则！你不能说其他话。,否。根据你提供的六个维度评分和重要性权重，这位女士在你选择伴侣的标准中整体得分并不高。在你认为最重要的两个维度，真诚和智力，她的得分都是6.0，而共同兴趣也只得到了5.0，这在你看来是非常重要的考虑因素。虽然她其他方面的评分也不低，但没有到达足以引起你兴趣的程度。因此，你可能不会愿意与这位女士约会。,211,228,,1
假设您是一位 42 岁的男性，职业类型为 咨询，目前已匹配到一位伴侣。您当前伴侣的得分（满分 10 分）：吸引力：6.0/10，真诚度：7.0/10，智力：9.0/10，幽默感：6.0/10，野心：7.0/10，共同兴趣：6.0/10。一位新女性正在向您求爱，其得分为：吸引力：9.0/10，真诚度：7.0/10，智力：7.0/10，幽默度：7.0/10，抱负：6.0/10，共同兴趣：7.0/10。您的重要性权重为：吸引力：23.81，真诚度：23.81，智力：23.81，幽默度：23.81，抱负： 2.38，共同兴趣：2.38。你会为了新女友离开现在的伴侣吗？你的答案必须是或否，然后说明你的理由。你必须遵守这条规则！你不能说其他话。,否。虽然新女性的吸引力得分较高，但根据您给出的重要性权重，当前伴侣在智力方面得分较高，这对您来说同样重要。此外，您与当前伴侣在真诚度、幽默感、抱负和共同兴趣方面得分相当。综合考虑这些因素，我建议您保持目前的伴侣关系。,207,230,221,0
假设您是一位 27 岁的男性，职业类型为 教授或顾问，目前已匹配到一位伴侣。您当前伴侣的得分（满分 10 分）：吸引力：7.0/10，真诚度：9.0/10，智力：8.0/10，幽默感：8.0/10，野心：7.0/10，共同兴趣：5.0/10。一位新女性正在向您求爱，其得分为：吸引力：6.0/10，真诚度：4.0/10，智力：7.0/10，幽默度：7.0/10，抱负：8.0/10，共同兴趣：2.0/10。您的重要性权重为：吸引力：9.52，真诚度：19.05，智力：23.81，幽默度：19.05，抱负： 4.76，共同兴趣：23.81。你会为了新女友离开现在的伴侣吗？你的答案必须是或否，然后说明你的理由。你必须遵守这条规则！你不能说其他话。,否。根据得分和重要性权重，当前伴侣在你所重视的特质上（如真诚度、智力、共同兴趣）得分更高，这些因素对你的长期幸福至关重要。而新女性虽然在某些方面（如抱负）有所优势，但总体来说并不如现有伴侣契合你的需求。,202,222,214,0
假设您是一位 42 岁的男性，职业类型为 咨询，目前已匹配到一位伴侣。您当前伴侣的得分（满分 10 分）：吸引力：7.0/10，真诚度：10.0/10，智力：10.0/10，幽默感：6.0/10，野心：10.0/10，共同兴趣：6.0/10。一位新女性正在向您求爱，其得分为：吸引力：9.0/10，真诚度：7.0/10，智力：7.0/10，幽默度：7.0/10，抱负：5.0/10，共同兴趣：7.0/10。您的重要性权重为：吸引力：23.81，真诚度：23.81，智力：23.81，幽默度：23.81，抱负： 2.38，共同兴趣：2.38。你会为了新女友离开现在的伴侣吗？你的答案必须是或否，然后说明你的理由。你必须遵守这条规则！你不能说其他话。,否。根据您提供的信息，您的重要性权重在吸引力、真诚度、智力和幽默感上平均分配，而对野心和共同兴趣的重视程度相对较低。当前伴侣在您重视的真诚度、智力和幽默感方面得分很高，而新女性虽然吸引力较高，但她在幽默感和抱负方面的得分并不如您当前的伴侣。综合考虑您所赋予的权重，您与现有伴侣的兼容度更高。,211,230,228,0
假设您是一位 27 岁的女性，职业类型为 金融，目前已匹配到一位伴侣。您当前伴侣的得分（满分 10 分）：吸引力：6.0/10，真诚度：6.0/10，智力：6.0/10，幽默度：6.0/10，野心：5.0/10，共同兴趣：5.0/10。一位新男士正在向您求爱，他的得分为：吸引力：8.0/10，真诚度： 8.0/10，智力：9.0/10，幽默感：8.0/10，抱负：9.0/10，共同兴趣：6.0/10。您的重要性权重为：吸引力：14.29，真诚：18.37，智力：18.37，幽默感：16.33，抱负： 18.37，共同兴趣：14.29。你会为了新男友离开现在的伴侣吗？你的答案必须是（是）或（否），然后说明你的理由。你必须遵守这条规则！你绝对不能说其他话。,是。理由是新男士在各个重要性权重较高的方面得分均高于当前伴侣，特别是真诚度、智力、幽默感和抱负方面。这表明新男士更能满足您的需求和价值观，因此被认为是一个更合适的伴侣选择。,219,212,199,1
假设您是一位 27 岁的男性，职业类型为 教授或顾问，目前已匹配到一位伴侣。您当前伴侣的得分（满分 10 分）：吸引力：2.0/10，真诚度：5.0/10，智力：6.0/10，幽默感：5.0/10，野心：7.0/10，共同兴趣：4.0/10。一位新女性正在向您求爱，其得分为：吸引力：8.0/10，真诚度：5.0/10，智力：6.0/10，幽默度：7.0/10，抱负：6.0/10，共同兴趣：3.0/10。您的重要性权重为：吸引力：9.52，真诚度：19.05，智力：23.81，幽默度：19.05，抱负： 4.76，共同兴趣：23.81。你会为了新女友离开现在的伴侣吗？你的答案必须是或否，然后说明你的理由。你必须遵守这条规则！你不能说其他话。,是。根据您提供的得分和重要性权重，计算后新女性的加权得分（8*9.52+5*19.05+6*23.81+7*19.05+6*4.76+3*23.81=6.65/10）比当前伴侣的加权得分（2*9.52+5*19.05+6*23.81+5*19.05+7*4.76+4*23.81=4.99/10）高，因此我会选择新女性作为我的伴侣。,203,222,216,1
假设您是一位 42 岁的男性，职业类型为 咨询，目前已匹配到一位伴侣。您当前伴侣的得分（满分 10 分）：吸引力：8.0/10，真诚度：8.0/10，智力：9.0/10，幽默感：8.0/10，野心：9.0/10，共同兴趣：6.0/10。一位新女性正在向您求爱，其得分为：吸引力：7.0/10，真诚度：6.0/10，智力：6.0/10，幽默度：6.0/10，抱负：6.0/10，共同兴趣：7.0/10。您的重要性权重为：吸引力：23.81，真诚度：23.81，智力：23.81，幽默度：23.81，抱负： 2.38，共同兴趣：2.38。你会为了新女友离开现在的伴侣吗？你的答案必须是或否，然后说明你的理由。你必须遵守这条规则！你不能说其他话。,否。根据您给出的重要性权重和伴侣得分，目前的伴侣在您重视的特质（吸引力、真诚度、智力、幽默感）方面得分较高，而新女性在共同兴趣方面得分较高，但这一特质对您来说权重较低。因此，综合考虑，您应该继续与当前伴侣保持关系。,212,230,219,0
假设您是一位 30 岁的女性，职业类型为 历史学家，目前已匹配到一位伴侣。您当前伴侣的得分（满分 10 分）：吸引力：7.0/10，真诚度：6.0/10，智力：7.0/10，幽默度：5.0/10，野心：6.0/10，共同兴趣：6.0/10。一位新男士正在向您求爱，他的得分为：吸引力：9.0/10，真诚度： 9.0/10，智力：9.0/10，幽默感：8.0/10，抱负：9.0/10，共同兴趣：8.0/10。您的重要性权重为：吸引力：17.5，真诚：17.5，智力：20.0，幽默感：12.5，抱负： 20.0，共同兴趣：12.5。你会为了新男友离开现在的伴侣吗？你的答案必须是（是）或（否），然后说明你的理由。你必须遵守这条规则！你绝对不能说其他话。,是。根据您提供的权重和评分，新男士在所有方面都显著高于现任伴侣，特别是在您认为非常重要的吸引力、智力和抱负上。因此，从数值上来看，新男士更符合您的理想型，选择他是更为理性的决定。,217,199,213,1
假设你是一位 27 岁的单身男士，有一位 25 岁的女性正在追求你。你的职业类型是 咨询。你从六个维度对她进行了评估，满分为 10 分。这六个维度分别是：吸引力：9.0/10，真诚：9.0/10，智力：9.0/10，幽默感：9.0/10，抱负：9.0/10，共同兴趣：9.0/10。这些属性的重要性权重如下：吸引力：7.5，真诚：17.5，智力：20.0，幽默感：22.5，抱负：12.5，共同兴趣：20.0。你愿意和这位女士约会吗？请告诉我原因。你的答案必须是（是）或（否），然后说明你的原因。你必须遵守这条规则！你不能说其他话。,是。原因在于这位女士在所有评估维度上得分都很高，且与我的价值观和兴趣高度契合。根据重要性权重计算，她的总分也非常高，这表明我们之间有很大的兼容性。因此，我愿意和这位女士约会。,213,216,,1
假设您是一位 42 岁的男性，职业类型为 咨询，目前已匹配到一位伴侣。您当前伴侣的得分（满分 10 分）：吸引力：6.0/10，真诚度：8.0/10，智力：9.0/10，幽默感：7.0/10，野心：7.0/10，共同兴趣：7.0/10。一位新女性正在向您求爱，其得分为：吸引力：9.0/10，真诚度：8.0/10，智力：8.0/10，幽默度：8.0/10，抱负：6.0/10，共同兴趣：8.0/10。您的重要性权重为：吸引力：23.81，真诚度：23.81，智力：23.81，幽默度：23.81，抱负： 2.38，共同兴趣：2.38。你会为了新女友离开现在的伴侣吗？你的答案必须是或否，然后说明你的理由。你必须遵守这条规则！你不能说其他话。,否。根据您提供的权重和得分，我们可以计算出两位伴侣的总分。现伴侣得分为：23.81 * 6.0 + 23.81 * 8.0 + 23.81 * 9.0 + 23.81 * 7.0 + 2.38 * 7.0 + 2.38 * 7.0 = 441.36。新女性得分为：23.81 * 9.0 + 23.81 * 8.0 + 23.81 * 8.0 + 23.81 * 8.0 + 2.38 * 6.0 + 2.38 * 8.0 = 442.82。尽管新女性的总分略高于现伴侣，但差距非常小，考虑到您与现伴侣已经建立了稳定的关系，没有必要为了新女性而离开现伴侣。,213,230,216,0
假设您是一位 42 岁的男性，职业类型为 咨询，目前已匹配到一位伴侣。您当前伴侣的得分（满分 10 分）：吸引力：4.0/10，真诚度：4.0/10，智力：3.0/10，幽默感：3.0/10，野心：3.0/10，共同兴趣：nan/10。一位新女性正在向您求爱，其得分为：吸引力：8.0/10，真诚度：7.0/10，智力：8.0/10，幽默度：5.0/10，抱负：5.0/10，共同兴趣：6.0/10。您的重要性权重为：吸引力：23.81，真诚度：23.81，智力：23.81，幽默度：23.81，抱负： 2.38，共同兴趣：2.38。你会为了新女友离开现在的伴侣吗？你的答案必须是或否，然后说明你的理由。你必须遵守这条规则！你不能说其他话。,是。根据您提供的评分和权重，新女性的各项得分都明显高于您现有伴侣，特别是在您重视的方面如吸引力、真诚度、智力和幽默感。这表明新女性在您认为重要的方面提供了更好的匹配，因此选择新女性是一个合理的决定。,196,230,220,1
假设您是一位 32 岁的男性，职业类型为 英雄（自称），目前已匹配到一位伴侣。您当前伴侣的得分（满分 10 分）：吸引力：10.0/10，真诚度：8.0/10，智力：7.0/10，幽默感：7.0/10，野心：9.0/10，共同兴趣：6.0/10。一位新女性正在向您求爱，其得分为：吸引力：5.0/10，真诚度：8.0/10，智力：7.0/10，幽默度：7.0/10，抱负：6.0/10，共同兴趣：7.0/10。您的重要性权重为：吸引力：17.24，真诚度：17.24，智力：17.24，幽默度：17.24，抱负： 13.79，共同兴趣：17.24。你会为了新女友离开现在的伴侣吗？你的答案必须是或否，然后说明你的理由。你必须遵守这条规则！你不能说其他话。,否。根据你提供的重要性权重和两位女性的得分计算，当前伴侣的加权得分为（10*17.24+8*17.24+7*17.24+7*17.24+9*13.79+6*17.24）=162.375，而新女性的加权得分为（5*17.24+8*17.24+7*17.24+7*17.24+6*13.79+7*17.24）=134.38。因此，当前伴侣的综合得分更高。此外，在你的重要性权重中吸引力占据了较大比例，而当前伴侣在这一方面的得分明显高于新女性，因此更符合你的偏好。所以，我建议你选择留下现有的伴侣。,194,224,227,0
假设您是一位 32 岁的男性，职业类型为 英雄（自称），目前已匹配到一位伴侣。您当前伴侣的得分（满分 10 分）：吸引力：7.0/10，真诚度：8.0/10，智力：9.0/10，幽默感：9.0/10，野心：8.0/10，共同兴趣：9.0/10。一位新女性正在向您求爱，其得分为：吸引力：7.0/10，真诚度：6.0/10，智力：7.0/10，幽默度：7.0/10，抱负：7.0/10，共同兴趣：8.0/10。您的重要性权重为：吸引力：17.24，真诚度：17.24，智力：17.24，幽默度：17.24，抱负： 13.79，共同兴趣：17.24。你会为了新女友离开现在的伴侣吗？你的答案必须是或否，然后说明你的理由。你必须遵守这条规则！你不能说其他话。,否。根据你提供的权重和得分，计算得出当前伴侣的总分为82.76（吸引力121.68，真诚度137.92，智力155.16，幽默感155.16，抱负110.32，共同兴趣155.16），而新女性的总分为79.12（吸引力120.68，真诚度103.44，智力120.68，幽默感120.68，抱负96.52，共同兴趣137.92）。当前伴侣的总分高于新女性，所以不应该为了新女性离开现在的伴侣。,195,224,215,0
假设您是一位 25 岁的男性，职业类型为 诗人 / 作家 / 歌手 / 联合国或印度政府政策制定者，目前已匹配到一位伴侣。您当前伴侣的得分（满分 10 分）：吸引力：8.0/10，真诚度：8.0/10，智力：8.0/10，幽默感：5.0/10，野心：5.0/10，共同兴趣：5.0/10。一位新女性正在向您求爱，其得分为：吸引力：10.0/10，真诚度：10.0/10，智力：10.0/10，幽默度：10.0/10，抱负：10.0/10，共同兴趣：10.0/10。您的重要性权重为：吸引力：16.67，真诚度：16.67，智力：16.67，幽默度：16.67，抱负： 14.81，共同兴趣：18.52。你会为了新女友离开现在的伴侣吗？你的答案必须是或否，然后说明你的理由。你必须遵守这条规则！你不能说其他话。,否。虽然新女性的得分为满分，但更换伴侣并不是一个简单或轻率的决定。对我而言，我重视与现有伴侣建立的深厚情感联系和稳定性。此外，我的重要性权重显示，幽默感和共同兴趣对我来说非常重要，而现有伴侣在这两个方面得分并不低。改变现有的关系可能带来不确定性和潜在的破坏，因此我选择保持当前的关系，而不是仅仅因为有另一个更好的选择就离开现有的伴侣。,206,220,223,1
假设您是一位 32 岁的男性，职业类型为 英雄（自称），目前已匹配到一位伴侣。您当前伴侣的得分（满分 10 分）：吸引力：7.0/10，真诚度：7.0/10，智力：7.0/10，幽默感：7.0/10，野心：7.0/10，共同兴趣：4.0/10。一位新女性正在向您求爱，其得分为：吸引力：5.0/10，真诚度：8.0/10，智力：8.0/10，幽默度：10.0/10，抱负：5.0/10，共同兴趣：7.0/10。您的重要性权重为：吸引力：17.24，真诚度：17.24，智力：17.24，幽默度：17.24，抱负： 13.79，共同兴趣：17.24。你会为了新女友离开现在的伴侣吗？你的答案必须是或否，然后说明你的理由。你必须遵守这条规则！你不能说其他话。,否。根据您提供的评分和权重，计算后发现您当前伴侣的总体得分为 7.0，而新女性的总体得分为 6.8。虽然新女性在真诚度、智力和幽默感方面得分更高，但总体来看，您当前的伴侣仍然略胜一筹。此外，共同兴趣对您的重要性也很高，而您当前的伴侣在这个方面比新女性更有优势。因此，建议您保持现状，继续与当前伴侣发展关系。,197,224,225,0
假设您是一位 32 岁的男性，职业类型为 英雄（自称），目前已匹配到一位伴侣。您当前伴侣的得分（满分 10 分）：吸引力：5.0/10，真诚度：9.0/10，智力：7.0/10，幽默感：5.0/10，野心：8.0/10，共同兴趣：nan/10。一位新女性正在向您求爱，其得分为：吸引力：9.0/10，真诚度：6.0/10，智力：6.0/10，幽默度：7.0/10，抱负：6.0/10，共同兴趣：5.0/10。您的重要性权重为：吸引力：17.24，真诚度：17.24，智力：17.24，幽默度：17.24，抱负： 13.79，共同兴趣：17.24。你会为了新女友离开现在的伴侣吗？你的答案必须是或否，然后说明你的理由。你必须遵守这条规则！你不能说其他话。,否。在这个情况下，虽然新女性在吸引力方面得分更高，但是目前伴侣在真诚度和野心方面得分更高，这对于一段关系的长期发展非常重要。真诚度和共同价值观是关系稳定性的关键因素，这些因素在维护长期关系中起到至关重要的作用。此外，您与当前伴侣在真诚度上的得分差异较大（9.0 vs 6.0），这表明现任伴侣可能更符合您的个人价值观。因此，综合考虑各个方面的得分和重要性权重，我建议您留在现女友身边。,200,224,232,1
假设您是一位 31 岁的男性，职业类型为 公共服务，目前已匹配到一位伴侣。您当前伴侣的得分（满分 10 分）：吸引力：8.0/10，真诚度：8.0/10，智力：9.0/10，幽默感：8.0/10，野心：9.0/10，共同兴趣：6.0/10。一位新女性正在向您求爱，其得分为：吸引力：10.0/10，真诚度：9.0/10，智力：9.0/10，幽默度：10.0/10，抱负：8.0/10，共同兴趣：7.0/10。您的重要性权重为：吸引力：17.78，真诚度：17.78，智力：17.78，幽默度：17.78，抱负： 13.33，共同兴趣：15.56。你会为了新女友离开现在的伴侣吗？你的答案必须是或否，然后说明你的理由。你必须遵守这条规则！你不能说其他话。,否，我不会为了新女友离开现在的伴侣。  虽然新女性在吸引力、真诚度、幽默感和共同兴趣上得分较高，但是从整体上看，新女性和当前伴侣的得分差距并不是很大。此外，考虑到已经和当前伴侣建立了关系，我认为这并不是放弃现有关系的理由。虽然新女性可能在某些方面更为符合我的期待，但是维持稳定的关系也是很重要的。,212,232,219,1
假设您是一位 26 岁的男性，职业类型为 商业，目前已匹配到一位伴侣。您当前伴侣的得分（满分 10 分）：吸引力：7.0/10，真诚度：8.0/10，智力：9.0/10，幽默感：9.0/10，野心：8.0/10，共同兴趣：9.0/10。一位新女性正在向您求爱，其得分为：吸引力：7.0/10，真诚度：8.0/10，智力：7.0/10，幽默度：7.0/10，抱负：4.0/10，共同兴趣：7.0/10。您的重要性权重为：吸引力：16.28，真诚度：16.28，智力：18.6，幽默度：16.28，抱负： 16.28，共同兴趣：16.28。你会为了新女友离开现在的伴侣吗？你的答案必须是或否，然后说明你的理由。你必须遵守这条规则！你不能说其他话。,否。根据您的重要性权重和伴侣的得分，您的当前伴侣在各方面都更符合您的标准。尤其是智力、幽默感和共同兴趣方面的得分都超过了新的求爱者，这使得您的现伴侣更适合您。,195,219,215,1
假设您是一位 28 岁的男性，职业类型为 历史教授，目前已匹配到一位伴侣。您当前伴侣的得分（满分 10 分）：吸引力：10.0/10，真诚度：8.0/10，智力：7.0/10，幽默感：7.0/10，野心：9.0/10，共同兴趣：6.0/10。一位新女性正在向您求爱，其得分为：吸引力：7.0/10，真诚度：7.0/10，智力：7.0/10，幽默度：8.0/10，抱负：6.0/10，共同兴趣：7.0/10。您的重要性权重为：吸引力：17.39，真诚度：17.39，智力：19.57，幽默度：19.57，抱负： 10.87，共同兴趣：15.22。你会为了新女友离开现在的伴侣吗？你的答案必须是或否，然后说明你的理由。你必须遵守这条规则！你不能说其他话。,否。根据重要性权重，当前伴侣在吸引力、真诚度、智力、幽默感和野心方面的得分都高于或等于新女性。特别是在吸引力和野心方面，当前伴侣得分显著更高。因此，不会为了新女性离开现在的伴侣。,194,223,227,1
假设您是一位 26 岁的男性，职业类型为 公司金融，目前已匹配到一位伴侣。您当前伴侣的得分（满分 10 分）：吸引力：9.0/10，真诚度：10.0/10，智力：9.0/10，幽默感：9.0/10，野心：8.0/10，共同兴趣：9.0/10。一位新女性正在向您求爱，其得分为：吸引力：6.0/10，真诚度：4.0/10，智力：8.0/10，幽默度：8.0/10，抱负：5.0/10，共同兴趣：6.0/10。您的重要性权重为：吸引力：20.0，真诚度：16.0，智力：18.0，幽默度：16.0，抱负： 16.0，共同兴趣：14.0。你会为了新女友离开现在的伴侣吗？你的答案必须是或否，然后说明你的理由。你必须遵守这条规则！你不能说其他话。,否。根据您给出的评分和重要性权重，现有伴侣在几乎所有方面的得分都要高于新出现的女性。现有伴侣的吸引力、真诚度、智力、幽默感、野心以及共同兴趣的得分都要更高，特别是在您认为重要的真诚度和吸引力方面，现有伴侣的得分明显更高。因此，考虑到您与现有伴侣之间高度的兼容性和强烈的化学反应，为了新出现的女性离开现有伴侣并不合乎情理。,195,227,219,1
假设您是一位 26 岁的男性，职业类型为 金融，目前已匹配到一位伴侣。您当前伴侣的得分（满分 10 分）：吸引力：7.0/10，真诚度：7.0/10，智力：7.0/10，幽默感：7.0/10，野心：7.0/10，共同兴趣：4.0/10。一位新女性正在向您求爱，其得分为：吸引力：7.0/10，真诚度：9.0/10，智力：9.0/10，幽默度：6.0/10，抱负：7.0/10，共同兴趣：4.0/10。您的重要性权重为：吸引力：14.89，真诚度：19.15，智力：21.28，幽默度：19.15，抱负： 14.89，共同兴趣：10.64。你会为了新女友离开现在的伴侣吗？你的答案必须是或否，然后说明你的理由。你必须遵守这条规则！你不能说其他话。,否。虽然新女性在真诚度和智力方面得分较高，但两者的共同兴趣得分相同，而当前伴侣在幽默感方面得分更高。根据您的权重，智力、真诚度和幽默感的重要性相当，因此当前伴侣在总得分上略胜一筹。此外，离开了现任伴侣选择新伴侣会带来新的不确定性，且您与现任伴侣可能存在一定的感情基础。综上所述，不建议为了新女性离开现任伴侣。,197,215,225,0
假设您是一位 26 岁的男性，职业类型为 商业，目前已匹配到一位伴侣。您当前伴侣的得分（满分 10 分）：吸引力：3.0/10，真诚度：9.0/10，智力：10.0/10，幽默感：2.0/10，野心：9.0/10，共同兴趣：3.0/10。一位新女性正在向您求爱，其得分为：吸引力：7.0/10，真诚度：7.0/10，智力：7.0/10，幽默度：7.0/10，抱负：6.0/10，共同兴趣：7.0/10。您的重要性权重为：吸引力：16.28，真诚度：16.28，智力：18.6，幽默度：16.28，抱负： 16.28，共同兴趣：16.28。你会为了新女友离开现在的伴侣吗？你的答案必须是或否，然后说明你的理由。你必须遵守这条规则！你不能说其他话。,是。根据您提供的评分和权重，新女性在吸引力、幽默感和共同兴趣方面得分更高，这些对于您来说都是很重要的因素。虽然您的现任伴侣在真诚度、智力和野心方面得分很高，但总体来说，新女性更符合您的权重分配，可能会给您带来更多的满足感和快乐。,203,219,222,1
假设您是一位 26 岁的男性，职业类型为 金融，目前已匹配到一位伴侣。您当前伴侣的得分（满分 10 分）：吸引力：6.0/10，真诚度：7.0/10，智力：9.0/10，幽默感：6.0/10，野心：7.0/10，共同兴趣：6.0/10。一位新女性正在向您求爱，其得分为：吸引力：8.0/10，真诚度：7.0/10，智力：4.0/10，幽默度：9.0/10，抱负：4.0/10，共同兴趣：5.0/10。您的重要性权重为：吸引力：14.89，真诚度：19.15，智力：21.28，幽默度：19.15，抱负： 14.89，共同兴趣：10.64。你会为了新女友离开现在的伴侣吗？你的答案必须是或否，然后说明你的理由。你必须遵守这条规则！你不能说其他话。,否。根据重要性权重计算，当前伴侣的加权得分为：6*14.89%+7*19.15%+9*21.28%+6*19.15%+7*14.89%+6*10.64%=6.89；新女性的加权得分为：8*14.89%+7*19.15%+4*21.28%+9*19.15%+4*14.89%+5*10.64%=6.46。新女性的加权得分低于现有伴侣，所以不会为了新女性离开现有伴侣。,207,215,221,0
假设您是一位 27 岁的男性，职业类型为 教授或顾问，目前已匹配到一位伴侣。您当前伴侣的得分（满分 10 分）：吸引力：5.0/10，真诚度：8.0/10，智力：8.0/10，幽默感：6.0/10，野心：6.0/10，共同兴趣：5.0/10。一位新女性正在向您求爱，其得分为：吸引力：7.0/10，真诚度：5.0/10，智力：6.0/10，幽默度：8.0/10，抱负：2.0/10，共同兴趣：4.0/10。您的重要性权重为：吸引力：9.52，真诚度：19.05，智力：23.81，幽默度：19.05，抱负： 4.76，共同兴趣：23.81。你会为了新女友离开现在的伴侣吗？你的答案必须是或否，然后说明你的理由。你必须遵守这条规则！你不能说其他话。,否。原因是根据您给定的重要性的权重，当前伴侣在真诚度、智力和共同兴趣方面的得分高于新女性，而这些方面在您的重要性权重中占比较大。尽管新女性在吸引力和幽默感方面得分较高，但整体来看，当前伴侣更符合您的价值观和偏好。,205,222,218,1
假设您是一位 24 岁的男性，职业类型为 研究员，目前已匹配到一位伴侣。您当前伴侣的得分（满分 10 分）：吸引力：9.0/10，真诚度：7.0/10，智力：7.0/10，幽默感：6.0/10，野心：6.0/10，共同兴趣：6.0/10。一位新女性正在向您求爱，其得分为：吸引力：6.0/10，真诚度：7.0/10，智力：7.0/10，幽默度：5.0/10，抱负：6.0/10，共同兴趣：6.0/10。您的重要性权重为：吸引力：20.51，真诚度：5.13，智力：23.08，幽默度：12.82，抱负： 17.95，共同兴趣：20.51。你会为了新女友离开现在的伴侣吗？你的答案必须是或否，然后说明你的理由。你必须遵守这条规则！你不能说其他话。,否。根据您所提供的分数和权重，当前伴侣在吸引力和智力方面得分较高，这两项对您来说也非常重要。新女性的得分在这两个方面都较低，因此总体来说，您的当前伴侣更符合您的偏好。,195,218,227,0
假设您是一位 24 岁的男性，职业类型为 研究员，目前已匹配到一位伴侣。您当前伴侣的得分（满分 10 分）：吸引力：9.0/10，真诚度：9.0/10，智力：9.0/10，幽默感：8.0/10，野心：9.0/10，共同兴趣：8.0/10。一位新女性正在向您求爱，其得分为：吸引力：4.0/10，真诚度：4.0/10，智力：6.0/10，幽默度：6.0/10，抱负：6.0/10，共同兴趣：5.0/10。您的重要性权重为：吸引力：20.51，真诚度：5.13，智力：23.08，幽默度：12.82，抱负： 17.95，共同兴趣：20.51。你会为了新女友离开现在的伴侣吗？你的答案必须是或否，然后说明你的理由。你必须遵守这条规则！你不能说其他话。,否。根据您提供的得分和权重，您当前伴侣在各个方面的得分都非常高，尤其是吸引力、真诚度、智力和野心方面，而这些方面在您的重要性权重中占有较高的比例。与之相比，新女性在这些方面的得分较低，无法满足您在这些方面的需求。因此，您没有理由为了新女性而离开现任伴侣。,199,218,217,1
假设您是一位 26 岁的男性，职业类型为 医学院教师 / 医师，目前已匹配到一位伴侣。您当前伴侣的得分（满分 10 分）：吸引力：8.0/10，真诚度：6.0/10，智力：9.0/10，幽默感：8.0/10，野心：8.0/10，共同兴趣：nan/10。一位新女性正在向您求爱，其得分为：吸引力：6.0/10，真诚度：8.0/10，智力：9.0/10，幽默度：6.0/10，抱负：9.0/10，共同兴趣：8.0/10。您的重要性权重为：吸引力：21.28，真诚度：17.02，智力：21.28，幽默度：12.77，抱负： 6.38，共同兴趣：21.28。你会为了新女友离开现在的伴侣吗？你的答案必须是或否，然后说明你的理由。你必须遵守这条规则！你不能说其他话。,否。根据您给出的重要性权重和各项得分，我计算了您两个潜在伴侣的加权得分。目前的伴侣得分更高，尤其是在吸引力、幽默感和共同兴趣上。尽管新女性的真诚度和抱负更高，但这些属性在您的权重设置中并不像其他因素那么重要。综合考虑所有因素，您当前的伴侣总体上仍然是更合适的选择。,203,217,219,1
假设您是一位 26 岁的男性，职业类型为 商业，目前已匹配到一位伴侣。您当前伴侣的得分（满分 10 分）：吸引力：9.0/10，真诚度：9.0/10，智力：8.0/10，幽默感：9.0/10，野心：7.0/10，共同兴趣：8.0/10。一位新女性正在向您求爱，其得分为：吸引力：6.0/10，真诚度：6.0/10，智力：8.0/10，幽默度：6.0/10，抱负：7.0/10，共同兴趣：5.0/10。您的重要性权重为：吸引力：16.28，真诚度：16.28，智力：18.6，幽默度：16.28，抱负： 16.28，共同兴趣：16.28。你会为了新女友离开现在的伴侣吗？你的答案必须是或否，然后说明你的理由。你必须遵守这条规则！你不能说其他话。,否。根据你提供的评分和权重，目前的伴侣在大多数方面都得分更高，尤其是在吸引力、真诚度和幽默感上，这些对于你来说都是很重要的特质。虽然智力和抱负上两位伴侣得分相近，但在共同兴趣方面，你现有的伴侣也占有明显优势。因此，目前没有充分的理由为了新出现的求爱者而离开现有伴侣。,204,219,226,1
假设您是一位 23 岁的男性，职业类型为 娱乐 / 体育，目前已匹配到一位伴侣。您当前伴侣的得分（满分 10 分）：吸引力：4.0/10，真诚度：9.0/10，智力：9.0/10，幽默感：4.0/10，野心：9.0/10，共同兴趣：4.0/10。一位新女性正在向您求爱，其得分为：吸引力：7.0/10，真诚度：6.0/10，智力：6.0/10，幽默度：7.0/10，抱负：6.0/10，共同兴趣：7.0/10。您的重要性权重为：吸引力：25.64，真诚度：17.95，智力：15.38，幽默度：20.51，抱负： 10.26，共同兴趣：10.26。你会为了新女友离开现在的伴侣吗？你的答案必须是或否，然后说明你的理由。你必须遵守这条规则！你不能说其他话。,否，我不会为了新女友离开现在的伴侣。  根据重要性权重计算，我现有伴侣的加权得分总和为：（4.0*25.64+9.0*17.95+9.0*15.38+4.0*20.51+9.0*10.26+4.0*10.26）/100=6.08；新女性的加权得分总和为：（7.0*25.64+6.0*17.95+6.0*15.38+7.0*20.51+6.0*10.26+7.0*10.26）/100=6.46。虽然新女性的综合得分略占优势，但只凭这点差异很难让人选择改变现状。  另一方面，现在这位伴侣的真诚度、智力和抱负等核心价值都更高，这对于长期关系而言更为重要。较高的真诚度和智力表明她是一个值得信赖和能够进行深度交流的人，而较强的抱负则意味着她有着对自己的生活目标和追求，这有助于两个人相互激励相互成就。相比之下，新求爱女性的得分在这些方面均稍逊一筹。此外，现有伴侣已经具备了一定的情感基础，建立了一定的亲密关系，而与新女性还需要时间去了解、磨合以及培养感情。  综上所述，我不会因新女性的出现而选择离开现在这位伴侣。,199,226,218,1
假设您是一位 26 岁的男性，职业类型为 金融，目前已匹配到一位伴侣。您当前伴侣的得分（满分 10 分）：吸引力：8.0/10，真诚度：7.0/10，智力：8.0/10，幽默感：8.0/10，野心：8.0/10，共同兴趣：3.0/10。一位新女性正在向您求爱，其得分为：吸引力：5.0/10，真诚度：6.0/10，智力：6.0/10，幽默度：5.0/10，抱负：6.0/10，共同兴趣：6.0/10。您的重要性权重为：吸引力：14.89，真诚度：19.15，智力：21.28，幽默度：19.15，抱负： 14.89，共同兴趣：10.64。你会为了新女友离开现在的伴侣吗？你的答案必须是或否，然后说明你的理由。你必须遵守这条规则！你不能说其他话。,否。当前伴侣在吸引力、智力、幽默感和野心方面得分较高，这四个方面的权重也较高，符合你对伴侣的重要标准。虽然新女性在共同兴趣方面得分较高，但总体上她的得分不如你当前伴侣。因此，没有理由为了新女性离开现在的伴侣。,199,215,226,0
假设您是一位 24 岁的男性，职业类型为 研究员，目前已匹配到一位伴侣。您当前伴侣的得分（满分 10 分）：吸引力：7.0/10，真诚度：9.0/10，智力：8.0/10，幽默感：8.0/10，野心：7.0/10，共同兴趣：5.0/10。一位新女性正在向您求爱，其得分为：吸引力：6.0/10，真诚度：6.0/10，智力：8.0/10，幽默度：5.0/10，抱负：5.0/10，共同兴趣：6.0/10。您的重要性权重为：吸引力：20.51，真诚度：5.13，智力：23.08，幽默度：12.82，抱负： 17.95，共同兴趣：20.51。你会为了新女友离开现在的伴侣吗？你的答案必须是或否，然后说明你的理由。你必须遵守这条规则！你不能说其他话。,否。根据你提供的权重和得分，我计算出当前伴侣的加权得分为 7.52，而新女性的加权得分为 6.31。因此，当前伴侣的综合得分更高，我不会为了新女性离开现在的伴侣。,202,218,214,0
假设您是一位 24 岁的男性，职业类型为 研究员，目前已匹配到一位伴侣。您当前伴侣的得分（满分 10 分）：吸引力：10.0/10，真诚度：7.0/10，智力：9.0/10，幽默感：10.0/10，野心：10.0/10，共同兴趣：7.0/10。一位新女性正在向您求爱，其得分为：吸引力：6.0/10，真诚度：6.0/10，智力：8.0/10，幽默度：6.0/10，抱负：6.0/10，共同兴趣：6.0/10。您的重要性权重为：吸引力：20.51，真诚度：5.13，智力：23.08，幽默度：12.82，抱负： 17.95，共同兴趣：20.51。你会为了新女友离开现在的伴侣吗？你的答案必须是或否，然后说明你的理由。你必须遵守这条规则！你不能说其他话。,否。根据您提供的信息和权重，当前伴侣在吸引力、幽默感和野心方面得到了满分，这三项您的重要性权重也较高，因此当前伴侣在这些方面对您更有价值。同时，虽然新女性在真诚度、智力、幽默度、抱负和共同兴趣方面得分低于当前伴侣，但这些方面的权重相对较低。综上所述，我认为您不应该为了新女性离开现在的伴侣。,203,218,217,0
假设您是一位 26 岁的男性，职业类型为 金融，目前已匹配到一位伴侣。您当前伴侣的得分（满分 10 分）：吸引力：7.0/10，真诚度：10.0/10，智力：9.0/10，幽默感：nan/10，野心：9.0/10，共同兴趣：nan/10。一位新女性正在向您求爱，其得分为：吸引力：8.0/10，真诚度：7.0/10，智力：7.0/10，幽默度：8.0/10，抱负：6.0/10，共同兴趣：6.0/10。您的重要性权重为：吸引力：14.89，真诚度：19.15，智力：21.28，幽默度：19.15，抱负： 14.89，共同兴趣：10.64。你会为了新女友离开现在的伴侣吗？你的答案必须是或否，然后说明你的理由。你必须遵守这条规则！你不能说其他话。,否。根据您提供的评分和权重，当前伴侣在真诚度、智力和野心方面的得分较高，这些权重在您的评价体系中占了较大比重。尽管新女性在某些方面表现更好，但现有伴侣的整体加权得分可能更高，因此没有理由为了新女友离开现有的伴侣。,200,215,224,0
假设您是一位 26 岁的男性，职业类型为 金融，目前已匹配到一位伴侣。您当前伴侣的得分（满分 10 分）：吸引力：10.0/10，真诚度：7.0/10，智力：9.0/10，幽默感：10.0/10，野心：10.0/10，共同兴趣：7.0/10。一位新女性正在向您求爱，其得分为：吸引力：6.0/10，真诚度：8.0/10，智力：7.0/10，幽默度：4.0/10，抱负：5.0/10，共同兴趣：5.0/10。您的重要性权重为：吸引力：14.89，真诚度：19.15，智力：21.28，幽默度：19.15，抱负： 14.89，共同兴趣：10.64。你会为了新女友离开现在的伴侣吗？你的答案必须是或否，然后说明你的理由。你必须遵守这条规则！你不能说其他话。,否。根据您提供的权重和评分，您的当前伴侣在吸引力、智力、幽默感和野心方面的得分都非常高，这些也是您认为很重要的品质。新女性在吸引力方面较低，且幽默感和抱负远不如您的现任伴侣。因此，基于这些信息，您没有理由为了新女性离开现在的伴侣。,203,215,217,1
假设您是一位 26 岁的男性，职业类型为 医学院教师 / 医师，目前已匹配到一位伴侣。您当前伴侣的得分（满分 10 分）：吸引力：6.0/10，真诚度：10.0/10，智力：10.0/10，幽默感：7.0/10，野心：10.0/10，共同兴趣：6.0/10。一位新女性正在向您求爱，其得分为：吸引力：3.0/10，真诚度：9.0/10，智力：9.0/10，幽默度：4.0/10，抱负：7.0/10，共同兴趣：6.0/10。您的重要性权重为：吸引力：21.28，真诚度：17.02，智力：21.28，幽默度：12.77，抱负： 6.38，共同兴趣：21.28。你会为了新女友离开现在的伴侣吗？你的答案必须是或否，然后说明你的理由。你必须遵守这条规则！你不能说其他话。,否。根据您提供的权重和两个伴侣的得分，可以计算出当前伴侣的综合得分为 7.85，而新女性的综合得分为 5.77。显然，当前伴侣在您重视的各项属性上的综合表现远优于新女性。因此，保持现有关系对您来说更有利。,194,217,223,0
假设您是一位 26 岁的男性，职业类型为 医学院教师 / 医师，目前已匹配到一位伴侣。您当前伴侣的得分（满分 10 分）：吸引力：9.0/10，真诚度：7.0/10，智力：7.0/10，幽默感：6.0/10，野心：6.0/10，共同兴趣：6.0/10。一位新女性正在向您求爱，其得分为：吸引力：6.0/10，真诚度：5.0/10，智力：9.0/10，幽默度：4.0/10，抱负：6.0/10，共同兴趣：5.0/10。您的重要性权重为：吸引力：21.28，真诚度：17.02，智力：21.28，幽默度：12.77，抱负： 6.38，共同兴趣：21.28。你会为了新女友离开现在的伴侣吗？你的答案必须是或否，然后说明你的理由。你必须遵守这条规则！你不能说其他话。,否。当前伴侣在吸引力、真诚度、智力、幽默感、野心和共同兴趣方面的综合得分，根据我的重要性权重，总分为8.58。新女性的综合得分，根据同样的权重，总分为6.03。因此，当前伴侣的整体匹配度更高，所以我不会为了新女性离开现在的伴侣。,195,217,227,0
假设您是一位 24 岁的男性，职业类型为 研究员，目前已匹配到一位伴侣。您当前伴侣的得分（满分 10 分）：吸引力：7.0/10，真诚度：8.0/10，智力：9.0/10，幽默感：8.0/10，野心：8.0/10，共同兴趣：8.0/10。一位新女性正在向您求爱，其得分为：吸引力：6.0/10，真诚度：5.0/10，智力：5.0/10，幽默度：6.0/10，抱负：6.0/10，共同兴趣：4.0/10。您的重要性权重为：吸引力：20.51，真诚度：5.13，智力：23.08，幽默度：12.82，抱负： 17.95，共同兴趣：20.51。你会为了新女友离开现在的伴侣吗？你的答案必须是或否，然后说明你的理由。你必须遵守这条规则！你不能说其他话。,否。根据你给出的得分和重要性权重，你的当前伴侣在各方面得分都较高，尤其是在智力、真诚度、共同兴趣等方面，而这些方面在你的权重中占比较高。相比之下，新女性在各个方面的得分都较低，因此无法替代你现有的伴侣。,204,218,219,1
假设您是一位 26 岁的男性，职业类型为 商业，目前已匹配到一位伴侣。您当前伴侣的得分（满分 10 分）：吸引力：6.0/10，真诚度：7.0/10，智力：9.0/10，幽默感：6.0/10，野心：7.0/10，共同兴趣：6.0/10。一位新女性正在向您求爱，其得分为：吸引力：8.0/10，真诚度：6.0/10，智力：8.0/10，幽默度：9.0/10，抱负：5.0/10，共同兴趣：8.0/10。您的重要性权重为：吸引力：16.28，真诚度：16.28，智力：18.6，幽默度：16.28，抱负： 16.28，共同兴趣：16.28。你会为了新女友离开现在的伴侣吗？你的答案必须是或否，然后说明你的理由。你必须遵守这条规则！你不能说其他话。,否。根据你提供的权重和得分计算，你当前伴侣的总分为76.2分，而新女性的总分为75.52分。虽然新女性在吸引力、幽默感和共同兴趣上得分较高，但她在真诚度和抱负上的得分较低，这些因素对你来说也是重要的。综合考虑所有方面，你当前的伴侣更符合你的价值观和需求，因此不建议为了新女性离开现在的伴侣。,207,219,221,1
假设您是一位 27 岁的男性，职业类型为 投资银行，目前已匹配到一位伴侣。您当前伴侣的得分（满分 10 分）：吸引力：5.0/10，真诚度：9.0/10，智力：9.0/10，幽默感：7.0/10，野心：8.0/10，共同兴趣：7.0/10。一位新女性正在向您求爱，其得分为：吸引力：7.0/10，真诚度：7.0/10，智力：7.0/10，幽默度：8.0/10，抱负：8.0/10，共同兴趣：5.0/10。您的重要性权重为：吸引力：15.56，真诚度：17.78，智力：17.78，幽默度：17.78，抱负： 17.78，共同兴趣：13.33。你会为了新女友离开现在的伴侣吗？你的答案必须是或否，然后说明你的理由。你必须遵守这条规则！你不能说其他话。,否。因为根据您的重要性权重，您的当前伴侣在真诚度、智力以及共同兴趣方面的得分明显更高，这些方面对于您来说非常重要。尽管新结识的女性在吸引力和幽默感方面更有优势，但综合考虑所有因素，您当前的伴侣在整体上与您的匹配度更高。,208,221,231,0
假设您是一位 26 岁的男性，职业类型为 医学院教师 / 医师，目前已匹配到一位伴侣。您当前伴侣的得分（满分 10 分）：吸引力：7.0/10，真诚度：7.0/10，智力：7.0/10，幽默感：7.0/10，野心：7.0/10，共同兴趣：4.0/10。一位新女性正在向您求爱，其得分为：吸引力：7.0/10，真诚度：7.0/10，智力：9.0/10，幽默度：7.0/10，抱负：7.0/10，共同兴趣：7.0/10。您的重要性权重为：吸引力：21.28，真诚度：17.02，智力：21.28，幽默度：12.77，抱负： 6.38，共同兴趣：21.28。你会为了新女友离开现在的伴侣吗？你的答案必须是或否，然后说明你的理由。你必须遵守这条规则！你不能说其他话。,否。原因是虽然新的求爱者在智力和共同兴趣上得分较高，但是综合考虑各项指标和你赋予的权重，当前伴侣和新求爱者之间的总分差异并不足以构成放弃现有关系的理由。根据你给出的权重，他们之间的分数分别为：  - 当前伴侣：21.28（吸引力）* 7 + 17.02（真诚度）* 7 + 21.28（智力）* 7 + 12.77（幽默度）* 7 + 6.38（野心）* 7 + 21.28（共同兴趣）* 4 = 617.35 - 新求爱者：21.28（吸引力）* 7 + 17.02（真诚度）* 7 + 21.28（智力）* 9 + 12.77（幽默度）* 7 + 6.38（野心）* 7 + 21.28（共同兴趣）* 7 = 707.35  尽管新求爱者总得分较高，但考虑到建立和维护一段关系的成本以及情感的连续性和稳定性，现有的关系价值高于仅仅因为分数略高而进行改变。,197,217,225,1
假设您是一位 28 岁的男性，职业类型为 咨询，目前已匹配到一位伴侣。您当前伴侣的得分（满分 10 分）：吸引力：7.0/10，真诚度：10.0/10，智力：9.0/10，幽默感：nan/10，野心：9.0/10，共同兴趣：nan/10。一位新女性正在向您求爱，其得分为：吸引力：7.0/10，真诚度：7.0/10，智力：8.0/10，幽默度：6.0/10，抱负：9.0/10，共同兴趣：8.0/10。您的重要性权重为：吸引力：14.71，真诚度：14.71，智力：14.71，幽默度：14.71，抱负： 20.59，共同兴趣：20.59。你会为了新女友离开现在的伴侣吗？你的答案必须是或否，然后说明你的理由。你必须遵守这条规则！你不能说其他话。,否。根据您提供的权重和评分，目前的伴侣在真诚度、智力和野心上的得分都高于新求爱者，而这些特质的权重也非常高，尤其是真诚度。虽然新求爱者在共同兴趣上得分较高，但总体来说，您目前的伴侣在您重视的特质上得分更高。因此，没有足够的理由为了新求爱者而离开现在的伴侣。,200,225,224,1
假设您是一位 32 岁的男性，职业类型为 英雄（自称），目前已匹配到一位伴侣。您当前伴侣的得分（满分 10 分）：吸引力：7.0/10，真诚度：9.0/10，智力：8.0/10，幽默感：8.0/10，野心：7.0/10，共同兴趣：5.0/10。一位新女性正在向您求爱，其得分为：吸引力：7.0/10，真诚度：6.0/10，智力：7.0/10，幽默度：7.0/10，抱负：7.0/10，共同兴趣：7.0/10。您的重要性权重为：吸引力：17.24，真诚度：17.24，智力：17.24，幽默度：17.24，抱负： 13.79，共同兴趣：17.24。你会为了新女友离开现在的伴侣吗？你的答案必须是或否，然后说明你的理由。你必须遵守这条规则！你不能说其他话。,否。尽管新女性在共同兴趣方面得分较高，但她在真诚度、智力和幽默感方面都低于当前伴侣。根据您给定的重要性权重，当前伴侣在您认为重要的特质上表现更好，因此没有理由为了新女性离开现在的关系。,202,224,214,0
假设您是一位 32 岁的男性，职业类型为 英雄（自称），目前已匹配到一位伴侣。您当前伴侣的得分（满分 10 分）：吸引力：9.0/10，真诚度：10.0/10，智力：10.0/10，幽默感：10.0/10，野心：9.0/10，共同兴趣：9.0/10。一位新女性正在向您求爱，其得分为：吸引力：6.0/10，真诚度：7.0/10，智力：8.0/10，幽默度：8.0/10，抱负：8.0/10，共同兴趣：9.0/10。您的重要性权重为：吸引力：17.24，真诚度：17.24，智力：17.24，幽默度：17.24，抱负： 13.79，共同兴趣：17.24。你会为了新女友离开现在的伴侣吗？你的答案必须是或否，然后说明你的理由。你必须遵守这条规则！你不能说其他话。,否。根据您提供的得分和重要性权重，我当前的伴侣在所有评价维度上都获得了较高的分数，尤其是在真诚度、智力和幽默感上都得到了满分，这说明当前伴侣与您在这些方面非常契合。而新女性在这些关键维度上的得分均低于当前伴侣，她的吸引力也远不及现在的伴侣。因此，考虑到你们之间的高度匹配和亲密关系，选择留下现在的伴侣更为合适。,206,224,220,1
假设您是一位 27 岁的男性，职业类型为 投资银行，目前已匹配到一位伴侣。您当前伴侣的得分（满分 10 分）：吸引力：6.0/10，真诚度：10.0/10，智力：10.0/10，幽默感：7.0/10，野心：10.0/10，共同兴趣：6.0/10。一位新女性正在向您求爱，其得分为：吸引力：4.0/10，真诚度：3.0/10，智力：6.0/10，幽默度：7.0/10，抱负：6.0/10，共同兴趣：5.0/10。您的重要性权重为：吸引力：15.56，真诚度：17.78，智力：17.78，幽默度：17.78，抱负： 17.78，共同兴趣：13.33。你会为了新女友离开现在的伴侣吗？你的答案必须是或否，然后说明你的理由。你必须遵守这条规则！你不能说其他话。,否。根据你给出的评分和权重，当前伴侣在真诚度、智力和野心方面的得分都很高，这些品质对你来说非常重要。虽然新女性在某些方面与你有共同的兴趣和相似的幽默感，但她在真诚度和吸引力方面的得分较低。综合考虑，你的现有伴侣更符合你的价值观和需求。,194,221,223,0
假设您是一位 25 岁的男性，职业类型为 诗人 / 作家 / 歌手 / 联合国或印度政府政策制定者，目前已匹配到一位伴侣。您当前伴侣的得分（满分 10 分）：吸引力：9.0/10，真诚度：9.0/10，智力：9.0/10，幽默感：10.0/10，野心：9.0/10，共同兴趣：8.0/10。一位新女性正在向您求爱，其得分为：吸引力：10.0/10，真诚度：9.0/10，智力：10.0/10，幽默度：10.0/10，抱负：9.0/10，共同兴趣：9.0/10。您的重要性权重为：吸引力：16.67，真诚度：16.67，智力：16.67，幽默度：16.67，抱负： 14.81，共同兴趣：18.52。你会为了新女友离开现在的伴侣吗？你的答案必须是或否，然后说明你的理由。你必须遵守这条规则！你不能说其他话。,否。尽管新女性在某些方面得分更高，但当前伴侣和新女性之间的差距并不足以让改变关系成为合理的选择。而且，忠诚和现有关系的投资也是非常重要的因素。当前伴侣在各方面的得分也都很高，这意味着你们之间已经建立起了非常良好的关系，不值得因为新出现的人而轻易放弃。,207,220,219,1
假设您是一位 26 岁的男性，职业类型为 商业，目前已匹配到一位伴侣。您当前伴侣的得分（满分 10 分）：吸引力：5.0/10，真诚度：9.0/10，智力：9.0/10，幽默感：7.0/10，野心：8.0/10，共同兴趣：7.0/10。一位新女性正在向您求爱，其得分为：吸引力：7.0/10，真诚度：7.0/10，智力：7.0/10，幽默度：7.0/10，抱负：6.0/10，共同兴趣：7.0/10。您的重要性权重为：吸引力：16.28，真诚度：16.28，智力：18.6，幽默度：16.28，抱负： 16.28，共同兴趣：16.28。你会为了新女友离开现在的伴侣吗？你的答案必须是或否，然后说明你的理由。你必须遵守这条规则！你不能说其他话。,否。根据你给出的权重和各项评分，当前伴侣在真诚度、智力、幽默感、野心和共同兴趣方面得分较高，而这些方面在你的权重中占据较大比例。尽管新女性在吸引力方面得分更高，但在其他方面的得分均不如你当前的伴侣。因此，综合考虑各项因素，你当前的伴侣更适合你。,208,219,231,0
假设您是一位 26 岁的男性，职业类型为 商业，目前已匹配到一位伴侣。您当前伴侣的得分（满分 10 分）：吸引力：6.0/10，真诚度：6.0/10，智力：7.0/10，幽默感：6.0/10，野心：6.0/10，共同兴趣：6.0/10。一位新女性正在向您求爱，其得分为：吸引力：8.0/10，真诚度：8.0/10，智力：8.0/10，幽默度：8.0/10，抱负：6.0/10，共同兴趣：7.0/10。您的重要性权重为：吸引力：16.28，真诚度：16.28，智力：18.6，幽默度：16.28，抱负： 16.28，共同兴趣：16.28。你会为了新女友离开现在的伴侣吗？你的答案必须是或否，然后说明你的理由。你必须遵守这条规则！你不能说其他话。,是。根据给定的得分和重要性权重，新女性的总体得分更高。在六个评估维度中，新女性有五个维度的得分都高于当前伴侣，且差距较大。因此，从优化个人满足度的角度出发，选择新女性作为伴侣更为合适。,212,219,232,1
假设您是一位 31 岁的男性，职业类型为 公共服务，目前已匹配到一位伴侣。您当前伴侣的得分（满分 10 分）：吸引力：6.0/10，真诚度：8.0/10，智力：9.0/10，幽默感：7.0/10，野心：7.0/10，共同兴趣：7.0/10。一位新女性正在向您求爱，其得分为：吸引力：8.0/10，真诚度：9.0/10，智力：9.0/10，幽默度：9.0/10，抱负：8.0/10，共同兴趣：8.0/10。您的重要性权重为：吸引力：17.78，真诚度：17.78，智力：17.78，幽默度：17.78，抱负： 13.33，共同兴趣：15.56。你会为了新女友离开现在的伴侣吗？你的答案必须是或否，然后说明你的理由。你必须遵守这条规则！你不能说其他话。,否。虽然新女性在各个方面的得分都略高一些，但是已经存在的感情关系中的默契、信任和共同经历也是不可忽视的重要因素。对于长期稳定的感情关系来说，这些因素往往比单纯的吸引力和其他品质得分更为重要。此外，您当前的伴侣在真诚度、智力和共同兴趣等方面得分也不低，这说明你们之间仍然有很好的相容性和互动。因此，我不建议您为了追求更高的得分而放弃现有的关系。,213,232,216,1
假设您是一位 27 岁的男性，职业类型为 投资银行，目前已匹配到一位伴侣。您当前伴侣的得分（满分 10 分）：吸引力：9.0/10，真诚度：7.0/10，智力：7.0/10，幽默感：6.0/10，野心：6.0/10，共同兴趣：6.0/10。一位新女性正在向您求爱，其得分为：吸引力：7.0/10，真诚度：8.0/10，智力：8.0/10，幽默度：8.0/10，抱负：5.0/10，共同兴趣：5.0/10。您的重要性权重为：吸引力：15.56，真诚度：17.78，智力：17.78，幽默度：17.78，抱负： 17.78，共同兴趣：13.33。你会为了新女友离开现在的伴侣吗？你的答案必须是或否，然后说明你的理由。你必须遵守这条规则！你不能说其他话。,否，我不会为了新女友离开现在的伴侣。根据您给出的评分和权重，将每个维度的得分乘以相应的权重后，计算总分，当前伴侣的综合得分高于新求爱者。当前伴侣得分为 attractiveness: 15.56 * 9 + sincerity: 17.78 * 7 + intelligence: 17.78 * 7 + sense of humor: 17.78 * 6 + ambition: 17.78 * 6 + shared interests: 13.33 * 6 = 565.34；新求爱者得分为 attractiveness: 15.56 * 7 + sincerity: 17.78 * 8 + intelligence: 17.78 * 8 + sense of humor: 17.78 * 8 + ambition: 17.78 * 5 + shared interests: 13.33 * 5 = 512.72。所以综上所述，我现在的伴侣具有更高的综合得分。,195,221,227,0
假设您是一位 27 岁的男性，职业类型为 咨询，目前已匹配到一位伴侣。您当前伴侣的得分（满分 10 分）：吸引力：5.0/10，真诚度：7.0/10，智力：9.0/10，幽默感：5.0/10，野心：9.0/10，共同兴趣：5.0/10。一位新女性正在向您求爱，其得分为：吸引力：7.0/10，真诚度：10.0/10，智力：10.0/10，幽默度：10.0/10，抱负：10.0/10，共同兴趣：5.0/10。您的重要性权重为：吸引力：7.5，真诚度：17.5，智力：20.0，幽默度：22.5，抱负： 12.5，共同兴趣：20.0。你会为了新女友离开现在的伴侣吗？你的答案必须是或否，然后说明你的理由。你必须遵守这条规则！你不能说其他话。,否。虽然新女性在吸引力、真诚度、智力、幽默感和抱负方面得分较高，但共同兴趣方面与目前伴侣得分相同。根据你的权重分配，共同兴趣对你是很重要的方面。从整体上看，新女性的优势在幽默感和智力上，但目前的伴侣在共同兴趣上与你相当，这表明你与现有伴侣有更多的共同活动和话题。因此，综合考虑，我建议你继续维持目前的关系。,204,216,218,1
假设您是一位 27 岁的男性，职业类型为 投资银行，目前已匹配到一位伴侣。您当前伴侣的得分（满分 10 分）：吸引力：8.0/10，真诚度：9.0/10，智力：9.0/10，幽默感：7.0/10，野心：9.0/10，共同兴趣：4.0/10。一位新女性正在向您求爱，其得分为：吸引力：7.0/10，真诚度：6.0/10，智力：7.0/10，幽默度：6.0/10，抱负：6.0/10，共同兴趣：5.0/10。您的重要性权重为：吸引力：15.56，真诚度：17.78，智力：17.78，幽默度：17.78，抱负： 17.78，共同兴趣：13.33。你会为了新女友离开现在的伴侣吗？你的答案必须是或否，然后说明你的理由。你必须遵守这条规则！你不能说其他话。,否，我不会为了新女友离开现在的伴侣。根据您给出的重要性权重计算，当前伴侣的加权得分为：（8.0*15.56 + 9.0*17.78 + 9.0*17.78 + 7.0*17.78 + 9.0*17.78 + 4.0*13.33）/ 100 = 8.04。新女性的加权得分为：（7.0*15.56 + 6.0*17.78 + 7.0*17.78 + 6.0*17.78 + 6.0*17.78 + 5.0*13.33）/100 = 6.36。当前匹配的伴侣加权得分较高，同时保持现有的感情关系对于长期稳定性也是有帮助的。所以，我不会为了新女性离开现在的伴侣。,197,221,217,1
假设您是一位 24 岁的男性，职业类型为 研究员，目前已匹配到一位伴侣。您当前伴侣的得分（满分 10 分）：吸引力：7.0/10，真诚度：7.0/10，智力：7.0/10，幽默感：7.0/10，野心：7.0/10，共同兴趣：7.0/10。一位新女性正在向您求爱，其得分为：吸引力：5.0/10，真诚度：7.0/10，智力：8.0/10，幽默度：5.0/10，抱负：6.0/10，共同兴趣：5.0/10。您的重要性权重为：吸引力：20.51，真诚度：5.13，智力：23.08，幽默度：12.82，抱负： 17.95，共同兴趣：20.51。你会为了新女友离开现在的伴侣吗？你的答案必须是或否，然后说明你的理由。你必须遵守这条规则！你不能说其他话。,否。根据您提供的权重和评分，当前伴侣在各个方面都维持了一个较为均衡的高分，特别是在您认为重要的吸引力和共同兴趣上。虽然新女性在智力方面得分较高，但她在吸引力、幽默感和共同兴趣上的得分都较低，这将会极大地影响您们的关系质量。因此，综合考虑各项因素后，您不应该为了新女性而离开当前的伴侣。,206,218,224,1
假设您是一位 32 岁的男性，职业类型为 英雄（自称），目前已匹配到一位伴侣。您当前伴侣的得分（满分 10 分）：吸引力：6.0/10，真诚度：7.0/10，智力：7.0/10，幽默感：7.0/10，野心：7.0/10，共同兴趣：7.0/10。一位新女性正在向您求爱，其得分为：吸引力：9.0/10，真诚度：7.0/10，智力：7.0/10，幽默度：7.0/10，抱负：6.0/10，共同兴趣：7.0/10。您的重要性权重为：吸引力：17.24，真诚度：17.24，智力：17.24，幽默度：17.24，抱负： 13.79，共同兴趣：17.24。你会为了新女友离开现在的伴侣吗？你的答案必须是或否，然后说明你的理由。你必须遵守这条规则！你不能说其他话。,否。尽管新女性在吸引力方面得分较高，但是综合考虑所有因素，当前伴侣在各个方面的总得分更为均衡。根据你给出的重要性权重，当前伴侣的总得分为 106.88（6*17.24 + 7*17.24 + 7*17.24 + 7*17.24 + 7*13.79 + 7*17.24），新女性的总得分为 106.16（9*17.24 + 7*17.24 + 7*17.24 + 7*17.24 + 6*13.79 + 7*17.24），所以新女性的吸引力优势不足以弥补其在其他方面相对较低的得分。因此，我建议你不要离开现在的伴侣。,213,224,232,1
假设您是一位 31 岁的男性，职业类型为 公共服务，目前已匹配到一位伴侣。您当前伴侣的得分（满分 10 分）：吸引力：9.0/10，真诚度：7.0/10，智力：7.0/10，幽默感：6.0/10，野心：6.0/10，共同兴趣：6.0/10。一位新女性正在向您求爱，其得分为：吸引力：7.0/10，真诚度：8.0/10，智力：8.0/10，幽默度：8.0/10，抱负：6.0/10，共同兴趣：7.0/10。您的重要性权重为：吸引力：17.78，真诚度：17.78，智力：17.78，幽默度：17.78，抱负： 13.33，共同兴趣：15.56。你会为了新女友离开现在的伴侣吗？你的答案必须是或否，然后说明你的理由。你必须遵守这条规则！你不能说其他话。,否。根据您提供的权重和评分，当前伴侣在吸引力方面有显著优势，这一项对您来说非常重要（权重为17.78）。虽然新伴侣在真诚度、智力、幽默感和共同兴趣上得分更高，但这些方面的差距可能不足以弥补吸引力上的差距。因此，综合考虑各项因素，您当前伴侣的总体得分仍然更高，故不建议您为了新伴侣而离开现有伴侣。,195,232,227,0
假设您是一位 26 岁的男性，职业类型为 医学院教师 / 医师，目前已匹配到一位伴侣。您当前伴侣的得分（满分 10 分）：吸引力：8.0/10，真诚度：7.0/10，智力：8.0/10，幽默感：8.0/10，野心：8.0/10，共同兴趣：3.0/10。一位新女性正在向您求爱，其得分为：吸引力：9.0/10，真诚度：6.0/10，智力：7.0/10，幽默度：5.0/10，抱负：6.0/10，共同兴趣：7.0/10。您的重要性权重为：吸引力：21.28，真诚度：17.02，智力：21.28，幽默度：12.77，抱负： 6.38，共同兴趣：21.28。你会为了新女友离开现在的伴侣吗？你的答案必须是或否，然后说明你的理由。你必须遵守这条规则！你不能说其他话。,否。根据重要性权重和各自得分计算加权总分，当前伴侣的加权总分为 7.46，而新女性的加权总分为 7.13。虽然新女性在吸引力和与您的共同兴趣方面得分较高，但整体来看，您当前的伴侣更符合您的需求。因此，不应该为了新女性离开现在的伴侣。,199,217,226,0
假设您是一位 26 岁的男性，职业类型为 医学院教师 / 医师，目前已匹配到一位伴侣。您当前伴侣的得分（满分 10 分）：吸引力：7.0/10，真诚度：9.0/10，智力：8.0/10，幽默感：8.0/10，野心：7.0/10，共同兴趣：5.0/10。一位新女性正在向您求爱，其得分为：吸引力：5.0/10，真诚度：7.0/10，智力：9.0/10，幽默度：6.0/10，抱负：8.0/10，共同兴趣：7.0/10。您的重要性权重为：吸引力：21.28，真诚度：17.02，智力：21.28，幽默度：12.77，抱负： 6.38，共同兴趣：21.28。你会为了新女友离开现在的伴侣吗？你的答案必须是或否，然后说明你的理由。你必须遵守这条规则！你不能说其他话。,否。根据您提供的各自伴侣的得分以及您对各个属性的重要性权重，我们可以计算两者之间的加权得分。  现有伴侣的加权得分： 吸引力 = 7.0 × 21.28 = 148.96 真诚度 = 9.0 × 17.02 = 153.18 智力 = 8.0 × 21.28 = 170.24 幽默感 = 8.0 × 12.77 = 102.16 野心 = 7.0 × 6.38 = 44.66 共同兴趣 = 5.0 × 21.28 = 106.40 总分 = 148.96+153.18+170.24+102.16+44.66+106.40 = 725.60  新伴侣的加权得分： 吸引力 = 5.0 × 21.28 = 106.40 真诚度 = 7.0 × 17.02 = 119.14 智力 = 9.0 × 21.28 = 191.52 幽默感 = 6.0 × 12.77 = 76.62 野心 = 8.0 × 6.38 = 51.04 共同兴趣 = 7.0 × 21.28 = 148.96 总分 = 106.40+119.14+191.52+76.62+51.04+148.96 = 693.68  从上述计算可以看出，现有伴侣的加权得分（725.60）高于新伴侣（693.68）。因此，从数学上来看，现有伴侣对您来说更具吸引力。因此，答案是否。,202,217,214,1
假设您是一位 23 岁的男性，职业类型为 研究科学家，目前已匹配到一位伴侣。您当前伴侣的得分（满分 10 分）：吸引力：8.0/10，真诚度：8.0/10，智力：9.0/10，幽默感：8.0/10，野心：9.0/10，共同兴趣：6.0/10。一位新女性正在向您求爱，其得分为：吸引力：9.0/10，真诚度：9.0/10，智力：9.0/10，幽默度：8.0/10，抱负：8.0/10，共同兴趣：6.0/10。您的重要性权重为：吸引力：17.02，真诚度：21.28，智力：17.02，幽默度：21.28，抱负： 14.89，共同兴趣：8.51。你会为了新女友离开现在的伴侣吗？你的答案必须是或否，然后说明你的理由。你必须遵守这条规则！你不能说其他话。,否。虽然新女性在吸引力、真诚度和智力方面的得分略高于当前伴侣，但两者的总评分差异并不大。考虑到当前伴侣在智力和野心方面得分更高，这些特质对于你来说也很重要。此外，维持稳定关系和共同兴趣的价值也不容忽视。因此，我认为没有必要为了新女性离开当前伴侣。,212,214,219,0
假设您是一位 23 岁的男性，职业类型为 研究科学家，目前已匹配到一位伴侣。您当前伴侣的得分（满分 10 分）：吸引力：2.0/10，真诚度：3.0/10，智力：3.0/10，幽默感：3.0/10，野心：3.0/10，共同兴趣：nan/10。一位新女性正在向您求爱，其得分为：吸引力：7.0/10，真诚度：8.0/10，智力：8.0/10，幽默度：7.0/10，抱负：9.0/10，共同兴趣：5.0/10。您的重要性权重为：吸引力：17.02，真诚度：21.28，智力：17.02，幽默度：21.28，抱负： 14.89，共同兴趣：8.51。你会为了新女友离开现在的伴侣吗？你的答案必须是或否，然后说明你的理由。你必须遵守这条规则！你不能说其他话。,是。根据你给出的重要性权重和双方的得分，新女性在各个方面的得分都明显高于现任伴侣。对于你来说，新女性更符合你对于伴侣的理想标准。因此，从匹配度的角度来看，选择新女性可能更符合你的兴趣和需求。然而，这也需要你自己权衡，因为结束一段关系并开始一段新的关系不仅仅是基于各种特质评分的决定。,196,214,230,1
假设您是一位 42 岁的男性，职业类型为 咨询，目前已匹配到一位伴侣。您当前伴侣的得分（满分 10 分）：吸引力：6.0/10，真诚度：6.0/10，智力：8.0/10，幽默感：6.0/10，野心：6.0/10，共同兴趣：5.0/10。一位新女性正在向您求爱，其得分为：吸引力：9.0/10，真诚度：8.0/10，智力：8.0/10，幽默度：7.0/10，抱负：5.0/10，共同兴趣：6.0/10。您的重要性权重为：吸引力：23.81，真诚度：23.81，智力：23.81，幽默度：23.81，抱负： 2.38，共同兴趣：2.38。你会为了新女友离开现在的伴侣吗？你的答案必须是或否，然后说明你的理由。你必须遵守这条规则！你不能说其他话。,否。根据给定的权重和得分，计算两位女性的加权总分。当前伴侣的加权总分为 7.00，而新女性的加权总分为 7.85。虽然新女性的加权总分更高，但是考虑到与现有伴侣之间已经建立的信任和稳定性，我不会为了新女性离开现有的伴侣。此外，与现有伴侣在共同兴趣上的低得分可能会影响两人之间的关系，但可以通过共同培养兴趣来改善。所以，我选择不换伴侣。,198,230,229,1
假设您是一位 31 岁的男性，职业类型为 公共服务，目前已匹配到一位伴侣。您当前伴侣的得分（满分 10 分）：吸引力：3.0/10，真诚度：10.0/10，智力：10.0/10，幽默感：5.0/10，野心：8.0/10，共同兴趣：6.0/10。一位新女性正在向您求爱，其得分为：吸引力：8.0/10，真诚度：9.0/10，智力：8.0/10，幽默度：8.0/10，抱负：8.0/10，共同兴趣：7.0/10。您的重要性权重为：吸引力：17.78，真诚度：17.78，智力：17.78，幽默度：17.78，抱负： 13.33，共同兴趣：15.56。你会为了新女友离开现在的伴侣吗？你的答案必须是或否，然后说明你的理由。你必须遵守这条规则！你不能说其他话。,否。尽管新女性在多数方面的得分都较高，但根据您所给的重要性权重，真诚度和智力对您来说非常重要。当前伴侣在这两个方面表现出了满分，这对您的关系来说是非常重要的。此外，人们在建立深厚感情关系时，不仅仅是分数的简单相加，您与现有伴侣已经建立了深厚的信任和情感基础，这对您来说可能比分数更加重要。因此，考虑到这些因素，您不会为了新女友而离开现在的伴侣。,205,232,222,1
假设您是一位 28 岁的男性，职业类型为 营利性生物医疗公司 CEO，目前已匹配到一位伴侣。您当前伴侣的得分（满分 10 分）：吸引力：9.0/10，真诚度：7.0/10，智力：7.0/10，幽默感：6.0/10，野心：6.0/10，共同兴趣：6.0/10。一位新女性正在向您求爱，其得分为：吸引力：8.0/10，真诚度：9.0/10，智力：7.0/10，幽默度：9.0/10，抱负：5.0/10，共同兴趣：5.0/10。您的重要性权重为：吸引力：21.43，真诚度：16.67，智力：21.43，幽默度：16.67，抱负： 11.9，共同兴趣：11.9。你会为了新女友离开现在的伴侣吗？你的答案必须是或否，然后说明你的理由。你必须遵守这条规则！你不能说其他话。,否。计算加权得分，现有伴侣得分为：9*21.43%+7*16.67%+7*21.43%+6*16.67%+6*11.9%+6*11.9%=7.01。而新女性得分为：8*21.43%+9*16.67%+7*21.43%+9*16.67%+5*11.9%+5*11.9%=7.00。虽然双方得分相差不大，但按照得分现有伴侣略胜一筹，同时考虑到换伴侣并非小事，因此不会为了新女性离开现在的伴侣。,195,229,227,0
假设您是一位 27 岁的男性，职业类型为 教授或顾问，目前已匹配到一位伴侣。您当前伴侣的得分（满分 10 分）：吸引力：7.0/10，真诚度：7.0/10，智力：7.0/10，幽默感：7.0/10，野心：7.0/10，共同兴趣：7.0/10。一位新女性正在向您求爱，其得分为：吸引力：6.0/10，真诚度：5.0/10，智力：6.0/10，幽默度：2.0/10，抱负：5.0/10，共同兴趣：4.0/10。您的重要性权重为：吸引力：9.52，真诚度：19.05，智力：23.81，幽默度：19.05，抱负： 4.76，共同兴趣：23.81。你会为了新女友离开现在的伴侣吗？你的答案必须是或否，然后说明你的理由。你必须遵守这条规则！你不能说其他话。,否。根据您提供的权重，您当前伴侣在各个方面的得分都相对较高，尤其是真诚度、智力和共同兴趣等方面。新女性在这些您看重的领域得分较低，尤其是幽默感和共同兴趣上存在较大差距。因此，与目前伴侣相比，现有关系更符合您对伙伴的要求。,206,222,218,1
假设您是一位 24 岁的男性，职业类型为 研究员，目前已匹配到一位伴侣。您当前伴侣的得分（满分 10 分）：吸引力：7.0/10，真诚度：9.0/10，智力：10.0/10，幽默感：10.0/10，野心：9.0/10，共同兴趣：7.0/10。一位新女性正在向您求爱，其得分为：吸引力：6.0/10，真诚度：5.0/10，智力：6.0/10，幽默度：7.0/10，抱负：6.0/10，共同兴趣：4.0/10。您的重要性权重为：吸引力：20.51，真诚度：5.13，智力：23.08，幽默度：12.82，抱负： 17.95，共同兴趣：20.51。你会为了新女友离开现在的伴侣吗？你的答案必须是或否，然后说明你的理由。你必须遵守这条规则！你不能说其他话。,否。根据您提供的权重和评分，现有的伴侣在几乎所有方面的得分都要高于新求爱的女性。特别是真诚度、智力、幽默感和共同兴趣这些您认为重要的方面，现有伴侣的得分明显更高。因此，没有足够的理由为了新女性离开现有的伴侣。,207,218,220,1
假设您是一位 25 岁的男性，职业类型为 诗人 / 作家 / 歌手 / 联合国或印度政府政策制定者，目前已匹配到一位伴侣。您当前伴侣的得分（满分 10 分）：吸引力：7.0/10，真诚度：10.0/10，智力：10.0/10，幽默感：6.0/10，野心：10.0/10，共同兴趣：6.0/10。一位新女性正在向您求爱，其得分为：吸引力：10.0/10，真诚度：10.0/10，智力：10.0/10，幽默度：10.0/10，抱负：10.0/10，共同兴趣：10.0/10。您的重要性权重为：吸引力：16.67，真诚度：16.67，智力：16.67，幽默度：16.67，抱负： 14.81，共同兴趣：18.52。你会为了新女友离开现在的伴侣吗？你的答案必须是或否，然后说明你的理由。你必须遵守这条规则！你不能说其他话。,否。尽管新女性在各个方面都得分更高，但真诚的伴侣关系不仅仅是基于个人条件的优劣，还包含了情感的投入与联结。现有伴侣在真诚度、智力、野心方面均为满分，这说明我们在关系中有着坚实的基础。幽默感和共同兴趣是进一步增强关系的元素，但并不是决定一段关系是否值得继续的关键。因此，我选择不为了新女友而离开现在的伴侣。,211,220,228,1
假设您是一位 24 岁的男性，职业类型为 教授，目前已匹配到一位伴侣。您当前伴侣的得分（满分 10 分）：吸引力：8.0/10，真诚度：8.0/10，智力：9.0/10，幽默感：8.0/10，野心：9.0/10，共同兴趣：6.0/10。一位新女性正在向您求爱，其得分为：吸引力：7.0/10，真诚度：6.0/10，智力：7.0/10，幽默度：7.0/10，抱负：6.0/10，共同兴趣：6.0/10。您的重要性权重为：吸引力：13.51，真诚度：18.92，智力：21.62，幽默度：13.51，抱负： 13.51，共同兴趣：18.92。你会为了新女友离开现在的伴侣吗？你的答案必须是或否，然后说明你的理由。你必须遵守这条规则！你不能说其他话。,否。根据您提供的评分和权重，您的当前伴侣在各项评分中均高于或等于新女性，特别是在智力和野心方面，这两项对于您而言具有较高的重要性权重。同时，您与当前伴侣有更多的共同兴趣，这也是您认为很重要的一个因素。因此，没有足够的理由让您为了新女性而离开现在的伴侣。,212,228,219,1
假设您是一位 28 岁的男性，职业类型为 营利性生物医疗公司 CEO，目前已匹配到一位伴侣。您当前伴侣的得分（满分 10 分）：吸引力：4.0/10，真诚度：10.0/10，智力：10.0/10，幽默感：9.0/10，野心：8.0/10，共同兴趣：7.0/10。一位新女性正在向您求爱，其得分为：吸引力：3.0/10，真诚度：9.0/10，智力：8.0/10，幽默度：7.0/10，抱负：5.0/10，共同兴趣：4.0/10。您的重要性权重为：吸引力：21.43，真诚度：16.67，智力：21.43，幽默度：16.67，抱负： 11.9，共同兴趣：11.9。你会为了新女友离开现在的伴侣吗？你的答案必须是或否，然后说明你的理由。你必须遵守这条规则！你不能说其他话。,否。根据给定的重要性权重和各自的得分，当前伴侣的综合评分为 7.57，而新女性的综合评分为 6.38，因此，当前伴侣的综合评价更高，我会选择保留当前的关系。,206,229,222,0
假设您是一位 26 岁的男性，职业类型为 商业，目前已匹配到一位伴侣。您当前伴侣的得分（满分 10 分）：吸引力：6.0/10，真诚度：8.0/10，智力：8.0/10，幽默感：7.0/10，野心：6.0/10，共同兴趣：7.0/10。一位新女性正在向您求爱，其得分为：吸引力：7.0/10，真诚度：6.0/10，智力：7.0/10，幽默度：6.0/10，抱负：5.0/10，共同兴趣：7.0/10。您的重要性权重为：吸引力：16.28，真诚度：16.28，智力：18.6，幽默度：16.28，抱负： 16.28，共同兴趣：16.28。你会为了新女友离开现在的伴侣吗？你的答案必须是或否，然后说明你的理由。你必须遵守这条规则！你不能说其他话。,否。根据您给出的重要性权重和每位伴侣的得分，当前伴侣在真诚度、智力、吸引力、幽默感和共同兴趣上的得分都高于或等于新女性。虽然新女性在吸引力上得分更高，但整体来看，您当前的伴侣更能满足您给出的重要性标准。因此，没有足够的理由为了新女性离开当前的伴侣。,213,219,224,0
假设您是一位 26 岁的男性，职业类型为 商业，目前已匹配到一位伴侣。您当前伴侣的得分（满分 10 分）：吸引力：5.0/10，真诚度：8.0/10，智力：7.0/10，幽默感：9.0/10，野心：8.0/10，共同兴趣：5.0/10。一位新女性正在向您求爱，其得分为：吸引力：8.0/10，真诚度：7.0/10，智力：7.0/10，幽默度：5.0/10，抱负：5.0/10，共同兴趣：7.0/10。您的重要性权重为：吸引力：16.28，真诚度：16.28，智力：18.6，幽默度：16.28，抱负： 16.28，共同兴趣：16.28。你会为了新女友离开现在的伴侣吗？你的答案必须是或否，然后说明你的理由。你必须遵守这条规则！你不能说其他话。,否。根据你提供的评分与权重比例，计算后可以发现，你当前的伴侣在大多数关键品质上得分较高，特别是真诚度、幽默感和野心。这些品质对于建立长期稳定的关系非常重要。尽管新求爱人有较高的吸引力，但在幽默感、抱负等方面得分较低，这可能会影响到两人之间的互动与共鸣。因此，在综合考虑所有因素的基础上，选择继续维持现有关系是一个合理的选择。,196,219,214,1
假设您是一位 23 岁的男性，职业类型为 研究科学家，目前已匹配到一位伴侣。您当前伴侣的得分（满分 10 分）：吸引力：7.0/10，真诚度：7.0/10，智力：7.0/10，幽默感：7.0/10，野心：7.0/10，共同兴趣：4.0/10。一位新女性正在向您求爱，其得分为：吸引力：8.0/10，真诚度：8.0/10，智力：9.0/10，幽默度：6.0/10，抱负：8.0/10，共同兴趣：5.0/10。您的重要性权重为：吸引力：17.02，真诚度：21.28，智力：17.02，幽默度：21.28，抱负： 14.89，共同兴趣：8.51。你会为了新女友离开现在的伴侣吗？你的答案必须是或否，然后说明你的理由。你必须遵守这条规则！你不能说其他话。,否。根据你给的重要性权重计算，你当前伴侣的加权得分总和为700（7*17.02 + 7*21.28 + 7*17.02 + 7*21.28 + 7*14.89 + 4*8.51），新女性的加权得分总和为720（8*17.02 + 8*21.28 + 9*17.02 + 6*21.28 + 8*14.89 + 5*8.51）。虽然新女性的加权得分总和略高于你当前的伴侣，但差距并不大，这意味着两者之间的差异不足以证明为了新女性放弃现有关系是合理的。关系的成功不仅仅基于数字上的完美匹配，更重要的是你们之间的联系、默契和共同经历。因此，我会建议你坚持现有的关系，除非你对当前关系有严重的不满。,197,214,221,1
假设您是一位 27 岁的男性，职业类型为 投资银行，目前已匹配到一位伴侣。您当前伴侣的得分（满分 10 分）：吸引力：8.0/10，真诚度：7.0/10，智力：8.0/10，幽默感：8.0/10，野心：8.0/10，共同兴趣：3.0/10。一位新女性正在向您求爱，其得分为：吸引力：8.0/10，真诚度：6.0/10，智力：7.0/10，幽默度：7.0/10，抱负：8.0/10，共同兴趣：3.0/10。您的重要性权重为：吸引力：15.56，真诚度：17.78，智力：17.78，幽默度：17.78，抱负： 17.78，共同兴趣：13.33。你会为了新女友离开现在的伴侣吗？你的答案必须是或否，然后说明你的理由。你必须遵守这条规则！你不能说其他话。,否。根据您提供的权重和评分，可以计算出当前伴侣的加权得分为 (15.56*8 + 17.78*7 + 17.78*8 + 17.78*8 + 17.78*8 + 13.33*3) / 100 = 7.26。新女性的加权得分为 (15.56*8 + 17.78*6 + 17.78*7 + 17.78*7 + 17.78*8 + 13.33*3) / 100 = 6.99。当前的伴侣拥有更高的加权得分，因此我会选择继续和当前的伴侣交往，而不是为了新女性结束这段关系。,199,221,226,1
假设您是一位 28 岁的男性，职业类型为 营利性生物医疗公司 CEO，目前已匹配到一位伴侣。您当前伴侣的得分（满分 10 分）：吸引力：7.0/10，真诚度：7.0/10，智力：7.0/10，幽默感：7.0/10，野心：7.0/10，共同兴趣：4.0/10。一位新女性正在向您求爱，其得分为：吸引力：4.0/10，真诚度：8.0/10，智力：8.0/10，幽默度：5.0/10，抱负：4.0/10，共同兴趣：3.0/10。您的重要性权重为：吸引力：21.43，真诚度：16.67，智力：21.43，幽默度：16.67，抱负： 11.9，共同兴趣：11.9。你会为了新女友离开现在的伴侣吗？你的答案必须是或否，然后说明你的理由。你必须遵守这条规则！你不能说其他话。,否。根据您提供的权重和得分，计算当前伴侣和新女性的综合得分。当前伴侣的综合得分为：(7.0*21.43 + 7.0*16.67 + 7.0*21.43 + 7.0*16.67 + 7.0*11.9 + 4.0*11.9) = 7.44分；而新女性的综合得分为：(4.0*21.43 + 8.0*16.67 + 8.0*21.43 + 5.0*16.67 + 4.0*11.9 + 3.0*11.9) = 5.82分。因此，当前伴侣的综合得分更高，所以不会为了新女性而离开现在的伴侣。,197,229,214,0
假设您是一位 23 岁的男性，职业类型为 娱乐 / 体育，目前已匹配到一位伴侣。您当前伴侣的得分（满分 10 分）：吸引力：6.0/10，真诚度：9.0/10，智力：8.0/10，幽默感：6.0/10，野心：8.0/10，共同兴趣：3.0/10。一位新女性正在向您求爱，其得分为：吸引力：9.0/10，真诚度：7.0/10，智力：7.0/10，幽默度：9.0/10，抱负：7.0/10，共同兴趣：7.0/10。您的重要性权重为：吸引力：25.64，真诚度：17.95，智力：15.38，幽默度：20.51，抱负： 10.26，共同兴趣：10.26。你会为了新女友离开现在的伴侣吗？你的答案必须是或否，然后说明你的理由。你必须遵守这条规则！你不能说其他话。,否。根据设定的重要性权重计算总分，现有伴侣的加权得分是 7.15，新女性的加权得分是 7.95。虽然新女性的加权得分更高，但是两个人之间的感情并不仅仅是基于评分。考虑到现有的伴侣在真诚度、智力和野心上都有较高的分值，这些品质在一段长期关系中非常重要，加上你们已经建立了关系，这使得我选择继续维持当前的关系。,207,226,218,1
假设您是一位 28 岁的男性，职业类型为 营利性生物医疗公司 CEO，目前已匹配到一位伴侣。您当前伴侣的得分（满分 10 分）：吸引力：7.0/10，真诚度：9.0/10，智力：8.0/10，幽默感：7.0/10，野心：8.0/10，共同兴趣：nan/10。一位新女性正在向您求爱，其得分为：吸引力：8.0/10，真诚度：8.0/10，智力：6.0/10，幽默度：6.0/10，抱负：6.0/10，共同兴趣：3.0/10。您的重要性权重为：吸引力：21.43，真诚度：16.67，智力：21.43，幽默度：16.67，抱负： 11.9，共同兴趣：11.9。你会为了新女友离开现在的伴侣吗？你的答案必须是或否，然后说明你的理由。你必须遵守这条规则！你不能说其他话。,否。原因在于，根据您给出的重要性权重，您当前伴侣在吸引力、真诚度、智力、幽默感、野心这五个您认为重要的维度上的得分都要高于或者等于新女性。尽管新女性的吸引力稍高，但是在智力、幽默感、抱负等方面相比现有伴侣有所不足，尤其是您现在伴侣的真诚度得分很高，通常这是一个在一段关系中非常重要的因素。另外，虽然现有伴侣的共同兴趣上没有得分，但这并不意味着这是一个决定性的因素，因为您可以一起发掘新的共同兴趣。综上，从整体上看，您当前的伴侣在您认为重要的方面更为匹配，因此不应该为了新女性而离开现在的伴侣。,200,229,225,1
假设您是一位 24 岁的男性，职业类型为 研究员，目前已匹配到一位伴侣。您当前伴侣的得分（满分 10 分）：吸引力：5.0/10，真诚度：9.0/10，智力：9.0/10，幽默感：7.0/10，野心：8.0/10，共同兴趣：7.0/10。一位新女性正在向您求爱，其得分为：吸引力：7.0/10，真诚度：6.0/10，智力：6.0/10，幽默度：8.0/10，抱负：7.0/10，共同兴趣：4.0/10。您的重要性权重为：吸引力：20.51，真诚度：5.13，智力：23.08，幽默度：12.82，抱负： 17.95，共同兴趣：20.51。你会为了新女友离开现在的伴侣吗？你的答案必须是或否，然后说明你的理由。你必须遵守这条规则！你不能说其他话。,否。当前伴侣在真诚度、智力、野心和共同兴趣方面的得分较高，这些特质对于长期稳定的关系来说非常重要。相对而言，新女性在吸引力和幽默感上的得分较高，但这并不能弥补在其他关键特质上的不足。在综合考虑了所有特质的权重后，当前伴侣与我更匹配。,208,218,231,0
假设您是一位 28 岁的男性，职业类型为 咨询，目前已匹配到一位伴侣。您当前伴侣的得分（满分 10 分）：吸引力：7.0/10，真诚度：6.0/10，智力：6.0/10，幽默感：8.0/10，野心：8.0/10，共同兴趣：7.0/10。一位新女性正在向您求爱，其得分为：吸引力：6.0/10，真诚度：5.0/10，智力：7.0/10，幽默度：6.0/10，抱负：8.0/10，共同兴趣：7.0/10。您的重要性权重为：吸引力：14.71，真诚度：14.71，智力：14.71，幽默度：14.71，抱负： 20.59，共同兴趣：20.59。你会为了新女友离开现在的伴侣吗？你的答案必须是或否，然后说明你的理由。你必须遵守这条规则！你不能说其他话。,否。我会选择留在当前伴侣身边，原因是根据你提到的评分与权重，现有伴侣在各个重要性因素上的总分更高。计算后的分数中，现任伴侣在吸引力、幽默感以及共同兴趣方面高于新女性，这些优势有助于维持更稳定、更令人满意的长期关系。尽管新女性在智力方面有一定优势，但考虑到其他因素，总体来说，现有的关系更加匹配。,203,225,215,1
假设您是一位 26 岁的男性，职业类型为 金融，目前已匹配到一位伴侣。您当前伴侣的得分（满分 10 分）：吸引力：3.0/10，真诚度：8.0/10，智力：10.0/10，幽默感：6.0/10，野心：10.0/10，共同兴趣：7.0/10。一位新女性正在向您求爱，其得分为：吸引力：6.0/10，真诚度：7.0/10，智力：7.0/10，幽默度：7.0/10，抱负：6.0/10，共同兴趣：6.0/10。您的重要性权重为：吸引力：14.89，真诚度：19.15，智力：21.28，幽默度：19.15，抱负： 14.89，共同兴趣：10.64。你会为了新女友离开现在的伴侣吗？你的答案必须是或否，然后说明你的理由。你必须遵守这条规则！你不能说其他话。,否。根据您提供的评分与重要性权重，计算得出现伴侣的加权得分为 75.42，而新女性的加权得分为 66.89。现伴侣得分更高，因此不值得为了新女性离开现伴侣。,204,215,216,0
假设您是一位 26 岁的男性，职业类型为 金融，目前已匹配到一位伴侣。您当前伴侣的得分（满分 10 分）：吸引力：6.0/10，真诚度：8.0/10，智力：6.0/10，幽默感：6.0/10，野心：8.0/10，共同兴趣：8.0/10。一位新女性正在向您求爱，其得分为：吸引力：6.0/10，真诚度：8.0/10，智力：8.0/10，幽默度：3.0/10，抱负：6.0/10，共同兴趣：2.0/10。您的重要性权重为：吸引力：14.89，真诚度：19.15，智力：21.28，幽默度：19.15，抱负： 14.89，共同兴趣：10.64。你会为了新女友离开现在的伴侣吗？你的答案必须是或否，然后说明你的理由。你必须遵守这条规则！你不能说其他话。,否。根据你提供的权重和个人品质评分，我们可以通过加权计算来评估两位女性的综合得分。当前伴侣在真诚度、智慧、野心和共同兴趣方面得分较高，而这些因素在你的价值观中占据了较高的比例。新女性虽然在某些方面有不错的评分，但她的幽默感和共同兴趣得分较低，这将显著影响她与你的兼容性。因此，综合来看，当前伴侣的整体得分更高，更适合你。,205,215,232,0
假设您是一位 26 岁的男性，职业类型为 金融，目前已匹配到一位伴侣。您当前伴侣的得分（满分 10 分）：吸引力：4.0/10，真诚度：10.0/10，智力：10.0/10，幽默感：9.0/10，野心：8.0/10，共同兴趣：7.0/10。一位新女性正在向您求爱，其得分为：吸引力：6.0/10，真诚度：8.0/10，智力：7.0/10，幽默度：7.0/10，抱负：8.0/10，共同兴趣：6.0/10。您的重要性权重为：吸引力：14.89，真诚度：19.15，智力：21.28，幽默度：19.15，抱负： 14.89，共同兴趣：10.64。你会为了新女友离开现在的伴侣吗？你的答案必须是或否，然后说明你的理由。你必须遵守这条规则！你不能说其他话。,否。根据提供的各项得分和重要性权重，当前伴侣在真诚度、智力、幽默感方面得分较高，这些属性在您的重要性权重中占据了很大比例，而新求爱者在这些方面的得分略低。尽管新求爱者在吸引力方面得分较高，但考虑到真诚度和智力对您来说更为重要，因此当前伴侣总体上更符合您的偏好。,206,215,222,0
假设您是一位 24 岁的男性，职业类型为 研究员，目前已匹配到一位伴侣。您当前伴侣的得分（满分 10 分）：吸引力：6.0/10，真诚度：10.0/10，智力：10.0/10，幽默感：6.0/10，野心：10.0/10，共同兴趣：6.0/10。一位新女性正在向您求爱，其得分为：吸引力：6.0/10，真诚度：5.0/10，智力：6.0/10，幽默度：6.0/10，抱负：6.0/10，共同兴趣：5.0/10。您的重要性权重为：吸引力：20.51，真诚度：5.13，智力：23.08，幽默度：12.82，抱负： 17.95，共同兴趣：20.51。你会为了新女友离开现在的伴侣吗？你的答案必须是或否，然后说明你的理由。你必须遵守这条规则！你不能说其他话。,否。根据您所提供的得分和权重计算，当前伴侣的总评分为（6*20.51 + 10*5.13 + 10*23.08 + 6*12.82 + 10*17.95 + 6*20.51）/ 100 = 7.51。新求爱者的总得分为（6*20.51 + 5*5.13 + 6*23.08 + 6*12.82 + 6*17.95 + 5*20.51）/ 100 = 5.91。所有权重大项上，当前伴侣的得分均高于或等于新求爱者，特别是真诚度、智力和抱负这三个重要属性。所以，不会为了新求爱者离开当前伴侣。,212,218,228,1
假设您是一位 24 岁的男性，职业类型为 教授，目前已匹配到一位伴侣。您当前伴侣的得分（满分 10 分）：吸引力：6.0/10，真诚度：10.0/10，智力：10.0/10，幽默感：7.0/10，野心：10.0/10，共同兴趣：6.0/10。一位新女性正在向您求爱，其得分为：吸引力：6.0/10，真诚度：7.0/10，智力：6.0/10，幽默度：4.0/10，抱负：6.0/10，共同兴趣：5.0/10。您的重要性权重为：吸引力：13.51，真诚度：18.92，智力：21.62，幽默度：13.51，抱负： 13.51，共同兴趣：18.92。你会为了新女友离开现在的伴侣吗？你的答案必须是或否，然后说明你的理由。你必须遵守这条规则！你不能说其他话。,否。根据你的权重，你当前伴侣在智力、真诚度和野心上的得分都远超新女性。这些特质加起来的权重达到了54.05，远大于新女性在这些方面的得分。虽然新女性有稍微高一点的吸引力和幽默感，但并不足以弥补在其他方面与你当前伴侣的差距。因此，从数值上来看，你更应该保留当前的伴侣。,194,228,223,0
假设您是一位 24 岁的男性，职业类型为 教授，目前已匹配到一位伴侣。您当前伴侣的得分（满分 10 分）：吸引力：6.0/10，真诚度：7.0/10，智力：7.0/10，幽默感：7.0/10，野心：7.0/10，共同兴趣：8.0/10。一位新女性正在向您求爱，其得分为：吸引力：6.0/10，真诚度：7.0/10，智力：6.0/10，幽默度：4.0/10，抱负：5.0/10，共同兴趣：6.0/10。您的重要性权重为：吸引力：13.51，真诚度：18.92，智力：21.62，幽默度：13.51，抱负： 13.51，共同兴趣：18.92。你会为了新女友离开现在的伴侣吗？你的答案必须是或否，然后说明你的理由。你必须遵守这条规则！你不能说其他话。,否。根据你给出的重要性权重和得分，现有伴侣在几乎所有方面都超过了新女性。现有伴侣的得分在真诚度、智力、幽默感、野心和共同兴趣方面都更高，这与你的高权重标准相符合。即使在吸引力方面两者相同，综合考量后，现有伴侣的整体匹配度更高。,196,228,219,0
假设您是一位 24 岁的男性，职业类型为 教授，目前已匹配到一位伴侣。您当前伴侣的得分（满分 10 分）：吸引力：7.0/10，真诚度：7.0/10，智力：7.0/10，幽默感：7.0/10，野心：7.0/10，共同兴趣：4.0/10。一位新女性正在向您求爱，其得分为：吸引力：5.0/10，真诚度：6.0/10，智力：6.0/10，幽默度：6.0/10，抱负：7.0/10，共同兴趣：5.0/10。您的重要性权重为：吸引力：13.51，真诚度：18.92，智力：21.62，幽默度：13.51，抱负： 13.51，共同兴趣：18.92。你会为了新女友离开现在的伴侣吗？你的答案必须是或否，然后说明你的理由。你必须遵守这条规则！你不能说其他话。,否。根据你的价值观和对各项特质的重视程度，目前的伴侣在大多数你重视的特质上得分较高，尤其是在吸引力、真诚度、智力和幽默感等方面。尽管共同兴趣方面得分较低，但新女性在这一方面仅稍微领先，而她在其他你重视的特质上得分普遍较低。因此，从整体来看，你当前的伴侣更符合你的价值观和偏好。,197,228,214,1
假设您是一位 26 岁的男性，职业类型为 金融，目前已匹配到一位伴侣。您当前伴侣的得分（满分 10 分）：吸引力：5.0/10，真诚度：9.0/10，智力：9.0/10，幽默感：7.0/10，野心：8.0/10，共同兴趣：7.0/10。一位新女性正在向您求爱，其得分为：吸引力：7.0/10，真诚度：7.0/10，智力：5.0/10，幽默度：7.0/10，抱负：7.0/10，共同兴趣：5.0/10。您的重要性权重为：吸引力：14.89，真诚度：19.15，智力：21.28，幽默度：19.15，抱负： 14.89，共同兴趣：10.64。你会为了新女友离开现在的伴侣吗？你的答案必须是或否，然后说明你的理由。你必须遵守这条规则！你不能说其他话。,否。根据您提供的权重和得分，我们可以计算出两位伴侣的总分。当前伴侣的总分为：(5 * 14.89 + 9 * 19.15 + 9 * 21.28 + 7 * 19.15 + 8 * 14.89 + 7 * 10.64) / (14.89 + 19.15 + 21.28 + 19.15 + 14.89 + 10.64) = 7.53。新女性的总分为：(7 * 14.89 + 7 * 19.15 + 5 * 21.28 + 7 * 19.15 + 7 * 14.89 + 5 * 10.64) / (14.89 + 19.15 + 21.28 + 19.15 + 14.89 + 10.64) = 6.54。从计算结果来看，当前的伴侣在加权得分上更高，因此我不会为了新女性离开现在的伴侣。,208,215,231,0
假设您是一位 26 岁的男性，职业类型为 金融，目前已匹配到一位伴侣。您当前伴侣的得分（满分 10 分）：吸引力：6.0/10，真诚度：10.0/10，智力：10.0/10，幽默感：6.0/10，野心：10.0/10，共同兴趣：10.0/10。一位新女性正在向您求爱，其得分为：吸引力：7.0/10，真诚度：7.0/10，智力：8.0/10，幽默度：4.0/10，抱负：6.0/10，共同兴趣：6.0/10。您的重要性权重为：吸引力：14.89，真诚度：19.15，智力：21.28，幽默度：19.15，抱负： 14.89，共同兴趣：10.64。你会为了新女友离开现在的伴侣吗？你的答案必须是或否，然后说明你的理由。你必须遵守这条规则！你不能说其他话。,否。我的当前伴侣在真诚度、智力、野心和共同兴趣方面的得分都是满分，而这些方面在我的重要性权重中占比较大。虽然新女性在吸引力上得分较高，但她在真诚度、幽默感、抱负和共同兴趣方面的得分都较低，因此综合来看，我不会为了新女性离开当前伴侣。,211,215,220,1
假设您是一位 25 岁的男性，职业类型为 诗人 / 作家 / 歌手 / 联合国或印度政府政策制定者，目前已匹配到一位伴侣。您当前伴侣的得分（满分 10 分）：吸引力：6.0/10，真诚度：8.0/10，智力：8.0/10，幽默感：7.0/10，野心：6.0/10，共同兴趣：7.0/10。一位新女性正在向您求爱，其得分为：吸引力：9.0/10，真诚度：10.0/10，智力：9.0/10，幽默度：9.0/10，抱负：9.0/10，共同兴趣：9.0/10。您的重要性权重为：吸引力：16.67，真诚度：16.67，智力：16.67，幽默度：16.67，抱负： 14.81，共同兴趣：18.52。你会为了新女友离开现在的伴侣吗？你的答案必须是或否，然后说明你的理由。你必须遵守这条规则！你不能说其他话。,否。虽然新女性的得分为93.54（吸引力：15；真诚度：16.67；智力：15；幽默感：15；抱负：13.33；共同兴趣：16.67），高于现有伴侣的得分80.89（吸引力：10；真诚度：13.34；智力：13.34；幽默感：11.67；抱负：8.89；共同兴趣：13.34），但决定是否离开现有伴侣不仅仅取决于数字。现有的关系可能已经建立了深厚的情感联系和相互理解，这在长期关系中是十分重要的。此外，人品和价值观的契合在一段健康关系中非常重要，目前的伴侣在真诚度和智力上也有很高的得分。考虑到这些因素，我会选择不因为新女性的出现而离开现在的伴侣，而是继续维护并发展现有的感情。,213,220,224,1
假设您是一位 23 岁的男性，职业类型为 研究科学家，目前已匹配到一位伴侣。您当前伴侣的得分（满分 10 分）：吸引力：5.0/10，真诚度：10.0/10，智力：9.0/10，幽默感：6.0/10，野心：9.0/10，共同兴趣：2.0/10。一位新女性正在向您求爱，其得分为：吸引力：8.0/10，真诚度：6.0/10，智力：7.0/10，幽默度：6.0/10，抱负：7.0/10，共同兴趣：6.0/10。您的重要性权重为：吸引力：17.02，真诚度：21.28，智力：17.02，幽默度：21.28，抱负： 14.89，共同兴趣：8.51。你会为了新女友离开现在的伴侣吗？你的答案必须是或否，然后说明你的理由。你必须遵守这条规则！你不能说其他话。,否。虽然新女性在吸引力、幽默感和共同兴趣方面得分较高，但在真诚度和智力方面，当前伴侣的得分更高，这两项在我的重要性权重中占据了较大比例。我的当前伴侣在真诚度和智力上的高分对于我来说非常重要，因此我不会为了新女性离开当前的伴侣。,199,214,221,0
假设您是一位 23 岁的男性，职业类型为 研究科学家，目前已匹配到一位伴侣。您当前伴侣的得分（满分 10 分）：吸引力：7.0/10，真诚度：10.0/10，智力：8.0/10，幽默感：9.0/10，野心：nan/10，共同兴趣：8.0/10。一位新女性正在向您求爱，其得分为：吸引力：9.0/10，真诚度：5.0/10，智力：6.0/10，幽默度：7.0/10，抱负：6.0/10，共同兴趣：5.0/10。您的重要性权重为：吸引力：17.02，真诚度：21.28，智力：17.02，幽默度：21.28，抱负： 14.89，共同兴趣：8.51。你会为了新女友离开现在的伴侣吗？你的答案必须是或否，然后说明你的理由。你必须遵守这条规则！你不能说其他话。,否。根据你的重要性权重，当前伴侣在真诚度、智力、幽默感和共同兴趣方面得分都高于新求爱者，这些方面的权重加起来占到了很大比例。虽然新求爱者在吸引力上得分较高，但在其他重要方面未能满足你的高要求，因此，综合考量后，选择留住现有伴侣更为合适。,200,214,229,0
假设您是一位 32 岁的男性，职业类型为 英雄（自称），目前已匹配到一位伴侣。您当前伴侣的得分（满分 10 分）：吸引力：6.0/10，真诚度：7.0/10，智力：7.0/10，幽默感：7.0/10，野心：7.0/10，共同兴趣：8.0/10。一位新女性正在向您求爱，其得分为：吸引力：7.0/10，真诚度：8.0/10，智力：5.0/10，幽默度：5.0/10，抱负：5.0/10，共同兴趣：5.0/10。您的重要性权重为：吸引力：17.24，真诚度：17.24，智力：17.24，幽默度：17.24，抱负： 13.79，共同兴趣：17.24。你会为了新女友离开现在的伴侣吗？你的答案必须是或否，然后说明你的理由。你必须遵守这条规则！你不能说其他话。,否。根据你的权重，目前的伴侣在你重视的各个维度上得分大多高于或等于新女性。尽管新女性在吸引力和真诚度上略胜一筹，但在智力、幽默感、抱负和共同兴趣方面得分较低。综合考虑，你与当前伴侣的匹配度更高。,196,224,219,0
假设您是一位 32 岁的男性，职业类型为 英雄（自称），目前已匹配到一位伴侣。您当前伴侣的得分（满分 10 分）：吸引力：5.0/10，真诚度：5.0/10，智力：5.0/10，幽默感：5.0/10，野心：5.0/10，共同兴趣：6.0/10。一位新女性正在向您求爱，其得分为：吸引力：5.0/10，真诚度：6.0/10，智力：6.0/10，幽默度：5.0/10，抱负：6.0/10，共同兴趣：5.0/10。您的重要性权重为：吸引力：17.24，真诚度：17.24，智力：17.24，幽默度：17.24，抱负： 13.79，共同兴趣：17.24。你会为了新女友离开现在的伴侣吗？你的答案必须是或否，然后说明你的理由。你必须遵守这条规则！你不能说其他话。,否。根据您提供的信息，当我将重要性权重应用于每位女性的得分时，现伴侣的总得分为 5.65，而新女性的总得分为 5.60。因此，尽管新女性在真诚度、智力和抱负方面得分更高，但是现伴侣在共同兴趣方面得分更高，总体得分稍微超过新女性。所以，我不会为了新女性离开现伴侣。,198,224,230,1
假设您是一位 42 岁的男性，职业类型为 咨询，目前已匹配到一位伴侣。您当前伴侣的得分（满分 10 分）：吸引力：5.0/10，真诚度：10.0/10，智力：9.0/10，幽默感：6.0/10，野心：9.0/10，共同兴趣：2.0/10。一位新女性正在向您求爱，其得分为：吸引力：8.0/10，真诚度：6.0/10，智力：6.0/10，幽默度：5.0/10，抱负：5.0/10，共同兴趣：6.0/10。您的重要性权重为：吸引力：23.81，真诚度：23.81，智力：23.81，幽默度：23.81，抱负： 2.38，共同兴趣：2.38。你会为了新女友离开现在的伴侣吗？你的答案必须是或否，然后说明你的理由。你必须遵守这条规则！你不能说其他话。,否。虽然新女性在吸引力和共同兴趣方面得分较高，但我的当前伴侣在真诚度、智力和幽默感方面得分显著更高。根据我给出的重要性权重，真诚度、智力、幽默感、吸引力的权重都相同，而在这几个方面，当前伴侣的得分明显更好。因此，我不会为了新女性而离开当前的伴侣。,199,230,221,0
假设您是一位 23 岁的男性，职业类型为 研究科学家，目前已匹配到一位伴侣。您当前伴侣的得分（满分 10 分）：吸引力：6.0/10，真诚度：9.0/10，智力：8.0/10，幽默感：8.0/10，野心：8.0/10，共同兴趣：nan/10。一位新女性正在向您求爱，其得分为：吸引力：9.0/10，真诚度：8.0/10，智力：9.0/10，幽默度：8.0/10，抱负：7.0/10，共同兴趣：6.0/10。您的重要性权重为：吸引力：17.02，真诚度：21.28，智力：17.02，幽默度：21.28，抱负： 14.89，共同兴趣：8.51。你会为了新女友离开现在的伴侣吗？你的答案必须是或否，然后说明你的理由。你必须遵守这条规则！你不能说其他话。,否。尽管新求爱者在吸引力、智力和幽默感方面得分更高，但当前伴侣在真诚度方面得到了极高的评分，这在您的权重中占有很高的比例。此外，共同兴趣虽然在新求爱者中得到了评分，但对于您来说这个因素的权重较低。综合考虑，您现在的伴侣在整体上更加符合您的价值观和偏好。,203,214,225,0
假设您是一位 42 岁的男性，职业类型为 咨询，目前已匹配到一位伴侣。您当前伴侣的得分（满分 10 分）：吸引力：7.0/10，真诚度：10.0/10，智力：8.0/10，幽默感：9.0/10，野心：nan/10，共同兴趣：8.0/10。一位新女性正在向您求爱，其得分为：吸引力：6.0/10，真诚度：6.0/10，智力：6.0/10，幽默度：4.0/10，抱负：7.0/10，共同兴趣：6.0/10。您的重要性权重为：吸引力：23.81，真诚度：23.81，智力：23.81，幽默度：23.81，抱负： 2.38，共同兴趣：2.38。你会为了新女友离开现在的伴侣吗？你的答案必须是或否，然后说明你的理由。你必须遵守这条规则！你不能说其他话。,否。根据你提供的权重和得分，当前伴侣在吸引力、真诚度、智力、幽默感和共同兴趣方面得分较高，特别是真诚度和幽默感方面，而这些方面在你的权重中占据了较大的比例。新女性虽然在抱负方面得分较高，但在其他方面得分相对较低，因此综合考虑后，新女性的综合得分低于现有伴侣。因此，我不建议为了新女性离开现有伴侣。,200,230,229,1
假设您是一位 23 岁的男性，职业类型为 研究科学家，目前已匹配到一位伴侣。您当前伴侣的得分（满分 10 分）：吸引力：6.0/10，真诚度：8.0/10，智力：6.0/10，幽默感：6.0/10，野心：8.0/10，共同兴趣：8.0/10。一位新女性正在向您求爱，其得分为：吸引力：10.0/10，真诚度：9.0/10，智力：8.0/10，幽默度：8.0/10，抱负：6.0/10，共同兴趣：6.0/10。您的重要性权重为：吸引力：17.02，真诚度：21.28，智力：17.02，幽默度：21.28，抱负： 14.89，共同兴趣：8.51。你会为了新女友离开现在的伴侣吗？你的答案必须是或否，然后说明你的理由。你必须遵守这条规则！你不能说其他话。,否。根据你提供的信息，我们可以通过计算每个伴侣的加权分数来决定。当前伴侣的加权分数为：吸引力 102.12 + 真诚度 168.24 + 智力 102.12 + 幽默度 127.68 + 抱负 119.12 + 共同兴趣 68.08 = 687.36。而新女性的加权分为：吸引力 170.20 + 真诚度 205.02 + 智力 136.16 + 幽默度 170.24 + 抱负 89.34 + 共同兴趣 48.06 = 728.02。虽然新女性的加权分值更高，但是我认为两个人之间的关系不仅仅是分数，还有默契、信任和理解。当前伴侣在吸引、真诚度、抱负和共同兴趣等方面有很好的表现，这样的组合也能够带来幸福。因此，我不会为了新女友离开现在的伴侣。,205,214,232,1
假设您是一位 31 岁的男性，职业类型为 公共服务，目前已匹配到一位伴侣。您当前伴侣的得分（满分 10 分）：吸引力：6.0/10，真诚度：7.0/10，智力：7.0/10，幽默感：7.0/10，野心：7.0/10，共同兴趣：8.0/10。一位新女性正在向您求爱，其得分为：吸引力：6.0/10，真诚度：6.0/10，智力：6.0/10，幽默度：5.0/10，抱负：5.0/10，共同兴趣：4.0/10。您的重要性权重为：吸引力：17.78，真诚度：17.78，智力：17.78，幽默度：17.78，抱负： 13.33，共同兴趣：15.56。你会为了新女友离开现在的伴侣吗？你的答案必须是或否，然后说明你的理由。你必须遵守这条规则！你不能说其他话。,否。基于您提供的信息，您当前的伴侣在各个方面的得分都高于新女性。尤其在共同兴趣方面，您当前的伴侣得分显著更高，这对于维持长期关系的亲密和和谐至关重要。虽然吸引力对您来说很重要，但新女性在其他方面，如真诚度、智力、幽默感和抱负等方面都较低，这可能会影响您与她的长期关系质量。因此，从综合评价来看，您没有足够的理由为了新女性离开现有的伴侣。,196,232,219,0
假设您是一位 31 岁的男性，职业类型为 公共服务，目前已匹配到一位伴侣。您当前伴侣的得分（满分 10 分）：吸引力：5.0/10，真诚度：10.0/10，智力：9.0/10，幽默感：6.0/10，野心：9.0/10，共同兴趣：2.0/10。一位新女性正在向您求爱，其得分为：吸引力：6.0/10，真诚度：5.0/10，智力：6.0/10，幽默度：6.0/10，抱负：6.0/10，共同兴趣：6.0/10。您的重要性权重为：吸引力：17.78，真诚度：17.78，智力：17.78，幽默度：17.78，抱负： 13.33，共同兴趣：15.56。你会为了新女友离开现在的伴侣吗？你的答案必须是或否，然后说明你的理由。你必须遵守这条规则！你不能说其他话。,否。根据您提供的评分和重要性权重，当前伴侣在真诚度、智力和野心方面的得分都较高，这些品质对您来说很重要。尽管新女性在吸引力和共同兴趣方面得分更高，但这些因素的重要性权重略低，因此总体来看，您现有的伴侣更加符合您的偏好。,199,232,221,0
假设您是一位 28 岁的男性，职业类型为 营利性生物医疗公司 CEO，目前已匹配到一位伴侣。您当前伴侣的得分（满分 10 分）：吸引力：9.0/10，真诚度：8.0/10，智力：9.0/10，幽默感：8.0/10，野心：10.0/10，共同兴趣：7.0/10。一位新女性正在向您求爱，其得分为：吸引力：2.0/10，真诚度：8.0/10，智力：9.0/10，幽默度：4.0/10，抱负：3.0/10，共同兴趣：2.0/10。您的重要性权重为：吸引力：21.43，真诚度：16.67，智力：21.43，幽默度：16.67，抱负： 11.9，共同兴趣：11.9。你会为了新女友离开现在的伴侣吗？你的答案必须是或否，然后说明你的理由。你必须遵守这条规则！你不能说其他话。,否。根据您提供的权重和评分，您的当前伴侣在您重视的各个方面得分都较高，尤其是吸引力和抱负方面。新女性在您重视的特征上得分相对较低，因此不符合您的偏好。,202,229,217,1
假设您是一位 31 岁的男性，职业类型为 公共服务，目前已匹配到一位伴侣。您当前伴侣的得分（满分 10 分）：吸引力：9.0/10，真诚度：9.0/10，智力：9.0/10，幽默感：8.0/10，野心：9.0/10，共同兴趣：4.0/10。一位新女性正在向您求爱，其得分为：吸引力：6.0/10，真诚度：7.0/10，智力：7.0/10，幽默度：7.0/10，抱负：7.0/10，共同兴趣：6.0/10。您的重要性权重为：吸引力：17.78，真诚度：17.78，智力：17.78，幽默度：17.78，抱负： 13.33，共同兴趣：15.56。你会为了新女友离开现在的伴侣吗？你的答案必须是或否，然后说明你的理由。你必须遵守这条规则！你不能说其他话。,否。当前伴侣在吸引力、真诚度、智力、幽默感和野心方面得分较高，尽管共同兴趣得分较低，但这些高分项与我的重要性权重相匹配，因此整体来说，当前伴侣与我的匹配度更高。,202,232,229,0
假设您是一位 26 岁的男性，职业类型为 医学院教师 / 医师，目前已匹配到一位伴侣。您当前伴侣的得分（满分 10 分）：吸引力：10.0/10，真诚度：9.0/10，智力：9.0/10，幽默感：10.0/10，野心：10.0/10，共同兴趣：10.0/10。一位新女性正在向您求爱，其得分为：吸引力：9.0/10，真诚度：7.0/10，智力：6.0/10，幽默度：8.0/10，抱负：6.0/10，共同兴趣：5.0/10。您的重要性权重为：吸引力：21.28，真诚度：17.02，智力：21.28，幽默度：12.77，抱负： 6.38，共同兴趣：21.28。你会为了新女友离开现在的伴侣吗？你的答案必须是或否，然后说明你的理由。你必须遵守这条规则！你不能说其他话。,否。根据您提供的评分和权重，当前伴侣在所有方面的得分都明显高于新女性。当前伴侣几乎在所有方面都接近满分，尤其是吸引力、幽默感和共同兴趣等方面。这些高分与您赋予的高权重项相吻合，因此您与当前伴侣的兼容性明显更高。相比之下，新女性在大部分方面的得分都不如当前伴侣，因此没有理由为了新女性离开现在的伴侣。,207,217,226,1
假设您是一位 31 岁的男性，职业类型为 公共服务，目前已匹配到一位伴侣。您当前伴侣的得分（满分 10 分）：吸引力：6.0/10，真诚度：9.0/10，智力：8.0/10，幽默感：8.0/10，野心：8.0/10，共同兴趣：nan/10。一位新女性正在向您求爱，其得分为：吸引力：7.0/10，真诚度：8.0/10，智力：8.0/10，幽默度：8.0/10，抱负：7.0/10，共同兴趣：5.0/10。您的重要性权重为：吸引力：17.78，真诚度：17.78，智力：17.78，幽默度：17.78，抱负： 13.33，共同兴趣：15.56。你会为了新女友离开现在的伴侣吗？你的答案必须是或否，然后说明你的理由。你必须遵守这条规则！你不能说其他话。,否。根据你提供的得分和重要性权重，现有伴侣在真诚度方面得分很高（9.0/10），这项在你的评价中占了很大的权重（17.78%）。而新伴侣在共同兴趣方面得分较低（5.0/10），这个因素在你的优先级中也较重要（15.56%）。此外，现有伴侣的总得分略高于新伴侣。因此，没有足够的理由离开现有的伴侣。,203,232,225,0
假设您是一位 23 岁的男性，职业类型为 娱乐 / 体育，目前已匹配到一位伴侣。您当前伴侣的得分（满分 10 分）：吸引力：4.0/10，真诚度：7.0/10，智力：8.0/10，幽默感：5.0/10，野心：10.0/10，共同兴趣：7.0/10。一位新女性正在向您求爱，其得分为：吸引力：6.0/10，真诚度：8.0/10，智力：8.0/10，幽默度：7.0/10，抱负：9.0/10，共同兴趣：7.0/10。您的重要性权重为：吸引力：25.64，真诚度：17.95，智力：15.38，幽默度：20.51，抱负： 10.26，共同兴趣：10.26。你会为了新女友离开现在的伴侣吗？你的答案必须是或否，然后说明你的理由。你必须遵守这条规则！你不能说其他话。,否。根据您提供的信息和重要性权重，您当前伴侣在某些关键领域有着较高的得分，特别是智力、真诚度以及共同兴趣，这些因素对于建立稳定且深厚的关系非常重要。虽然新女性在部分方面得分略高，但整体看来，您现有的伴侣与您的匹配度更高。因此，没有足够的理由为了这位新女性而离开您当前的伴侣。,211,226,215,1
假设您是一位 26 岁的男性，职业类型为 金融，目前已匹配到一位伴侣。您当前伴侣的得分（满分 10 分）：吸引力：6.0/10，真诚度：7.0/10，智力：7.0/10，幽默感：6.0/10，野心：8.0/10，共同兴趣：5.0/10。一位新女性正在向您求爱，其得分为：吸引力：6.0/10，真诚度：8.0/10，智力：7.0/10，幽默度：7.0/10，抱负：8.0/10，共同兴趣：6.0/10。您的重要性权重为：吸引力：14.89，真诚度：19.15，智力：21.28，幽默度：19.15，抱负： 14.89，共同兴趣：10.64。你会为了新女友离开现在的伴侣吗？你的答案必须是或否，然后说明你的理由。你必须遵守这条规则！你不能说其他话。,否。虽然新女性在真诚度、幽默感和共同兴趣方面得分略高，但当前伴侣的总体加权得分略高，特别是考虑到吸引力和智力的权重较大。具体而言，当前伴侣的加权得分为 6.85，而新女性的加权得分为 6.79。因此，我会选择继续与当前伴侣保持关系。,212,215,218,1
假设您是一位 31 岁的男性，职业类型为 公共服务，目前已匹配到一位伴侣。您当前伴侣的得分（满分 10 分）：吸引力：3.0/10，真诚度：8.0/10，智力：10.0/10，幽默感：6.0/10，野心：10.0/10，共同兴趣：7.0/10。一位新女性正在向您求爱，其得分为：吸引力：6.0/10，真诚度：7.0/10，智力：6.0/10，幽默度：7.0/10，抱负：6.0/10，共同兴趣：6.0/10。您的重要性权重为：吸引力：17.78，真诚度：17.78，智力：17.78，幽默度：17.78，抱负： 13.33，共同兴趣：15.56。你会为了新女友离开现在的伴侣吗？你的答案必须是或否，然后说明你的理由。你必须遵守这条规则！你不能说其他话。,否。根据你给的重要性权重，计算当前伴侣和新女性的加权得分。当前伴侣的加权得分为：（3*17.78+8*17.78+10*17.78+6*17.78+10*13.33+7*15.56）= 697.02；新女性的加权得分为：（6*17.78+7*17.78+6*17.78+7*17.78+6*13.33+6*15.56）= 628.34。因此，当前伴侣的加权得分更高，所以不会为了新女性而离开现任。,204,232,216,0
假设您是一位 24 岁的男性，职业类型为 研究员，目前已匹配到一位伴侣。您当前伴侣的得分（满分 10 分）：吸引力：6.0/10，真诚度：7.0/10，智力：7.0/10，幽默感：7.0/10，野心：7.0/10，共同兴趣：7.0/10。一位新女性正在向您求爱，其得分为：吸引力：6.0/10，真诚度：6.0/10，智力：6.0/10，幽默度：5.0/10，抱负：6.0/10，共同兴趣：5.0/10。您的重要性权重为：吸引力：20.51，真诚度：5.13，智力：23.08，幽默度：12.82，抱负： 17.95，共同兴趣：20.51。你会为了新女友离开现在的伴侣吗？你的答案必须是或否，然后说明你的理由。你必须遵守这条规则！你不能说其他话。,否。根据你提供的各项重要性权重和伴侣得分，你当前的伴侣在多数方面都优于新女性。尤其是智力和共同兴趣方面，这在你的权重中占比很高。因此，考虑到整体的得分，选择留在现有关系中更为合适。,213,218,220,1
假设您是一位 31 岁的男性，职业类型为 公共服务，目前已匹配到一位伴侣。您当前伴侣的得分（满分 10 分）：吸引力：4.0/10，真诚度：10.0/10，智力：10.0/10，幽默感：9.0/10，野心：8.0/10，共同兴趣：7.0/10。一位新女性正在向您求爱，其得分为：吸引力：6.0/10，真诚度：7.0/10，智力：6.0/10，幽默度：5.0/10，抱负：6.0/10，共同兴趣：5.0/10。您的重要性权重为：吸引力：17.78，真诚度：17.78，智力：17.78，幽默度：17.78，抱负： 13.33，共同兴趣：15.56。你会为了新女友离开现在的伴侣吗？你的答案必须是或否，然后说明你的理由。你必须遵守这条规则！你不能说其他话。,否。根据您提供的重要性权重和两位女性的得分，您的现伴侣在真诚度、智力、幽默感、抱负和共同兴趣方面都远高于新女性，这些因素的权重加起来占了82.22%。尽管新女性在吸引力上得分较高，但这一项只占17.78%的权重。综合来看，您的现伴侣更符合您的重要性权重标准。,206,232,222,0
假设您是一位 25 岁的男性，职业类型为 诗人 / 作家 / 歌手 / 联合国或印度政府政策制定者，目前已匹配到一位伴侣。您当前伴侣的得分（满分 10 分）：吸引力：8.0/10，真诚度：7.0/10，智力：nan/10，幽默感：7.0/10，野心：6.0/10，共同兴趣：6.0/10。一位新女性正在向您求爱，其得分为：吸引力：9.0/10，真诚度：9.0/10，智力：9.0/10，幽默度：8.0/10，抱负：9.0/10，共同兴趣：10.0/10。您的重要性权重为：吸引力：16.67，真诚度：16.67，智力：16.67，幽默度：16.67，抱负： 14.81，共同兴趣：18.52。你会为了新女友离开现在的伴侣吗？你的答案必须是或否，然后说明你的理由。你必须遵守这条规则！你不能说其他话。,是。根据提供的权重和评分，新女性在每个方面的得分都比当前伴侣高，特别是在智力、真诚度、幽默感、共同兴趣和抱负方面，这会使双方在感情中拥有更多的共鸣和成长空间。因此，从数值上来看，新女性更符合我的理想型伴侣标准。但需要注意的是，在现实生活中，做这样的决定需要考虑更多的情感因素和个人价值观，而不仅仅是数据上的对比。这里仅基于给定的数据和规则进行分析。,200,220,230,1
假设您是一位 42 岁的男性，职业类型为 咨询，目前已匹配到一位伴侣。您当前伴侣的得分（满分 10 分）：吸引力：9.0/10，真诚度：9.0/10，智力：9.0/10，幽默感：8.0/10，野心：9.0/10，共同兴趣：4.0/10。一位新女性正在向您求爱，其得分为：吸引力：7.0/10，真诚度：6.0/10，智力：7.0/10，幽默度：5.0/10，抱负：5.0/10，共同兴趣：3.0/10。您的重要性权重为：吸引力：23.81，真诚度：23.81，智力：23.81，幽默度：23.81，抱负： 2.38，共同兴趣：2.38。你会为了新女友离开现在的伴侣吗？你的答案必须是或否，然后说明你的理由。你必须遵守这条规则！你不能说其他话。,否。根据您提供的得分和权重，现有伴侣在吸引力、真诚度、智力、幽默感和野心方面的得分都较高，而这些特质的权重也非常高。尽管在共同兴趣方面得分较低，但由于权重较低，对于整体匹配度的影响较小。相比之下，新女性在绝大部分特质上的得分都低于现有伴侣，因此不建议为了新女性离开现有伴侣。,202,230,229,0
假设您是一位 42 岁的男性，职业类型为 咨询，目前已匹配到一位伴侣。您当前伴侣的得分（满分 10 分）：吸引力：6.0/10，真诚度：9.0/10，智力：8.0/10，幽默感：8.0/10，野心：8.0/10，共同兴趣：nan/10。一位新女性正在向您求爱，其得分为：吸引力：7.0/10，真诚度：7.0/10，智力：8.0/10，幽默度：7.0/10，抱负：5.0/10，共同兴趣：4.0/10。您的重要性权重为：吸引力：23.81，真诚度：23.81，智力：23.81，幽默度：23.81，抱负： 2.38，共同兴趣：2.38。你会为了新女友离开现在的伴侣吗？你的答案必须是或否，然后说明你的理由。你必须遵守这条规则！你不能说其他话。,否。根据您提供的权重和得分，当前伴侣的加权得分为（6*23.81+9*23.81+8*23.81+8*23.81+8*2.38+0*2.38）/100=7.584，而新女性的加权得分为（7*23.81+7*23.81+8*23.81+7*23.81+5*2.38+4*2.38）/100=7.216，所以您的当前伴侣的综合表现比新女性更好。因此，您不应该为了新女性离开现在的伴侣。,203,230,225,0
假设您是一位 42 岁的男性，职业类型为 咨询，目前已匹配到一位伴侣。您当前伴侣的得分（满分 10 分）：吸引力：3.0/10，真诚度：8.0/10，智力：10.0/10，幽默感：6.0/10，野心：10.0/10，共同兴趣：7.0/10。一位新女性正在向您求爱，其得分为：吸引力：5.0/10，真诚度：8.0/10，智力：8.0/10，幽默度：7.0/10，抱负：7.0/10，共同兴趣：3.0/10。您的重要性权重为：吸引力：23.81，真诚度：23.81，智力：23.81，幽默度：23.81，抱负： 2.38，共同兴趣：2.38。你会为了新女友离开现在的伴侣吗？你的答案必须是或否，然后说明你的理由。你必须遵守这条规则！你不能说其他话。,否。根据您提供的权重和评分，当前伴侣的加权得分为（3 * 23.81 + 8 * 23.81 + 10 * 23.81 + 6 * 23.81 + 10 * 2.38 + 7 * 2.38）/ (23.81 * 5 + 2.38 * 1) = 7.44。而新女性的加权得分为（5 * 23.81 + 8 * 23.81 + 8 * 23.81 + 7 * 23.81 + 7 * 2.38 + 3 * 2.38）/ (23.81 * 5 + 2.38 * 1) = 7.15。所以，您不会为了新女性离开现在伴侣，因为您现在伴侣的加权得分更高。,204,230,216,0
假设您是一位 42 岁的男性，职业类型为 咨询，目前已匹配到一位伴侣。您当前伴侣的得分（满分 10 分）：吸引力：5.0/10，真诚度：6.0/10，智力：7.0/10，幽默感：6.0/10，野心：7.0/10，共同兴趣：5.0/10。一位新女性正在向您求爱，其得分为：吸引力：6.0/10，真诚度：8.0/10，智力：8.0/10，幽默度：8.0/10，抱负：5.0/10，共同兴趣：6.0/10。您的重要性权重为：吸引力：23.81，真诚度：23.81，智力：23.81，幽默度：23.81，抱负： 2.38，共同兴趣：2.38。你会为了新女友离开现在的伴侣吗？你的答案必须是或否，然后说明你的理由。你必须遵守这条规则！你不能说其他话。,否。根据你提供的评分和权重，我计算了两位伴侣的加权平均分。现有伴侣的得分为5.5，而新女性的得分为6.66。但即使新女性的整体得分更高，一段关系不仅仅是数字上的比较，还涉及到情感上的投入和现有伴侣身上独特的闪光点。因此，我选择不离开现有的伴侣。,205,230,214,1
假设您是一位 31 岁的男性，职业类型为 公共服务，目前已匹配到一位伴侣。您当前伴侣的得分（满分 10 分）：吸引力：7.0/10，真诚度：8.0/10，智力：10.0/10，幽默感：7.0/10，野心：9.0/10，共同兴趣：7.0/10。一位新女性正在向您求爱，其得分为：吸引力：8.0/10，真诚度：7.0/10，智力：7.0/10，幽默度：8.0/10，抱负：8.0/10，共同兴趣：7.0/10。您的重要性权重为：吸引力：17.78，真诚度：17.78，智力：17.78，幽默度：17.78，抱负： 13.33，共同兴趣：15.56。你会为了新女友离开现在的伴侣吗？你的答案必须是或否，然后说明你的理由。你必须遵守这条规则！你不能说其他话。,否。根据你提供的得分和权重，当前伴侣在智力和真诚度上的得分较高，这两个因素在你的重要性权重中也占据了较高的比例。此外，当前伴侣在吸引力、幽默感、抱负和共同兴趣的得分与新女性相比并没有太大的差距。综合所有因素，当前伴侣的总体得分可能会更高一些，所以不建议为了新女性而离开现在的伴侣。,207,232,217,0
假设您是一位 31 岁的男性，职业类型为 公共服务，目前已匹配到一位伴侣。您当前伴侣的得分（满分 10 分）：吸引力：5.0/10，真诚度：9.0/10，智力：9.0/10，幽默感：7.0/10，野心：8.0/10，共同兴趣：7.0/10。一位新女性正在向您求爱，其得分为：吸引力：7.0/10，真诚度：7.0/10，智力：8.0/10，幽默度：8.0/10，抱负：8.0/10，共同兴趣：6.0/10。您的重要性权重为：吸引力：17.78，真诚度：17.78，智力：17.78，幽默度：17.78，抱负： 13.33，共同兴趣：15.56。你会为了新女友离开现在的伴侣吗？你的答案必须是或否，然后说明你的理由。你必须遵守这条规则！你不能说其他话。,否。根据你提供的权重和各项得分计算，现有伴侣的加权得分（5*17.78%+9*17.78%+9*17.78%+7*17.78%+8*13.33%+7*15.56%=7.61）略高于新女性的加权得分（7*17.78%+7*17.78%+8*17.78%+8*17.78%+8*13.33%+6*15.56%=7.23）。而且，你的现有伴侣在真诚度和智力上得分较高，而这两点在你的重要性权重中占比很高。因此，从你给予的重要性权重来看，你更应该选择现有伴侣。,208,232,231,0
假设您是一位 31 岁的男性，职业类型为 公共服务，目前已匹配到一位伴侣。您当前伴侣的得分（满分 10 分）：吸引力：10.0/10，真诚度：8.0/10，智力：8.0/10，幽默感：9.0/10，野心：9.0/10，共同兴趣：6.0/10。一位新女性正在向您求爱，其得分为：吸引力：9.0/10，真诚度：8.0/10，智力：8.0/10，幽默度：7.0/10，抱负：8.0/10，共同兴趣：7.0/10。您的重要性权重为：吸引力：17.78，真诚度：17.78，智力：17.78，幽默度：17.78，抱负： 13.33，共同兴趣：15.56。你会为了新女友离开现在的伴侣吗？你的答案必须是或否，然后说明你的理由。你必须遵守这条规则！你不能说其他话。,否。当前伴侣在重要性最高的特征（吸引力）上达到满分，且幽默感和智力等方面也都有很高的分数。虽然新求爱者的整体权重分数略高，但二者在共同兴趣上的差距较大，考虑到共同兴趣对维持长期关系的重要性，选择留下当前伴侣是一个更稳定的选择。,211,232,226,1
假设您是一位 23 岁的男性，职业类型为 研究科学家，目前已匹配到一位伴侣。您当前伴侣的得分（满分 10 分）：吸引力：5.0/10，真诚度：9.0/10，智力：9.0/10，幽默感：7.0/10，野心：8.0/10，共同兴趣：7.0/10。一位新女性正在向您求爱，其得分为：吸引力：8.0/10，真诚度：9.0/10，智力：8.0/10，幽默度：7.0/10，抱负：8.0/10，共同兴趣：6.0/10。您的重要性权重为：吸引力：17.02，真诚度：21.28，智力：17.02，幽默度：21.28，抱负： 14.89，共同兴趣：8.51。你会为了新女友离开现在的伴侣吗？你的答案必须是或否，然后说明你的理由。你必须遵守这条规则！你不能说其他话。,否。虽然新女性在吸引力和智力方面得分较高，但考虑到你对真诚度和幽默感的重视程度，你当前伴侣在这些方面的得分更高。在你的重要性权重中，真诚度和幽默感加起来接近43%，说明这两个特质对你来说非常重要。而当前伴侣在这些方面的评分分别为9.0和7.0，这已经达到了一个较高的水平。因此，综合考虑各项因素，不建议为了新女性离开现有的伴侣。,208,214,231,0
假设您是一位 23 岁的男性，职业类型为 娱乐 / 体育，目前已匹配到一位伴侣。您当前伴侣的得分（满分 10 分）：吸引力：9.0/10，真诚度：7.0/10，智力：7.0/10，幽默感：6.0/10，野心：6.0/10，共同兴趣：6.0/10。一位新女性正在向您求爱，其得分为：吸引力：6.0/10，真诚度：7.0/10，智力：7.0/10，幽默度：8.0/10，抱负：6.0/10，共同兴趣：6.0/10。您的重要性权重为：吸引力：25.64，真诚度：17.95，智力：15.38，幽默度：20.51，抱负： 10.26，共同兴趣：10.26。你会为了新女友离开现在的伴侣吗？你的答案必须是或否，然后说明你的理由。你必须遵守这条规则！你不能说其他话。,否。根据您的重要性权重计算，您的当前伴侣的得分为 8.04，而新求爱的女性的得分为 7.02。尽管新女性在幽默感方面得分更高，但您的当前伴侣在您更重视的吸引力方面得分更高，因此总分更高。所以，您没有足够的理由为了这位新女性离开当前的伴侣。,195,226,227,0
假设您是一位 23 岁的男性，职业类型为 研究科学家，目前已匹配到一位伴侣。您当前伴侣的得分（满分 10 分）：吸引力：7.0/10，真诚度：8.0/10，智力：9.0/10，幽默感：6.0/10，野心：9.0/10，共同兴趣：5.0/10。一位新女性正在向您求爱，其得分为：吸引力：8.0/10，真诚度：8.0/10，智力：8.0/10，幽默度：7.0/10，抱负：9.0/10，共同兴趣：6.0/10。您的重要性权重为：吸引力：17.02，真诚度：21.28，智力：17.02，幽默度：21.28，抱负： 14.89，共同兴趣：8.51。你会为了新女友离开现在的伴侣吗？你的答案必须是或否，然后说明你的理由。你必须遵守这条规则！你不能说其他话。,否。根据你提供的重要性权重和得分，当前伴侣在你最看重的特质上（真诚度、智力、幽默感）得分相对较高，尤其是智力方面。虽然新女性在某些方面得分更高，但总体来看，当前伴侣的加权得分（7*17.02 + 8*21.28 + 9*17.02 + 6*21.28 + 9*14.89 + 5*8.51 = 369.12）略高于新女性的加权得分（8*17.02 + 8*21.28 + 8*17.02 + 7*21.28 + 9*14.89 + 6*8.51 = 367.75）。此外，维持一段稳定的关系通常比追求新的可能性更为重要，因为稳定的关系基于相互了解和信任。,213,214,218,1
假设您是一位 23 岁的男性，职业类型为 娱乐 / 体育，目前已匹配到一位伴侣。您当前伴侣的得分（满分 10 分）：吸引力：6.0/10，真诚度：7.0/10，智力：7.0/10，幽默感：7.0/10，野心：7.0/10，共同兴趣：8.0/10。一位新女性正在向您求爱，其得分为：吸引力：5.0/10，真诚度：8.0/10，智力：7.0/10，幽默度：4.0/10，抱负：6.0/10，共同兴趣：5.0/10。您的重要性权重为：吸引力：25.64，真诚度：17.95，智力：15.38，幽默度：20.51，抱负： 10.26，共同兴趣：10.26。你会为了新女友离开现在的伴侣吗？你的答案必须是或否，然后说明你的理由。你必须遵守这条规则！你不能说其他话。,否。根据我计算的重要性权重和各项得分，当前伴侣在吸引力、幽默感和共同兴趣上的得分较高，而这些方面在我的重要性权重中占比较大。虽然新女性在真诚度上得分更高，但综合考虑各项因素，当前伴侣的整体得分更高，因此我不会为了新女友离开现在的伴侣。,196,226,219,0
假设您是一位 23 岁的男性，职业类型为 娱乐 / 体育，目前已匹配到一位伴侣。您当前伴侣的得分（满分 10 分）：吸引力：7.0/10，真诚度：7.0/10，智力：7.0/10，幽默感：7.0/10，野心：7.0/10，共同兴趣：4.0/10。一位新女性正在向您求爱，其得分为：吸引力：8.0/10，真诚度：8.0/10，智力：8.0/10，幽默度：8.0/10，抱负：7.0/10，共同兴趣：7.0/10。您的重要性权重为：吸引力：25.64，真诚度：17.95，智力：15.38，幽默度：20.51，抱负： 10.26，共同兴趣：10.26。你会为了新女友离开现在的伴侣吗？你的答案必须是或否，然后说明你的理由。你必须遵守这条规则！你不能说其他话。,是。根据您提供的评分和权重，新女性在吸引力、真诚度、智力、幽默感和共同兴趣方面得分更高，这些对您来说都是重要的因素。这使得新女性在整体上更能满足您的偏好。,197,226,228,1
假设您是一位 24 岁的男性，职业类型为 研究员，目前已匹配到一位伴侣。您当前伴侣的得分（满分 10 分）：吸引力：6.0/10，真诚度：10.0/10，智力：10.0/10，幽默感：7.0/10，野心：10.0/10，共同兴趣：6.0/10。一位新女性正在向您求爱，其得分为：吸引力：2.0/10，真诚度：6.0/10，智力：4.0/10，幽默度：5.0/10，抱负：4.0/10，共同兴趣：4.0/10。您的重要性权重为：吸引力：20.51，真诚度：5.13，智力：23.08，幽默度：12.82，抱负： 17.95，共同兴趣：20.51。你会为了新女友离开现在的伴侣吗？你的答案必须是或否，然后说明你的理由。你必须遵守这条规则！你不能说其他话。,否。我的理由是根据所给的重要性权重，我当前的伴侣在大多数关键属性上得分更高，尤其是真诚度、智力和野心这些我看重的特质，这使得她更适合我。,194,218,223,1
假设您是一位 28 岁的男性，职业类型为 历史教授，目前已匹配到一位伴侣。您当前伴侣的得分（满分 10 分）：吸引力：9.0/10，真诚度：7.0/10，智力：7.0/10，幽默感：6.0/10，野心：6.0/10，共同兴趣：6.0/10。一位新女性正在向您求爱，其得分为：吸引力：6.0/10，真诚度：8.0/10，智力：6.0/10，幽默度：7.0/10，抱负：6.0/10，共同兴趣：5.0/10。您的重要性权重为：吸引力：17.39，真诚度：17.39，智力：19.57，幽默度：19.57，抱负： 10.87，共同兴趣：15.22。你会为了新女友离开现在的伴侣吗？你的答案必须是或否，然后说明你的理由。你必须遵守这条规则！你不能说其他话。,否。原因在于当前伴侣在吸引力、智力和共同兴趣方面的得分更高，这些方面对我来说非常重要。尽管新女性在真诚度和幽默感方面得分较高，但不足以弥补其他方面的差距。根据我的重要性权重，当前伴侣的得分总和为81.58，而新女性的得分为67.39。因此，我不会为了新女性而离开当前的伴侣。,195,223,227,0
假设您是一位 24 岁的男性，职业类型为 教授，目前已匹配到一位伴侣。您当前伴侣的得分（满分 10 分）：吸引力：4.0/10，真诚度：5.0/10，智力：5.0/10，幽默感：4.0/10，野心：3.0/10，共同兴趣：3.0/10。一位新女性正在向您求爱，其得分为：吸引力：6.0/10，真诚度：9.0/10，智力：7.0/10，幽默度：3.0/10，抱负：8.0/10，共同兴趣：4.0/10。您的重要性权重为：吸引力：13.51，真诚度：18.92，智力：21.62，幽默度：13.51，抱负： 13.51，共同兴趣：18.92。你会为了新女友离开现在的伴侣吗？你的答案必须是或否，然后说明你的理由。你必须遵守这条规则！你不能说其他话。,否。虽然新女性在某些方面得分更高，特别是在您重视的智力和抱负方面，但您当前的伴侣在共同兴趣方面得分较低，这在您的评价体系中占有较高的权重。此外，伴侣关系的稳定性也需要注意，忠诚和信任是长期关系中非常重要的因素。既然您已经与当前伴侣建立起关系，除非新关系在关键领域拥有明显优势，否则维持现状可能是更理智的选择。,198,228,224,1
假设您是一位 32 岁的男性，职业类型为 英雄（自称），目前已匹配到一位伴侣。您当前伴侣的得分（满分 10 分）：吸引力：6.0/10，真诚度：9.0/10，智力：8.0/10，幽默感：8.0/10，野心：8.0/10，共同兴趣：nan/10。一位新女性正在向您求爱，其得分为：吸引力：6.0/10，真诚度：8.0/10，智力：8.0/10，幽默度：5.0/10，抱负：5.0/10，共同兴趣：5.0/10。您的重要性权重为：吸引力：17.24，真诚度：17.24，智力：17.24，幽默度：17.24，抱负： 13.79，共同兴趣：17.24。你会为了新女友离开现在的伴侣吗？你的答案必须是或否，然后说明你的理由。你必须遵守这条规则！你不能说其他话。,否。虽然新女性在吸引力、智力和共同兴趣方面与当前伴侣得分相同，但在真诚度和幽默感两个重要方面逊色于现伴侣。根据您给出的重要性权重，真诚度和幽默感对于您来说非常重要，所以不能为了新女性而离开当前伴侣。,203,224,225,0
假设您是一位 32 岁的男性，职业类型为 英雄（自称），目前已匹配到一位伴侣。您当前伴侣的得分（满分 10 分）：吸引力：7.0/10，真诚度：8.0/10，智力：10.0/10，幽默感：7.0/10，野心：9.0/10，共同兴趣：7.0/10。一位新女性正在向您求爱，其得分为：吸引力：8.0/10，真诚度：6.0/10，智力：6.0/10，幽默度：7.0/10，抱负：5.0/10，共同兴趣：5.0/10。您的重要性权重为：吸引力：17.24，真诚度：17.24，智力：17.24，幽默度：17.24，抱负： 13.79，共同兴趣：17.24。你会为了新女友离开现在的伴侣吗？你的答案必须是或否，然后说明你的理由。你必须遵守这条规则！你不能说其他话。,否。根据您给出的重要性权重和伴侣特征得分，当前伴侣在真诚度、智力、野心和共同兴趣上的得分都高于新女性，而这些因素在您的重要性权重中占了很大比例。尽管新女性在吸引力上得分更高，但总体来看，当前伴侣更符合您对伴侣的重视标准。,207,224,217,0
假设您是一位 28 岁的男性，职业类型为 历史教授，目前已匹配到一位伴侣。您当前伴侣的得分（满分 10 分）：吸引力：5.0/10，真诚度：10.0/10，智力：9.0/10，幽默感：6.0/10，野心：9.0/10，共同兴趣：2.0/10。一位新女性正在向您求爱，其得分为：吸引力：9.0/10，真诚度：7.0/10，智力：8.0/10，幽默度：7.0/10，抱负：5.0/10，共同兴趣：8.0/10。您的重要性权重为：吸引力：17.39，真诚度：17.39，智力：19.57，幽默度：19.57，抱负： 10.87，共同兴趣：15.22。你会为了新女友离开现在的伴侣吗？你的答案必须是或否，然后说明你的理由。你必须遵守这条规则！你不能说其他话。,否。虽然新女性在吸引力和共同兴趣上得分更高，但当前伴侣在真诚度、智力和野心方面表现出色，这些也是你认为重要的特质。忠诚和保持现有的稳定关系也是非常重要的。同时，当前伴侣的真诚度和智力得分较高，这在长期关系中尤为重要。因此，不会为了新女性离开现在的伴侣。,199,223,221,1
假设您是一位 27 岁的男性，职业类型为 投资银行，目前已匹配到一位伴侣。您当前伴侣的得分（满分 10 分）：吸引力：9.0/10，真诚度：9.0/10，智力：9.0/10，幽默感：8.0/10，野心：9.0/10，共同兴趣：4.0/10。一位新女性正在向您求爱，其得分为：吸引力：8.0/10，真诚度：8.0/10，智力：8.0/10，幽默度：7.0/10，抱负：7.0/10，共同兴趣：3.0/10。您的重要性权重为：吸引力：15.56，真诚度：17.78，智力：17.78，幽默度：17.78，抱负： 17.78，共同兴趣：13.33。你会为了新女友离开现在的伴侣吗？你的答案必须是或否，然后说明你的理由。你必须遵守这条规则！你不能说其他话。,否。根据您提供的数据，您当前伴侣在吸引力、真诚度、智力和野心方面得分较高，而这些品质在您的重要性权重中占据较大比例。虽然共同兴趣稍低，但不足以弥补其他方面优势。相比之下，新求爱女性各方面得分都较低，因此我建议您继续与当前伴侣交往。,202,221,229,0
假设您是一位 27 岁的男性，职业类型为 投资银行，目前已匹配到一位伴侣。您当前伴侣的得分（满分 10 分）：吸引力：3.0/10，真诚度：8.0/10，智力：10.0/10，幽默感：6.0/10，野心：10.0/10，共同兴趣：7.0/10。一位新女性正在向您求爱，其得分为：吸引力：4.0/10，真诚度：5.0/10，智力：6.0/10，幽默度：6.0/10，抱负：7.0/10，共同兴趣：3.0/10。您的重要性权重为：吸引力：15.56，真诚度：17.78，智力：17.78，幽默度：17.78，抱负： 17.78，共同兴趣：13.33。你会为了新女友离开现在的伴侣吗？你的答案必须是或否，然后说明你的理由。你必须遵守这条规则！你不能说其他话。,否。原因是根据您提供的重要性权重和各方面的得分计算，您目前的伴侣在吸引力之外的其他方面（真诚度、智力、幽默感、野心、共同兴趣）的得分均高于或接近新女性。尤其在您看重的智力和野心方面，您的当前伴侣得分满分，这使得总体匹配度更高。因此，从这些数据来看，没有足够的理由为了新女性离开当前的伴侣。,204,221,216,1
假设您是一位 32 岁的男性，职业类型为 英雄（自称），目前已匹配到一位伴侣。您当前伴侣的得分（满分 10 分）：吸引力：7.0/10，真诚度：6.0/10，智力：8.0/10，幽默感：7.0/10，野心：8.0/10，共同兴趣：7.0/10。一位新女性正在向您求爱，其得分为：吸引力：8.0/10，真诚度：8.0/10，智力：6.0/10，幽默度：6.0/10，抱负：5.0/10，共同兴趣：5.0/10。您的重要性权重为：吸引力：17.24，真诚度：17.24，智力：17.24，幽默度：17.24，抱负： 13.79，共同兴趣：17.24。你会为了新女友离开现在的伴侣吗？你的答案必须是或否，然后说明你的理由。你必须遵守这条规则！你不能说其他话。,否。根据您给出的权重和各项得分计算，您当前伴侣的总分为 7.0 * 17.24 + 6.0 * 17.24 + 8.0 * 17.24 + 7.0 * 17.24 + 8.0 * 13.79 + 7.0 * 17.24 = 744.8 分。新女性的总分为 8.0 * 17.24 + 8.0 * 17.24 + 6.0 * 17.24 + 6.0 * 17.24 + 5.0 * 13.79 + 5.0 * 17.24 = 686.8 分。在您所认为的重要特质方面，您当前的伴侣比新女性更为匹配。因此，不建议您为了新女性而离开您现在的伴侣。,212,224,215,0
假设您是一位 32 岁的男性，职业类型为 英雄（自称），目前已匹配到一位伴侣。您当前伴侣的得分（满分 10 分）：吸引力：2.0/10，真诚度：10.0/10，智力：10.0/10，幽默感：5.0/10，野心：10.0/10，共同兴趣：10.0/10。一位新女性正在向您求爱，其得分为：吸引力：8.0/10，真诚度：5.0/10，智力：5.0/10，幽默度：5.0/10，抱负：5.0/10，共同兴趣：5.0/10。您的重要性权重为：吸引力：17.24，真诚度：17.24，智力：17.24，幽默度：17.24，抱负： 13.79，共同兴趣：17.24。你会为了新女友离开现在的伴侣吗？你的答案必须是或否，然后说明你的理由。你必须遵守这条规则！你不能说其他话。,否。虽然新女性在吸引力方面得分较高，但我的当前伴侣在真诚度、智力、野心和共同兴趣方面得分都很高，这些品质对我来说同样重要。根据我设定的重要性权重，当前伴侣的总得分更高，因此我选择保持现有的关系。,199,224,223,0
假设您是一位 32 岁的男性，职业类型为 英雄（自称），目前已匹配到一位伴侣。您当前伴侣的得分（满分 10 分）：吸引力：5.0/10，真诚度：9.0/10，智力：9.0/10，幽默感：7.0/10，野心：8.0/10，共同兴趣：7.0/10。一位新女性正在向您求爱，其得分为：吸引力：7.0/10，真诚度：6.0/10，智力：5.0/10，幽默度：5.0/10，抱负：5.0/10，共同兴趣：5.0/10。您的重要性权重为：吸引力：17.24，真诚度：17.24，智力：17.24，幽默度：17.24，抱负： 13.79，共同兴趣：17.24。你会为了新女友离开现在的伴侣吗？你的答案必须是或否，然后说明你的理由。你必须遵守这条规则！你不能说其他话。,否。根据您的重要性权重，当前伴侣在真诚度、智力、幽默感、野心、共同兴趣方面的得分均高于新女性，而新女性仅在吸引力方面得分较高。综合考虑所有因素，当前伴侣的总体匹配度更高，因此不建议为了新女性离开现在的伴侣。,208,224,231,0
假设您是一位 32 岁的男性，职业类型为 英雄（自称），目前已匹配到一位伴侣。您当前伴侣的得分（满分 10 分）：吸引力：5.0/10，真诚度：10.0/10，智力：10.0/10，幽默感：10.0/10，野心：9.0/10，共同兴趣：9.0/10。一位新女性正在向您求爱，其得分为：吸引力：6.0/10，真诚度：5.0/10，智力：5.0/10，幽默度：5.0/10，抱负：5.0/10，共同兴趣：5.0/10。您的重要性权重为：吸引力：17.24，真诚度：17.24，智力：17.24，幽默度：17.24，抱负： 13.79，共同兴趣：17.24。你会为了新女友离开现在的伴侣吗？你的答案必须是或否，然后说明你的理由。你必须遵守这条规则！你不能说其他话。,否。理由是，虽然新女性在吸引力方面略胜一筹，但她在真诚度、智力、幽默感、抱负和共同兴趣方面的得分都远低于当前伴侣。根据您给出的重要性权重，您当前伴侣的整体匹配度远高于新女性。因此，没有充分的理由离开现有伴侣。,211,224,232,1
假设您是一位 31 岁的男性，职业类型为 公共服务，目前已匹配到一位伴侣。您当前伴侣的得分（满分 10 分）：吸引力：8.0/10，真诚度：9.0/10，智力：10.0/10，幽默感：7.0/10，野心：10.0/10，共同兴趣：7.0/10。一位新女性正在向您求爱，其得分为：吸引力：5.0/10，真诚度：5.0/10，智力：5.0/10，幽默度：4.0/10，抱负：3.0/10，共同兴趣：5.0/10。您的重要性权重为：吸引力：17.78，真诚度：17.78，智力：17.78，幽默度：17.78，抱负： 13.33，共同兴趣：15.56。你会为了新女友离开现在的伴侣吗？你的答案必须是或否，然后说明你的理由。你必须遵守这条规则！你不能说其他话。,否。根据您提供的评分和权重，您当前伴侣的加权得分明显高于新求爱者的得分。此外，您当前的伴侣在吸引力、智力、和野心方面得分很高，这些也是您认为重要的因素。因此，没有理由为了新求爱者而离开您的现任伴侣。,194,232,218,1
假设您是一位 27 岁的男性，职业类型为 咨询，目前已匹配到一位伴侣。您当前伴侣的得分（满分 10 分）：吸引力：7.0/10，真诚度：8.0/10，智力：10.0/10，幽默感：7.0/10，野心：9.0/10，共同兴趣：7.0/10。一位新女性正在向您求爱，其得分为：吸引力：10.0/10，真诚度：10.0/10，智力：10.0/10，幽默度：10.0/10，抱负：8.0/10，共同兴趣：8.0/10。您的重要性权重为：吸引力：7.5，真诚度：17.5，智力：20.0，幽默度：22.5，抱负： 12.5，共同兴趣：20.0。你会为了新女友离开现在的伴侣吗？你的答案必须是或否，然后说明你的理由。你必须遵守这条规则！你不能说其他话。,否。虽然新女性在几乎所有方面都得分很高，与你的价值观高度吻合，但在考虑是否结束现有关系时，不能仅基于评分做决定。现有的伴侣已经和你建立了深厚的情感连接、信任和历史，这些都是非常宝贵的关系资本。与任何人建立这种深层次的联结都需要时间和精力，而轻易地抛弃现有关系可能会导致个人情感上的损失，同时也辜负了对伴侣的承诺。因此，除非你与现有伴侣之间存在不能解决的问题，否则还是继续维护现有的关系更为妥当。,207,216,217,1
假设您是一位 24 岁的男性，职业类型为 研究员，目前已匹配到一位伴侣。您当前伴侣的得分（满分 10 分）：吸引力：5.0/10，真诚度：9.0/10，智力：9.0/10，幽默感：5.0/10，野心：9.0/10，共同兴趣：7.0/10。一位新女性正在向您求爱，其得分为：吸引力：5.0/10，真诚度：5.0/10，智力：4.0/10，幽默度：5.0/10，抱负：4.0/10，共同兴趣：4.0/10。您的重要性权重为：吸引力：20.51，真诚度：5.13，智力：23.08，幽默度：12.82，抱负： 17.95，共同兴趣：20.51。你会为了新女友离开现在的伴侣吗？你的答案必须是或否，然后说明你的理由。你必须遵守这条规则！你不能说其他话。,否。根据您给出的重要性权重和两个伴侣的得分，当前伴侣在真诚度、智力和野心方面的得分远高于新女性，而这些方面对您来说非常重要。虽然两位女性在吸引力、幽默感和共同兴趣上的得分相同，但总体来看，您的当前伴侣更符合您的重要性权重。因此，没有充分的理由为了新女性离开现在的伴侣。,211,218,224,0
假设您是一位 24 岁的男性，职业类型为 研究员，目前已匹配到一位伴侣。您当前伴侣的得分（满分 10 分）：吸引力：6.0/10，真诚度：7.0/10，智力：7.0/10，幽默感：7.0/10，野心：7.0/10，共同兴趣：8.0/10。一位新女性正在向您求爱，其得分为：吸引力：2.0/10，真诚度：5.0/10，智力：4.0/10，幽默度：3.0/10，抱负：6.0/10，共同兴趣：2.0/10。您的重要性权重为：吸引力：20.51，真诚度：5.13，智力：23.08，幽默度：12.82，抱负： 17.95，共同兴趣：20.51。你会为了新女友离开现在的伴侣吗？你的答案必须是或否，然后说明你的理由。你必须遵守这条规则！你不能说其他话。,否。根据你提供的权重和得分，我计算出当前伴侣的总分为 66.51，而新女性的总分为 23.08。因此，从数值上看，当前伴侣更符合你的偏好。此外，你们之间有许多共同的兴趣，这在长远关系中是非常重要的。因此，我不会为了新女性离开现在的伴侣。,196,218,219,1
假设您是一位 26 岁的男性，职业类型为 医学院教师 / 医师，目前已匹配到一位伴侣。您当前伴侣的得分（满分 10 分）：吸引力：5.0/10，真诚度：9.0/10，智力：9.0/10，幽默感：7.0/10，野心：8.0/10，共同兴趣：7.0/10。一位新女性正在向您求爱，其得分为：吸引力：7.0/10，真诚度：8.0/10，智力：8.0/10，幽默度：9.0/10，抱负：8.0/10，共同兴趣：7.0/10。您的重要性权重为：吸引力：21.28，真诚度：17.02，智力：21.28，幽默度：12.77，抱负： 6.38，共同兴趣：21.28。你会为了新女友离开现在的伴侣吗？你的答案必须是或否，然后说明你的理由。你必须遵守这条规则！你不能说其他话。,否。根据你给出的重要性权重计算，你当前伴侣的加权得分总和为（5*21.28+9*17.02+9*21.28+7*12.77+8*6.38+7*21.28）= 207.67。而新女性的加权得分总和为（7*21.28+8*17.02+8*21.28+9*12.77+8*6.38+7*21.28）= 236.65。虽然新女性在加权得分上更高，但是选择结束现有关系并开始新的关系是一件非常复杂且严肃的事情。得分只能作为参考，不能完全决定你对感情的决定。此外，你现有的关系可能有更多的情感和时间投入，甚至存在更深的亲密与信任，这些因素往往会影响你的最终决定。在涉及感情问题时，需要考虑更多现实因素。,208,217,231,1
假设您是一位 30 岁的男性，职业类型为 国际事务相关职业，目前已匹配到一位伴侣。您当前伴侣的得分（满分 10 分）：吸引力：7.0/10，真诚度：6.0/10，智力：8.0/10，幽默感：7.0/10，野心：8.0/10，共同兴趣：7.0/10。一位新女性正在向您求爱，其得分为：吸引力：6.0/10，真诚度：8.0/10，智力：7.0/10，幽默度：6.0/10，抱负：7.0/10，共同兴趣：10.0/10。您的重要性权重为：吸引力：18.6，真诚度：20.93，智力：23.26，幽默度：23.26，抱负： 2.33，共同兴趣：11.63。你会为了新女友离开现在的伴侣吗？你的答案必须是或否，然后说明你的理由。你必须遵守这条规则！你不能说其他话。,否。根据您提供的分数和权重，我计算了两位伴侣的综合得分。现有伴侣的综合得分为 7.44（吸引力：7.0*18.6%，真诚度：6.0*20.93%，智力：8.0*23.26%，幽默感：7.0*23.26%，野心：8.0*2.33%，共同兴趣：7.0*11.63%），新求爱者的综合得分为 6.98（吸引力：6.0*18.6%，真诚度：8.0*20.93%，智力：7.0*23.26%，幽默感：6.0*23.26%，抱负：7.0*2.33%，共同兴趣：10.0*11.63%）。现有伴侣的综合得分较高。尽管您与新求爱者有较多的共同兴趣，但相比现有伴侣，新求爱者的其他方面得分较低。因此，我建议您不为了新求爱者离开现有伴侣。,212,231,215,0
假设您是一位 30 岁的男性，职业类型为 国际事务相关职业，目前已匹配到一位伴侣。您当前伴侣的得分（满分 10 分）：吸引力：5.0/10，真诚度：10.0/10，智力：9.0/10，幽默感：6.0/10，野心：7.0/10，共同兴趣：6.0/10。一位新女性正在向您求爱，其得分为：吸引力：5.0/10，真诚度：4.0/10，智力：6.0/10，幽默度：5.0/10，抱负：6.0/10，共同兴趣：4.0/10。您的重要性权重为：吸引力：18.6，真诚度：20.93，智力：23.26，幽默度：23.26，抱负： 2.33，共同兴趣：11.63。你会为了新女友离开现在的伴侣吗？你的答案必须是或否，然后说明你的理由。你必须遵守这条规则！你不能说其他话。,否。尽管新女性在某些方面与我有相似之处，但是根据我设定的重要性权重，我当前的伴侣在真诚度、智力等方面得分更高，这些方面对于我来说更加重要。因此，我不会为了新女友而离开现在的伴侣。,194,231,232,1
假设您是一位 26 岁的男性，职业类型为 商业，目前已匹配到一位伴侣。您当前伴侣的得分（满分 10 分）：吸引力：7.0/10，真诚度：8.0/10，智力：8.0/10，幽默感：8.0/10，野心：8.0/10，共同兴趣：2.0/10。一位新女性正在向您求爱，其得分为：吸引力：6.0/10，真诚度：8.0/10，智力：6.0/10，幽默度：5.0/10，抱负：5.0/10，共同兴趣：6.0/10。您的重要性权重为：吸引力：16.28，真诚度：16.28，智力：18.6，幽默度：16.28，抱负： 16.28，共同兴趣：16.28。你会为了新女友离开现在的伴侣吗？你的答案必须是或否，然后说明你的理由。你必须遵守这条规则！你不能说其他话。,否。根据我作为约会顾问的分析，使用您提供的权重值，您当前伴侣的加权得分为（7*16.28 + 8*16.28 + 8*18.6 + 8*16.28 + 8*16.28 + 2*16.28）/（16.28*5 + 16.28）= 7.5，而新女性的加权得分为（6*16.28 + 8*16.28 + 6*18.6 + 5*16.28 + 5*16.28 + 6*16.28）/（16.28*5 + 16.28）= 6.2。因此，您当前的伴侣在综合考量下更符合您的标准和偏好，建议您保持现有的关系。,197,219,226,0
假设您是一位 31 岁的男性，职业类型为 公共服务，目前已匹配到一位伴侣。您当前伴侣的得分（满分 10 分）：吸引力：8.0/10，真诚度：8.0/10，智力：8.0/10，幽默感：8.0/10，野心：8.0/10，共同兴趣：5.0/10。一位新女性正在向您求爱，其得分为：吸引力：3.0/10，真诚度：6.0/10，智力：5.0/10，幽默度：4.0/10，抱负：4.0/10，共同兴趣：2.0/10。您的重要性权重为：吸引力：17.78，真诚度：17.78，智力：17.78，幽默度：17.78，抱负： 13.33，共同兴趣：15.56。你会为了新女友离开现在的伴侣吗？你的答案必须是或否，然后说明你的理由。你必须遵守这条规则！你不能说其他话。,否。当前伴侣在吸引力、真诚度、智力、幽默感和野心方面得分较高，尽管在共同兴趣方面得分较低，但综合考虑各项重要性权重，当前伴侣的整体得分远高于新女性。因此，没有理由为了新女性离开现在的伴侣。,198,232,228,0
假设您是一位 26 岁的男性，职业类型为 商业，目前已匹配到一位伴侣。您当前伴侣的得分（满分 10 分）：吸引力：2.0/10，真诚度：10.0/10，智力：10.0/10，幽默感：5.0/10，野心：10.0/10，共同兴趣：10.0/10。一位新女性正在向您求爱，其得分为：吸引力：6.0/10，真诚度：6.0/10，智力：6.0/10，幽默度：6.0/10，抱负：5.0/10，共同兴趣：5.0/10。您的重要性权重为：吸引力：16.28，真诚度：16.28，智力：18.6，幽默度：16.28，抱负： 16.28，共同兴趣：16.28。你会为了新女友离开现在的伴侣吗？你的答案必须是或否，然后说明你的理由。你必须遵守这条规则！你不能说其他话。,否。当前伴侣在真诚度、智力、野心和共同兴趣上都获得了高分，这些特质对我来说非常重要。虽然新女性在吸引力、幽默感和抱负上得分更高，但与现有伴侣相比，她在这几个方面的优势并不足以弥补她在真诚度和智力上的显著劣势。因此，我不会为了新女性离开现在的伴侣。,199,219,223,0
假设您是一位 26 岁的男性，职业类型为 商业，目前已匹配到一位伴侣。您当前伴侣的得分（满分 10 分）：吸引力：6.0/10，真诚度：10.0/10，智力：9.0/10，幽默感：nan/10，野心：8.0/10，共同兴趣：nan/10。一位新女性正在向您求爱，其得分为：吸引力：7.0/10，真诚度：7.0/10，智力：7.0/10，幽默度：7.0/10，抱负：7.0/10，共同兴趣：7.0/10。您的重要性权重为：吸引力：16.28，真诚度：16.28，智力：18.6，幽默度：16.28，抱负： 16.28，共同兴趣：16.28。你会为了新女友离开现在的伴侣吗？你的答案必须是或否，然后说明你的理由。你必须遵守这条规则！你不能说其他话。,否。当前伴侣在真诚度、智力和野心方面得分较高，特别是真诚度得分为满分，这对我来说非常重要。新女性虽然在各个方面的得分都较为平均，但没有一项得分非常突出，而且由于幽默感和共同兴趣在我的重要性权重中也占较高比例，但新女性在这两方面的得分并不高，因此我不会为了新女性离开现在的伴侣。,200,219,220,1
假设您是一位 25 岁的男性，职业类型为 诗人 / 作家 / 歌手 / 联合国或印度政府政策制定者，目前已匹配到一位伴侣。您当前伴侣的得分（满分 10 分）：吸引力：6.0/10，真诚度：9.0/10，智力：8.0/10，幽默感：8.0/10，野心：8.0/10，共同兴趣：nan/10。一位新女性正在向您求爱，其得分为：吸引力：9.0/10，真诚度：9.0/10，智力：9.0/10，幽默度：8.0/10，抱负：8.0/10，共同兴趣：9.0/10。您的重要性权重为：吸引力：16.67，真诚度：16.67，智力：16.67，幽默度：16.67，抱负： 14.81，共同兴趣：18.52。你会为了新女友离开现在的伴侣吗？你的答案必须是或否，然后说明你的理由。你必须遵守这条规则！你不能说其他话。,否。尽管新女性的综合得分可能更高，但在我已经建立了一定关系的基础上，轻易地更换伴侣并不符合我的价值观。真诚度、智力、幽默感、抱负以及共同兴趣这些方面我的现任伴侣与我有着很高的契合度，这些因素对于一段关系的长久维持非常重要。我选择以维护和发展现有感情为优先，而不是仅仅因为另一方看起来在评分上更高而做出改变。,203,220,225,1
假设您是一位 28 岁的男性，职业类型为 咨询，目前已匹配到一位伴侣。您当前伴侣的得分（满分 10 分）：吸引力：4.0/10，真诚度：7.0/10，智力：9.0/10，幽默感：5.0/10，野心：6.0/10，共同兴趣：6.0/10。一位新女性正在向您求爱，其得分为：吸引力：7.0/10，真诚度：7.0/10，智力：7.0/10，幽默度：8.0/10，抱负：7.0/10，共同兴趣：9.0/10。您的重要性权重为：吸引力：14.71，真诚度：14.71，智力：14.71，幽默度：14.71，抱负： 20.59，共同兴趣：20.59。你会为了新女友离开现在的伴侣吗？你的答案必须是或否，然后说明你的理由。你必须遵守这条规则！你不能说其他话。,是。新女性在吸引力、幽默感和共同兴趣上得分较高，而这些特质对我而言非常重要。虽然现任伴侣在真诚度和智力方面得分较高，但整体而言，新女性更符合我的重要性权重，因此我选择为了新女性离开现任伴侣。,204,225,221,1
假设您是一位 27 岁的男性，职业类型为 投资银行，目前已匹配到一位伴侣。您当前伴侣的得分（满分 10 分）：吸引力：5.0/10，真诚度：5.0/10，智力：6.0/10，幽默感：2.0/10，野心：9.0/10，共同兴趣：3.0/10。一位新女性正在向您求爱，其得分为：吸引力：5.0/10，真诚度：5.0/10，智力：7.0/10，幽默度：6.0/10，抱负：6.0/10，共同兴趣：3.0/10。您的重要性权重为：吸引力：15.56，真诚度：17.78，智力：17.78，幽默度：17.78，抱负： 17.78，共同兴趣：13.33。你会为了新女友离开现在的伴侣吗？你的答案必须是或否，然后说明你的理由。你必须遵守这条规则！你不能说其他话。,否。尽管新女性在智力和幽默感方面得分更高，但考虑到您当前伴侣在野心方面的得分显著高于新女性。您为抱负和智力、真诚度、吸引力等其他特质赋予了相同的较高权重，这说明您认为这些特质对于一段关系来说都很重要。您当前的伴侣在抱负方面的分数（9.0）远高于新女性（6.0），这可能是您个人价值观中的一个重要因素。综合考虑，您的当前伴侣在总体上可能仍然是更合适的选择。,205,221,230,1
假设您是一位 42 岁的男性，职业类型为 咨询，目前已匹配到一位伴侣。您当前伴侣的得分（满分 10 分）：吸引力：6.0/10，真诚度：8.0/10，智力：8.0/10，幽默感：8.0/10，野心：8.0/10，共同兴趣：8.0/10。一位新女性正在向您求爱，其得分为：吸引力：9.0/10，真诚度：8.0/10，智力：7.0/10，幽默度：8.0/10，抱负：7.0/10，共同兴趣：7.0/10。您的重要性权重为：吸引力：23.81，真诚度：23.81，智力：23.81，幽默度：23.81，抱负： 2.38，共同兴趣：2.38。你会为了新女友离开现在的伴侣吗？你的答案必须是或否，然后说明你的理由。你必须遵守这条规则！你不能说其他话。,否。根据您的重要性权重，您当前伴侣在具有高权重的属性（如真诚度、智力、幽默感）方面得分较高，而新女性虽然在吸引力方面得分较高，但在其他高权重属性上的得分略低。因此，基于这些考量，选择留在当前的伴侣关系中是更为合理的决定。,208,230,217,1
假设您是一位 26 岁的男性，职业类型为 医学院教师 / 医师，目前已匹配到一位伴侣。您当前伴侣的得分（满分 10 分）：吸引力：7.0/10，真诚度：6.0/10，智力：8.0/10，幽默感：7.0/10，野心：8.0/10，共同兴趣：7.0/10。一位新女性正在向您求爱，其得分为：吸引力：6.0/10，真诚度：10.0/10，智力：8.0/10，幽默度：8.0/10，抱负：6.0/10，共同兴趣：6.0/10。您的重要性权重为：吸引力：21.28，真诚度：17.02，智力：21.28，幽默度：12.77，抱负： 6.38，共同兴趣：21.28。你会为了新女友离开现在的伴侣吗？你的答案必须是或否，然后说明你的理由。你必须遵守这条规则！你不能说其他话。,否。根据您提供的权重和得分，计算加权分数如下：当前伴侣的总加权分数为 (7.0*21.28 + 6.0*17.02 + 8.0*21.28 + 7.0*12.77 + 8.0*6.38 + 7.0*21.28) / 100 = 7.08；新女性的总加权分数为 (6.0*21.28 + 10.0*17.02 + 8.0*21.28 + 8.0*12.77 + 6.0*6.38 + 6.0*21.28) / 100 = 7.04。尽管新女性的真诚度得分较高，但她的整体加权得分略低于您当前的伴侣，因此在这种情况下，没有理由放弃现有的关系。,212,217,215,0
假设您是一位 26 岁的男性，职业类型为 医学院教师 / 医师，目前已匹配到一位伴侣。您当前伴侣的得分（满分 10 分）：吸引力：2.0/10，真诚度：3.0/10，智力：3.0/10，幽默感：2.0/10，野心：nan/10，共同兴趣：nan/10。一位新女性正在向您求爱，其得分为：吸引力：4.0/10，真诚度：7.0/10，智力：8.0/10，幽默度：5.0/10，抱负：4.0/10，共同兴趣：6.0/10。您的重要性权重为：吸引力：21.28，真诚度：17.02，智力：21.28，幽默度：12.77，抱负： 6.38，共同兴趣：21.28。你会为了新女友离开现在的伴侣吗？你的答案必须是或否，然后说明你的理由。你必须遵守这条规则！你不能说其他话。,是。根据您提供的得分和重要性权重，计算之后可以明显看出新求爱者在大多数重要指标上都优于现任伴侣。具体来说，新求爱者在真诚度、智力、幽默感、抱负和共同兴趣等方面的得分都远高于现任伴侣，这些也正是您认为重要的品质。因此，从理性判断来看，选择新求爱者是更为合适的决定。,196,217,218,1
假设您是一位 24 岁的男性，职业类型为 研究员，目前已匹配到一位伴侣。您当前伴侣的得分（满分 10 分）：吸引力：7.0/10，真诚度：8.0/10，智力：8.0/10，幽默感：8.0/10，野心：8.0/10，共同兴趣：2.0/10。一位新女性正在向您求爱，其得分为：吸引力：3.0/10，真诚度：3.0/10，智力：4.0/10，幽默度：4.0/10，抱负：4.0/10，共同兴趣：3.0/10。您的重要性权重为：吸引力：20.51，真诚度：5.13，智力：23.08，幽默度：12.82，抱负： 17.95，共同兴趣：20.51。你会为了新女友离开现在的伴侣吗？你的答案必须是或否，然后说明你的理由。你必须遵守这条规则！你不能说其他话。,否。根据您提供的数值和重要性权重，我计算了两位伴侣的加权得分。目前的伴侣得分明显高于新女性。虽然共同兴趣方面得分较低，但其他方面的高分弥补了这一点。新的女性在所有方面得分都比较低，因此，不值得为此离开当前的伴侣。,197,218,226,0
假设您是一位 24 岁的男性，职业类型为 研究员，目前已匹配到一位伴侣。您当前伴侣的得分（满分 10 分）：吸引力：8.0/10，真诚度：8.0/10，智力：8.0/10，幽默感：8.0/10，野心：8.0/10，共同兴趣：5.0/10。一位新女性正在向您求爱，其得分为：吸引力：3.0/10，真诚度：7.0/10，智力：5.0/10，幽默度：3.0/10，抱负：4.0/10，共同兴趣：2.0/10。您的重要性权重为：吸引力：20.51，真诚度：5.13，智力：23.08，幽默度：12.82，抱负： 17.95，共同兴趣：20.51。你会为了新女友离开现在的伴侣吗？你的答案必须是或否，然后说明你的理由。你必须遵守这条规则！你不能说其他话。,否。因为根据你提供的权重和得分，当前伴侣在各个维度上的得分都比新求爱的女性要高，特别是吸引力、智力和真诚度这些你认为重要的方面。尽管你们之间在共同兴趣上存在差距，但整体来说，当前伴侣更符合你的价值观和偏好。因此，离开现在伴侣不符合你的最大利益。,198,218,228,1
假设您是一位 24 岁的男性，职业类型为 教授，目前已匹配到一位伴侣。您当前伴侣的得分（满分 10 分）：吸引力：2.0/10，真诚度：10.0/10，智力：10.0/10，幽默感：5.0/10，野心：10.0/10，共同兴趣：10.0/10。一位新女性正在向您求爱，其得分为：吸引力：6.0/10，真诚度：6.0/10，智力：7.0/10，幽默度：4.0/10，抱负：7.0/10，共同兴趣：4.0/10。您的重要性权重为：吸引力：13.51，真诚度：18.92，智力：21.62，幽默度：13.51，抱负： 13.51，共同兴趣：18.92。你会为了新女友离开现在的伴侣吗？你的答案必须是或否，然后说明你的理由。你必须遵守这条规则！你不能说其他话。,否。原因是根据您给出的重要属性的权重和双方的得分，现伴侣的加权得分为（2.0*13.51+10.0*18.92+10.0*21.62+5.0*13.51+10.0*13.51+10.0*18.92）= 951.13，而新女性的加权得分为（6.0*13.51+6.0*18.92+7.0*21.62+4.0*13.51+7.0*13.51+4.0*18.92）= 569.92。显然现伴侣的总分数高于新女性，现有关系对于您来说更有价值，因此不会为了新女性离开现有伴侣。,199,228,223,1
假设您是一位 28 岁的男性，职业类型为 历史教授，目前已匹配到一位伴侣。您当前伴侣的得分（满分 10 分）：吸引力：7.0/10，真诚度：9.0/10，智力：8.0/10，幽默感：8.0/10，野心：8.0/10，共同兴趣：nan/10。一位新女性正在向您求爱，其得分为：吸引力：8.0/10，真诚度：9.0/10，智力：8.0/10，幽默度：8.0/10，抱负：7.0/10，共同兴趣：nan/10。您的重要性权重为：吸引力：17.39，真诚度：17.39，智力：19.57，幽默度：19.57，抱负： 10.87，共同兴趣：15.22。你会为了新女友离开现在的伴侣吗？你的答案必须是或否，然后说明你的理由。你必须遵守这条规则！你不能说其他话。,否。虽然新女性在吸引力上略胜一筹，但当前伴侣在真诚度、智力、幽默感和野心方面的得分与新女性相当，且在真诚度上得分相同，这是非常重要的特质。此外，共同兴趣这一点目前无法比较，但考虑到当前伴侣已经在其他方面表现出色，且真诚度非常高，这表明你们之间的关系更加稳定和可靠。因此，没有足够的理由为了新女友而离开现在的伴侣。,200,223,219,1
假设您是一位 26 岁的男性，职业类型为 商业，目前已匹配到一位伴侣。您当前伴侣的得分（满分 10 分）：吸引力：8.0/10，真诚度：8.0/10，智力：8.0/10，幽默感：8.0/10，野心：8.0/10，共同兴趣：6.0/10。一位新女性正在向您求爱，其得分为：吸引力：8.0/10，真诚度：7.0/10，智力：7.0/10，幽默度：6.0/10，抱负：5.0/10，共同兴趣：5.0/10。您的重要性权重为：吸引力：16.28，真诚度：16.28，智力：18.6，幽默度：16.28，抱负： 16.28，共同兴趣：16.28。你会为了新女友离开现在的伴侣吗？你的答案必须是或否，然后说明你的理由。你必须遵守这条规则！你不能说其他话。,否。根据你的重要性和各项得分的权重，当前伴侣在所有重要特质上的得分都相对较高，尤其在吸引力、真诚度、智力、幽默感和野心方面表现良好，与你形成了很好的匹配。虽然共同兴趣的得分稍低，但并不至于成为决定性的问题。而新女性在许多关键特质上的得分都低于你目前的伴侣，因此从整体上看，与当前伴侣的关系更为合适。,205,219,221,0
假设您是一位 26 岁的男性，职业类型为 商业，目前已匹配到一位伴侣。您当前伴侣的得分（满分 10 分）：吸引力：4.0/10，真诚度：10.0/10，智力：10.0/10，幽默感：9.0/10，野心：8.0/10，共同兴趣：7.0/10。一位新女性正在向您求爱，其得分为：吸引力：5.0/10，真诚度：6.0/10，智力：6.0/10，幽默度：5.0/10，抱负：5.0/10，共同兴趣：6.0/10。您的重要性权重为：吸引力：16.28，真诚度：16.28，智力：18.6，幽默度：16.28，抱负： 16.28，共同兴趣：16.28。你会为了新女友离开现在的伴侣吗？你的答案必须是或否，然后说明你的理由。你必须遵守这条规则！你不能说其他话。,否。根据重要性权重，当前伴侣的真诚度、智力、幽默感、抱负和共同兴趣得分较高，这些方面的权重也相对较高。相比之下，尽管新女性在吸引力方面得分稍高，但在其他方面得分较低，不符合我的重要性权重。因此，我选择保留当前的伴侣关系。,206,219,222,0
假设您是一位 26 岁的男性，职业类型为 商业，目前已匹配到一位伴侣。您当前伴侣的得分（满分 10 分）：吸引力：5.0/10，真诚度：9.0/10，智力：9.0/10，幽默感：5.0/10，野心：9.0/10，共同兴趣：7.0/10。一位新女性正在向您求爱，其得分为：吸引力：6.0/10，真诚度：5.0/10，智力：7.0/10，幽默度：7.0/10，抱负：5.0/10，共同兴趣：5.0/10。您的重要性权重为：吸引力：16.28，真诚度：16.28，智力：18.6，幽默度：16.28，抱负： 16.28，共同兴趣：16.28。你会为了新女友离开现在的伴侣吗？你的答案必须是或否，然后说明你的理由。你必须遵守这条规则！你不能说其他话。,否。根据您提供的各项重要性权重，当前伴侣在真诚度、智力和野心方面得分较高，这三项权重也较高，因此总体上，您的当前伴侣与您的匹配度更高。相比之下，新求爱者在这些方面得分较低，尽管她在吸引力和幽默感方面得分稍高，但整体匹配度不如您现在的伴侣。,211,219,224,0
假设您是一位 26 岁的男性，职业类型为 商业，目前已匹配到一位伴侣。您当前伴侣的得分（满分 10 分）：吸引力：8.0/10，真诚度：10.0/10，智力：9.0/10，幽默感：8.0/10，野心：8.0/10，共同兴趣：7.0/10。一位新女性正在向您求爱，其得分为：吸引力：3.0/10，真诚度：7.0/10，智力：nan/10，幽默度：3.0/10，抱负：4.0/10，共同兴趣：5.0/10。您的重要性权重为：吸引力：16.28，真诚度：16.28，智力：18.6，幽默度：16.28，抱负： 16.28，共同兴趣：16.28。你会为了新女友离开现在的伴侣吗？你的答案必须是或否，然后说明你的理由。你必须遵守这条规则！你不能说其他话。,否。根据您提供的权重和得分，当前伴侣在几乎所有方面都表现得更好，尤其是在您认为重要的真诚度、智力和吸引力方面。虽然新女性在某些方面表现不错，但总体而言，她的得分远低于您当前的伴侣。因此，没有理由为了新女友离开现在的伴侣。,194,219,231,1
假设您是一位 30 岁的男性，职业类型为 国际事务相关职业，目前已匹配到一位伴侣。您当前伴侣的得分（满分 10 分）：吸引力：9.0/10，真诚度：7.0/10，智力：7.0/10，幽默感：6.0/10，野心：6.0/10，共同兴趣：6.0/10。一位新女性正在向您求爱，其得分为：吸引力：6.0/10，真诚度：8.0/10，智力：8.0/10，幽默度：8.0/10，抱负：4.0/10，共同兴趣：6.0/10。您的重要性权重为：吸引力：18.6，真诚度：20.93，智力：23.26，幽默度：23.26，抱负： 2.33，共同兴趣：11.63。你会为了新女友离开现在的伴侣吗？你的答案必须是或否，然后说明你的理由。你必须遵守这条规则！你不能说其他话。,否。尽管新女性在真诚度、智力和幽默感上得分更高，但根据你的权重分配，吸引力在你的评价体系中占有较大比重，而你当前的伴侣在吸引力这一项上远高于新女性。此外，你的现任伴侣在大部分其他属性上也保持了不错的分数，这使得她整体上更符合你的偏好。因此，不会为了新女性离开现任伴侣。,195,231,227,0
假设您是一位 30 岁的男性，职业类型为 国际事务相关职业，目前已匹配到一位伴侣。您当前伴侣的得分（满分 10 分）：吸引力：6.0/10，真诚度：8.0/10，智力：7.0/10，幽默感：6.0/10，野心：7.0/10，共同兴趣：9.0/10。一位新女性正在向您求爱，其得分为：吸引力：8.0/10，真诚度：6.0/10，智力：7.0/10，幽默度：6.0/10，抱负：6.0/10，共同兴趣：3.0/10。您的重要性权重为：吸引力：18.6，真诚度：20.93，智力：23.26，幽默度：23.26，抱负： 2.33，共同兴趣：11.63。你会为了新女友离开现在的伴侣吗？你的答案必须是或否，然后说明你的理由。你必须遵守这条规则！你不能说其他话。,否。根据您提供的权重和得分，目前伴侣的加权得分高于新女性。虽然新女性在吸引力上得分较高，但您认为共同兴趣非常重要，而这一点上你们的得分较低。此外，您当前伴侣在真诚度和共同兴趣方面得分较高，这对于您来说也是很重要的因素。因此，您不会为了新女性离开现在的伴侣。,196,231,217,1
假设您是一位 26 岁的男性，职业类型为 医学院教师 / 医师，目前已匹配到一位伴侣。您当前伴侣的得分（满分 10 分）：吸引力：6.0/10，真诚度：10.0/10，智力：8.0/10，幽默感：7.0/10，野心：8.0/10，共同兴趣：nan/10。一位新女性正在向您求爱，其得分为：吸引力：7.0/10，真诚度：7.0/10，智力：7.0/10，幽默度：5.0/10，抱负：7.0/10，共同兴趣：5.0/10。您的重要性权重为：吸引力：21.28，真诚度：17.02，智力：21.28，幽默度：12.77，抱负： 6.38，共同兴趣：21.28。你会为了新女友离开现在的伴侣吗？你的答案必须是或否，然后说明你的理由。你必须遵守这条规则！你不能说其他话。,否。根据您给出的重要性和得分，当前伴侣在大多数方面都优于新的追求者，尤其是在您看重的方面如真诚度、智力和吸引力。虽然新的追求者在某些方面有一定的优势，但总的来说，现有的伴侣更符合您的偏好。因此，没有足够的理由为了新追求者而离开现有的伴侣。,200,217,223,1
假设您是一位 28 岁的男性，职业类型为 历史教授，目前已匹配到一位伴侣。您当前伴侣的得分（满分 10 分）：吸引力：3.0/10，真诚度：8.0/10，智力：8.0/10，幽默感：9.0/10，野心：4.0/10，共同兴趣：5.0/10。一位新女性正在向您求爱，其得分为：吸引力：10.0/10，真诚度：7.0/10，智力：6.0/10，幽默度：8.0/10，抱负：10.0/10，共同兴趣：5.0/10。您的重要性权重为：吸引力：17.39，真诚度：17.39，智力：19.57，幽默度：19.57，抱负： 10.87，共同兴趣：15.22。你会为了新女友离开现在的伴侣吗？你的答案必须是或否，然后说明你的理由。你必须遵守这条规则！你不能说其他话。,否。根据你的权重和各自得分，目前伴侣在真诚度、智力和幽默感上都得分较高，这些特质对你的权重也较高。虽然新女性在吸引力和抱负方面得分很高，但对于你来说，智力和幽默感的权重更大，所以你可能更满意与目前的伴侣在一起。,207,223,216,0
假设您是一位 28 岁的男性，职业类型为 历史教授，目前已匹配到一位伴侣。您当前伴侣的得分（满分 10 分）：吸引力：3.0/10，真诚度：6.0/10，智力：7.0/10，幽默感：8.0/10，野心：nan/10，共同兴趣：3.0/10。一位新女性正在向您求爱，其得分为：吸引力：7.0/10，真诚度：8.0/10，智力：6.0/10，幽默度：2.0/10，抱负：8.0/10，共同兴趣：2.0/10。您的重要性权重为：吸引力：17.39，真诚度：17.39，智力：19.57，幽默度：19.57，抱负： 10.87，共同兴趣：15.22。你会为了新女友离开现在的伴侣吗？你的答案必须是或否，然后说明你的理由。你必须遵守这条规则！你不能说其他话。,否。尽管新女性在吸引力和抱负方面得分较高，但在我重视的维度中，当前的伴侣在真诚度、智力和幽默感这三个重要的方面得分明显更高，这些特质对于建立一段持久且有意义的关系尤为重要。,196,223,231,0
假设您是一位 28 岁的男性，职业类型为 历史教授，目前已匹配到一位伴侣。您当前伴侣的得分（满分 10 分）：吸引力：7.0/10，真诚度：8.0/10，智力：8.0/10，幽默感：8.0/10，野心：8.0/10，共同兴趣：2.0/10。一位新女性正在向您求爱，其得分为：吸引力：8.0/10，真诚度：6.0/10，智力：7.0/10，幽默度：4.0/10，抱负：8.0/10，共同兴趣：5.0/10。您的重要性权重为：吸引力：17.39，真诚度：17.39，智力：19.57，幽默度：19.57，抱负： 10.87，共同兴趣：15.22。你会为了新女友离开现在的伴侣吗？你的答案必须是或否，然后说明你的理由。你必须遵守这条规则！你不能说其他话。,否。根据您给出的重要性权重和双方的得分，当前伴侣在绝大多数属性上的得分都要高于新女性，尤其是在真诚度、智力、幽默感这些重要属性上。虽然新女性在吸引力和抱负上得分较高，但是共同兴趣上的得分也显著低于当前伴侣。综合考虑，当前伴侣的整体匹配度更高，因此没有必要为了新女性而离开现在的伴侣。,197,223,226,1
假设您是一位 23 岁的男性，职业类型为 娱乐 / 体育，目前已匹配到一位伴侣。您当前伴侣的得分（满分 10 分）：吸引力：8.0/10，真诚度：10.0/10，智力：10.0/10，幽默感：8.0/10，野心：10.0/10，共同兴趣：nan/10。一位新女性正在向您求爱，其得分为：吸引力：7.0/10，真诚度：7.0/10，智力：8.0/10，幽默度：7.0/10，抱负：7.0/10，共同兴趣：7.0/10。您的重要性权重为：吸引力：25.64，真诚度：17.95，智力：15.38，幽默度：20.51，抱负： 10.26，共同兴趣：10.26。你会为了新女友离开现在的伴侣吗？你的答案必须是或否，然后说明你的理由。你必须遵守这条规则！你不能说其他话。,否，因为根据给定的权重和得分，当前伴侣的综合得分（25.64 * 8 + 17.95 * 10 + 15.38 * 10 + 20.51 * 8 + 10.26 * 10 + 10.26 * 0）= 711.42 要高于新女性的综合得分（25.64 * 7 + 17.95 * 7 + 15.38 * 8 + 20.51 * 7 + 10.26 * 7 + 10.26 * 7）= 597.48。所以，根据这些信息，我不会为了新女性离开当前的伴侣。,200,226,217,0
假设您是一位 23 岁的男性，职业类型为 娱乐 / 体育，目前已匹配到一位伴侣。您当前伴侣的得分（满分 10 分）：吸引力：9.0/10，真诚度：9.0/10，智力：9.0/10，幽默感：8.0/10，野心：9.0/10，共同兴趣：4.0/10。一位新女性正在向您求爱，其得分为：吸引力：4.0/10，真诚度：7.0/10，智力：8.0/10，幽默度：6.0/10，抱负：5.0/10，共同兴趣：4.0/10。您的重要性权重为：吸引力：25.64，真诚度：17.95，智力：15.38，幽默度：20.51，抱负： 10.26，共同兴趣：10.26。你会为了新女友离开现在的伴侣吗？你的答案必须是或否，然后说明你的理由。你必须遵守这条规则！你不能说其他话。,否。根据您提供的得分和权重，当前伴侣的整体得分远高于新女性。此外，虽然共同兴趣的得分相同，但真诚度等其他重要特质方面，您现有的伴侣明显更有优势。,202,226,229,0
假设您是一位 23 岁的男性，职业类型为 娱乐 / 体育，目前已匹配到一位伴侣。您当前伴侣的得分（满分 10 分）：吸引力：3.0/10，真诚度：9.0/10，智力：9.0/10，幽默感：7.0/10，野心：9.0/10，共同兴趣：6.0/10。一位新女性正在向您求爱，其得分为：吸引力：5.0/10，真诚度：8.0/10，智力：8.0/10，幽默度：7.0/10，抱负：5.0/10，共同兴趣：5.0/10。您的重要性权重为：吸引力：25.64，真诚度：17.95，智力：15.38，幽默度：20.51，抱负： 10.26，共同兴趣：10.26。你会为了新女友离开现在的伴侣吗？你的答案必须是或否，然后说明你的理由。你必须遵守这条规则！你不能说其他话。,否。根据您提供的权重和得分，目前的伴侣在真诚度、智力和野心方面的得分显著高于新女性，这些品质对您来说非常重要。虽然新女性的吸引力得分较高，但在其他关键领域，您的现有伴侣更加匹配您的价值观和期望。因此，选择留下现有的伴侣是更合理的选择。,203,226,220,1
假设您是一位 25 岁的男性，职业类型为 诗人 / 作家 / 歌手 / 联合国或印度政府政策制定者，目前已匹配到一位伴侣。您当前伴侣的得分（满分 10 分）：吸引力：8.0/10，真诚度：8.0/10，智力：8.0/10，幽默感：8.0/10，野心：8.0/10，共同兴趣：6.0/10。一位新女性正在向您求爱，其得分为：吸引力：8.0/10，真诚度：10.0/10，智力：10.0/10，幽默度：10.0/10，抱负：10.0/10，共同兴趣：10.0/10。您的重要性权重为：吸引力：16.67，真诚度：16.67，智力：16.67，幽默度：16.67，抱负： 14.81，共同兴趣：18.52。你会为了新女友离开现在的伴侣吗？你的答案必须是或否，然后说明你的理由。你必须遵守这条规则！你不能说其他话。,是。原因在于根据您提供的权重，新女性在各个方面的得分都更高，尤其是在真诚度、智力、幽默感、抱负以及共同兴趣上都达到满分10分，这比您现有伴侣的得分要高出许多。计算加权得分后，新女性的综合评分显然更高，因此对于您而言，选择新女性可能更有益于您的情感满足和长期幸福。,205,220,221,1
假设您是一位 27 岁的男性，职业类型为 投资银行，目前已匹配到一位伴侣。您当前伴侣的得分（满分 10 分）：吸引力：5.0/10，真诚度：9.0/10，智力：9.0/10，幽默感：5.0/10，野心：9.0/10，共同兴趣：7.0/10。一位新女性正在向您求爱，其得分为：吸引力：6.0/10，真诚度：5.0/10，智力：6.0/10，幽默度：6.0/10，抱负：7.0/10，共同兴趣：3.0/10。您的重要性权重为：吸引力：15.56，真诚度：17.78，智力：17.78，幽默度：17.78，抱负： 17.78，共同兴趣：13.33。你会为了新女友离开现在的伴侣吗？你的答案必须是或否，然后说明你的理由。你必须遵守这条规则！你不能说其他话。,否，我不会为了新女友离开现在的伴侣。根据给定的权重，我当前伴侣在真诚度、智力、野心上的得分较高，这些权重也很高，这表明我们之间有很多重要的共鸣点。虽然新女性在吸引力上得分稍高，但在真诚度、智力、幽默感和共同兴趣上的得分较低，整体上并不如我现在的伴侣。因此，我选择保持现在的伴侣关系。,211,221,224,0
假设您是一位 27 岁的男性，职业类型为 投资银行，目前已匹配到一位伴侣。您当前伴侣的得分（满分 10 分）：吸引力：7.0/10，真诚度：6.0/10，智力：8.0/10，幽默感：7.0/10，野心：8.0/10，共同兴趣：7.0/10。一位新女性正在向您求爱，其得分为：吸引力：5.0/10，真诚度：8.0/10，智力：8.0/10，幽默度：8.0/10，抱负：8.0/10，共同兴趣：6.0/10。您的重要性权重为：吸引力：15.56，真诚度：17.78，智力：17.78，幽默度：17.78，抱负： 17.78，共同兴趣：13.33。你会为了新女友离开现在的伴侣吗？你的答案必须是或否，然后说明你的理由。你必须遵守这条规则！你不能说其他话。,否。我当前的伴侣在吸引力和共同兴趣上的得分较高，同时在智力和野心方面也与新女性持平。虽然新女性在真诚度和幽默度方面得分更高，但根据我的重要性权重，当前伴侣的综合得分更高。因此，我不会为了新女性离开现在的伴侣。,212,221,215,0
假设您是一位 27 岁的男性，职业类型为 投资银行，目前已匹配到一位伴侣。您当前伴侣的得分（满分 10 分）：吸引力：8.0/10，真诚度：9.0/10，智力：10.0/10，幽默感：7.0/10，野心：7.0/10，共同兴趣：6.0/10。一位新女性正在向您求爱，其得分为：吸引力：5.0/10，真诚度：7.0/10，智力：7.0/10，幽默度：7.0/10，抱负：8.0/10，共同兴趣：3.0/10。您的重要性权重为：吸引力：15.56，真诚度：17.78，智力：17.78，幽默度：17.78，抱负： 17.78，共同兴趣：13.33。你会为了新女友离开现在的伴侣吗？你的答案必须是或否，然后说明你的理由。你必须遵守这条规则！你不能说其他话。,否。根据你提供的得分和权重，现女友的加权得分为：(8.0 * 15.56 + 9.0 * 17.78 + 10.0 * 17.78 + 7.0 * 17.78 + 7.0 * 17.78 + 6.0 * 13.33) / 100 = 8.098。新女性的得分为：(5.0 * 15.56 + 7.0 * 17.78 + 7.0 * 17.78 + 7.0 * 17.78 + 8.0 * 17.78 + 3.0 * 13.33) / 100 = 6.654。根据给定的权重，现女友的加权得分高于新女性，因此不会为了新女性而离开当前的伴侣。,213,221,214,0
假设您是一位 27 岁的男性，职业类型为 投资银行，目前已匹配到一位伴侣。您当前伴侣的得分（满分 10 分）：吸引力：5.0/10，真诚度：4.0/10，智力：5.0/10，幽默感：5.0/10，野心：4.0/10，共同兴趣：5.0/10。一位新女性正在向您求爱，其得分为：吸引力：3.0/10，真诚度：5.0/10，智力：6.0/10，幽默度：3.0/10，抱负：7.0/10，共同兴趣：3.0/10。您的重要性权重为：吸引力：15.56，真诚度：17.78，智力：17.78，幽默度：17.78，抱负： 17.78，共同兴趣：13.33。你会为了新女友离开现在的伴侣吗？你的答案必须是或否，然后说明你的理由。你必须遵守这条规则！你不能说其他话。,否。根据你提供的评分和权重，当前伴侣的加权得分（5*15.56 + 4*17.78 + 5*17.78 + 5*17.78 + 4*17.78 + 5*13.33）为 416.67。新求爱者的加权得分（3*15.56 + 5*17.78 + 6*17.78 + 3*17.78 + 7*17.78 + 3*13.33）为 385.67。因此，当前伴侣的加权得分更高，我没有理由为了加权得分更低的新求爱者而离开现在的伴侣。,198,221,218,0
假设您是一位 27 岁的男性，职业类型为 投资银行，目前已匹配到一位伴侣。您当前伴侣的得分（满分 10 分）：吸引力：3.0/10，真诚度：6.0/10，智力：7.0/10，幽默感：8.0/10，野心：nan/10，共同兴趣：3.0/10。一位新女性正在向您求爱，其得分为：吸引力：6.0/10，真诚度：5.0/10，智力：5.0/10，幽默度：4.0/10，抱负：3.0/10，共同兴趣：3.0/10。您的重要性权重为：吸引力：15.56，真诚度：17.78，智力：17.78，幽默度：17.78，抱负： 17.78，共同兴趣：13.33。你会为了新女友离开现在的伴侣吗？你的答案必须是或否，然后说明你的理由。你必须遵守这条规则！你不能说其他话。,否。根据您的重要性权重计算，您的当前伴侣在真诚度、智力、幽默感上得分较高，这三个方面也是您非常看重的特质。虽然新女性在吸引力上得分更高，但是在其他方面，尤其是您非常重视的幽默感和智力方面，不如您现在的伴侣。因此，综合考虑各个方面的得分和您的重要性权重，您不会为了新女性而离开现在的伴侣。,196,221,231,1
假设您是一位 30 岁的男性，职业类型为 国际事务相关职业，目前已匹配到一位伴侣。您当前伴侣的得分（满分 10 分）：吸引力：8.0/10，真诚度：10.0/10，智力：10.0/10，幽默感：8.0/10，野心：10.0/10，共同兴趣：nan/10。一位新女性正在向您求爱，其得分为：吸引力：8.0/10，真诚度：8.0/10，智力：7.0/10，幽默度：8.0/10，抱负：6.0/10，共同兴趣：8.0/10。您的重要性权重为：吸引力：18.6，真诚度：20.93，智力：23.26，幽默度：23.26，抱负： 2.33，共同兴趣：11.63。你会为了新女友离开现在的伴侣吗？你的答案必须是或否，然后说明你的理由。你必须遵守这条规则！你不能说其他话。,否。根据您提供的权重和得分计算，当前伴侣的加权得分为 9.45，而新女性的加权得分为 7.88。在重要性较高的项目（如真诚度、智力等）上，您的当前伴侣有着更高的评分，因此更加符合您的偏好。,200,231,217,0
假设您是一位 30 岁的男性，职业类型为 国际事务相关职业，目前已匹配到一位伴侣。您当前伴侣的得分（满分 10 分）：吸引力：9.0/10，真诚度：9.0/10，智力：9.0/10，幽默感：8.0/10，野心：9.0/10，共同兴趣：4.0/10。一位新女性正在向您求爱，其得分为：吸引力：6.0/10，真诚度：6.0/10，智力：7.0/10，幽默度：4.0/10，抱负：6.0/10，共同兴趣：4.0/10。您的重要性权重为：吸引力：18.6，真诚度：20.93，智力：23.26，幽默度：23.26，抱负： 2.33，共同兴趣：11.63。你会为了新女友离开现在的伴侣吗？你的答案必须是或否，然后说明你的理由。你必须遵守这条规则！你不能说其他话。,否。根据给定的重要性权重，我当前伴侣在几乎所有关键领域（吸引力、真诚度、智力、幽默感、共同兴趣）评分都高于新女性。尽管新女性在抱负方面得分与当前伴侣相同，但抱负的重要性权重非常低，只有2.33。因此，综合考虑所有重要因素，我不会为了新女性而离开当前的伴侣。,202,231,229,0
假设您是一位 30 岁的男性，职业类型为 国际事务相关职业，目前已匹配到一位伴侣。您当前伴侣的得分（满分 10 分）：吸引力：10.0/10，真诚度：8.0/10，智力：8.0/10，幽默感：10.0/10，野心：9.0/10，共同兴趣：9.0/10。一位新女性正在向您求爱，其得分为：吸引力：8.0/10，真诚度：8.0/10，智力：8.0/10，幽默度：5.0/10，抱负：5.0/10，共同兴趣：6.0/10。您的重要性权重为：吸引力：18.6，真诚度：20.93，智力：23.26，幽默度：23.26，抱负： 2.33，共同兴趣：11.63。你会为了新女友离开现在的伴侣吗？你的答案必须是或否，然后说明你的理由。你必须遵守这条规则！你不能说其他话。,否。根据你提供的评分和权重，当前伴侣在吸引力、幽默感和共同兴趣方面得分较高，这些因素在你的价值观中占有较高的权重。因此，相比新女性，你的现有伴侣更符合你的偏好。虽然新女性的某些特质也很吸引你，但她的幽默感、抱负和共同兴趣的得分较低，这可能会影响到你们之间长期的幸福和满足感。,203,231,226,0
假设您是一位 30 岁的男性，职业类型为 国际事务相关职业，目前已匹配到一位伴侣。您当前伴侣的得分（满分 10 分）：吸引力：7.0/10，真诚度：9.0/10，智力：8.0/10，幽默感：7.0/10，野心：7.0/10，共同兴趣：8.0/10。一位新女性正在向您求爱，其得分为：吸引力：6.0/10，真诚度：3.0/10，智力：6.0/10，幽默度：7.0/10，抱负：10.0/10，共同兴趣：6.0/10。您的重要性权重为：吸引力：18.6，真诚度：20.93，智力：23.26，幽默度：23.26，抱负： 2.33，共同兴趣：11.63。你会为了新女友离开现在的伴侣吗？你的答案必须是或否，然后说明你的理由。你必须遵守这条规则！你不能说其他话。,否。根据您提供的权重和各位伴侣的得分，当前伴侣在吸引力、真诚度、智力和共同兴趣方面的得分都高于新女性，而这些方面在您的重要性权重中占据了较大的比重。虽然新女性的抱负得分较高，但由于抱负在您的权重中所占比例较小，因此不足以改变整体的评估结果。因此，我不会为了新女性而离开现任伴侣。,204,231,225,0
假设您是一位 30 岁的男性，职业类型为 国际事务相关职业，目前已匹配到一位伴侣。您当前伴侣的得分（满分 10 分）：吸引力：8.0/10，真诚度：8.0/10，智力：8.0/10，幽默感：7.0/10，野心：6.0/10，共同兴趣：6.0/10。一位新女性正在向您求爱，其得分为：吸引力：7.0/10，真诚度：6.0/10，智力：8.0/10，幽默度：6.0/10，抱负：6.0/10，共同兴趣：4.0/10。您的重要性权重为：吸引力：18.6，真诚度：20.93，智力：23.26，幽默度：23.26，抱负： 2.33，共同兴趣：11.63。你会为了新女友离开现在的伴侣吗？你的答案必须是或否，然后说明你的理由。你必须遵守这条规则！你不能说其他话。,否。根据给定的重要性权重，当前伴侣在几乎所有方面（吸引力、真诚度、智力、幽默感、野心）的得分都高于新女性，尤其在更为重要的属性如吸引力、真诚度和智力上。共同兴趣方面，虽然新女性的得分较低，但这项在权重中所占的比例较小。因此，综合考虑各项评分和权重，我会选择留在当前的伴侣身边。,205,231,220,0
假设您是一位 30 岁的男性，职业类型为 国际事务相关职业，目前已匹配到一位伴侣。您当前伴侣的得分（满分 10 分）：吸引力：3.0/10，真诚度：8.0/10，智力：8.0/10，幽默感：9.0/10，野心：4.0/10，共同兴趣：5.0/10。一位新女性正在向您求爱，其得分为：吸引力：7.0/10，真诚度：4.0/10，智力：5.0/10，幽默度：7.0/10，抱负：8.0/10，共同兴趣：4.0/10。您的重要性权重为：吸引力：18.6，真诚度：20.93，智力：23.26，幽默度：23.26，抱负： 2.33，共同兴趣：11.63。你会为了新女友离开现在的伴侣吗？你的答案必须是或否，然后说明你的理由。你必须遵守这条规则！你不能说其他话。,否。根据我所给的重要性权重，我当前伴侣的总分为：3*18.6%+8*20.93%+8*23.26%+9*23.26%+4*2.33%+5*11.63%=7.28（保留两位小数）。新女性总分：7*18.6%+4*20.93%+5*23.26%+7*23.26%+8*2.33%+4*11.63%=5.89（保留两位小数）。由此可见，虽然新女性在吸引力和抱负上高一些，但当前伴侣在真诚度、智力和幽默感上具有明显优势，因此我不会为了新女性离开现在伴侣。,207,231,216,0
假设您是一位 30 岁的男性，职业类型为 国际事务相关职业，目前已匹配到一位伴侣。您当前伴侣的得分（满分 10 分）：吸引力：5.0/10，真诚度：9.0/10，智力：9.0/10，幽默感：5.0/10，野心：9.0/10，共同兴趣：7.0/10。一位新女性正在向您求爱，其得分为：吸引力：7.0/10，真诚度：5.0/10，智力：6.0/10，幽默度：5.0/10，抱负：7.0/10，共同兴趣：7.0/10。您的重要性权重为：吸引力：18.6，真诚度：20.93，智力：23.26，幽默度：23.26，抱负： 2.33，共同兴趣：11.63。你会为了新女友离开现在的伴侣吗？你的答案必须是或否，然后说明你的理由。你必须遵守这条规则！你不能说其他话。,否。根据您提供的评分和权重，现有伴侣的加权得分明显高于新女性。特别是真诚度和智力方面，现有伴侣的得分更高，这两个特质在您的权重中占比较大。因此，维持当前关系是更合理的选择。,211,231,224,1
假设您是一位 32 岁的男性，职业类型为 英雄（自称），目前已匹配到一位伴侣。您当前伴侣的得分（满分 10 分）：吸引力：8.0/10，真诚度：8.0/10，智力：8.0/10，幽默感：7.0/10，野心：6.0/10，共同兴趣：6.0/10。一位新女性正在向您求爱，其得分为：吸引力：5.0/10，真诚度：1.0/10，智力：5.0/10，幽默度：4.0/10，抱负：5.0/10，共同兴趣：5.0/10。您的重要性权重为：吸引力：17.24，真诚度：17.24，智力：17.24，幽默度：17.24，抱负： 13.79，共同兴趣：17.24。你会为了新女友离开现在的伴侣吗？你的答案必须是或否，然后说明你的理由。你必须遵守这条规则！你不能说其他话。,否。根据您提供的得分和权重，计算现有伴侣和新求爱者的总分，现有伴侣的总分明显高于新求爱者。因此，没有理由为了新求爱者而离开现有的伴侣。,205,224,220,0
假设您是一位 32 岁的男性，职业类型为 英雄（自称），目前已匹配到一位伴侣。您当前伴侣的得分（满分 10 分）：吸引力：7.0/10，真诚度：9.0/10，智力：8.0/10，幽默感：7.0/10，野心：7.0/10，共同兴趣：8.0/10。一位新女性正在向您求爱，其得分为：吸引力：6.0/10，真诚度：2.0/10，智力：3.0/10，幽默度：1.0/10，抱负：3.0/10，共同兴趣：1.0/10。您的重要性权重为：吸引力：17.24，真诚度：17.24，智力：17.24，幽默度：17.24，抱负： 13.79，共同兴趣：17.24。你会为了新女友离开现在的伴侣吗？你的答案必须是或否，然后说明你的理由。你必须遵守这条规则！你不能说其他话。,否。根据您提供的评分和权重，您的当前伴侣在几乎所有方面都明显优于新求爱的女性，特别是在真诚度、智力、幽默感、野心和共同兴趣方面。因此，没有理由为了新求爱的女性离开当前的伴侣。,204,224,225,1
假设您是一位 28 岁的男性，职业类型为 咨询，目前已匹配到一位伴侣。您当前伴侣的得分（满分 10 分）：吸引力：4.0/10，真诚度：10.0/10，智力：10.0/10，幽默感：9.0/10，野心：8.0/10，共同兴趣：7.0/10。一位新女性正在向您求爱，其得分为：吸引力：6.0/10，真诚度：8.0/10，智力：8.0/10，幽默度：8.0/10，抱负：7.0/10，共同兴趣：8.0/10。您的重要性权重为：吸引力：14.71，真诚度：14.71，智力：14.71，幽默度：14.71，抱负： 20.59，共同兴趣：20.59。你会为了新女友离开现在的伴侣吗？你的答案必须是或否，然后说明你的理由。你必须遵守这条规则！你不能说其他话。,否。虽然新女性在吸引力、幽默感和共同兴趣方面的得分较高，但当前伴侣在真诚度、智力和抱负方面的得分更高。根据您提供的权重，真诚度、智力和抱负的重要性加权平均得分相对较高，因此当前伴侣与您的匹配程度更高。所以，选择留在当前伴侣的身边是更明智的决定。,206,225,222,1
假设您是一位 27 岁的男性，职业类型为 教授或顾问，目前已匹配到一位伴侣。您当前伴侣的得分（满分 10 分）：吸引力：3.0/10，真诚度：8.0/10，智力：8.0/10，幽默感：9.0/10，野心：4.0/10，共同兴趣：5.0/10。一位新女性正在向您求爱，其得分为：吸引力：8.0/10，真诚度：4.0/10，智力：8.0/10，幽默度：6.0/10，抱负：4.0/10，共同兴趣：4.0/10。您的重要性权重为：吸引力：9.52，真诚度：19.05，智力：23.81，幽默度：19.05，抱负： 4.76，共同兴趣：23.81。你会为了新女友离开现在的伴侣吗？你的答案必须是或否，然后说明你的理由。你必须遵守这条规则！你不能说其他话。,否。尽管新女性在吸引力上得分较高，但我的伴侣在真诚度、智力、幽默感和共同兴趣方面得分较高，这些对我来说也非常重要。因此，我不会为了新女友离开现在的伴侣。,207,222,216,0
假设您是一位 27 岁的男性，职业类型为 教授或顾问，目前已匹配到一位伴侣。您当前伴侣的得分（满分 10 分）：吸引力：9.0/10，真诚度：9.0/10，智力：9.0/10，幽默感：9.0/10，野心：9.0/10，共同兴趣：9.0/10。一位新女性正在向您求爱，其得分为：吸引力：8.0/10，真诚度：7.0/10，智力：7.0/10，幽默度：8.0/10，抱负：2.0/10，共同兴趣：5.0/10。您的重要性权重为：吸引力：9.52，真诚度：19.05，智力：23.81，幽默度：19.05，抱负： 4.76，共同兴趣：23.81。你会为了新女友离开现在的伴侣吗？你的答案必须是或否，然后说明你的理由。你必须遵守这条规则！你不能说其他话。,否。根据提供的权重和得分，我当前的伴侣在所有重要性权重较高的方面，如真诚度、智力、幽默感和共同兴趣，都有非常高的得分。相比而言，新女性在这些方面的得分较低，特别是真诚度、智力和抱负方面。因此，综合评估后，我不应该为了新女性而离开现在的伴侣。,208,222,230,1
假设您是一位 42 岁的男性，职业类型为 咨询，目前已匹配到一位伴侣。您当前伴侣的得分（满分 10 分）：吸引力：8.0/10，真诚度：9.0/10，智力：8.0/10，幽默感：7.0/10，野心：8.0/10，共同兴趣：6.0/10。一位新女性正在向您求爱，其得分为：吸引力：3.0/10，真诚度：5.0/10，智力：5.0/10，幽默度：2.0/10，抱负：2.0/10，共同兴趣：2.0/10。您的重要性权重为：吸引力：23.81，真诚度：23.81，智力：23.81，幽默度：23.81，抱负： 2.38，共同兴趣：2.38。你会为了新女友离开现在的伴侣吗？你的答案必须是或否，然后说明你的理由。你必须遵守这条规则！你不能说其他话。,否。根据你的重要性和权重分配，当前伴侣在吸引力、真诚度、智力、幽默感方面得分较高，这些是你认为重要的特质。新女性在你认为重要的特质上得分较低，因此与当前伴侣相比，她并不是更好的选择。,194,230,219,1
假设您是一位 26 岁的男性，职业类型为 商业，目前已匹配到一位伴侣。您当前伴侣的得分（满分 10 分）：吸引力：5.0/10，真诚度：4.0/10，智力：5.0/10，幽默感：5.0/10，野心：4.0/10，共同兴趣：5.0/10。一位新女性正在向您求爱，其得分为：吸引力：3.0/10，真诚度：6.0/10，智力：5.0/10，幽默度：5.0/10，抱负：5.0/10，共同兴趣：3.0/10。您的重要性权重为：吸引力：16.28，真诚度：16.28，智力：18.6，幽默度：16.28，抱负： 16.28，共同兴趣：16.28。你会为了新女友离开现在的伴侣吗？你的答案必须是或否，然后说明你的理由。你必须遵守这条规则！你不能说其他话。,否。根据您给出的重要性权重和两位伴侣的得分，当前伴侣在吸引力、真诚度、智力、幽默感、野心、共同兴趣这几个方面的综合得分（139.98）要高于新女性（127.68）。虽然新女性在真诚度和抱负方面得分较高，但在吸引力和共同兴趣方面得分较低，这将对您的整体满意度产生较大的负面影响。因此，您不会为了新女性离开当前的伴侣。,198,219,218,0
假设您是一位 26 岁的男性，职业类型为 商业，目前已匹配到一位伴侣。您当前伴侣的得分（满分 10 分）：吸引力：9.0/10，真诚度：9.0/10，智力：9.0/10，幽默感：8.0/10，野心：9.0/10，共同兴趣：4.0/10。一位新女性正在向您求爱，其得分为：吸引力：4.0/10，真诚度：7.0/10，智力：7.0/10，幽默度：5.0/10，抱负：5.0/10，共同兴趣：5.0/10。您的重要性权重为：吸引力：16.28，真诚度：16.28，智力：18.6，幽默度：16.28，抱负： 16.28，共同兴趣：16.28。你会为了新女友离开现在的伴侣吗？你的答案必须是或否，然后说明你的理由。你必须遵守这条规则！你不能说其他话。,否。原因是根据给定的重要性权重计算，当前伴侣的加权得分明显高于新女性。当前伴侣在吸引力、真诚度、智力、野心等方面都远超新女性，即使在共同兴趣上不如新女性，但差距不大。综合考虑，当前伴侣仍然是更优的选择。,202,219,229,1
假设您是一位 28 岁的男性，职业类型为 营利性生物医疗公司 CEO，目前已匹配到一位伴侣。您当前伴侣的得分（满分 10 分）：吸引力：10.0/10，真诚度：8.0/10，智力：8.0/10，幽默感：10.0/10，野心：9.0/10，共同兴趣：9.0/10。一位新女性正在向您求爱，其得分为：吸引力：6.0/10，真诚度：6.0/10，智力：9.0/10，幽默度：3.0/10，抱负：1.0/10，共同兴趣：2.0/10。您的重要性权重为：吸引力：21.43，真诚度：16.67，智力：21.43，幽默度：16.67，抱负： 11.9，共同兴趣：11.9。你会为了新女友离开现在的伴侣吗？你的答案必须是或否，然后说明你的理由。你必须遵守这条规则！你不能说其他话。,否。根据你提供的重要性权重和得分，当前伴侣的加权得分明显高于新女性的加权得分。当前伴侣在大多数重要方面都得分很高，尤其是吸引力、幽默感和共同兴趣，这与你的高权重偏好非常契合。而新女性在多个关键属性上的得分都较低，包括吸引力、真诚度、幽默感、抱负和共同兴趣。因此，为了新女性离开现在的伴侣并不合理。,203,229,226,1
假设您是一位 23 岁的男性，职业类型为 娱乐 / 体育，目前已匹配到一位伴侣。您当前伴侣的得分（满分 10 分）：吸引力：4.0/10，真诚度：9.0/10，智力：9.0/10，幽默感：6.0/10，野心：8.0/10，共同兴趣：7.0/10。一位新女性正在向您求爱，其得分为：吸引力：6.0/10，真诚度：8.0/10，智力：8.0/10，幽默度：7.0/10，抱负：8.0/10，共同兴趣：5.0/10。您的重要性权重为：吸引力：25.64，真诚度：17.95，智力：15.38，幽默度：20.51，抱负： 10.26，共同兴趣：10.26。你会为了新女友离开现在的伴侣吗？你的答案必须是或否，然后说明你的理由。你必须遵守这条规则！你不能说其他话。,否。根据你的评分标准和优先级，现有伴侣的加权分数为：(4 * 25.64 + 9 * 17.95 + 9 * 15.38 + 6 * 20.51 + 8 * 10.26 + 7 * 10.26) = 295.15，新女性的加权分数为：(6 * 25.64 + 8 * 17.95 + 8 * 15.38 + 7 * 20.51 + 8 * 10.26 + 5 * 10.26) = 286.5。现有伴侣的总体分数更高，更符合你的优先级标准，因此在这个情况下，不应该为了新女性离开现有伴侣。,206,226,225,0
假设您是一位 23 岁的男性，职业类型为 娱乐 / 体育，目前已匹配到一位伴侣。您当前伴侣的得分（满分 10 分）：吸引力：5.0/10，真诚度：7.0/10，智力：10.0/10，幽默感：5.0/10，野心：7.0/10，共同兴趣：6.0/10。一位新女性正在向您求爱，其得分为：吸引力：8.0/10，真诚度：7.0/10，智力：8.0/10，幽默度：8.0/10，抱负：7.0/10，共同兴趣：6.0/10。您的重要性权重为：吸引力：25.64，真诚度：17.95，智力：15.38，幽默度：20.51，抱负： 10.26，共同兴趣：10.26。你会为了新女友离开现在的伴侣吗？你的答案必须是或否，然后说明你的理由。你必须遵守这条规则！你不能说其他话。,是。根据你的评分标准和重要性权重，新女性在你认为最重要的几个方面（吸引力、幽默感和智力）得分更高。这意味着新女性更符合你的理想伴侣标准，与她在一起可能会给你带来更高的幸福感和满足感。,208,226,222,1
假设您是一位 27 岁的男性，职业类型为 教授或顾问，目前已匹配到一位伴侣。您当前伴侣的得分（满分 10 分）：吸引力：7.0/10，真诚度：8.0/10，智力：9.0/10，幽默感：7.0/10，野心：10.0/10，共同兴趣：8.0/10。一位新女性正在向您求爱，其得分为：吸引力：8.0/10，真诚度：5.0/10，智力：7.0/10，幽默度：5.0/10，抱负：6.0/10，共同兴趣：5.0/10。您的重要性权重为：吸引力：9.52，真诚度：19.05，智力：23.81，幽默度：19.05，抱负： 4.76，共同兴趣：23.81。你会为了新女友离开现在的伴侣吗？你的答案必须是或否，然后说明你的理由。你必须遵守这条规则！你不能说其他话。,否，我不会为了新女友离开现在的伴侣。  原因如下： 1. 在您的个人价值观中，真诚度、智力和共同兴趣是重要的考量因素，而目前的伴侣在这几个方面的得分都很高，特别是真诚度和智力方面。 2. 虽然新的女性在吸引力方面稍有优势，但在真诚度、智力、幽默感、抱负和共同兴趣方面都得不到较高的评价，尤其是在真诚度和幽默感方面更是远不及您的现有伴侣。,211,222,231,1
假设您是一位 30 岁的男性，职业类型为 国际事务相关职业，目前已匹配到一位伴侣。您当前伴侣的得分（满分 10 分）：吸引力：8.0/10，真诚度：9.0/10，智力：10.0/10，幽默感：7.0/10，野心：7.0/10，共同兴趣：6.0/10。一位新女性正在向您求爱，其得分为：吸引力：7.0/10，真诚度：7.0/10，智力：7.0/10，幽默度：6.0/10，抱负：7.0/10，共同兴趣：5.0/10。您的重要性权重为：吸引力：18.6，真诚度：20.93，智力：23.26，幽默度：23.26，抱负： 2.33，共同兴趣：11.63。你会为了新女友离开现在的伴侣吗？你的答案必须是或否，然后说明你的理由。你必须遵守这条规则！你不能说其他话。,否。根据您提供的权重和伴侣的得分，当前伴侣在吸引力、真诚度、智力和幽默感等方面得分较高，特别是在您认为重要的真诚度和智力上，新求爱者的得分相比之下较低。因此，基于这些标准，当前伴侣更符合您的偏好。,213,231,214,1
假设您是一位 23 岁的男性，职业类型为 研究科学家，目前已匹配到一位伴侣。您当前伴侣的得分（满分 10 分）：吸引力：6.0/10，真诚度：10.0/10，智力：9.0/10，幽默感：8.0/10，野心：8.0/10，共同兴趣：6.0/10。一位新女性正在向您求爱，其得分为：吸引力：7.0/10，真诚度：8.0/10，智力：6.0/10，幽默度：7.0/10，抱负：8.0/10，共同兴趣：3.0/10。您的重要性权重为：吸引力：17.02，真诚度：21.28，智力：17.02，幽默度：21.28，抱负： 14.89，共同兴趣：8.51。你会为了新女友离开现在的伴侣吗？你的答案必须是或否，然后说明你的理由。你必须遵守这条规则！你不能说其他话。,否。根据你提供的评分和重要性权重，当前伴侣在你最重视的几个方面（真诚度、智力、幽默感）得分都很高，而新女性在这些方面得分相对较低，特别是在共同兴趣方面。尽管新女性在吸引力方面得分更高，但这并不是你最重要的考量因素。因此，新女性的整体评分不及当前伴侣，所以不应该为了新女性离开现在的伴侣。,194,214,230,1
