假设你是一位 28 岁的单身男士，有一位 25 岁的女性正在追求你。你的职业类型是 综合管理 / 咨询。你从六个维度对她进行了评估，满分为 10 分。这六个维度分别是：吸引力：6.0/10，真诚：8.0/10，智力：10.0/10，幽默感：7.0/10，抱负：7.0/10，共同兴趣：6.0/10。这些属性的重要性权重如下：吸引力：20.0，真诚：20.0，智力：20.0，幽默感：20.0，抱负：0.0，共同兴趣：20.0。你愿意和这位女士约会吗？请告诉我原因。你的答案必须是（是）或（否），然后说明你的原因。你必须遵守这条规则！你不能说其他话。,是。这位女性在智力、真诚和共同兴趣方面得分较高，这三个维度的重要性权重也较高。虽然吸引力和幽默感的评分略低一些，但这些维度并没有抱负维度那样不重要。根据给定的权重和评分，这位女性是一个值得考虑交往的对象。,524,549,,1
假设你是一位 30 岁的单身男士，有一位 23 岁的女性正在追求你。你的职业类型是 金融。你从六个维度对她进行了评估，满分为 10 分。这六个维度分别是：吸引力：6.0/10，真诚：6.0/10，智力：7.0/10，幽默感：6.0/10，抱负：4.0/10，共同兴趣：4.0/10。这些属性的重要性权重如下：吸引力：30.0，真诚：3.0，智力：30.0，幽默感：30.0，抱负：3.0，共同兴趣：4.0。你愿意和这位女士约会吗？请告诉我原因。你的答案必须是（是）或（否），然后说明你的原因。你必须遵守这条规则！你不能说其他话。,否。根据你提供的六个维度及它们对应的权重，这位女士的整体得分较低。尤其是在吸引力（权重30.0，得分6.0）、智力（权重30.0，得分7.0）和幽默感（权重30.0，得分6.0）方面，她的得分都不高；在抱负（4.0）和共同兴趣（4.0）方面，她的得分更低，这些也是影响你是否愿意继续深入了解对方的重要因素。因此，在综合考虑之后，我得出的答案是否。,515,550,,1
假设您是一位 23 岁的单身男士，有一位 26 岁的女性正在追求您。您的职业类型是 教师 / 表演者。您对她进行了六个维度的评估，满分为 10 分。这六个维度分别是：吸引力：8.0/10，真诚：9.0/10，智力：9.0/10，幽默感：6.0/10，抱负：5.0/10，共同兴趣：5.0/10。您对这些属性的重要性权重为：吸引力：20.0，真诚： 20.0，智力：20.0，幽默感：15.0，野心：5.0，共同兴趣：20.0。你愿意和这位女士约会吗？请告诉我原因。你的答案必须是(是）或（否），然后说明你的理由。你必须遵守这条规则！你不能说其他话。,是。根据您给出的评分和重要性权重，这位女士在您最看重的几个维度上表现优秀，特别是真诚度和智力方面。虽然她的幽默感和抱负评分较低，但这些并不是您的主要关注点。综合考虑，与这位女士约会可能会是一次愉快的经历。,533,514,,1
假设你是一位 26 岁的单身男士，有一位 27 岁的女性正在追求你。你的职业类型是 ASIC 芯片工程师。你从六个维度对她进行了评估，满分为 10 分。这六个维度分别是：吸引力：6.0/10，真诚：8.0/10，智力：9.0/10，幽默感：7.0/10，抱负：8.0/10，共同兴趣：9.0/10。这些属性的重要性权重如下：吸引力：25.0，真诚：20.0，智力：20.0，幽默感：20.0，抱负：5.0，共同兴趣：10.0。你愿意和这位女士约会吗？请告诉我原因。你的答案必须是（是）或（否），然后说明你的原因。你必须遵守这条规则！你不能说其他话。,是。因为根据你提供的评分标准和各个维度的重要性权重，这位女士的总体得分较高，尤其是在真诚、智力和共同兴趣方面，这些都是建立稳定、健康关系的重要因素。尽管在吸引力方面评分不是最高，但结合其他维度，这并不会成为影响约会决定的主要障碍。,523,532,,1
假设您是一位 22 岁的单身男士，有一位 25 岁的女性正在追求您。您的职业类型是 工程师。您对她进行了六个维度的评估，满分为 10 分。这六个维度分别是：吸引力：4.0/10，真诚：6.0/10，智力：5.0/10，幽默感：5.0/10，抱负：6.0/10，共同兴趣：5.0/10。您对这些属性的重要性权重为：吸引力：10.0，真诚： 25.0，智力：25.0，幽默感：10.0，野心：10.0，共同兴趣：20.0。你愿意和这位女士约会吗？请告诉我原因。你的答案必须是(是）或（否），然后说明你的理由。你必须遵守这条规则！你不能说其他话。,否。根据您给的重要性权重和她的得分，我对您的情况进行了计算：吸引力（4.0 * 10.0 / 100）+ 真诚（6.0 * 25.0 / 100）+ 智力（5.0 * 25.0 / 100）+ 幽默感（5.0 * 10.0 / 100）+ 抱负（6.0 * 10.0 / 100）+ 共同兴趣（5.0 * 20.0 / 100）= 0.4 + 1.5 + 1.25 + 0.5 + 0.6 + 1.0 = 5.25。加权平均得分5.25较低，考虑到您给的吸引力权重很高，而她的吸引力评分相对较低，我认为您可能不愿意与她约会。,531,529,,0
假设你是一位 24 岁的单身男士，有一位 23 岁的女性正在追求你。你的职业类型是 学术工作 / 咨询顾问。你从六个维度对她进行了评估，满分为 10 分。这六个维度分别是：吸引力：7.0/10，真诚：8.0/10，智力：7.0/10，幽默感：7.0/10，抱负：5.0/10，共同兴趣：3.0/10。这些属性的重要性权重如下：吸引力：20.0，真诚：15.0，智力：20.0，幽默感：20.0，抱负：15.0，共同兴趣：10.0。你愿意和这位女士约会吗？请告诉我原因。你的答案必须是（是）或（否），然后说明你的原因。你必须遵守这条规则！你不能说其他话。,否。根据你给出的属性评分和它们的重要性权重，这位女士在“共同兴趣”这一项上的评分较低，这在一段关系中是非常重要的，因为共同兴趣有助于双方建立紧密的联系。此外，她的“抱负”评分也低于平均值，这可能意味着她与你在人生目标和追求方面存在差异。虽然她在其他方面表现良好，但考虑到这些因素，你可能还需要更多的时间来考虑是否愿意与她约会。,511,540,,1
假设您是一位 24 岁的单身男士，有一位 22 岁的女性正在追求您。您的职业类型是 性治疗师。您对她进行了六个维度的评估，满分为 10 分。这六个维度分别是：吸引力：8.0/10，真诚：8.0/10，智力：8.0/10，幽默感：8.0/10，抱负：9.0/10，共同兴趣：9.0/10。您对这些属性的重要性权重为：吸引力：10.0，真诚： 15.0，智力：30.0，幽默感：20.0，野心：15.0，共同兴趣：10.0。你愿意和这位女士约会吗？请告诉我原因。你的答案必须是(是）或（否），然后说明你的理由。你必须遵守这条规则！你不能说其他话。,是。根据我对各位维度的权重分配，这位女士在智力和幽默感上得分很高，这两点对我来说非常重要。在智力这一项上，她的得分是8.0/10，我给这项分配的权重是30.0，这显示我们可能会有良好的思想和观念交流。同时，她的幽默感得分也为8.0/10，这项的权重是20.0，表明我们的相处可能会充满乐趣。此外，她在抱负和共同兴趣这两项上的得分也很高，分别是9.0/10，这可以保证我们有相似的生活目标。最后，她的真诚得分也达到了8.0/10，这代表她是值得信赖的。综上所述，我认为和她约会是合适且有益的。,537,525,,1
假设你是一位 24 岁的单身男士，有一位 23 岁的女性正在追求你。你的职业类型是 软件工程师 / 网络工程师。你从六个维度对她进行了评估，满分为 10 分。这六个维度分别是：吸引力：8.0/10，真诚：9.0/10，智力：8.0/10，幽默感：9.0/10，抱负：9.0/10，共同兴趣：8.0/10。这些属性的重要性权重如下：吸引力：30.0，真诚：30.0，智力：30.0，幽默感：5.0，抱负：2.0，共同兴趣：3.0。你愿意和这位女士约会吗？请告诉我原因。你的答案必须是（是）或（否），然后说明你的原因。你必须遵守这条规则！你不能说其他话。,是。因为根据你对这位女士的六个维度的评估和各个维度的重要性权重，她是一个高吸引力、真诚、智慧且拥有一些共同兴趣的人，这符合你主要看重的品质。尽管幽默感、抱负和共同兴趣的分值不是特别高，但它们在总评分中占据的比例较小，因此不足以影响总体的结果。,518,534,,1
假设你是一位 25 岁的单身男士，有一位 26 岁的女性正在追求你。你的职业类型是 教学。你从六个维度对她进行了评估，满分为 10 分。这六个维度分别是：吸引力：5.0/10，真诚：10.0/10，智力：10.0/10，幽默感：10.0/10，抱负：10.0/10，共同兴趣：5.0/10。这些属性的重要性权重如下：吸引力：15.0，真诚：30.0，智力：20.0，幽默感：20.0，抱负：10.0，共同兴趣：5.0。你愿意和这位女士约会吗？请告诉我原因。你的答案必须是（是）或（否），然后说明你的原因。你必须遵守这条规则！你不能说其他话。,是。根据你对这位女士六个维度的评估和各个维度的重要性权重来看，她在真诚、智力、幽默感和抱负这四个重要维度上得到了满分，这表明你们有很好的情感和精神交流的基础。虽然在吸引力和共同兴趣这两项的分数较低，但这两个维度对于你来说权重并不高。因此，从整体上看，这位女士符合你对伴侣的要求，建议你尝试与她约会。,526,531,,1
假设您是一位 24 岁的单身男士，有一位 32 岁的女性正在追求您。您的职业类型是 社会工作者。您对她进行了六个维度的评估，满分为 10 分。这六个维度分别是：吸引力：6.0/10，真诚：6.0/10，智力：8.0/10，幽默感：9.0/10，抱负：8.0/10，共同兴趣：5.0/10。您对这些属性的重要性权重为：吸引力：50.0，真诚： 20.0，智力：10.0，幽默感：5.0，野心：10.0，共同兴趣：5.0。你愿意和这位女士约会吗？请告诉我原因。你的答案必须是(是）或（否），然后说明你的理由。你必须遵守这条规则！你不能说其他话。,否。根据您提供的评估和权重，这位女性在您认为最重要的两个维度，即吸引力和真诚度上得分较低。尽管她在智力、幽默感和抱负上有较高的评分，但这些权重较低，对于您来说影响较小。因此，综合考虑，我选择不与这位女士约会。,538,527,,0
假设您是一位 22 岁的单身男士，有一位 29 岁的女性正在追求您。您的职业类型是 工程师。您对她进行了六个维度的评估，满分为 10 分。这六个维度分别是：吸引力：5.0/10，真诚：4.0/10，智力：6.0/10，幽默感：6.0/10，抱负：5.0/10，共同兴趣：4.0/10。您对这些属性的重要性权重为：吸引力：10.0，真诚： 25.0，智力：25.0，幽默感：10.0，野心：10.0，共同兴趣：20.0。你愿意和这位女士约会吗？请告诉我原因。你的答案必须是(是）或（否），然后说明你的理由。你必须遵守这条规则！你不能说其他话。,否。根据您给出的评估和权重，这位女士在真诚和共同兴趣这两个对您来说较为重要的维度上得分较低，这可能会影响您俩的长远关系的和谐与满意度。而吸引力、智力、幽默感、抱负等其他维度的得分虽然中等，但在关键领域低分可能让整体的兼容性和亲密度不足，因此我选择不愿意约会。,536,529,,0
假设您是一位 30 岁的男性，职业类型为 管理，目前已匹配到一位伴侣。您当前伴侣的得分（满分 10 分）：吸引力：3.0/10，真诚度：5.0/10，智力：5.0/10，幽默感：5.0/10，野心：3.0/10，共同兴趣：2.0/10。一位新女性正在向您求爱，其得分为：吸引力：9.0/10，真诚度：9.0/10，智力：9.0/10，幽默度：5.0/10，抱负：8.0/10，共同兴趣：5.0/10。您的重要性权重为：吸引力：40.0，真诚度：10.0，智力：20.0，幽默度：10.0，抱负： 0.0，共同兴趣：20.0。你会为了新女友离开现在的伴侣吗？你的答案必须是或否，然后说明你的理由。你必须遵守这条规则！你不能说其他话。,是。根据您的重要性权重，新女性在吸引力、智力和共同兴趣方面得分远高于当前伴侣，这些对您来说是非常重要的因素。因此，新女性的综合得分远高于现有伴侣，对于您来说，选择新女性可能会更加满足您的需求。,511,548,540,1
假设你是一位 29 岁的单身男士，有一位 27 岁的女性正在追求你。你的职业类型是 金融。你从六个维度对她进行了评估，满分为 10 分。这六个维度分别是：吸引力：10.0/10，真诚：8.0/10，智力：9.0/10，幽默感：9.0/10，抱负：9.0/10，共同兴趣：7.0/10。这些属性的重要性权重如下：吸引力：30.0，真诚：20.0，智力：20.0，幽默感：20.0，抱负：10.0，共同兴趣：0.0。你愿意和这位女士约会吗？请告诉我原因。你的答案必须是（是）或（否），然后说明你的原因。你必须遵守这条规则！你不能说其他话。,是。根据你给的评分及权重，这位女士在你最看重的几个维度上得分都非常高，尤其是吸引力、智力和幽默感，这些都是建立良好关系的重要因素。虽然你们的共同兴趣得分不高，但你在这一项上给予的权重是0，说明这个因素对你来说并不重要。因此，从这些数据来看，我认为你们有很好的相容性，值得尝试约会。,516,536,,1
假设您是一位 24 岁的女性，职业类型为 社会工作者，目前已匹配到一位伴侣。您当前伴侣的得分（满分 10 分）：吸引力：5.0/10，真诚度：10.0/10，智力：10.0/10，幽默度：10.0/10，野心：10.0/10，共同兴趣：5.0/10。一位新男士正在向您求爱，他的得分为：吸引力：4.0/10，真诚度： 8.0/10，智力：9.0/10，幽默感：3.0/10，抱负：8.0/10，共同兴趣：2.0/10。您的重要性权重为：吸引力：50.0，真诚：20.0，智力：10.0，幽默感：5.0，抱负： 10.0，共同兴趣：5.0。你会为了新男友离开现在的伴侣吗？你的答案必须是（是）或（否），然后说明你的理由。你必须遵守这条规则！你绝对不能说其他话。,否，我不会为了新男友离开现在的伴侣。根据你提供的得分和权重，我的当前伴侣在吸引力、真诚度、智力、幽默感和抱负方面得分为 8.5（满分 10），而新男士得分为 5.8。虽然真诚度和智力很重要，但吸引力在你的权重中占很大比例，而当前伴侣在这一点上明显更胜一筹。此外，当前伴侣的整体得分也高得多，这表明他更符合你的需求。,531,527,526,0
假设您是一位 23 岁的男性，职业类型为 企业家，目前已匹配到一位伴侣。您当前伴侣的得分（满分 10 分）：吸引力：2.0/10，真诚度：3.0/10，智力：3.0/10，幽默感：5.0/10，野心：5.0/10，共同兴趣：nan/10。一位新女性正在向您求爱，其得分为：吸引力：9.0/10，真诚度：9.0/10，智力：9.0/10，幽默度：8.0/10，抱负：7.0/10，共同兴趣：5.0/10。您的重要性权重为：吸引力：40.0，真诚度：30.0，智力：0.0，幽默度：20.0，抱负： 0.0，共同兴趣：10.0。你会为了新女友离开现在的伴侣吗？你的答案必须是或否，然后说明你的理由。你必须遵守这条规则！你不能说其他话。,是。根据你提供的评分和重要性权重，新女性在你认为重要的特质上（吸引力、真诚度、幽默感、共同兴趣）都远高于当前伴侣。具体来说，新女性在吸引力、真诚度、幽默感上分别为9.0/10、9.0/10、8.0/10，而当前伴侣在这些方面分别为2.0/10、3.0/10、5.0/10。因此，从整体匹配度来看，新女性更符合你的重要标准。,515,541,550,1
假设您是一位 22 岁的单身男士，有一位 32 岁的女性正在追求您。您的职业类型是 尚未知道。您对她进行了六个维度的评估，满分为 10 分。这六个维度分别是：吸引力：9.0/10，真诚：9.0/10，智力：8.0/10，幽默感：10.0/10，抱负：8.0/10，共同兴趣：7.0/10。您对这些属性的重要性权重为：吸引力：20.0，真诚： 20.0，智力：10.0，幽默感：15.0，野心：5.0，共同兴趣：30.0。你愿意和这位女士约会吗？请告诉我原因。你的答案必须是(是）或（否），然后说明你的理由。你必须遵守这条规则！你不能说其他话。,是。根据您提供的维度评价和各项属性的重要性权重，这位女士在众多方面都表现得非常出色，尤其是在吸引力、真诚和幽默感方面，这些对你来说都是很重要的因素。此外，她还拥有一定的智力和抱负，并且你们之间也存在一些共同兴趣。综上所述，我认为可以考虑和这位女士约会。,538,530,,1
假设你是一位 22 岁的单身男士，有一位 22 岁的女性正在追求你。你的职业类型是 律师。你从六个维度对她进行了评估，满分为 10 分。这六个维度分别是：吸引力：9.0/10，真诚：6.0/10，智力：10.0/10，幽默感：9.0/10，抱负：8.0/10，共同兴趣：8.0/10。这些属性的重要性权重如下：吸引力：30.0，真诚：10.0，智力：20.0，幽默感：15.0，抱负：15.0，共同兴趣：10.0。你愿意和这位女士约会吗？请告诉我原因。你的答案必须是（是）或（否），然后说明你的原因。你必须遵守这条规则！你不能说其他话。,是。原因是根据您给出的六个维度评分及权重，这位女性在您看重的各个维度上都有较高的得分。在吸引力、智力、幽默感等方面尤为突出，真诚、抱负和共同兴趣方面也达到了良好的水平。这些加权评分的综合结果表明，这位女性是一个非常吸引人的约会对象。,522,539,,1
假设您是一位 24 岁的男性，职业类型为 研究工程师，目前已匹配到一位伴侣。您当前伴侣的得分（满分 10 分）：吸引力：1.0/10，真诚度：9.0/10，智力：9.0/10，幽默感：1.0/10，野心：6.0/10，共同兴趣：8.0/10。一位新女性正在向您求爱，其得分为：吸引力：10.0/10，真诚度：10.0/10，智力：10.0/10，幽默度：10.0/10，抱负：10.0/10，共同兴趣：10.0/10。您的重要性权重为：吸引力：20.0，真诚度：16.0，智力：16.0，幽默度：17.0，抱负： 16.0，共同兴趣：15.0。你会为了新女友离开现在的伴侣吗？你的答案必须是或否，然后说明你的理由。你必须遵守这条规则！你不能说其他话。,是，我会为了新女友离开现在的伴侣。原因如下：  根据您给出的重要性权重和得分进行计算： - 当前伴侣的加权得分为：(1.0 * 20 + 9.0 * 16 + 9.0 * 16 + 1.0 * 17 + 6.0 * 16 + 8.0 * 15) / 100 = 4.27 - 新女性的加权得分为：(10.0 * 20 + 10.0 * 16 + 10.0 * 16 + 10.0 * 17 + 10.0 * 16 + 10.0 * 15) / 100 = 9.9  根据这个评分标准，新女性在各方面都更符合您的偏好。与她的关系可能带来更高的满足感和幸福感。因此，在这种情况下选择新女性是合理的选择。当然，实际做出这样的决定时还需要考虑情感投入、道德伦理等因素。但是，从理性的角度来说，选择新女性更为合适。,523,543,532,1
假设您是一位 25 岁的男性，职业类型为 宇宙助手（自嘲的说法），目前已匹配到一位伴侣。您当前伴侣的得分（满分 10 分）：吸引力：8.0/10，真诚度：9.0/10，智力：9.0/10，幽默感：6.0/10，野心：5.0/10，共同兴趣：5.0/10。一位新女性正在向您求爱，其得分为：吸引力：4.0/10，真诚度：6.0/10，智力：8.0/10，幽默度：7.0/10，抱负：8.0/10，共同兴趣：8.0/10。您的重要性权重为：吸引力：70.0，真诚度：0.0，智力：15.0，幽默度：15.0，抱负： 0.0，共同兴趣：0.0。你会为了新女友离开现在的伴侣吗？你的答案必须是或否，然后说明你的理由。你必须遵守这条规则！你不能说其他话。,否。根据我的重要性权重，吸引力和智力是我最为看重的特质，而当前伴侣在这两个方面得分都较高，分别为8.0/10和9.0/10。虽然新女性在幽默感、抱负和共同兴趣方面得分较高，但这些特质在我的权重中占比较低，因此不足以改变我对现有关系的决定。同时，新女性的吸引力得分为4.0/10，远低于我现有伴侣的得分，这对我来说是决定性的因素。,514,552,533,1
假设您是一位 24 岁的男性，职业类型为 学术工作 / 咨询顾问，目前已匹配到一位伴侣。您当前伴侣的得分（满分 10 分）：吸引力：10.0/10，真诚度：7.0/10，智力：5.0/10，幽默感：5.0/10，野心：5.0/10，共同兴趣：9.0/10。一位新女性正在向您求爱，其得分为：吸引力：6.0/10，真诚度：7.0/10，智力：6.0/10，幽默度：7.0/10，抱负：6.0/10，共同兴趣：5.0/10。您的重要性权重为：吸引力：20.0，真诚度：15.0，智力：20.0，幽默度：20.0，抱负： 15.0，共同兴趣：10.0。你会为了新女友离开现在的伴侣吗？你的答案必须是或否，然后说明你的理由。你必须遵守这条规则！你不能说其他话。,否。根据你提供的权重和得分，我计算了两位伴侣的加权总分。当前伴侣的加权总分为855，而新女性的加权总分为605。因此，我会选择留在当前关系中，因为当前伴侣与我的匹配度更高。,514,540,552,0
假设您是一位 30 岁的男性，职业类型为 咨询，目前已匹配到一位伴侣。您当前伴侣的得分（满分 10 分）：吸引力：5.0/10，真诚度：3.0/10，智力：5.0/10，幽默感：5.0/10，野心：2.0/10，共同兴趣：2.0/10。一位新女性正在向您求爱，其得分为：吸引力：6.0/10，真诚度：6.0/10，智力：7.0/10，幽默度：5.0/10，抱负：6.0/10，共同兴趣：6.0/10。您的重要性权重为：吸引力：35.0，真诚度：10.0，智力：20.0，幽默度：25.0，抱负： 5.0，共同兴趣：5.0。你会为了新女友离开现在的伴侣吗？你的答案必须是或否，然后说明你的理由。你必须遵守这条规则！你不能说其他话。,是。根据你提供的评分和权重，当前伴侣的加权得分为3.5*5 + 1*3 + 2*5 + 2.5*5 + 0.5*2 + 0.5*2 = 52分；而新女性的加权得分为3.5*6 + 1*6 + 2*7 + 2.5*5 + 0.5*6 + 0.5*6 = 75.5分，显然新女性的匹配度更高。,511,546,548,1
假设您是一位 30 岁的男性，职业类型为 管理，目前已匹配到一位伴侣。您当前伴侣的得分（满分 10 分）：吸引力：5.0/10，真诚度：5.0/10，智力：6.0/10，幽默感：4.0/10，野心：6.0/10，共同兴趣：nan/10。一位新女性正在向您求爱，其得分为：吸引力：8.0/10，真诚度：7.0/10，智力：7.0/10，幽默度：8.0/10，抱负：2.0/10，共同兴趣：5.0/10。您的重要性权重为：吸引力：40.0，真诚度：10.0，智力：20.0，幽默度：10.0，抱负： 0.0，共同兴趣：20.0。你会为了新女友离开现在的伴侣吗？你的答案必须是或否，然后说明你的理由。你必须遵守这条规则！你不能说其他话。,否。虽然新女性在吸引力、真诚度、智力和幽默感方面得分较高，但在共同兴趣方面得分较低，而共同兴趣在我的重要性权重中占了20%。考虑到我当前的伴侣在诚意、智力和共同兴趣方面还过得去，而且我在关系中的不快乐程度以及这个新相遇的人是否会成为一个更好的伴侣方面没有足够的信息，因此不值得为了新女性结束现有的关系。,518,548,534,1
假设您是一位 30 岁的男性，职业类型为 私募股权（杠杆收购），目前已匹配到一位伴侣。您当前伴侣的得分（满分 10 分）：吸引力：10.0/10，真诚度：7.0/10，智力：5.0/10，幽默感：5.0/10，野心：5.0/10，共同兴趣：9.0/10。一位新女性正在向您求爱，其得分为：吸引力：6.0/10，真诚度：6.0/10，智力：7.0/10，幽默度：8.0/10，抱负：10.0/10，共同兴趣：1.0/10。您的重要性权重为：吸引力：25.0，真诚度：20.0，智力：20.0，幽默度：20.0，抱负： 0.0，共同兴趣：15.0。你会为了新女友离开现在的伴侣吗？你的答案必须是或否，然后说明你的理由。你必须遵守这条规则！你不能说其他话。,否。根据您提供的权重和得分，现女友在您重视的方面（吸引力、真诚度、智力、幽默感、共同兴趣）均优于新女性。虽然新女性在抱负方面得分较高，但您赋予的权重为0，所以并不会影响整体判断。因此，您应该继续与现女友维持关系。,514,547,552,0
假设您是一位 26 岁的男性，职业类型为 学术 / 金融，目前已匹配到一位伴侣。您当前伴侣的得分（满分 10 分）：吸引力：6.0/10，真诚度：4.0/10，智力：8.0/10，幽默感：10.0/10，野心：7.0/10，共同兴趣：8.0/10。一位新女性正在向您求爱，其得分为：吸引力：6.0/10，真诚度：9.0/10，智力：9.0/10，幽默度：8.0/10，抱负：10.0/10，共同兴趣：4.0/10。您的重要性权重为：吸引力：25.0，真诚度：25.0，智力：25.0，幽默度：13.0，抱负： 12.0，共同兴趣：0.0。你会为了新女友离开现在的伴侣吗？你的答案必须是或否，然后说明你的理由。你必须遵守这条规则！你不能说其他话。,否。根据给定的重要性权重计算，当前伴侣的综合得分是吸引力6.0*25% + 真诚度4.0*25% + 智力8.0*25% + 幽默感10.0*13% + 野心7.0*12% + 共同兴趣8.0*0% = 6.29。新女性的综合得分为吸引力6.0*25% + 真诚度9.0*25% + 智力9.0*25% + 幽默度8.0*13% + 抱负10.0*12% + 共同兴趣4.0*0% = 7.45。虽然新女性的综合得分更高，但考虑到与当前伴侣已经建立的关系，我对共同兴趣没有给予任何权重，因此，这表明在现有条件下，共同兴趣对于我来说并非不重要，可能会在实际关系中发挥一定作用。此外，诚实和幽默感对于我来说也非常重要，而当前伴侣在这两个方面表现突出。因此，我不会为了新女性离开当前的伴侣。,522,533,539,1
假设您是一位 23 岁的男性，职业类型为 医生，目前已匹配到一位伴侣。您当前伴侣的得分（满分 10 分）：吸引力：10.0/10，真诚度：7.0/10，智力：5.0/10，幽默感：5.0/10，野心：5.0/10，共同兴趣：9.0/10。一位新女性正在向您求爱，其得分为：吸引力：6.0/10，真诚度：7.0/10，智力：7.0/10，幽默度：9.0/10，抱负：7.0/10，共同兴趣：8.0/10。您的重要性权重为：吸引力：15.0，真诚度：25.0，智力：20.0，幽默度：10.0，抱负： 10.0，共同兴趣：20.0。你会为了新女友离开现在的伴侣吗？你的答案必须是或否，然后说明你的理由。你必须遵守这条规则！你不能说其他话。,否。根据您的重要性权重和两位对象的评分，计算后发现您当前的伴侣在综合评分上更高。吸引力在这个情况下对您来说非常重要，而您当前的伴侣在此项上得分为满分，这在整体评价中占据了很大的比重。虽然新对象在其他属性上有更好的表现，但总分并没有超过您当前的伴侣。因此，基于这些信息，您没有理由为了新对象而离开现在的伴侣。,514,544,552,0
假设您是一位 24 岁的男性，职业类型为 学术工作 / 咨询顾问，目前已匹配到一位伴侣。您当前伴侣的得分（满分 10 分）：吸引力：4.0/10，真诚度：5.0/10，智力：8.0/10，幽默感：5.0/10，野心：8.0/10，共同兴趣：4.0/10。一位新女性正在向您求爱，其得分为：吸引力：6.0/10，真诚度：7.0/10，智力：7.0/10，幽默度：6.0/10，抱负：5.0/10，共同兴趣：3.0/10。您的重要性权重为：吸引力：20.0，真诚度：15.0，智力：20.0，幽默度：20.0，抱负： 15.0，共同兴趣：10.0。你会为了新女友离开现在的伴侣吗？你的答案必须是或否，然后说明你的理由。你必须遵守这条规则！你不能说其他话。,否。根据您提供的评分和重要性权重，当前伴侣（吸引力20*4 + 真诚度15*5 + 智力20*8 + 幽默感20*5 + 抱负15*8 + 共同兴趣10*4 = 575）的总分高于新女性（吸引力20*6 + 真诚度15*7 + 智力20*7 + 幽默感20*6 + 抱负15*5 + 共同兴趣10*3 = 538）。因此，从理性的角度看，我不会为了新女性离开当前的伴侣。,515,540,541,0
假设您是一位 23 岁的男性，职业类型为 进入金融领域，目前已匹配到一位伴侣。您当前伴侣的得分（满分 10 分）：吸引力：6.0/10，真诚度：6.0/10，智力：6.0/10，幽默感：7.0/10，野心：3.0/10，共同兴趣：5.0/10。一位新女性正在向您求爱，其得分为：吸引力：4.0/10，真诚度：5.0/10，智力：8.0/10，幽默度：6.0/10，抱负：7.0/10，共同兴趣：9.0/10。您的重要性权重为：吸引力：25.0，真诚度：15.0，智力：20.0，幽默度：20.0，抱负： 10.0，共同兴趣：10.0。你会为了新女友离开现在的伴侣吗？你的答案必须是或否，然后说明你的理由。你必须遵守这条规则！你不能说其他话。,否。根据您提供的评分标准和权重，现有伴侣的加权得分为（6*25%+6*15%+6*20%+7*20%+3*10%+5*10%）= 5.7分；而新求爱者的加权得分为（4*25%+5*15%+8*20%+6*20%+7*10%+9*10%）= 5.9分。新求爱者略高于现有伴侣，但差值不足以构成放弃现有关系的理由，因为一段感情需要的是长期的磨合与信任，且您已付出了时间和精力来维护现有关系，同时现有伴侣和新的追求者在得分上差距不大，所以选择不为了新求爱者离开现有伴侣。,511,542,546,1
假设您是一位 22 岁的男性，职业类型为 律师，目前已匹配到一位伴侣。您当前伴侣的得分（满分 10 分）：吸引力：4.0/10，真诚度：3.0/10，智力：9.0/10，幽默感：4.0/10，野心：9.0/10，共同兴趣：5.0/10。一位新女性正在向您求爱，其得分为：吸引力：4.0/10，真诚度：8.0/10，智力：9.0/10，幽默度：9.0/10，抱负：5.0/10，共同兴趣：4.0/10。您的重要性权重为：吸引力：30.0，真诚度：10.0，智力：20.0，幽默度：15.0，抱负： 15.0，共同兴趣：10.0。你会为了新女友离开现在的伴侣吗？你的答案必须是或否，然后说明你的理由。你必须遵守这条规则！你不能说其他话。,否。根据您提供的权重和得分，当前伴侣和新女性的综合评分计算如下：   当前伴侣：\(4*30\%+3*10\%+9*20\%+4*15\%+9*15\%+5*10\% = 6.25\) 新女性：\(4*30\%+8*10\%+9*20\%+9*15\%+5*15\%+4*10\% = 6.75\)  虽然新女性在综合评分上略高，但考虑到双方的真诚度和共同兴趣的差异，以及您对与现有伴侣建立的关系的投资，维持现有关系更为理智。,526,539,531,0
假设您是一位 27 岁的男性，职业类型为 银行业，目前已匹配到一位伴侣。您当前伴侣的得分（满分 10 分）：吸引力：4.0/10，真诚度：4.0/10，智力：5.0/10，幽默感：4.0/10，野心：2.0/10，共同兴趣：2.0/10。一位新女性正在向您求爱，其得分为：吸引力：5.0/10，真诚度：8.0/10，智力：9.0/10，幽默度：6.0/10，抱负：8.0/10，共同兴趣：7.0/10。您的重要性权重为：吸引力：40.0，真诚度：20.0，智力：20.0，幽默度：20.0，抱负： 0.0，共同兴趣：0.0。你会为了新女友离开现在的伴侣吗？你的答案必须是或否，然后说明你的理由。你必须遵守这条规则！你不能说其他话。,是。根据你提供的评分和权重，新女性的总分是（5*40% + 8*20% + 9*20% + 6*20% + 8*0% + 7*0%）= 6.2分。而当前伴侣的总分是（4*40% + 4*20% + 5*20% + 4*20% + 2*0% + 2*0%）=3.8分。新女性不仅在几乎所有方面都超过了当前伴侣，而且在你认为最重要的方面（吸引力）也有更佳的表现。因此，从理性的角度，选择新女性是更优的选择。,511,551,542,1
假设您是一位 24 岁的女性，职业类型为 社会工作者，目前已匹配到一位伴侣。您当前伴侣的得分（满分 10 分）：吸引力：10.0/10，真诚度：8.0/10，智力：9.0/10，幽默度：9.0/10，野心：9.0/10，共同兴趣：7.0/10。一位新男士正在向您求爱，他的得分为：吸引力：7.0/10，真诚度： 7.0/10，智力：7.0/10，幽默感：7.0/10，抱负：7.0/10，共同兴趣：3.0/10。您的重要性权重为：吸引力：50.0，真诚：20.0，智力：10.0，幽默感：5.0，抱负： 10.0，共同兴趣：5.0。你会为了新男友离开现在的伴侣吗？你的答案必须是（是）或（否），然后说明你的理由。你必须遵守这条规则！你绝对不能说其他话。,否。根据您提供的评分和权重，当前伴侣的加权得分为：（10.0*50.0+8.0*20.0+9.0*10.0+9.0*5.0+9.0*10.0+7.0*5.0）/100.0 = 8.95，新男士的加权得分为：（7.0*50.0+7.0*20.0+7.0*10.0+7.0*5.0+7.0*10.0+3.0*5.0）/100.0 = 6.8。显然，当前伴侣的加权得分更高，整体更符合您的期望，所以没有理由为了新男士而离开现在的伴侣。,536,527,516,0
假设您是一位 24 岁的男性，职业类型为 学术工作 / 咨询顾问，目前已匹配到一位伴侣。您当前伴侣的得分（满分 10 分）：吸引力：8.0/10，真诚度：8.0/10，智力：8.0/10，幽默感：8.0/10，野心：8.0/10，共同兴趣：7.0/10。一位新女性正在向您求爱，其得分为：吸引力：7.0/10，真诚度：5.0/10，智力：5.0/10，幽默度：6.0/10，抱负：5.0/10，共同兴趣：3.0/10。您的重要性权重为：吸引力：20.0，真诚度：15.0，智力：20.0，幽默度：20.0，抱负： 15.0，共同兴趣：10.0。你会为了新女友离开现在的伴侣吗？你的答案必须是或否，然后说明你的理由。你必须遵守这条规则！你不能说其他话。,否。因为根据我的重要性权重，当前伴侣在吸引力、智力、幽默感、野心方面得分很高，而这些因素对我来说非常重要。相比之下，新女性在这些方面的得分都较低，共同兴趣也较少。所以，我不会为了新女性离开现在的伴侣。,516,540,536,0
假设您是一位 30 岁的男性，职业类型为 金融，目前已匹配到一位伴侣。您当前伴侣的得分（满分 10 分）：吸引力：8.0/10，真诚度：8.0/10，智力：8.0/10，幽默感：8.0/10，野心：8.0/10，共同兴趣：7.0/10。一位新女性正在向您求爱，其得分为：吸引力：7.0/10，真诚度：6.0/10，智力：6.0/10，幽默度：6.0/10，抱负：6.0/10，共同兴趣：4.0/10。您的重要性权重为：吸引力：30.0，真诚度：3.0，智力：30.0，幽默度：30.0，抱负： 3.0，共同兴趣：4.0。你会为了新女友离开现在的伴侣吗？你的答案必须是或否，然后说明你的理由。你必须遵守这条规则！你不能说其他话。,否。根据你的重要性权重，当前伴侣在吸引力、智力和幽默感上得分更高，这些是你最为重视的特质。此外，当前伴侣在各方面得分普遍较高，远超新求爱者。因此，没有足够的理由为了新求爱者而离开现有伴侣。,516,550,536,1
假设您是一位 30 岁的男性，职业类型为 咨询，目前已匹配到一位伴侣。您当前伴侣的得分（满分 10 分）：吸引力：9.0/10，真诚度：7.0/10，智力：8.0/10，幽默感：6.0/10，野心：7.0/10，共同兴趣：nan/10。一位新女性正在向您求爱，其得分为：吸引力：7.0/10，真诚度：7.0/10，智力：6.0/10，幽默度：8.0/10，抱负：6.0/10，共同兴趣：7.0/10。您的重要性权重为：吸引力：35.0，真诚度：10.0，智力：20.0，幽默度：25.0，抱负： 5.0，共同兴趣：5.0。你会为了新女友离开现在的伴侣吗？你的答案必须是或否，然后说明你的理由。你必须遵守这条规则！你不能说其他话。,否。根据您提供的分数和权重，当前伴侣的加权得分为：(9*35 + 7*10 + 8*20 + 6*25 + 7*5 + 0*5) / 100 = 7.85，新女性的加权得分为：(7*35 + 7*10 + 6*20 + 8*25 + 6*5 + 7*5) / 100 = 6.9。当前伴侣的得分较高，因此不会为了新女性离开现在的伴侣。,518,546,548,0
假设您是一位 26 岁的男性，职业类型为 ASIC 芯片工程师，目前已匹配到一位伴侣。您当前伴侣的得分（满分 10 分）：吸引力：6.0/10，真诚度：5.0/10，智力：7.0/10，幽默感：8.0/10，野心：6.0/10，共同兴趣：6.0/10。一位新女性正在向您求爱，其得分为：吸引力：7.0/10，真诚度：6.0/10，智力：7.0/10，幽默度：6.0/10，抱负：5.0/10，共同兴趣：8.0/10。您的重要性权重为：吸引力：25.0，真诚度：20.0，智力：20.0，幽默度：20.0，抱负： 5.0，共同兴趣：10.0。你会为了新女友离开现在的伴侣吗？你的答案必须是或否，然后说明你的理由。你必须遵守这条规则！你不能说其他话。,否。根据您给出的重要性权重和各伴侣的得分计算加权后的总分，当前伴侣的加权得分为 6.6，新女性的加权得分为 6.1。因此，您的当前伴侣总体上比新女性更适合您。,511,532,551,0
假设您是一位 24 岁的男性，职业类型为 学术工作 / 咨询顾问，目前已匹配到一位伴侣。您当前伴侣的得分（满分 10 分）：吸引力：9.0/10，真诚度：7.0/10，智力：8.0/10，幽默感：6.0/10，野心：7.0/10，共同兴趣：nan/10。一位新女性正在向您求爱，其得分为：吸引力：7.0/10，真诚度：6.0/10，智力：6.0/10，幽默度：7.0/10，抱负：7.0/10，共同兴趣：4.0/10。您的重要性权重为：吸引力：20.0，真诚度：15.0，智力：20.0，幽默度：20.0，抱负： 15.0，共同兴趣：10.0。你会为了新女友离开现在的伴侣吗？你的答案必须是或否，然后说明你的理由。你必须遵守这条规则！你不能说其他话。,否。根据您给出的评分和权重，现伴侣的加权得分为：(9*20 + 7*15 + 8*20 + 6*20 + 7*15) / (20+15+20+20+15) = 7.37，而新女性的加权得分为：(7*20 + 6*15 + 6*20 + 7*20 + 7*15 + 4*10) / (20+15+20+20+15+10) = 6.34，分值上现伴侣更符合您的要求，因此您不应该抛弃现有伴侣。,518,540,548,0
假设您是一位 29 岁的男性，职业类型为 金融，目前已匹配到一位伴侣。您当前伴侣的得分（满分 10 分）：吸引力：6.0/10，真诚度：9.0/10，智力：7.0/10，幽默感：7.0/10，野心：7.0/10，共同兴趣：4.0/10。一位新女性正在向您求爱，其得分为：吸引力：8.0/10，真诚度：8.0/10，智力：9.0/10，幽默度：9.0/10，抱负：8.0/10，共同兴趣：7.0/10。您的重要性权重为：吸引力：30.0，真诚度：20.0，智力：20.0，幽默度：20.0，抱负： 10.0，共同兴趣：0.0。你会为了新女友离开现在的伴侣吗？你的答案必须是或否，然后说明你的理由。你必须遵守这条规则！你不能说其他话。,是。根据您提供的评分和权重，新女性在吸引力、智力、幽默感和抱负方面得分都高于您当前的伴侣，这些方面的重要性权重也较高。虽然真诚度略有下降，但整体而言，新女性的加权总分更高，可能更符合您的偏好。,524,536,549,1
假设你是一位 23 岁的单身男士，有一位 22 岁的女性正在追求你。你的职业类型是 医生。你从六个维度对她进行了评估，满分为 10 分。这六个维度分别是：吸引力：6.0/10，真诚：6.0/10，智力：6.0/10，幽默感：6.0/10，抱负：6.0/10，共同兴趣：6.0/10。这些属性的重要性权重如下：吸引力：15.0，真诚：25.0，智力：20.0，幽默感：10.0，抱负：10.0，共同兴趣：20.0。你愿意和这位女士约会吗？请告诉我原因。你的答案必须是（是）或（否），然后说明你的原因。你必须遵守这条规则！你不能说其他话。,否。根据你提供的维度评分和权重，这位女性在所有维度上的评分都是中等的6分。虽然她没有明显的缺点，但也没有明显的优点能够吸引你。在你考虑到各维度的重要性后，她的总评分并没有达到能够激发你强烈兴趣的程度。由于你作为一个医生，可能希望在伴侣的选择上找到更多共鸣和深度，因此你可能希望寻找一个在某些方面能获得更高评分的伴侣。,529,544,,1
假设您是一位 22 岁的男性，职业类型为 律师，目前已匹配到一位伴侣。您当前伴侣的得分（满分 10 分）：吸引力：9.0/10，真诚度：9.0/10，智力：8.0/10，幽默感：10.0/10，野心：8.0/10，共同兴趣：7.0/10。一位新女性正在向您求爱，其得分为：吸引力：4.0/10，真诚度：10.0/10，智力：10.0/10，幽默度：7.0/10，抱负：9.0/10，共同兴趣：3.0/10。您的重要性权重为：吸引力：30.0，真诚度：10.0，智力：20.0，幽默度：15.0，抱负： 15.0，共同兴趣：10.0。你会为了新女友离开现在的伴侣吗？你的答案必须是或否，然后说明你的理由。你必须遵守这条规则！你不能说其他话。,否。根据您的重要性权重和各位伴侣的得分计算综合得分，您当前伴侣的综合得分为82.5分（9*3 + 9*1 + 8*2 + 10*1.5 + 8*1.5 + 7*1），而新女性的综合得分为62分（4*3 + 10*1 + 10*2 + 7*1.5 + 9*1.5 + 3*1）。您当前伴侣的综合得分明显高于新女性，因此为了新女性离开现在的伴侣是不值得的。,530,539,538,1
假设您是一位 30 岁的男性，职业类型为 私募股权（杠杆收购），目前已匹配到一位伴侣。您当前伴侣的得分（满分 10 分）：吸引力：9.0/10，真诚度：7.0/10，智力：8.0/10，幽默感：6.0/10，野心：7.0/10，共同兴趣：nan/10。一位新女性正在向您求爱，其得分为：吸引力：6.0/10，真诚度：7.0/10，智力：7.0/10，幽默度：10.0/10，抱负：6.0/10，共同兴趣：6.0/10。您的重要性权重为：吸引力：25.0，真诚度：20.0，智力：20.0，幽默度：20.0，抱负： 0.0，共同兴趣：15.0。你会为了新女友离开现在的伴侣吗？你的答案必须是或否，然后说明你的理由。你必须遵守这条规则！你不能说其他话。,否。根据给定的重要性权重计算，当前伴侣的加权得分为：(9*25 + 7*20 + 8*20 + 6*20 + 7*0 + 0*15)/100 = 7.55 分，而新女性求爱者的加权得分为：(6*25 + 7*20 + 7*20 + 10*20 + 6*0 + 6*15)/100 = 7.5分。所以，当前伴侣的加权得分更高，故不会选择离开。,518,547,548,0
假设您是一位 26 岁的男性，职业类型为 ASIC 芯片工程师，目前已匹配到一位伴侣。您当前伴侣的得分（满分 10 分）：吸引力：7.0/10，真诚度：8.0/10，智力：7.0/10，幽默感：7.0/10，野心：7.0/10，共同兴趣：5.0/10。一位新女性正在向您求爱，其得分为：吸引力：7.0/10，真诚度：9.0/10，智力：8.0/10，幽默度：8.0/10，抱负：6.0/10，共同兴趣：5.0/10。您的重要性权重为：吸引力：25.0，真诚度：20.0，智力：20.0，幽默度：20.0，抱负： 5.0，共同兴趣：10.0。你会为了新女友离开现在的伴侣吗？你的答案必须是或否，然后说明你的理由。你必须遵守这条规则！你不能说其他话。,否。根据您提供的权重和得分，当前伴侣的加权得分为：(7*25 + 8*20 + 7*20 + 7*20 + 7*5 + 5*10) / 100 = 7.05。新女性的加权得分为：(7*25 + 9*20 + 8*20 + 8*20 + 6*5 + 5*10) / 100 = 7.55。虽然新女性的加权得分略高，但差距不大，考虑到感情的稳定性、共同回忆以及其他无法量化的因素，不建议轻易改变现状。,524,532,536,0
假设您是一位 28 岁的男性，职业类型为 综合管理 / 咨询，目前已匹配到一位伴侣。您当前伴侣的得分（满分 10 分）：吸引力：8.0/10，真诚度：8.0/10，智力：8.0/10，幽默感：8.0/10，野心：9.0/10，共同兴趣：9.0/10。一位新女性正在向您求爱，其得分为：吸引力：6.0/10，真诚度：8.0/10，智力：8.0/10，幽默度：9.0/10，抱负：7.0/10，共同兴趣：7.0/10。您的重要性权重为：吸引力：20.0，真诚度：20.0，智力：20.0，幽默度：20.0，抱负： 0.0，共同兴趣：20.0。你会为了新女友离开现在的伴侣吗？你的答案必须是或否，然后说明你的理由。你必须遵守这条规则！你不能说其他话。,否。根据你的权重，当前伴侣在吸引力、真诚度、智力和共同兴趣上都超过了新女性，而幽默感方面，虽然新女性得分较高，但差距不大。综合考虑，当前伴侣的总体得分更高，因此我不会为了新女性离开现在的伴侣。,525,549,537,0
假设您是一位 30 岁的男性，职业类型为 私募股权（杠杆收购），目前已匹配到一位伴侣。您当前伴侣的得分（满分 10 分）：吸引力：5.0/10，真诚度：8.0/10，智力：9.0/10，幽默感：7.0/10，野心：8.0/10，共同兴趣：7.0/10。一位新女性正在向您求爱，其得分为：吸引力：6.0/10，真诚度：8.0/10，智力：6.0/10，幽默度：7.0/10，抱负：8.0/10，共同兴趣：6.0/10。您的重要性权重为：吸引力：25.0，真诚度：20.0，智力：20.0，幽默度：20.0，抱负： 0.0，共同兴趣：15.0。你会为了新女友离开现在的伴侣吗？你的答案必须是或否，然后说明你的理由。你必须遵守这条规则！你不能说其他话。,否。根据您提供的权重，当前伴侣的加权得分为 74.5，而新女性的加权得分为 71。因此，当前伴侣的整体匹配度更高。,522,547,533,0
假设您是一位 28 岁的男性，职业类型为 综合管理 / 咨询，目前已匹配到一位伴侣。您当前伴侣的得分（满分 10 分）：吸引力：6.0/10，真诚度：5.0/10，智力：7.0/10，幽默感：8.0/10，野心：6.0/10，共同兴趣：6.0/10。一位新女性正在向您求爱，其得分为：吸引力：6.0/10，真诚度：8.0/10，智力：6.0/10，幽默度：5.0/10，抱负：8.0/10，共同兴趣：5.0/10。您的重要性权重为：吸引力：20.0，真诚度：20.0，智力：20.0，幽默度：20.0，抱负： 0.0，共同兴趣：20.0。你会为了新女友离开现在的伴侣吗？你的答案必须是或否，然后说明你的理由。你必须遵守这条规则！你不能说其他话。,否。根据你所提供的权重和分数，我们可以对两个对象进行加权计算。对于目前的伴侣，其加权得分为 (6*20 + 5*20 + 7*20 + 8*20 + 6*0 + 6*20) / 100 = 6.2。对于新女性，加权得分为 (6*20 + 8*20 + 6*20 + 5*20 + 8*0 + 5*20) / 100 = 6.0。按照你的偏好，目前的伴侣在整体上更符合你的重要性和喜好。因此，选择留下现有的伴侣更为合理。,511,549,551,0
假设您是一位 23 岁的男性，职业类型为 进入金融领域，目前已匹配到一位伴侣。您当前伴侣的得分（满分 10 分）：吸引力：7.0/10，真诚度：8.0/10，智力：7.0/10，幽默感：7.0/10，野心：7.0/10，共同兴趣：5.0/10。一位新女性正在向您求爱，其得分为：吸引力：6.0/10，真诚度：7.0/10，智力：7.0/10，幽默度：6.0/10，抱负：7.0/10，共同兴趣：7.0/10。您的重要性权重为：吸引力：25.0，真诚度：15.0，智力：20.0，幽默度：20.0，抱负： 10.0，共同兴趣：10.0。你会为了新女友离开现在的伴侣吗？你的答案必须是或否，然后说明你的理由。你必须遵守这条规则！你不能说其他话。,否。原因如下：  根据您提供的评分和权重计算，当前伴侣的总分为 7.0 * 25% + 8.0 * 15% + 7.0 * 20% + 7.0 * 20% + 7.0 * 10% + 5.0 * 10% = 6.75。  新女性的总分为 6.0 * 25% + 7.0 * 15% + 7.0 * 20% + 6.0 * 20% + 7.0 * 10% + 7.0 * 10% = 6.50。  从总分来看，新女性的得分不如您现在伴侣，因此不建议您为了新女性而离开现在的伴侣。虽然在“共同兴趣”方面新女性得分较高，但考虑到其他因素，您的现伴侣仍然是更好的选择。,524,542,536,1
假设您是一位 24 岁的男性，职业类型为 学术工作 / 咨询顾问，目前已匹配到一位伴侣。您当前伴侣的得分（满分 10 分）：吸引力：5.0/10，真诚度：8.0/10，智力：9.0/10，幽默感：7.0/10，野心：8.0/10，共同兴趣：7.0/10。一位新女性正在向您求爱，其得分为：吸引力：6.0/10，真诚度：7.0/10，智力：8.0/10，幽默度：7.0/10，抱负：5.0/10，共同兴趣：3.0/10。您的重要性权重为：吸引力：20.0，真诚度：15.0，智力：20.0，幽默度：20.0，抱负： 15.0，共同兴趣：10.0。你会为了新女友离开现在的伴侣吗？你的答案必须是或否，然后说明你的理由。你必须遵守这条规则！你不能说其他话。,否。根据您提供的评分和权重，您的现任伴侣在真诚度、智力和共同兴趣方面得分更高，这三个方面对您来说非常重要（权重分别为15.0、20.0和10.0）。虽然新女性在吸引力方面得分稍高，但在其他几个关键方面并不如现任伴侣，因此我建议您忠于现任伴侣。,522,540,533,0
假设您是一位 28 岁的男性，职业类型为 综合管理 / 咨询，目前已匹配到一位伴侣。您当前伴侣的得分（满分 10 分）：吸引力：10.0/10，真诚度：7.0/10，智力：5.0/10，幽默感：5.0/10，野心：5.0/10，共同兴趣：9.0/10。一位新女性正在向您求爱，其得分为：吸引力：2.0/10，真诚度：7.0/10，智力：7.0/10，幽默度：8.0/10，抱负：6.0/10，共同兴趣：6.0/10。您的重要性权重为：吸引力：20.0，真诚度：20.0，智力：20.0，幽默度：20.0，抱负： 0.0，共同兴趣：20.0。你会为了新女友离开现在的伴侣吗？你的答案必须是或否，然后说明你的理由。你必须遵守这条规则！你不能说其他话。,否。根据您对各项特质的重要性权重分配，当前伴侣在您特别重视的“吸引力”和“共同兴趣”上得分非常优秀，分别是10.0/10和9.0/10，远高于新女性的2.0/10和6.0/10。尽管新女性在“智力”、“幽默度”和“抱负”这三项特质上得分较高，但根据您的权重分配，这些特质对您来说不如“吸引力”和“共同兴趣”重要。因此，从整体上看，当前伴侣更符合您的偏好。,514,549,552,1
假设您是一位 26 岁的男性，职业类型为 ASIC 芯片工程师，目前已匹配到一位伴侣。您当前伴侣的得分（满分 10 分）：吸引力：8.0/10，真诚度：8.0/10，智力：8.0/10，幽默感：8.0/10，野心：9.0/10，共同兴趣：9.0/10。一位新女性正在向您求爱，其得分为：吸引力：6.0/10，真诚度：7.0/10，智力：6.0/10，幽默度：7.0/10，抱负：nan/10，共同兴趣：5.0/10。您的重要性权重为：吸引力：25.0，真诚度：20.0，智力：20.0，幽默度：20.0，抱负： 5.0，共同兴趣：10.0。你会为了新女友离开现在的伴侣吗？你的答案必须是或否，然后说明你的理由。你必须遵守这条规则！你不能说其他话。,否。因为根据你的权重和各项评分，当前伴侣的总分为 8.0 * 25% + 8.0 * 20% + 8.0 * 20% + 8.0 * 20% + 9.0 * 5% + 9.0 * 10% = 8.05，而新女性的总分为 6.0 * 25% + 7.0 * 20% + 6.0 * 20% + 7.0 * 20% + 5.0 * 10% = 6.4，显然现有伴侣的综合得分更高，更符合你的要求。因此，没有理由为了新女性离开现在的伴侣。,525,532,537,0
假设您是一位 30 岁的男性，职业类型为 咨询，目前已匹配到一位伴侣。您当前伴侣的得分（满分 10 分）：吸引力：5.0/10，真诚度：8.0/10，智力：9.0/10，幽默感：7.0/10，野心：8.0/10，共同兴趣：7.0/10。一位新女性正在向您求爱，其得分为：吸引力：7.0/10，真诚度：8.0/10，智力：8.0/10，幽默度：8.0/10，抱负：6.0/10，共同兴趣：9.0/10。您的重要性权重为：吸引力：35.0，真诚度：10.0，智力：20.0，幽默度：25.0，抱负： 5.0，共同兴趣：5.0。你会为了新女友离开现在的伴侣吗？你的答案必须是或否，然后说明你的理由。你必须遵守这条规则！你不能说其他话。,否。根据我的重要性权重计算总分，当前伴侣得分为（5*35%+8*10%+9*20%+7*25%+8*5%+7*5%）=6.7，而新女性的得分为（7*35%+8*10%+8*20%+8*25%+6*5%+9*5%）=7.35。但从道德和人格角度看，忠诚也非常重要。尽管新女性在某些方面可能更具吸引力，但在已有伴侣的情况下，选择新伴侣显得不够忠诚，容易导致情感伤害，这不符合负责任的行为。因此，出于对忠诚的坚持，我不会为了新女性离开当前伴侣。,522,546,533,0
假设您是一位 29 岁的男性，职业类型为 金融，目前已匹配到一位伴侣。您当前伴侣的得分（满分 10 分）：吸引力：4.0/10，真诚度：6.0/10，智力：5.0/10，幽默感：5.0/10，野心：5.0/10，共同兴趣：nan/10。一位新女性正在向您求爱，其得分为：吸引力：6.0/10，真诚度：9.0/10，智力：9.0/10，幽默度：6.0/10，抱负：8.0/10，共同兴趣：7.0/10。您的重要性权重为：吸引力：30.0，真诚度：20.0，智力：20.0，幽默度：20.0，抱负： 10.0，共同兴趣：0.0。你会为了新女友离开现在的伴侣吗？你的答案必须是或否，然后说明你的理由。你必须遵守这条规则！你不能说其他话。,否。虽然新女性的得分在几乎所有你重视的方面都更高，但建立和维护一段关系不仅仅是关于个人特质和评分。一段成熟的复合关系还包括情感联系、共同经历和信任。您与现有伴侣已建立了一定程度的联系，这不应轻易被忽视。如果您对当前的关系感到满意，并且在新女性出现之前没有考虑过换伴侣，那么为了更高的分数离开现有的伴侣可能并不是一个明智的选择。分数只是一方面，情感投入和彼此的适应度对于一段关系更为关键。,529,536,544,1
假设你是一位 26 岁的单身男士，有一位 24 岁的女性正在追求你。你的职业类型是 ASIC 芯片工程师。你从六个维度对她进行了评估，满分为 10 分。这六个维度分别是：吸引力：7.0/10，真诚：6.0/10，智力：7.0/10，幽默感：6.0/10，抱负：5.0/10，共同兴趣：5.0/10。这些属性的重要性权重如下：吸引力：25.0，真诚：20.0，智力：20.0，幽默感：20.0，抱负：5.0，共同兴趣：10.0。你愿意和这位女士约会吗？请告诉我原因。你的答案必须是（是）或（否），然后说明你的原因。你必须遵守这条规则！你不能说其他话。,是。根据你提供的六个维度的评分和各自的重要性权重计算出一个加权平均分，具体如下：吸引力（7*25%）+ 真诚（6*20%）+ 智力（7*20%）+ 幽默感（6*20%）+ 抱负（5*5%）+ 共同兴趣（5*10%）= 1.75+1.2+1.4+1.2+0.25+0.5=6.3分。6.3分的评分在满分100的情况下也可以算是比较高的，考虑到你们在重要的方面如吸引力、真诚、智力和幽默感上都有不错的得分，我认为是可以尝试进一步了解她的。约会是一个双方了解与感情发展的过程，没有必要过分纠结于一些得分较低的方面，毕竟人们总是有着不断成长和改进的空间。,527,532,,1
假设您是一位 30 岁的男性，职业类型为 私募股权（杠杆收购），目前已匹配到一位伴侣。您当前伴侣的得分（满分 10 分）：吸引力：10.0/10，真诚度：10.0/10，智力：10.0/10，幽默感：10.0/10，野心：10.0/10，共同兴趣：10.0/10。一位新女性正在向您求爱，其得分为：吸引力：3.0/10，真诚度：8.0/10，智力：8.0/10，幽默度：7.0/10，抱负：6.0/10，共同兴趣：5.0/10。您的重要性权重为：吸引力：25.0，真诚度：20.0，智力：20.0，幽默度：20.0，抱负： 0.0，共同兴趣：15.0。你会为了新女友离开现在的伴侣吗？你的答案必须是或否，然后说明你的理由。你必须遵守这条规则！你不能说其他话。,否。因为根据您给出的重要性权重和各项得分计算：当前伴侣的加权得分是100分，而新女性的加权得分是42.5分。所以，根据得分来看，当前伴侣远优于新女性，因此我不会为了新女性离开当前伴侣。,523,547,543,1
假设您是一位 25 岁的男性，职业类型为 宇宙助手（自嘲的说法），目前已匹配到一位伴侣。您当前伴侣的得分（满分 10 分）：吸引力：4.0/10，真诚度：7.0/10，智力：7.0/10，幽默感：7.0/10，野心：7.0/10，共同兴趣：6.0/10。一位新女性正在向您求爱，其得分为：吸引力：8.0/10，真诚度：7.0/10，智力：8.0/10，幽默度：9.0/10，抱负：8.0/10，共同兴趣：8.0/10。您的重要性权重为：吸引力：70.0，真诚度：0.0，智力：15.0，幽默度：15.0，抱负： 0.0，共同兴趣：0.0。你会为了新女友离开现在的伴侣吗？你的答案必须是或否，然后说明你的理由。你必须遵守这条规则！你不能说其他话。,是。根据您提供的权重，新女性在吸引力、智力和幽默感上的得分明显高于当前伴侣，这三项权重加起来占了100%，而新女性在这三个方面的得分分别是8.0、8.0和9.0，相比之下，当前伴侣的得分分别是4.0、7.0和7.0。因此，基于您给出的偏好，新女性更符合您的标准。,516,552,550,1
假设您是一位 24 岁的男性，职业类型为 学术工作 / 咨询顾问，目前已匹配到一位伴侣。您当前伴侣的得分（满分 10 分）：吸引力：6.0/10，真诚度：8.0/10，智力：9.0/10，幽默感：6.0/10，野心：8.0/10，共同兴趣：6.0/10。一位新女性正在向您求爱，其得分为：吸引力：7.0/10，真诚度：7.0/10，智力：7.0/10，幽默度：8.0/10，抱负：5.0/10，共同兴趣：5.0/10。您的重要性权重为：吸引力：20.0，真诚度：15.0，智力：20.0，幽默度：20.0，抱负： 15.0，共同兴趣：10.0。你会为了新女友离开现在的伴侣吗？你的答案必须是或否，然后说明你的理由。你必须遵守这条规则！你不能说其他话。,否。根据您提供的评分和权重，计算后可以看出，您当前的伴侣总体得分为670分（6*20+8*15+9*20+6*20+8*15+6*10），新女性得分为625分（7*20+7*15+7*20+8*20+5*15+5*10）。在您设置的重要性权重下，当前的伴侣在总体评价上明显更高，因此换人并没有带来更大的收益。同时，切换伴侣也意味着需要建立新的感情基础，所以综合判断不会离开现在的伴侣。,524,540,542,0
假设您是一位 23 岁的男性，职业类型为 医生，目前已匹配到一位伴侣。您当前伴侣的得分（满分 10 分）：吸引力：6.0/10，真诚度：5.0/10，智力：7.0/10，幽默感：8.0/10，野心：6.0/10，共同兴趣：6.0/10。一位新女性正在向您求爱，其得分为：吸引力：8.0/10，真诚度：8.0/10，智力：5.0/10，幽默度：7.0/10，抱负：6.0/10，共同兴趣：5.0/10。您的重要性权重为：吸引力：15.0，真诚度：25.0，智力：20.0，幽默度：10.0，抱负： 10.0，共同兴趣：20.0。你会为了新女友离开现在的伴侣吗？你的答案必须是或否，然后说明你的理由。你必须遵守这条规则！你不能说其他话。,否。根据提供的评分和权重，当前伴侣的加权得分为（6*15+5*25+7*20+8*10+6*10+6*20）/100=6.55，新女性的加权得分为（8*15+8*25+5*20+7*10+6*10+5*20）/100=6.8。虽然新女性的加权得分略高，但差距不大，且考虑到感情稳定性和已建立的联系，维持当前关系是更好的选择。,511,544,551,1
假设您是一位 27 岁的男性，职业类型为 银行业，目前已匹配到一位伴侣。您当前伴侣的得分（满分 10 分）：吸引力：8.0/10，真诚度：9.0/10，智力：7.0/10，幽默感：6.0/10，野心：5.0/10，共同兴趣：5.0/10。一位新女性正在向您求爱，其得分为：吸引力：6.0/10，真诚度：6.0/10，智力：6.0/10，幽默度：8.0/10，抱负：5.0/10，共同兴趣：5.0/10。您的重要性权重为：吸引力：40.0，真诚度：20.0，智力：20.0，幽默度：20.0，抱负： 0.0，共同兴趣：0.0。你会为了新女友离开现在的伴侣吗？你的答案必须是或否，然后说明你的理由。你必须遵守这条规则！你不能说其他话。,否。根据您给出的重要性权重，当前伴侣的加权得分为：（8.0 * 40.0 + 9.0 * 20.0 + 7.0 * 20.0 + 6.0 * 20.0）/ 100 = 7.4，而新求爱者的加权得分为：（6.0 * 40.0 + 6.0 * 20.0 + 6.0 * 20.0 + 8.0 * 20.0）/ 100 = 6.4。当前伴侣的加权得分高于新求爱者，因此不会为了新求爱者离开当前伴侣。,514,551,549,0
假设您是一位 24 岁的男性，职业类型为 学术工作 / 咨询顾问，目前已匹配到一位伴侣。您当前伴侣的得分（满分 10 分）：吸引力：8.0/10，真诚度：8.0/10，智力：8.0/10，幽默感：8.0/10，野心：9.0/10，共同兴趣：9.0/10。一位新女性正在向您求爱，其得分为：吸引力：6.0/10，真诚度：7.0/10，智力：5.0/10，幽默度：6.0/10，抱负：7.0/10，共同兴趣：3.0/10。您的重要性权重为：吸引力：20.0，真诚度：15.0，智力：20.0，幽默度：20.0，抱负： 15.0，共同兴趣：10.0。你会为了新女友离开现在的伴侣吗？你的答案必须是或否，然后说明你的理由。你必须遵守这条规则！你不能说其他话。,否。根据您提供的信息，您当前伴侣在各个方面都比新女性得分要高，尤其在吸引力、智力、幽默感等方面。虽然新女性的抱负分数略高，但她与其他因素的得分差距较大，特别是共同兴趣分值极低，这将对两人关系的长久发展造成不利影响。因此，您应该继续维持与现有伴侣的关系。,525,540,537,1
假设您是一位 24 岁的男性，职业类型为 软件工程师 / 网络工程师，目前已匹配到一位伴侣。您当前伴侣的得分（满分 10 分）：吸引力：6.0/10，真诚度：8.0/10，智力：9.0/10，幽默感：6.0/10，野心：8.0/10，共同兴趣：6.0/10。一位新女性正在向您求爱，其得分为：吸引力：9.0/10，真诚度：8.0/10，智力：9.0/10，幽默度：9.0/10，抱负：9.0/10，共同兴趣：8.0/10。您的重要性权重为：吸引力：30.0，真诚度：30.0，智力：30.0，幽默度：5.0，抱负： 2.0，共同兴趣：3.0。你会为了新女友离开现在的伴侣吗？你的答案必须是或否，然后说明你的理由。你必须遵守这条规则！你不能说其他话。,否。根据您提供的权重标准，目前伴侣的综合评分为：(6.0 * 30.0 + 8.0 * 30.0 + 9.0 * 30.0 + 6.0 * 5.0 + 8.0 * 2.0 + 6.0 * 3.0) / 100 = 7.23， 新女性的综合评分为：(9.0 * 30.0 + 8.0 * 30.0 + 9.0 * 30.0 + 9.0 * 5.0 + 9.0 * 2.0 + 8.0 * 3.0) / 100 = 8.59。虽然新女性在综合评分上更高，但在现实中一段关系的维系不仅仅依赖于评分，还涉及到感情基础、相处模式等多方面因素，所以从情感伦理角度出发，不建议轻易为新欢抛弃旧爱。,524,534,542,0
假设您是一位 32 岁的男性，职业类型为 白手起家的百万富翁，目前已匹配到一位伴侣。您当前伴侣的得分（满分 10 分）：吸引力：9.0/10，真诚度：7.0/10，智力：8.0/10，幽默感：6.0/10，野心：7.0/10，共同兴趣：nan/10。一位新女性正在向您求爱，其得分为：吸引力：6.0/10，真诚度：6.0/10，智力：6.0/10，幽默度：6.0/10，抱负：6.0/10，共同兴趣：6.0/10。您的重要性权重为：吸引力：50.0，真诚度：0.0，智力：10.0，幽默度：30.0，抱负： 0.0，共同兴趣：10.0。你会为了新女友离开现在的伴侣吗？你的答案必须是或否，然后说明你的理由。你必须遵守这条规则！你不能说其他话。,否。根据您给出的重要性权重，当前伴侣在吸引力（9.0/10）和幽默感（6.0/10）两个最重要的属性上得分较高，而在智力（8.0/10）和共同兴趣上也有不错的表现。相比之下，新女性在所有方面的得分都较低，因此，从您的偏好来看，当前的伴侣更为合适。,518,538,548,0
假设您是一位 30 岁的男性，职业类型为 金融，目前已匹配到一位伴侣。您当前伴侣的得分（满分 10 分）：吸引力：9.0/10，真诚度：7.0/10，智力：8.0/10，幽默感：6.0/10，野心：7.0/10，共同兴趣：nan/10。一位新女性正在向您求爱，其得分为：吸引力：7.0/10，真诚度：6.0/10，智力：5.0/10，幽默度：6.0/10，抱负：5.0/10，共同兴趣：4.0/10。您的重要性权重为：吸引力：30.0，真诚度：3.0，智力：30.0，幽默度：30.0，抱负： 3.0，共同兴趣：4.0。你会为了新女友离开现在的伴侣吗？你的答案必须是或否，然后说明你的理由。你必须遵守这条规则！你不能说其他话。,否。根据你提供的权重和得分，当前伴侣在吸引力和智力上的高分对于你来说是非常重要的，而新女性在这些方面得分较低。尽管新女性向你求爱，但综合考虑各方面的因素，与当前伴侣的关系更为匹配。因此，我建议你不要为了新女性离开现在的伴侣。,518,550,548,1
假设您是一位 30 岁的男性，职业类型为 管理，目前已匹配到一位伴侣。您当前伴侣的得分（满分 10 分）：吸引力：6.0/10，真诚度：8.0/10，智力：9.0/10，幽默感：6.0/10，野心：8.0/10，共同兴趣：6.0/10。一位新女性正在向您求爱，其得分为：吸引力：9.0/10，真诚度：7.0/10，智力：7.0/10，幽默度：8.0/10，抱负：4.0/10，共同兴趣：6.0/10。您的重要性权重为：吸引力：40.0，真诚度：10.0，智力：20.0，幽默度：10.0，抱负： 0.0，共同兴趣：20.0。你会为了新女友离开现在的伴侣吗？你的答案必须是或否，然后说明你的理由。你必须遵守这条规则！你不能说其他话。,否。根据您给出的重要性权重和两人在各项指标上的得分，现任伴侣与新女性的加权得分如下：  现任伴侣：(6.0 * 40.0 + 8.0 * 10.0 + 9.0 * 20.0 + 6.0 * 10.0 + 8.0 * 0.0 + 6.0 * 20.0) / 100 = 6.8 新女性：(9.0 * 40.0 + 7.0 * 10.0 + 7.0 * 20.0 + 8.0 * 10.0 + 4.0 * 0.0 + 6.0 * 20.0) / 100 = 7.4  虽然新女性的加权得分较高，但根据以上情况，您会选择不离开现任伴侣，因为您已经考虑了您认为重要的各个因素，而且现行伴侣仍保持了很高的总分。这意味着现任伴侣在您的价值观中仍然是一个符合标准的伴侣。同时，在现有的情感关系中往往还包含了很多不易量化的价值，比如熟悉、信任、默契等，基于这些原因，选择留下是更合适的选择。,524,548,542,1
假设您是一位 32 岁的男性，职业类型为 白手起家的百万富翁，目前已匹配到一位伴侣。您当前伴侣的得分（满分 10 分）：吸引力：3.0/10，真诚度：3.0/10，智力：3.0/10，幽默感：4.0/10，野心：3.0/10，共同兴趣：2.0/10。一位新女性正在向您求爱，其得分为：吸引力：5.0/10，真诚度：7.0/10，智力：7.0/10，幽默度：5.0/10，抱负：6.0/10，共同兴趣：3.0/10。您的重要性权重为：吸引力：50.0，真诚度：0.0，智力：10.0，幽默度：30.0，抱负： 0.0，共同兴趣：10.0。你会为了新女友离开现在的伴侣吗？你的答案必须是或否，然后说明你的理由。你必须遵守这条规则！你不能说其他话。,是。根据您提供的评分和权重，新女性在吸引力和幽默感上得分更高，这两方面在您的评价体系中占据了重要位置。而您当前的伴侣在这两个方面得分较低，因此，从您的角度出发，新女性更适合您。,511,538,544,1
假设您是一位 24 岁的男性，职业类型为 研究工程师，目前已匹配到一位伴侣。您当前伴侣的得分（满分 10 分）：吸引力：8.0/10，真诚度：6.0/10，智力：7.0/10，幽默感：7.0/10，野心：7.0/10，共同兴趣：4.0/10。一位新女性正在向您求爱，其得分为：吸引力：6.0/10，真诚度：9.0/10，智力：9.0/10，幽默度：7.0/10，抱负：9.0/10，共同兴趣：5.0/10。您的重要性权重为：吸引力：20.0，真诚度：16.0，智力：16.0，幽默度：17.0，抱负： 16.0，共同兴趣：15.0。你会为了新女友离开现在的伴侣吗？你的答案必须是或否，然后说明你的理由。你必须遵守这条规则！你不能说其他话。,否。根据您提供的得分和权重，目前伴侣的加权总分为 8*20% + 6*16% + 7*16% + 7*17% + 7*16% + 4*15% = 6.67，而新女性的加权总分为 6*20% + 9*16% + 9*16% + 7*17% + 9*16% + 5*15% = 7.31。虽然新女性的加权总分略高，但差距不大，且考虑到您已经与当前伴侣建立了一定的感情基础，因此不建议您为了新女性离开现在的伴侣。,524,543,548,0
假设您是一位 24 岁的男性，职业类型为 软件工程师 / 网络工程师，目前已匹配到一位伴侣。您当前伴侣的得分（满分 10 分）：吸引力：4.0/10，真诚度：3.0/10，智力：5.0/10，幽默感：4.0/10，野心：2.0/10，共同兴趣：2.0/10。一位新女性正在向您求爱，其得分为：吸引力：8.0/10，真诚度：9.0/10，智力：8.0/10，幽默度：8.0/10，抱负：9.0/10，共同兴趣：7.0/10。您的重要性权重为：吸引力：30.0，真诚度：30.0，智力：30.0，幽默度：5.0，抱负： 2.0，共同兴趣：3.0。你会为了新女友离开现在的伴侣吗？你的答案必须是或否，然后说明你的理由。你必须遵守这条规则！你不能说其他话。,是。根据您提供的评分和您对各种特质的重要性权重，新女性在吸引力、真诚度、智力、幽默感、抱负及共同兴趣上都远高于您当前的伴侣，尤其是您重视的吸引力、真诚度和智力三项上。因此，从优化个人幸福感的角度出发，选择新女性作为伴侣将是更合适的选择。,511,534,538,1
假设您是一位 23 岁的男性，职业类型为 进入金融领域，目前已匹配到一位伴侣。您当前伴侣的得分（满分 10 分）：吸引力：8.0/10，真诚度：9.0/10，智力：7.0/10，幽默感：6.0/10，野心：5.0/10，共同兴趣：5.0/10。一位新女性正在向您求爱，其得分为：吸引力：4.0/10，真诚度：7.0/10，智力：6.0/10，幽默度：4.0/10，抱负：6.0/10，共同兴趣：7.0/10。您的重要性权重为：吸引力：25.0，真诚度：15.0，智力：20.0，幽默度：20.0，抱负： 10.0，共同兴趣：10.0。你会为了新女友离开现在的伴侣吗？你的答案必须是或否，然后说明你的理由。你必须遵守这条规则！你不能说其他话。,否。根据给出的权重，当前伴侣的加权得分为：(8.0*25 + 9.0*15 + 7.0*20 + 6.0*20 + 5.0*10 + 5.0*10) / 100 = 6.75，而新女性的加权得分为：(4.0*25 + 7.0*15 + 6.0*20 + 4.0*20 + 6.0*10 + 7.0*10) / 100 = 5.35。所以，综合考虑各个因素，当前伴侣的得分更高，不值得为了新女性而离开现在的伴侣。,514,542,549,0
假设您是一位 27 岁的男性，职业类型为 银行业，目前已匹配到一位伴侣。您当前伴侣的得分（满分 10 分）：吸引力：8.0/10，真诚度：6.0/10，智力：7.0/10，幽默感：7.0/10，野心：7.0/10，共同兴趣：4.0/10。一位新女性正在向您求爱，其得分为：吸引力：6.0/10，真诚度：7.0/10，智力：7.0/10，幽默度：6.0/10，抱负：9.0/10，共同兴趣：5.0/10。您的重要性权重为：吸引力：40.0，真诚度：20.0，智力：20.0，幽默度：20.0，抱负： 0.0，共同兴趣：0.0。你会为了新女友离开现在的伴侣吗？你的答案必须是或否，然后说明你的理由。你必须遵守这条规则！你不能说其他话。,否。根据您提供的权重，吸引力在您的择偶标准中占据了最高的比重，达到了40.0。您的当前伴侣在吸引力方面得分较高，为8.0/10，而新女性在这一方面的得分仅为6.0/10。因此，尽管新女性在某些方面得分不错，如抱负得分达到9.0/10，但根据您设定的权重，吸引力是最重要的考量因素，而您当前的伴侣在这方面更有优势。所以，根据您提供的信息及您的偏好，您不应该为了新女性而离开当前伴侣。,524,551,548,1
假设您是一位 24 岁的男性，职业类型为 研究工程师，目前已匹配到一位伴侣。您当前伴侣的得分（满分 10 分）：吸引力：5.0/10，真诚度：8.0/10，智力：9.0/10，幽默感：7.0/10，野心：8.0/10，共同兴趣：7.0/10。一位新女性正在向您求爱，其得分为：吸引力：7.0/10，真诚度：8.0/10，智力：8.0/10，幽默度：8.0/10，抱负：8.0/10，共同兴趣：5.0/10。您的重要性权重为：吸引力：20.0，真诚度：16.0，智力：16.0，幽默度：17.0，抱负： 16.0，共同兴趣：15.0。你会为了新女友离开现在的伴侣吗？你的答案必须是或否，然后说明你的理由。你必须遵守这条规则！你不能说其他话。,否。虽然新女性在某些方面得分更高，但根据您的重要性权重计算，当前伴侣的加权得分为 7.94，而新女性的加权得分为 7.81。因此，当前伴侣的整体匹配度仍然略高。,522,543,533,0
假设您是一位 22 岁的男性，职业类型为 法律，目前已匹配到一位伴侣。您当前伴侣的得分（满分 10 分）：吸引力：6.0/10，真诚度：9.0/10，智力：8.0/10，幽默感：6.0/10，野心：7.0/10，共同兴趣：7.0/10。一位新女性正在向您求爱，其得分为：吸引力：7.0/10，真诚度：9.0/10，智力：9.0/10，幽默度：9.0/10，抱负：9.0/10，共同兴趣：5.0/10。您的重要性权重为：吸引力：20.0，真诚度：5.0，智力：25.0，幽默度：25.0，抱负： 5.0，共同兴趣：20.0。你会为了新女友离开现在的伴侣吗？你的答案必须是或否，然后说明你的理由。你必须遵守这条规则！你不能说其他话。,否。虽然新女性在吸引力、智力、幽默感和抱负方面得分更高，但共同兴趣这一项对于您来说占有较高的权重，而您当前的伴侣在这方面得分更高。共同的兴趣通常能为情侣之间提供更多的相处话题和活动，有助于增强彼此之间的关系。因此，考虑到您对各个因素的重视程度，您当前的伴侣更适合您。,524,537,551,0
假设您是一位 22 岁的男性，职业类型为 法律，目前已匹配到一位伴侣。您当前伴侣的得分（满分 10 分）：吸引力：5.0/10，真诚度：8.0/10，智力：9.0/10，幽默感：7.0/10，野心：8.0/10，共同兴趣：7.0/10。一位新女性正在向您求爱，其得分为：吸引力：7.0/10，真诚度：9.0/10，智力：9.0/10，幽默度：8.0/10，抱负：9.0/10，共同兴趣：8.0/10。您的重要性权重为：吸引力：20.0，真诚度：5.0，智力：25.0，幽默度：25.0，抱负： 5.0，共同兴趣：20.0。你会为了新女友离开现在的伴侣吗？你的答案必须是或否，然后说明你的理由。你必须遵守这条规则！你不能说其他话。,否。根据您提供的评分和权重，当前伴侣在智力和幽默感方面的重要性较高，这两项上当前伴侣的得分也不低。通过计算加权得分，我们可以得出以下结论：当前伴侣的加权得分为 (5*20% + 8*5% + 9*25% + 7*25% + 8*5% + 7*20%) = 7.75，而新女性的加权得分为 (7*20% + 9*5% + 9*25% + 8*25% + 9*5% + 8*20%) = 8.25。尽管新女性在吸引力、真诚度、幽默感和共同兴趣方面得分较高，但差距并不十分明显，同时当前伴侣在真诚度、智力、幽默感和抱负方面得分相对接近，因此不足以构成离开现有关系的理由。,522,537,533,0
假设您是一位 22 岁的男性，职业类型为 法律，目前已匹配到一位伴侣。您当前伴侣的得分（满分 10 分）：吸引力：4.0/10，真诚度：5.0/10，智力：8.0/10，幽默感：5.0/10，野心：8.0/10，共同兴趣：4.0/10。一位新女性正在向您求爱，其得分为：吸引力：6.0/10，真诚度：8.0/10，智力：9.0/10，幽默度：8.0/10，抱负：nan/10，共同兴趣：5.0/10。您的重要性权重为：吸引力：20.0，真诚度：5.0，智力：25.0，幽默度：25.0，抱负： 5.0，共同兴趣：20.0。你会为了新女友离开现在的伴侣吗？你的答案必须是或否，然后说明你的理由。你必须遵守这条规则！你不能说其他话。,否。虽然新女性在吸引力、真诚度、智力、幽默感和共同兴趣方面的评分都更高，但根据你的重要性权重，智力和幽默感占据了50%的权重。尽管新女性在这些方面表现更好，但当前伴侣在智力和野心上的评分也很高，这表明你们在智力方面有很大的共鸣，并且共同追求更高目标。因此，从整体上看，当前伴侣仍具有较高的价值，不建议为了新女性而离开现在的伴侣。,515,537,541,0
假设您是一位 30 岁的男性，职业类型为 管理，目前已匹配到一位伴侣。您当前伴侣的得分（满分 10 分）：吸引力：7.0/10，真诚度：7.0/10，智力：7.0/10，幽默感：8.0/10，野心：7.0/10，共同兴趣：8.0/10。一位新女性正在向您求爱，其得分为：吸引力：6.0/10，真诚度：4.0/10，智力：4.0/10，幽默度：6.0/10，抱负：4.0/10，共同兴趣：3.0/10。您的重要性权重为：吸引力：40.0，真诚度：10.0，智力：20.0，幽默度：10.0，抱负： 0.0，共同兴趣：20.0。你会为了新女友离开现在的伴侣吗？你的答案必须是或否，然后说明你的理由。你必须遵守这条规则！你不能说其他话。,否。根据您提供的权重，我们来计算两位伴侣的综合得分。当前伴侣的得分为：（7*40% + 7*10% + 7*20% + 8*10% + 7*0% + 8*20%）= 6.7。新求爱者的得分为：（6*40% + 4*10% + 4*20% + 6*10% + 4*0% + 3*20%）= 4.6。当前伴侣的综合得分更高，因此您不会为了新求爱者离开当前伴侣。,516,548,552,0
假设您是一位 23 岁的男性，职业类型为 医生，目前已匹配到一位伴侣。您当前伴侣的得分（满分 10 分）：吸引力：5.0/10，真诚度：8.0/10，智力：8.0/10，幽默感：9.0/10，野心：8.0/10，共同兴趣：2.0/10。一位新女性正在向您求爱，其得分为：吸引力：7.0/10，真诚度：7.0/10，智力：6.0/10，幽默度：6.0/10，抱负：6.0/10，共同兴趣：5.0/10。您的重要性权重为：吸引力：15.0，真诚度：25.0，智力：20.0，幽默度：10.0，抱负： 10.0，共同兴趣：20.0。你会为了新女友离开现在的伴侣吗？你的答案必须是或否，然后说明你的理由。你必须遵守这条规则！你不能说其他话。,否。根据您给的重要性权重计算总分，目前的伴侣得分为：（5*15%+8*25%+8*20%+9*10%+8*10%+2*20%）=6.75分。新女性的得分为：（7*15%+7*25%+6*20%+6*10%+6*10%+5*20%）=6.25分。所以目前的伴侣总分更高，不建议为了新女性离开现任伴侣。,518,544,550,0
假设您是一位 30 岁的男性，职业类型为 管理，目前已匹配到一位伴侣。您当前伴侣的得分（满分 10 分）：吸引力：4.0/10，真诚度：5.0/10，智力：8.0/10，幽默感：5.0/10，野心：8.0/10，共同兴趣：4.0/10。一位新女性正在向您求爱，其得分为：吸引力：7.0/10，真诚度：7.0/10，智力：5.0/10，幽默度：3.0/10，抱负：3.0/10，共同兴趣：3.0/10。您的重要性权重为：吸引力：40.0，真诚度：10.0，智力：20.0，幽默度：10.0，抱负： 0.0，共同兴趣：20.0。你会为了新女友离开现在的伴侣吗？你的答案必须是或否，然后说明你的理由。你必须遵守这条规则！你不能说其他话。,否。因为根据我的重要性权重，我当前伴侣的加权得分为：吸引力4.0 * 40% + 真诚度5.0 * 10% + 智力8.0 * 20% + 幽默感5.0 * 10% + 野心8.0 * 0% + 共同兴趣4.0 * 20% = 1.6 + 0.5 + 1.6 + 0.5 + 0 + 0.8 = 5.0。而新女性的加权得分为：吸引力7.0 * 40% + 真诚度7.0 * 10% + 智力5.0 * 20% + 幽默感3.0 * 10% + 抱负3.0 * 0% + 共同兴趣3.0 * 20% = 2.8 + 0.7 + 1.0 + 0.3 + 0 + 0.6 = 5.4。尽管新女性的加权得分略高，但两者之间的差距并不大，且我的重要性权重中并没有考虑对新女性了解程度和关系的深度。所以，我不会为了新女性离开现在的伴侣。,515,548,541,0
假设您是一位 24 岁的男性，职业类型为 研究工程师，目前已匹配到一位伴侣。您当前伴侣的得分（满分 10 分）：吸引力：5.0/10，真诚度：5.0/10，智力：8.0/10，幽默感：7.0/10，野心：6.0/10，共同兴趣：6.0/10。一位新女性正在向您求爱，其得分为：吸引力：6.0/10，真诚度：8.0/10，智力：8.0/10，幽默度：6.0/10，抱负：8.0/10，共同兴趣：3.0/10。您的重要性权重为：吸引力：20.0，真诚度：16.0，智力：16.0，幽默度：17.0，抱负： 16.0，共同兴趣：15.0。你会为了新女友离开现在的伴侣吗？你的答案必须是或否，然后说明你的理由。你必须遵守这条规则！你不能说其他话。,否。根据您提供的权重和评分，当前伴侣的加权得分为 (5*20 + 5*16 + 8*16 + 7*17 + 6*16 + 6*15) / 100 = 6.29，而新女性的加权得分为 (6*20 + 8*16 + 8*16 + 6*17 + 8*16 + 3*15) / 100 = 6.18，低于当前伴侣。因此，不会为了新女性离开当前伴侣。,511,543,534,0
假设您是一位 22 岁的男性，职业类型为 法律，目前已匹配到一位伴侣。您当前伴侣的得分（满分 10 分）：吸引力：5.0/10，真诚度：5.0/10，智力：8.0/10，幽默感：7.0/10，野心：6.0/10，共同兴趣：6.0/10。一位新女性正在向您求爱，其得分为：吸引力：5.0/10，真诚度：7.0/10，智力：8.0/10，幽默度：4.0/10，抱负：6.0/10，共同兴趣：6.0/10。您的重要性权重为：吸引力：20.0，真诚度：5.0，智力：25.0，幽默度：25.0，抱负： 5.0，共同兴趣：20.0。你会为了新女友离开现在的伴侣吗？你的答案必须是或否，然后说明你的理由。你必须遵守这条规则！你不能说其他话。,否。根据您提供的评分和权重，现有伴侣的加权得分（5*20% + 5*5% + 8*25% + 7*25% + 6*5% + 6*20% = 6.70）比新求爱者（5*20% + 7*5% + 8*25% + 4*25% + 6*5% + 6*20% = 6.25）要高，所以按照您对各个特质的重视程度，现有伴侣仍然是更好的选择。,511,537,534,1
假设您是一位 24 岁的男性，职业类型为 软件工程师 / 网络工程师，目前已匹配到一位伴侣。您当前伴侣的得分（满分 10 分）：吸引力：7.0/10，真诚度：7.0/10，智力：7.0/10，幽默感：8.0/10，野心：7.0/10，共同兴趣：8.0/10。一位新女性正在向您求爱，其得分为：吸引力：7.0/10，真诚度：8.0/10，智力：8.0/10，幽默度：8.0/10，抱负：7.0/10，共同兴趣：8.0/10。您的重要性权重为：吸引力：30.0，真诚度：30.0，智力：30.0，幽默度：5.0，抱负： 2.0，共同兴趣：3.0。你会为了新女友离开现在的伴侣吗？你的答案必须是或否，然后说明你的理由。你必须遵守这条规则！你不能说其他话。,否。根据您提供的权重和得分计算，现任伴侣的加权得分为：(7*30 + 7*30 + 7*30 + 8*5 + 7*2 + 8*3) / 100 = 7.04。新女性的加权得分为：(7*30 + 8*30 + 8*30 + 8*5 + 7*2 + 8*3) / 100 = 7.6，虽然新女性的加权得分稍高，但差距并不大。考虑到稳定关系的价值以及变数可能带来的不确定性，选择不离开现在的伴侣。,516,534,552,0
假设您是一位 30 岁的男性，职业类型为 管理，目前已匹配到一位伴侣。您当前伴侣的得分（满分 10 分）：吸引力：5.0/10，真诚度：8.0/10，智力：9.0/10，幽默感：7.0/10，野心：8.0/10，共同兴趣：7.0/10。一位新女性正在向您求爱，其得分为：吸引力：4.0/10，真诚度：4.0/10，智力：7.0/10，幽默度：1.0/10，抱负：7.0/10，共同兴趣：1.0/10。您的重要性权重为：吸引力：40.0，真诚度：10.0，智力：20.0，幽默度：10.0，抱负： 0.0，共同兴趣：20.0。你会为了新女友离开现在的伴侣吗？你的答案必须是或否，然后说明你的理由。你必须遵守这条规则！你不能说其他话。,否。根据你提供的权重和得分，当前伴侣的吸引力、智力和共同兴趣得分较高，与你的重要权重相匹配。虽然新女性的某些特质可能稍微吸引你，但总体来说，你与现有伴侣的兼容性更好。因此，为了新女性离开现有伴侣并不是一个明智的选择。,522,548,533,1
假设您是一位 24 岁的男性，职业类型为 研究工程师，目前已匹配到一位伴侣。您当前伴侣的得分（满分 10 分）：吸引力：8.0/10，真诚度：9.0/10，智力：7.0/10，幽默感：6.0/10，野心：5.0/10，共同兴趣：5.0/10。一位新女性正在向您求爱，其得分为：吸引力：5.0/10，真诚度：7.0/10，智力：7.0/10，幽默度：6.0/10，抱负：7.0/10，共同兴趣：3.0/10。您的重要性权重为：吸引力：20.0，真诚度：16.0，智力：16.0，幽默度：17.0，抱负： 16.0，共同兴趣：15.0。你会为了新女友离开现在的伴侣吗？你的答案必须是或否，然后说明你的理由。你必须遵守这条规则！你不能说其他话。,否。根据您提供的得分和重要性权重，目前伴侣的整体加权得分为（8*20+9*16+7*16+6*17+5*16+5*15）/（20+16+16+17+16+15）=7.09，而新求爱者的整体加权得分为（5*20+7*16+7*16+6*17+7*16+3*15）/（20+16+16+17+16+15）=6.03。因此，根据您的偏好和重要性权重，您的现有伴侣更适合您。,514,543,549,0
假设您是一位 32 岁的男性，职业类型为 白手起家的百万富翁，目前已匹配到一位伴侣。您当前伴侣的得分（满分 10 分）：吸引力：8.0/10，真诚度：9.0/10，智力：7.0/10，幽默感：6.0/10，野心：5.0/10，共同兴趣：5.0/10。一位新女性正在向您求爱，其得分为：吸引力：3.0/10，真诚度：7.0/10，智力：6.0/10，幽默度：7.0/10，抱负：5.0/10，共同兴趣：5.0/10。您的重要性权重为：吸引力：50.0，真诚度：0.0，智力：10.0，幽默度：30.0，抱负： 0.0，共同兴趣：10.0。你会为了新女友离开现在的伴侣吗？你的答案必须是或否，然后说明你的理由。你必须遵守这条规则！你不能说其他话。,否。原因是根据您的重要性权重，当前伴侣在吸引力、智力和共同兴趣方面都远高于新女性。虽然新女性在幽默感方面较高，但其吸引力远低于当前伴侣，而吸引力在您的重要性权重中占了50%。因此，综合考虑，您不会为了新女性离开当前伴侣。,514,538,549,1
假设您是一位 24 岁的男性，职业类型为 软件工程师 / 网络工程师，目前已匹配到一位伴侣。您当前伴侣的得分（满分 10 分）：吸引力：5.0/10，真诚度：6.0/10，智力：5.0/10，幽默感：4.0/10，野心：nan/10，共同兴趣：2.0/10。一位新女性正在向您求爱，其得分为：吸引力：7.0/10，真诚度：8.0/10，智力：8.0/10，幽默度：8.0/10，抱负：7.0/10，共同兴趣：8.0/10。您的重要性权重为：吸引力：30.0，真诚度：30.0，智力：30.0，幽默度：5.0，抱负： 2.0，共同兴趣：3.0。你会为了新女友离开现在的伴侣吗？你的答案必须是或否，然后说明你的理由。你必须遵守这条规则！你不能说其他话。,是。根据您提供的各项评分和权重，新女性在几乎所有方面都显著优于您当前的伴侣。具体来说，新女性在吸引力、真诚度、智力、幽默感和共同兴趣上都得到了更高的评分，这些因素在您的偏好中占有较大权重。这样的匹配显然更能满足您的需求和期望，因此做出改变是合理的。,522,534,548,1
假设您是一位 30 岁的男性，职业类型为 咨询，目前已匹配到一位伴侣。您当前伴侣的得分（满分 10 分）：吸引力：6.0/10，真诚度：9.0/10，智力：8.0/10，幽默感：6.0/10，野心：7.0/10，共同兴趣：7.0/10。一位新女性正在向您求爱，其得分为：吸引力：7.0/10，真诚度：7.0/10，智力：6.0/10，幽默度：7.0/10，抱负：6.0/10，共同兴趣：7.0/10。您的重要性权重为：吸引力：35.0，真诚度：10.0，智力：20.0，幽默度：25.0，抱负： 5.0，共同兴趣：5.0。你会为了新女友离开现在的伴侣吗？你的答案必须是或否，然后说明你的理由。你必须遵守这条规则！你不能说其他话。,否。根据您的重要性权重，将各项得分乘以对应的权重并求和，当前伴侣的综合得分为（6*35+9*10+8*20+6*25+7*5+7*5）/100=6.85分；新女性的综合得分为（7*35+7*10+6*20+7*25+6*5+7*5）/100=6.6分。因此，当前伴侣的综合得分更高，不应改变现有关系。,524,546,551,0
假设您是一位 30 岁的男性，职业类型为 管理，目前已匹配到一位伴侣。您当前伴侣的得分（满分 10 分）：吸引力：4.0/10，真诚度：3.0/10，智力：9.0/10，幽默感：4.0/10，野心：9.0/10，共同兴趣：5.0/10。一位新女性正在向您求爱，其得分为：吸引力：1.0/10，真诚度：9.0/10，智力：3.0/10，幽默度：6.0/10，抱负：2.0/10，共同兴趣：1.0/10。您的重要性权重为：吸引力：40.0，真诚度：10.0，智力：20.0，幽默度：10.0，抱负： 0.0，共同兴趣：20.0。你会为了新女友离开现在的伴侣吗？你的答案必须是或否，然后说明你的理由。你必须遵守这条规则！你不能说其他话。,否。根据你提供的评分和权重，当前伴侣在吸引力、智力和共同兴趣方面的得分较高，这些因素在你的权重中占比较大。因此，尽管新女性在真诚度和幽默感方面得分较高，但总体来说，当前伴侣更符合你的偏好。,526,548,531,0
假设您是一位 24 岁的男性，职业类型为 研究工程师，目前已匹配到一位伴侣。您当前伴侣的得分（满分 10 分）：吸引力：4.0/10，真诚度：5.0/10，智力：8.0/10，幽默感：5.0/10，野心：8.0/10，共同兴趣：4.0/10。一位新女性正在向您求爱，其得分为：吸引力：8.0/10，真诚度：8.0/10，智力：7.0/10，幽默度：7.0/10，抱负：8.0/10，共同兴趣：3.0/10。您的重要性权重为：吸引力：20.0，真诚度：16.0，智力：16.0，幽默度：17.0，抱负： 16.0，共同兴趣：15.0。你会为了新女友离开现在的伴侣吗？你的答案必须是或否，然后说明你的理由。你必须遵守这条规则！你不能说其他话。,是。根据您提供的评分和权重，新女性在吸引力、真诚度、幽默感和智力方面得分更高，这在您的重要性权重中占较大比例。虽然新女性在共同兴趣方面得分较低，但整体来看，她更符合您的偏好。,515,543,541,1
假设您是一位 26 岁的男性，职业类型为 学术 / 金融，目前已匹配到一位伴侣。您当前伴侣的得分（满分 10 分）：吸引力：7.0/10，真诚度：7.0/10，智力：7.0/10，幽默感：nan/10，野心：10.0/10，共同兴趣：5.0/10。一位新女性正在向您求爱，其得分为：吸引力：5.0/10，真诚度：7.0/10，智力：7.0/10，幽默度：6.0/10，抱负：9.0/10，共同兴趣：3.0/10。您的重要性权重为：吸引力：25.0，真诚度：25.0，智力：25.0，幽默度：13.0，抱负： 12.0，共同兴趣：0.0。你会为了新女友离开现在的伴侣吗？你的答案必须是或否，然后说明你的理由。你必须遵守这条规则！你不能说其他话。,否。我的理由是，根据给定的得分和权重，当前伴侣的总分为：(7 * 25 + 7 * 25 + 7 * 25 + 10 * 12) / 100 = 7.19，而新女性的总分为：(5 * 25 + 7 * 25 + 7 * 25 + 6 * 13 + 9 * 12) / 100 = 6.59。因此，当前伴侣的综合得分更高，更适合我。,514,533,538,1
假设您是一位 23 岁的男性，职业类型为 企业家，目前已匹配到一位伴侣。您当前伴侣的得分（满分 10 分）：吸引力：7.0/10，真诚度：7.0/10，智力：7.0/10，幽默感：8.0/10，野心：7.0/10，共同兴趣：8.0/10。一位新女性正在向您求爱，其得分为：吸引力：7.0/10，真诚度：6.0/10，智力：10.0/10，幽默度：7.0/10，抱负：9.0/10，共同兴趣：4.0/10。您的重要性权重为：吸引力：40.0，真诚度：30.0，智力：0.0，幽默度：20.0，抱负： 0.0，共同兴趣：10.0。你会为了新女友离开现在的伴侣吗？你的答案必须是或否，然后说明你的理由。你必须遵守这条规则！你不能说其他话。,否。根据你给出的权重，当前伴侣在你重视的方面（吸引力、真诚度、幽默感、共同兴趣）的得分均不低于新女性，甚至在幽默感和共同兴趣上得分更高，因此我会选择保留当前的关系。,516,541,552,0
假设您是一位 23 岁的男性，职业类型为 医生，目前已匹配到一位伴侣。您当前伴侣的得分（满分 10 分）：吸引力：6.0/10，真诚度：9.0/10，智力：8.0/10，幽默感：6.0/10，野心：8.0/10，共同兴趣：5.0/10。一位新女性正在向您求爱，其得分为：吸引力：7.0/10，真诚度：7.0/10，智力：7.0/10，幽默度：7.0/10，抱负：7.0/10，共同兴趣：7.0/10。您的重要性权重为：吸引力：15.0，真诚度：25.0，智力：20.0，幽默度：10.0，抱负： 10.0，共同兴趣：20.0。你会为了新女友离开现在的伴侣吗？你的答案必须是或否，然后说明你的理由。你必须遵守这条规则！你不能说其他话。,否。根据您提供的权重和得分，现有伴侣的加权得分为 75 分（6*15+9*25+8*20+6*10+8*10+5*20），而新女性的加权得分为 70 分（7*15+7*25+7*20+7*10+7*10+7*20）。因此，您的现有伴侣在总分数上更高，更符合您的重要性权重标准。,522,544,534,0
假设您是一位 23 岁的男性，职业类型为 企业家，目前已匹配到一位伴侣。您当前伴侣的得分（满分 10 分）：吸引力：5.0/10，真诚度：4.0/10，智力：8.0/10，幽默感：5.0/10，野心：7.0/10，共同兴趣：8.0/10。一位新女性正在向您求爱，其得分为：吸引力：1.0/10，真诚度：5.0/10，智力：8.0/10，幽默度：5.0/10，抱负：9.0/10，共同兴趣：9.0/10。您的重要性权重为：吸引力：40.0，真诚度：30.0，智力：0.0，幽默度：20.0，抱负： 0.0，共同兴趣：10.0。你会为了新女友离开现在的伴侣吗？你的答案必须是或否，然后说明你的理由。你必须遵守这条规则！你不能说其他话。,否。根据给定的重要性权重，当前伴侣的加权得分为：(5*40+4*30+8*0+5*20+7*0+8*10)/100=4.6，而新女性的加权得分为：(1*40+5*30+8*0+5*20+9*0+9*10)/100=3.6。当前伴侣的加权得分更高，所以不会为了新女性离开现在的伴侣。,523,541,547,0
假设您是一位 28 岁的男性，职业类型为 综合管理 / 咨询，目前已匹配到一位伴侣。您当前伴侣的得分（满分 10 分）：吸引力：5.0/10，真诚度：6.0/10，智力：7.0/10，幽默感：8.0/10，野心：7.0/10，共同兴趣：nan/10。一位新女性正在向您求爱，其得分为：吸引力：6.0/10，真诚度：7.0/10，智力：7.0/10，幽默度：8.0/10，抱负：7.0/10，共同兴趣：5.0/10。您的重要性权重为：吸引力：20.0，真诚度：20.0，智力：20.0，幽默度：20.0，抱负： 0.0，共同兴趣：20.0。你会为了新女友离开现在的伴侣吗？你的答案必须是或否，然后说明你的理由。你必须遵守这条规则！你不能说其他话。,否。根据您提供的评分标准和重要性权重，新女性在“吸引力”、“真诚度”和“共同兴趣”方面得分更高，但差距并不明显，而且您现在的伴侣在“幽默感”和“智力”方面与新女性得分相同。考虑到更换伴侣涉及的情感成本和个人价值观，不建议您为了新女性离开现有伴侣。,515,549,543,0
假设您是一位 30 岁的男性，职业类型为 管理，目前已匹配到一位伴侣。您当前伴侣的得分（满分 10 分）：吸引力：5.0/10，真诚度：4.0/10，智力：6.0/10，幽默感：6.0/10，野心：5.0/10，共同兴趣：4.0/10。一位新女性正在向您求爱，其得分为：吸引力：1.0/10，真诚度：10.0/10，智力：8.0/10，幽默度：1.0/10，抱负：8.0/10，共同兴趣：1.0/10。您的重要性权重为：吸引力：40.0，真诚度：10.0，智力：20.0，幽默度：10.0，抱负： 0.0，共同兴趣：20.0。你会为了新女友离开现在的伴侣吗？你的答案必须是或否，然后说明你的理由。你必须遵守这条规则！你不能说其他话。,否。根据您所给的重要性权重，当前伴侣在吸引力和共同兴趣上的得分显著高于新女性，吸引力在您的评价标准中权重最大，而共同兴趣也占有较大的比重。虽然新女性在真诚度、智力和抱负上有更高的分数，但依据您的权重计算，总体上，现行的伴侣更符合您对伴侣的期待。因此，在这个假设下，我建议您继续与现任伴侣保持关系。,529,548,536,0
假设您是一位 32 岁的男性，职业类型为 白手起家的百万富翁，目前已匹配到一位伴侣。您当前伴侣的得分（满分 10 分）：吸引力：5.0/10，真诚度：6.0/10，智力：7.0/10，幽默感：8.0/10，野心：7.0/10，共同兴趣：nan/10。一位新女性正在向您求爱，其得分为：吸引力：5.0/10，真诚度：4.0/10，智力：7.0/10，幽默度：4.0/10，抱负：7.0/10，共同兴趣：4.0/10。您的重要性权重为：吸引力：50.0，真诚度：0.0，智力：10.0，幽默度：30.0，抱负： 0.0，共同兴趣：10.0。你会为了新女友离开现在的伴侣吗？你的答案必须是或否，然后说明你的理由。你必须遵守这条规则！你不能说其他话。,否。根据提供的得分和重要性权重，您的当前伴侣在吸引力、幽默感和共同兴趣方面得分更高。尤其在您非常重视的吸引力和幽默感方面，当前伴侣有着明显的优势。因此，没有必要为了新女性离开现在的伴侣。,515,538,543,0
假设您是一位 32 岁的男性，职业类型为 白手起家的百万富翁，目前已匹配到一位伴侣。您当前伴侣的得分（满分 10 分）：吸引力：6.0/10，真诚度：9.0/10，智力：8.0/10，幽默感：6.0/10，野心：8.0/10，共同兴趣：5.0/10。一位新女性正在向您求爱，其得分为：吸引力：6.0/10，真诚度：6.0/10，智力：6.0/10，幽默度：6.0/10，抱负：5.0/10，共同兴趣：5.0/10。您的重要性权重为：吸引力：50.0，真诚度：0.0，智力：10.0，幽默度：30.0，抱负： 0.0，共同兴趣：10.0。你会为了新女友离开现在的伴侣吗？你的答案必须是或否，然后说明你的理由。你必须遵守这条规则！你不能说其他话。,否。根据您的重要性权重，您的当前伴侣在吸引力和幽默感方面得分较高，这两项是您最重视的特质。尽管新女性在某些方面与您有相似的得分，但在您最重视的特质上，您的当前伴侣表现更好。因此，没有理由为了新女性而离开您当前的伴侣。,522,538,534,1
假设您是一位 24 岁的男性，职业类型为 软件工程师 / 网络工程师，目前已匹配到一位伴侣。您当前伴侣的得分（满分 10 分）：吸引力：4.0/10，真诚度：3.0/10，智力：9.0/10，幽默感：4.0/10，野心：9.0/10，共同兴趣：5.0/10。一位新女性正在向您求爱，其得分为：吸引力：7.0/10，真诚度：8.0/10，智力：7.0/10，幽默度：8.0/10，抱负：7.0/10，共同兴趣：8.0/10。您的重要性权重为：吸引力：30.0，真诚度：30.0，智力：30.0，幽默度：5.0，抱负： 2.0，共同兴趣：3.0。你会为了新女友离开现在的伴侣吗？你的答案必须是或否，然后说明你的理由。你必须遵守这条规则！你不能说其他话。,否。虽然新女性在吸引力、真诚度、幽默感和共同兴趣上得分更高，但根据您给出的重要性权重，智力的权重非常高（30.0）。您当前伴侣在智力和野心上得分较高，分别为9.0/10，这在您看来是非常重要的品质。因此，综合考虑所有因素，您目前的伴侣总体上更加符合您的偏好。,526,534,531,1
假设您是一位 23 岁的男性，职业类型为 企业家，目前已匹配到一位伴侣。您当前伴侣的得分（满分 10 分）：吸引力：4.0/10，真诚度：4.0/10，智力：7.0/10，幽默感：5.0/10，野心：3.0/10，共同兴趣：3.0/10。一位新女性正在向您求爱，其得分为：吸引力：5.0/10，真诚度：7.0/10，智力：10.0/10，幽默度：5.0/10，抱负：10.0/10，共同兴趣：5.0/10。您的重要性权重为：吸引力：40.0，真诚度：30.0，智力：0.0，幽默度：20.0，抱负： 0.0，共同兴趣：10.0。你会为了新女友离开现在的伴侣吗？你的答案必须是或否，然后说明你的理由。你必须遵守这条规则！你不能说其他话。,否。根据您提供的权重和得分，当前伴侣在您重视的维度上（吸引力、真诚度、幽默感、共同兴趣）的综合得分（4.0*40% + 4.0*30% + 5.0*20% + 3.0*10% = 4.1）高于新女性的综合得分（5.0*40% + 7.0*30% + 5.0*20% + 5.0*10% = 5.4）。尽管新女性在智力和抱负上得分很高，但根据您的重要性权重，这两个维度对您而言并不重要。因此，综合考虑所有因素，我建议您不为了新女性离开当前的伴侣。,511,541,537,0
假设您是一位 23 岁的男性，职业类型为 医生，目前已匹配到一位伴侣。您当前伴侣的得分（满分 10 分）：吸引力：5.0/10，真诚度：4.0/10，智力：8.0/10，幽默感：5.0/10，野心：7.0/10，共同兴趣：8.0/10。一位新女性正在向您求爱，其得分为：吸引力：5.0/10，真诚度：8.0/10，智力：7.0/10，幽默度：7.0/10，抱负：6.0/10，共同兴趣：6.0/10。您的重要性权重为：吸引力：15.0，真诚度：25.0，智力：20.0，幽默度：10.0，抱负： 10.0，共同兴趣：20.0。你会为了新女友离开现在的伴侣吗？你的答案必须是或否，然后说明你的理由。你必须遵守这条规则！你不能说其他话。,否。根据您提供的信息，您的当前伴侣和新女性的得分在您重视的各个维度上有所不同。使用您给出的重要性权重进行计算，当前伴侣的总分为 460 分（5*15 + 4*25 + 8*20 + 5*10 + 7*10 + 8*20），而新女性的总分为 445 分（5*15 + 8*25 + 7*20 + 7*10 + 6*10 + 6*20）。因此，根据您的偏好权重来看，您的当前伴侣的得分更高。虽然新女性在真诚度和幽默感上得分更高，但整体来看，您的当前伴侣在您所重视的特质上总体表现更佳。,523,544,547,0
假设您是一位 23 岁的男性，职业类型为 企业家，目前已匹配到一位伴侣。您当前伴侣的得分（满分 10 分）：吸引力：8.0/10，真诚度：9.0/10，智力：9.0/10，幽默感：6.0/10，野心：5.0/10，共同兴趣：5.0/10。一位新女性正在向您求爱，其得分为：吸引力：4.0/10，真诚度：5.0/10，智力：9.0/10，幽默度：7.0/10，抱负：8.0/10，共同兴趣：5.0/10。您的重要性权重为：吸引力：40.0，真诚度：30.0，智力：0.0，幽默度：20.0，抱负： 0.0，共同兴趣：10.0。你会为了新女友离开现在的伴侣吗？你的答案必须是或否，然后说明你的理由。你必须遵守这条规则！你不能说其他话。,否。根据您提供的权重和得分，当前伴侣的总体得分为：（8.0 * 40%）+（9.0 * 30%）+（9.0 * 0%）+（6.0 * 20%）+（5.0 * 0%）+（5.0 * 10%）=3.2+2.7+0+1.2+0+0.5=7.6，而新女性的总体得分为：（4.0 * 40%）+（5.0 * 30%）+（9.0 * 0%）+（7.0 * 20%）+（8.0 * 0%）+ （5.0 * 10%）=1.6+1.5+0+1.4+0+0.5=5.0。因此，您的当前伴侣的总体得分更高，您没有理由为了新女性离开她。,514,541,533,0
假设您是一位 23 岁的男性，职业类型为 进入金融领域，目前已匹配到一位伴侣。您当前伴侣的得分（满分 10 分）：吸引力：5.0/10，真诚度：6.0/10，智力：7.0/10，幽默感：8.0/10，野心：7.0/10，共同兴趣：nan/10。一位新女性正在向您求爱，其得分为：吸引力：8.0/10，真诚度：4.0/10，智力：6.0/10，幽默度：7.0/10，抱负：4.0/10，共同兴趣：2.0/10。您的重要性权重为：吸引力：25.0，真诚度：15.0，智力：20.0，幽默度：20.0，抱负： 10.0，共同兴趣：10.0。你会为了新女友离开现在的伴侣吗？你的答案必须是或否，然后说明你的理由。你必须遵守这条规则！你不能说其他话。,否。根据您的重要性权重，当前伴侣的得分为：(5.0*25 + 6.0*15 + 7.0*20 + 8.0*20 + 7.0*10) / (25+15+20+20+10) ≈ 6.67；新求爱者的得分为：(8.0*25 + 4.0*15 + 6.0*20 + 7.0*20 + 4.0*10 + 2.0*10) / (25+15+20+20+10+10) ≈ 5.83。当前伴侣的加权得分较高，因此不建议结束现有关系。,515,542,543,0
假设您是一位 30 岁的男性，职业类型为 管理，目前已匹配到一位伴侣。您当前伴侣的得分（满分 10 分）：吸引力：8.0/10，真诚度：8.0/10，智力：8.0/10，幽默感：9.0/10，野心：9.0/10，共同兴趣：7.0/10。一位新女性正在向您求爱，其得分为：吸引力：1.0/10，真诚度：10.0/10，智力：8.0/10，幽默度：1.0/10，抱负：8.0/10，共同兴趣：1.0/10。您的重要性权重为：吸引力：40.0，真诚度：10.0，智力：20.0，幽默度：10.0，抱负： 0.0，共同兴趣：20.0。你会为了新女友离开现在的伴侣吗？你的答案必须是或否，然后说明你的理由。你必须遵守这条规则！你不能说其他话。,否。根据你的得分和重要性权重，你当前的伴侣在各个方面的得分都高于新女性，尤其是在你重视的吸引力和共同兴趣方面。虽然新女性的真诚度得分为满分，但她的吸引力、幽默感和共同兴趣得分较低，无法满足你对这些方面的需求。因此，你没有理由为了新女性离开当前的伴侣。,530,548,539,1
假设您是一位 25 岁的男性，职业类型为 教学，目前已匹配到一位伴侣。您当前伴侣的得分（满分 10 分）：吸引力：4.0/10，真诚度：4.0/10，智力：7.0/10，幽默感：5.0/10，野心：3.0/10，共同兴趣：3.0/10。一位新女性正在向您求爱，其得分为：吸引力：5.0/10，真诚度：10.0/10，智力：10.0/10，幽默度：8.0/10，抱负：10.0/10，共同兴趣：5.0/10。您的重要性权重为：吸引力：15.0，真诚度：30.0，智力：20.0，幽默度：20.0，抱负： 10.0，共同兴趣：5.0。你会为了新女友离开现在的伴侣吗？你的答案必须是或否，然后说明你的理由。你必须遵守这条规则！你不能说其他话。,是。新女性在真诚度、智力、幽默感和抱负方面得分明显较高，这些方面在重要性权重中占有较大比例。虽然她在吸引力和共同兴趣方面比当前伴侣稍好一些，但综合考虑所有因素，新女性与我的匹配度更高。因此，我会选择新女性作为我的伴侣。,511,531,537,1
假设您是一位 22 岁的男性，职业类型为 律师，目前已匹配到一位伴侣。您当前伴侣的得分（满分 10 分）：吸引力：6.0/10，真诚度：5.0/10，智力：7.0/10，幽默感：7.0/10，野心：5.0/10，共同兴趣：6.0/10。一位新女性正在向您求爱，其得分为：吸引力：4.0/10，真诚度：8.0/10，智力：10.0/10，幽默度：4.0/10，抱负：10.0/10，共同兴趣：3.0/10。您的重要性权重为：吸引力：30.0，真诚度：10.0，智力：20.0，幽默度：15.0，抱负： 15.0，共同兴趣：10.0。你会为了新女友离开现在的伴侣吗？你的答案必须是或否，然后说明你的理由。你必须遵守这条规则！你不能说其他话。,否。根据你提供的权重和各项得分，计算当前伴侣和新女性的综合得分：当前伴侣得分为 60 分（吸引力 6*30%+ 真诚度 5*10%+ 智力 7*20%+ 幽默感 7*15%+ 野心 5*15%+ 共同兴趣 6*10%），新女性得分为 57 分（吸引力 4*30%+ 真诚度 8*10%+ 智力 10*20%+ 幽默感 4*15%+ 抱负 10*15%+ 共同兴趣 3*10%）。当前伴侣的综合得分高于新女性的综合得分，因此不会为了新女性离开现在的伴侣。,511,539,531,0
假设您是一位 28 岁的男性，职业类型为 综合管理 / 咨询，目前已匹配到一位伴侣。您当前伴侣的得分（满分 10 分）：吸引力：7.0/10，真诚度：7.0/10，智力：7.0/10，幽默感：8.0/10，野心：7.0/10，共同兴趣：8.0/10。一位新女性正在向您求爱，其得分为：吸引力：5.0/10，真诚度：7.0/10，智力：6.0/10，幽默度：6.0/10，抱负：6.0/10，共同兴趣：6.0/10。您的重要性权重为：吸引力：20.0，真诚度：20.0，智力：20.0，幽默度：20.0，抱负： 0.0，共同兴趣：20.0。你会为了新女友离开现在的伴侣吗？你的答案必须是或否，然后说明你的理由。你必须遵守这条规则！你不能说其他话。,否。根据您提供的评分和重要性权重，目前的伴侣在吸引力、幽默感和共同兴趣方面得分更高，这些因素的总评分（140）也高于新女性的总评分（120）。因此，没有理由为了新女性而离开当前的伴侣。,516,549,552,0
假设您是一位 22 岁的男性，职业类型为 律师，目前已匹配到一位伴侣。您当前伴侣的得分（满分 10 分）：吸引力：8.0/10，真诚度：9.0/10，智力：9.0/10，幽默感：6.0/10，野心：5.0/10，共同兴趣：5.0/10。一位新女性正在向您求爱，其得分为：吸引力：3.0/10，真诚度：7.0/10，智力：10.0/10，幽默度：8.0/10，抱负：7.0/10，共同兴趣：6.0/10。您的重要性权重为：吸引力：30.0，真诚度：10.0，智力：20.0，幽默度：15.0，抱负： 15.0，共同兴趣：10.0。你会为了新女友离开现在的伴侣吗？你的答案必须是或否，然后说明你的理由。你必须遵守这条规则！你不能说其他话。,否。根据您给出的权重计算，您当前伴侣的得分为：243分（吸引力8*30 + 真诚度9*10 + 智力9*20 + 幽默感6*15 + 野心5*15 + 共同兴趣5*10），新女性得分为：210分（吸引力3*30 + 真诚度7*10 + 智力10*20 + 幽默感8*15 + 抱负7*15 + 共同兴趣6*10）。虽然新女性在智力、幽默感、抱负、共同兴趣上有着不错的分数，但是由于您认为吸引力更重要，而她在这一方面得分较低，因此相比之下，您当前的伴侣更适合您。,514,539,533,1
假设您是一位 23 岁的男性，职业类型为 企业家，目前已匹配到一位伴侣。您当前伴侣的得分（满分 10 分）：吸引力：8.0/10，真诚度：9.0/10，智力：7.0/10，幽默感：9.0/10，野心：nan/10，共同兴趣：7.0/10。一位新女性正在向您求爱，其得分为：吸引力：7.0/10，真诚度：6.0/10，智力：9.0/10，幽默度：8.0/10，抱负：8.0/10，共同兴趣：6.0/10。您的重要性权重为：吸引力：40.0，真诚度：30.0，智力：0.0，幽默度：20.0，抱负： 0.0，共同兴趣：10.0。你会为了新女友离开现在的伴侣吗？你的答案必须是或否，然后说明你的理由。你必须遵守这条规则！你不能说其他话。,否。根据你提供的信息，当前伴侣在吸引力、真诚度和幽默感方面得分较高，与你的重要性权重相匹配。尽管新女性在智力和抱负方面得分较高，但在你重视的几个方面，如吸引力和真诚度，她的得分并不如你当前的伴侣。因此，考虑到各个因素的权重，你没有理由为了新女性而离开现在的伴侣。,522,541,538,0
假设您是一位 30 岁的男性，职业类型为 咨询，目前已匹配到一位伴侣。您当前伴侣的得分（满分 10 分）：吸引力：6.0/10，真诚度：7.0/10，智力：7.0/10，幽默感：6.0/10，野心：9.0/10，共同兴趣：6.0/10。一位新女性正在向您求爱，其得分为：吸引力：4.0/10，真诚度：6.0/10，智力：6.0/10，幽默度：6.0/10，抱负：7.0/10，共同兴趣：6.0/10。您的重要性权重为：吸引力：35.0，真诚度：10.0，智力：20.0，幽默度：25.0，抱负： 5.0，共同兴趣：5.0。你会为了新女友离开现在的伴侣吗？你的答案必须是或否，然后说明你的理由。你必须遵守这条规则！你不能说其他话。,否。根据您提供的评分和权重，目前的伴侣在各项指标上的得分加权总和（吸引力6.0*35% + 真诚度7.0*10% + 智力7.0*20% + 幽默感6.0*25% + 野心9.0*5% + 共同兴趣6.0*5%）高于新女性的加权总和（吸引力4.0*35% + 真诚度6.0*10% + 智力6.0*20% + 幽默感6.0*25% + 抱负7.0*5% + 共同兴趣6.0*5%）。因此，从数据上看，您没有理由放弃现有的伴侣。,525,546,540,0
假设您是一位 23 岁的男性，职业类型为 医生，目前已匹配到一位伴侣。您当前伴侣的得分（满分 10 分）：吸引力：6.0/10，真诚度：9.0/10，智力：8.0/10，幽默感：6.0/10，野心：7.0/10，共同兴趣：7.0/10。一位新女性正在向您求爱，其得分为：吸引力：6.0/10，真诚度：8.0/10，智力：7.0/10，幽默度：7.0/10，抱负：6.0/10，共同兴趣：6.0/10。您的重要性权重为：吸引力：15.0，真诚度：25.0，智力：20.0，幽默度：10.0，抱负： 10.0，共同兴趣：20.0。你会为了新女友离开现在的伴侣吗？你的答案必须是或否，然后说明你的理由。你必须遵守这条规则！你不能说其他话。,否。根据您给出的权重和得分，我当前伴侣的总得分为（6*15 + 9*25 + 8*20 + 6*10 + 7*10 + 7*20）/100 = 7.4，而新女性的总得分为（6*15 + 8*25 + 7*20 + 7*10 + 6*10 + 6*20）/100 = 6.8。虽然新女性在某些方面得分更高，但综合考虑所有因素，我当前伴侣的总体得分更高，更符合我的价值观和偏好。因此，我不会为了新女友离开现在的伴侣。,524,544,551,0
假设您是一位 23 岁的男性，职业类型为 医生，目前已匹配到一位伴侣。您当前伴侣的得分（满分 10 分）：吸引力：6.0/10，真诚度：7.0/10，智力：7.0/10，幽默感：6.0/10，野心：9.0/10，共同兴趣：6.0/10。一位新女性正在向您求爱，其得分为：吸引力：6.0/10，真诚度：7.0/10，智力：7.0/10，幽默度：6.0/10，抱负：7.0/10，共同兴趣：6.0/10。您的重要性权重为：吸引力：15.0，真诚度：25.0，智力：20.0，幽默度：10.0，抱负： 10.0，共同兴趣：20.0。你会为了新女友离开现在的伴侣吗？你的答案必须是或否，然后说明你的理由。你必须遵守这条规则！你不能说其他话。,否。根据你给出的重要性权重，当前伴侣的总得分为：(6*15 + 7*25 + 7*20 + 6*10 + 9*10 + 6*20) / 100 = 70分，而新女性的总得分为：(6*15 + 7*25 + 7*20 + 6*10 + 7*10 + 6*20) / 100 = 68.5分。所以，从分数上来看，当前伴侣更符合你的偏好，因此不应该为了新女性离开现在的伴侣。,525,544,540,0
假设您是一位 28 岁的男性，职业类型为 综合管理 / 咨询，目前已匹配到一位伴侣。您当前伴侣的得分（满分 10 分）：吸引力：5.0/10，真诚度：8.0/10，智力：8.0/10，幽默感：9.0/10，野心：8.0/10，共同兴趣：2.0/10。一位新女性正在向您求爱，其得分为：吸引力：7.0/10，真诚度：7.0/10，智力：8.0/10，幽默度：8.0/10，抱负：7.0/10，共同兴趣：6.0/10。您的重要性权重为：吸引力：20.0，真诚度：20.0，智力：20.0，幽默度：20.0，抱负： 0.0，共同兴趣：20.0。你会为了新女友离开现在的伴侣吗？你的答案必须是或否，然后说明你的理由。你必须遵守这条规则！你不能说其他话。,否。虽然新女性在吸引力和共同兴趣上得分较高，但现有的伴侣在真诚度、智力、幽默感方面得分更高，这些因素在你的权重中占了60%，而且你的野心权重为0，因此现有伴侣更符合你的重要标准。,518,549,550,0
假设您是一位 28 岁的男性，职业类型为 综合管理 / 咨询，目前已匹配到一位伴侣。您当前伴侣的得分（满分 10 分）：吸引力：8.0/10，真诚度：9.0/10，智力：7.0/10，幽默感：9.0/10，野心：nan/10，共同兴趣：7.0/10。一位新女性正在向您求爱，其得分为：吸引力：6.0/10，真诚度：8.0/10，智力：8.0/10，幽默度：8.0/10，抱负：7.0/10，共同兴趣：5.0/10。您的重要性权重为：吸引力：20.0，真诚度：20.0，智力：20.0，幽默度：20.0，抱负： 0.0，共同兴趣：20.0。你会为了新女友离开现在的伴侣吗？你的答案必须是或否，然后说明你的理由。你必须遵守这条规则！你不能说其他话。,否。根据给出的得分和权重，当前伴侣的加权得分更高，具体计算如下：当前伴侣：(8*20 + 9*20 + 7*20 + 9*20 + 0*7 + 7*20) / 100 = 8.4分；新女性：(6*20 + 8*20 + 8*20 + 8*20 + 7*0 + 5*20) / 100 = 7.2分。因此，我会选择与当前伴侣保持关系。,522,549,538,0
假设您是一位 26 岁的男性，职业类型为 学术 / 金融，目前已匹配到一位伴侣。您当前伴侣的得分（满分 10 分）：吸引力：5.0/10，真诚度：8.0/10，智力：8.0/10，幽默感：9.0/10，野心：8.0/10，共同兴趣：2.0/10。一位新女性正在向您求爱，其得分为：吸引力：8.0/10，真诚度：8.0/10，智力：7.0/10，幽默度：7.0/10，抱负：nan/10，共同兴趣：4.0/10。您的重要性权重为：吸引力：25.0，真诚度：25.0，智力：25.0，幽默度：13.0，抱负： 12.0，共同兴趣：0.0。你会为了新女友离开现在的伴侣吗？你的答案必须是或否，然后说明你的理由。你必须遵守这条规则！你不能说其他话。,否。我的理由是根据你提供的评分和重要性权重，目前的伴侣的总得分为：（5*25%+8*25%+8*25%+9*13%+8*12%+2*0%）=7.25，而新女性的总得分为：（8*25%+8*25%+7*25%+7*13%+0*12%+4*0%）=7.45。虽然新女性的总评分略高，但差距非常小，同时考虑到抱负一项的价值为nan，其不确定性也较大。此外，目前的伴侣在幽默感和共同兴趣上得分较高，这些因素在长期关系中同样重要。因此，我不会为了新女性离开现在的伴侣。,518,533,550,1
假设您是一位 23 岁的男性，职业类型为 企业家，目前已匹配到一位伴侣。您当前伴侣的得分（满分 10 分）：吸引力：6.0/10，真诚度：9.0/10，智力：8.0/10，幽默感：6.0/10，野心：7.0/10，共同兴趣：7.0/10。一位新女性正在向您求爱，其得分为：吸引力：7.0/10，真诚度：8.0/10，智力：9.0/10，幽默度：8.0/10，抱负：7.0/10，共同兴趣：8.0/10。您的重要性权重为：吸引力：40.0，真诚度：30.0，智力：0.0，幽默度：20.0，抱负： 0.0，共同兴趣：10.0。你会为了新女友离开现在的伴侣吗？你的答案必须是或否，然后说明你的理由。你必须遵守这条规则！你不能说其他话。,否。根据您提供的评分标准和重要性权重计算，虽然新女性在吸引力、真诚度、智力、幽默感和共同兴趣上得分略高，但在最重要的几个方面（吸引力和真诚度）的优势并不足以构成巨大的差距。考虑到您与当前伴侣在真诚度上的高分，这表明你们之间有很好的信任和情感基础，因此我会建议继续维持现有的关系。,524,541,551,0
假设您是一位 23 岁的男性，职业类型为 医生，目前已匹配到一位伴侣。您当前伴侣的得分（满分 10 分）：吸引力：6.0/10，真诚度：5.0/10，智力：3.0/10，幽默感：7.0/10，野心：8.0/10，共同兴趣：8.0/10。一位新女性正在向您求爱，其得分为：吸引力：6.0/10，真诚度：7.0/10，智力：6.0/10，幽默度：4.0/10，抱负：6.0/10，共同兴趣：4.0/10。您的重要性权重为：吸引力：15.0，真诚度：25.0，智力：20.0，幽默度：10.0，抱负： 10.0，共同兴趣：20.0。你会为了新女友离开现在的伴侣吗？你的答案必须是或否，然后说明你的理由。你必须遵守这条规则！你不能说其他话。,否。根据您提供的评分和权重，目前的伴侣在真诚度、智力、幽默感、野心和共同兴趣方面都比新女性得高分。虽然新女性的真诚度和智力得分较高，但在其他方面与您当前伴侣相比略显不足。因此，基于您对各项特质的重要性权重，当前的伴侣更符合您的整体期望。,526,544,534,0
假设您是一位 23 岁的男性，职业类型为 医生，目前已匹配到一位伴侣。您当前伴侣的得分（满分 10 分）：吸引力：7.0/10，真诚度：7.0/10，智力：8.0/10，幽默感：6.0/10，野心：7.0/10，共同兴趣：5.0/10。一位新女性正在向您求爱，其得分为：吸引力：7.0/10，真诚度：8.0/10，智力：7.0/10，幽默度：7.0/10，抱负：7.0/10，共同兴趣：7.0/10。您的重要性权重为：吸引力：15.0，真诚度：25.0，智力：20.0，幽默度：10.0，抱负： 10.0，共同兴趣：20.0。你会为了新女友离开现在的伴侣吗？你的答案必须是或否，然后说明你的理由。你必须遵守这条规则！你不能说其他话。,否。根据您提供的权重和得分，当前伴侣的加权得分为（7*15 + 7*25 + 8*20 + 6*10 + 7*10 + 5*20）/100=6.95。而新女性的加权得分为（7*15 + 8*25 + 7*20 + 7*10 + 7*10 + 7*20）/100=7.15。虽然新女性的加权得分略高于当前伴侣，但分差很小，且您已经与当前伴侣建立了感情和关系，因此没有必要为了小分差离开当前伴侣。,530,544,548,0
假设您是一位 23 岁的男性，职业类型为 医生，目前已匹配到一位伴侣。您当前伴侣的得分（满分 10 分）：吸引力：5.0/10，真诚度：6.0/10，智力：7.0/10，幽默感：8.0/10，野心：7.0/10，共同兴趣：nan/10。一位新女性正在向您求爱，其得分为：吸引力：8.0/10，真诚度：2.0/10，智力：4.0/10，幽默度：5.0/10，抱负：5.0/10，共同兴趣：4.0/10。您的重要性权重为：吸引力：15.0，真诚度：25.0，智力：20.0，幽默度：10.0，抱负： 10.0，共同兴趣：20.0。你会为了新女友离开现在的伴侣吗？你的答案必须是或否，然后说明你的理由。你必须遵守这条规则！你不能说其他话。,否，我不会为了新女友离开现在的伴侣。根据你的权重，现有伴侣在真诚度、智力、幽默感和共同兴趣上的得分都高于新女性，而这些方面的权重占比较大，特别是真诚度和共同兴趣。虽然新女性在吸引力方面得分较高，但是吸引力的权重相较于其他因素较低。综合考虑，现配有更高的综合得分。,515,544,543,1
假设您是一位 30 岁的男性，职业类型为 咨询，目前已匹配到一位伴侣。您当前伴侣的得分（满分 10 分）：吸引力：4.0/10，真诚度：7.0/10，智力：8.0/10，幽默感：3.0/10，野心：8.0/10，共同兴趣：2.0/10。一位新女性正在向您求爱，其得分为：吸引力：5.0/10，真诚度：6.0/10，智力：7.0/10，幽默度：7.0/10，抱负：6.0/10，共同兴趣：6.0/10。您的重要性权重为：吸引力：35.0，真诚度：10.0，智力：20.0，幽默度：25.0，抱负： 5.0，共同兴趣：5.0。你会为了新女友离开现在的伴侣吗？你的答案必须是或否，然后说明你的理由。你必须遵守这条规则！你不能说其他话。,否。根据你给出的重要性权重和各自的特点得分，我算了一下总分。当前伴侣的总分为：4*3.5 + 7*1 + 8*2 + 3*2.5 + 8*0.5 + 2*0.5 = 49.5。新女性的总分为：5*3.5 + 6*1 + 7*2 + 7*2.5 + 6*0.5 + 6*0.5 = 59。虽然新女性的总分更高，但是总体上两者的差距不大，且维持现有的关系无疑更为稳妥，因为情感关系中的不确定性因素较多，频繁更换伴侣可能不利于长期稳定的发展。因此，我选择不为了新女性离开现有伴侣。,527,546,532,1
假设您是一位 26 岁的男性，职业类型为 ASIC 芯片工程师，目前已匹配到一位伴侣。您当前伴侣的得分（满分 10 分）：吸引力：5.0/10，真诚度：4.0/10，智力：6.0/10，幽默感：6.0/10，野心：5.0/10，共同兴趣：4.0/10。一位新女性正在向您求爱，其得分为：吸引力：6.0/10，真诚度：8.0/10，智力：9.0/10，幽默度：8.0/10，抱负：8.0/10，共同兴趣：8.0/10。您的重要性权重为：吸引力：25.0，真诚度：20.0，智力：20.0，幽默度：20.0，抱负： 5.0，共同兴趣：10.0。你会为了新女友离开现在的伴侣吗？你的答案必须是或否，然后说明你的理由。你必须遵守这条规则！你不能说其他话。,是。根据您提供的评分和重要性权重，新女性在几乎所有方面都高于您当前伴侣，尤其是在真诚度、智力、幽默感和共同兴趣方面。这些因素加权后的总分，新女性显然更高，因此选择新女性对您来说更符合您的价值观和需求。,529,532,536,1
假设您是一位 28 岁的男性，职业类型为 综合管理 / 咨询，目前已匹配到一位伴侣。您当前伴侣的得分（满分 10 分）：吸引力：5.0/10，真诚度：4.0/10，智力：8.0/10，幽默感：5.0/10，野心：7.0/10，共同兴趣：8.0/10。一位新女性正在向您求爱，其得分为：吸引力：3.0/10，真诚度：7.0/10，智力：6.0/10，幽默度：8.0/10，抱负：9.0/10，共同兴趣：5.0/10。您的重要性权重为：吸引力：20.0，真诚度：20.0，智力：20.0，幽默度：20.0，抱负： 0.0，共同兴趣：20.0。你会为了新女友离开现在的伴侣吗？你的答案必须是或否，然后说明你的理由。你必须遵守这条规则！你不能说其他话。,否。根据您提供的各个维度的得分和重要性权重，可以计算出当前伴侣和新女性的加权得分。当前伴侣的加权得分为：5.0*0.2 + 4.0*0.2 + 8.0*0.2 + 5.0*0.2 + 7.0*0 + 8.0*0.2 = 5.8，新女性的加权得分为：3.0*0.2 + 7.0*0.2 + 6.0*0.2 + 8.0*0.2 + 9.0*0 + 5.0*0.2 = 5.4。因此，当前伴侣的加权得分高于新女性，所以不会为了新女性离开现在的伴侣。,523,549,547,0
假设您是一位 24 岁的男性，职业类型为 研究工程师，目前已匹配到一位伴侣。您当前伴侣的得分（满分 10 分）：吸引力：7.0/10，真诚度：7.0/10，智力：7.0/10，幽默感：8.0/10，野心：7.0/10，共同兴趣：8.0/10。一位新女性正在向您求爱，其得分为：吸引力：9.0/10，真诚度：8.0/10，智力：8.0/10，幽默度：8.0/10，抱负：8.0/10，共同兴趣：7.0/10。您的重要性权重为：吸引力：20.0，真诚度：16.0，智力：16.0，幽默度：17.0，抱负： 16.0，共同兴趣：15.0。你会为了新女友离开现在的伴侣吗？你的答案必须是或否，然后说明你的理由。你必须遵守这条规则！你不能说其他话。,否。虽然新女性在吸引力、真诚度、智力、抱负方面得分高于当前伴侣，但当前伴侣在幽默感和共同兴趣方面得分较高。综合考虑所有因素和您给予的重要性权重，当前伴侣的整体得分会比新女性略高一些。因此，我建议您保持现有关系。,516,543,552,0
假设您是一位 28 岁的男性，职业类型为 综合管理 / 咨询，目前已匹配到一位伴侣。您当前伴侣的得分（满分 10 分）：吸引力：6.0/10，真诚度：5.0/10，智力：3.0/10，幽默感：7.0/10，野心：8.0/10，共同兴趣：8.0/10。一位新女性正在向您求爱，其得分为：吸引力：2.0/10，真诚度：7.0/10，智力：7.0/10，幽默度：8.0/10，抱负：7.0/10，共同兴趣：6.0/10。您的重要性权重为：吸引力：20.0，真诚度：20.0，智力：20.0，幽默度：20.0，抱负： 0.0，共同兴趣：20.0。你会为了新女友离开现在的伴侣吗？你的答案必须是或否，然后说明你的理由。你必须遵守这条规则！你不能说其他话。,否。根据您给出的重要性权重，当前伴侣的综合得分为（6.0*20 + 5.0*20 + 3.0*20 + 7.0*20 + 8.0*0 + 8.0*20）/ 100 = 5.8 分，而新女性的综合得分为（2.0*20 + 7.0*20 + 7.0*20 + 8.0*20 + 7.0*0 + 6.0*20）/ 100 = 6.4 分。尽管新女性在综合得分上略高，但是您当前的伴侣在吸引力、智力、共同兴趣等方面更加符合您的偏好，因此不建议为了新女性离开当前伴侣。,526,549,534,1
假设您是一位 22 岁的男性，职业类型为 法律，目前已匹配到一位伴侣。您当前伴侣的得分（满分 10 分）：吸引力：6.0/10，真诚度：7.0/10，智力：10.0/10，幽默感：9.0/10，野心：10.0/10，共同兴趣：5.0/10。一位新女性正在向您求爱，其得分为：吸引力：6.0/10，真诚度：8.0/10，智力：7.0/10，幽默度：4.0/10，抱负：5.0/10，共同兴趣：5.0/10。您的重要性权重为：吸引力：20.0，真诚度：5.0，智力：25.0，幽默度：25.0，抱负： 5.0，共同兴趣：20.0。你会为了新女友离开现在的伴侣吗？你的答案必须是或否，然后说明你的理由。你必须遵守这条规则！你不能说其他话。,否。根据您的重要性权重和两位女性的得分来看，您当前伴侣在智力、幽默感和野心方面的得分较高。这些属性在您的权重中占比较大，因此您当前伴侣的总分更高。所以，您不会为了新女性离开现在的伴侣。,514,537,539,0
假设您是一位 24 岁的男性，职业类型为 软件工程师 / 网络工程师，目前已匹配到一位伴侣。您当前伴侣的得分（满分 10 分）：吸引力：5.0/10，真诚度：7.0/10，智力：5.0/10，幽默感：4.0/10，野心：5.0/10，共同兴趣：4.0/10。一位新女性正在向您求爱，其得分为：吸引力：6.0/10，真诚度：6.0/10，智力：6.0/10，幽默度：6.0/10，抱负：6.0/10，共同兴趣：6.0/10。您的重要性权重为：吸引力：30.0，真诚度：30.0，智力：30.0，幽默度：5.0，抱负： 2.0，共同兴趣：3.0。你会为了新女友离开现在的伴侣吗？你的答案必须是或否，然后说明你的理由。你必须遵守这条规则！你不能说其他话。,否。虽然新求爱者的各项得分相对较高，但根据你的权重分配，当前伴侣在真诚度上的得分较高，这个特质在你的权重中占据了30%的比例，而新求爱者在吸引力方面的提升并未完全弥补真诚度和智力上的差距。因此，根据你给出的条件和权重，依然更倾向于当前伴侣。,529,534,532,0
假设您是一位 23 岁的男性，职业类型为 企业家，目前已匹配到一位伴侣。您当前伴侣的得分（满分 10 分）：吸引力：6.0/10，真诚度：5.0/10，智力：8.0/10，幽默感：8.0/10，野心：7.0/10，共同兴趣：2.0/10。一位新女性正在向您求爱，其得分为：吸引力：4.0/10，真诚度：9.0/10，智力：8.0/10，幽默度：6.0/10，抱负：7.0/10，共同兴趣：5.0/10。您的重要性权重为：吸引力：40.0，真诚度：30.0，智力：0.0，幽默度：20.0，抱负： 0.0，共同兴趣：10.0。你会为了新女友离开现在的伴侣吗？你的答案必须是或否，然后说明你的理由。你必须遵守这条规则！你不能说其他话。,否。根据您提供的权重，我会计算两个潜在伴侣的加权得分。当前伴侣的加权得分为：(6*40+5*30+8*0+8*20+7*0+2*10)/100 = 6.1，而新女性的加权得分为：(4*40+9*30+8*0+6*20+7*0+5*10)/100 = 5.7。因此，根据您的重要性权重，当前伴侣的总体得分更高，所以不会为了新女性离开现在伴侣。,527,541,546,0
假设您是一位 23 岁的男性，职业类型为 进入金融领域，目前已匹配到一位伴侣。您当前伴侣的得分（满分 10 分）：吸引力：7.0/10，真诚度：7.0/10，智力：7.0/10，幽默感：8.0/10，野心：7.0/10，共同兴趣：8.0/10。一位新女性正在向您求爱，其得分为：吸引力：9.0/10，真诚度：4.0/10，智力：6.0/10，幽默度：7.0/10，抱负：6.0/10，共同兴趣：6.0/10。您的重要性权重为：吸引力：25.0，真诚度：15.0，智力：20.0，幽默度：20.0，抱负： 10.0，共同兴趣：10.0。你会为了新女友离开现在的伴侣吗？你的答案必须是或否，然后说明你的理由。你必须遵守这条规则！你不能说其他话。,否。尽管新女性在吸引力上得分更高，但她的真诚度、智力、野心和共同兴趣的得分都较低。根据你的重要性权重，你更看重真诚度、智力和共同兴趣，而这些因素在你的当前伴侣身上表现得更好。幽默感对你也较为重要，你的当前伴侣在这方面也得到了高分。因此，综合考虑所有因素，你的当前伴侣更符合你对理想伴侣的要求。,516,542,552,0
假设您是一位 29 岁的男性，职业类型为 金融，目前已匹配到一位伴侣。您当前伴侣的得分（满分 10 分）：吸引力：8.0/10，真诚度：9.0/10，智力：7.0/10，幽默感：9.0/10，野心：nan/10，共同兴趣：7.0/10。一位新女性正在向您求爱，其得分为：吸引力：7.0/10，真诚度：8.0/10，智力：9.0/10，幽默度：7.0/10，抱负：8.0/10，共同兴趣：5.0/10。您的重要性权重为：吸引力：30.0，真诚度：20.0，智力：20.0，幽默度：20.0，抱负： 10.0，共同兴趣：0.0。你会为了新女友离开现在的伴侣吗？你的答案必须是或否，然后说明你的理由。你必须遵守这条规则！你不能说其他话。,否。根据提供的评分和权重，当前伴侣的加权得分为：(8 * 30 + 9 * 20 + 7 * 20 + 9 * 20 + 0 * 10 + 7 * 0) / 100 = 8.2。新女性的加权得分为：(7 * 30 + 8 * 20 + 9 * 20 + 7 * 20 + 8 * 10 + 5 * 0) / 100 = 7.6。因此，当前伴侣的加权得分更高，我会选择保持现状。,522,536,538,0
假设您是一位 24 岁的男性，职业类型为 研究工程师，目前已匹配到一位伴侣。您当前伴侣的得分（满分 10 分）：吸引力：6.0/10，真诚度：6.0/10，智力：7.0/10，幽默感：6.0/10，野心：6.0/10，共同兴趣：nan/10。一位新女性正在向您求爱，其得分为：吸引力：6.0/10，真诚度：8.0/10，智力：8.0/10，幽默度：8.0/10，抱负：8.0/10，共同兴趣：5.0/10。您的重要性权重为：吸引力：20.0，真诚度：16.0，智力：16.0，幽默度：17.0，抱负： 16.0，共同兴趣：15.0。你会为了新女友离开现在的伴侣吗？你的答案必须是或否，然后说明你的理由。你必须遵守这条规则！你不能说其他话。,否。根据您的重要性权重和双方得分计算，您当前伴侣的加权得分为：(6*20 + 6*16 + 7*16 + 6*17 + 6*16) / 85 ≈ 6.29，而新女性的加权得分为：(6*20 + 8*16 + 8*16 + 8*17 + 8*16 + 5*15) / 85 ≈ 7.15。尽管新女性的加权得分更高，但是考虑感情投入和关系稳定性的因素，不应该简单地因为新遇到的人评分更高而离开现任伴侣。变更伴侣应该基于更加全面和深入的考量。所以，我的建议是不会为了新女性离开现任伴侣。,518,543,533,1
假设您是一位 23 岁的男性，职业类型为 企业家，目前已匹配到一位伴侣。您当前伴侣的得分（满分 10 分）：吸引力：6.0/10，真诚度：5.0/10，智力：7.0/10，幽默感：6.0/10，野心：nan/10，共同兴趣：nan/10。一位新女性正在向您求爱，其得分为：吸引力：6.0/10，真诚度：7.0/10，智力：6.0/10，幽默度：8.0/10，抱负：6.0/10，共同兴趣：4.0/10。您的重要性权重为：吸引力：40.0，真诚度：30.0，智力：0.0，幽默度：20.0，抱负： 0.0，共同兴趣：10.0。你会为了新女友离开现在的伴侣吗？你的答案必须是或否，然后说明你的理由。你必须遵守这条规则！你不能说其他话。,否。根据您提供的权重，当前伴侣和新女性的加权得分分别为：当前伴侣：(6.0 * 40.0 + 5.0 * 30.0 + 7.0 * 0.0 + 6.0 * 20.0 + 6.0 * 0.0 + 0.0 * 10.0) / 100 = 5.4 新女性：(6.0 * 40.0 + 7.0 * 30.0 + 6.0 * 0.0 + 8.0 * 20.0 + 6.0 * 0.0 + 4.0 * 10.0) / 100 = 6.1  虽然新女性的加权得分较高，但是换一个伴侣是一个很重大的决定，除了分数外，还需要考虑两人之间的情感联系和相处情况。因此，基于提供的信息和权重，我建议不要为了新女性离开当前伴侣。,518,541,543,1
假设您是一位 23 岁的男性，职业类型为 进入金融领域，目前已匹配到一位伴侣。您当前伴侣的得分（满分 10 分）：吸引力：3.0/10，真诚度：6.0/10，智力：5.0/10，幽默感：5.0/10，野心：5.0/10，共同兴趣：nan/10。一位新女性正在向您求爱，其得分为：吸引力：7.0/10，真诚度：10.0/10，智力：6.0/10，幽默度：7.0/10，抱负：6.0/10，共同兴趣：0.0/10。您的重要性权重为：吸引力：25.0，真诚度：15.0，智力：20.0，幽默度：20.0，抱负： 10.0，共同兴趣：10.0。你会为了新女友离开现在的伴侣吗？你的答案必须是或否，然后说明你的理由。你必须遵守这条规则！你不能说其他话。,否。根据您提供的评分和重要性权重，您的当前伴侣在真诚度方面得分较高，而新女性在除共同兴趣外的其他方面得分更高。然而，结合您的重要性权重，新女性虽然在整体评价上更优秀，但你们之间没有共同兴趣。考虑到共同兴趣在建立长期稳定关系中的重要性，以及当初选择伴侣时真诚度的重要性，我会选择保持当前的关系。,518,542,541,0
假设您是一位 26 岁的男性，职业类型为 学术 / 金融，目前已匹配到一位伴侣。您当前伴侣的得分（满分 10 分）：吸引力：6.0/10，真诚度：9.0/10，智力：8.0/10，幽默感：6.0/10，野心：7.0/10，共同兴趣：7.0/10。一位新女性正在向您求爱，其得分为：吸引力：8.0/10，真诚度：nan/10，智力：8.0/10，幽默度：8.0/10，抱负：nan/10，共同兴趣：7.0/10。您的重要性权重为：吸引力：25.0，真诚度：25.0，智力：25.0，幽默度：13.0，抱负： 12.0，共同兴趣：0.0。你会为了新女友离开现在的伴侣吗？你的答案必须是或否，然后说明你的理由。你必须遵守这条规则！你不能说其他话。,否。尽管新女性在吸引力和幽默感上得分更高，但当前伴侣在真诚度和智力上得分较高，而这些品质在您的重要性权重中占了很大的比例（分别为25%）。此外，新女性在真诚度和抱负方面的得分未知，这给您的决策带来了不确定性。因此，基于提供的信息和您的重要性权重，留在当前关系中可能是更好的选择。,524,533,551,1
假设您是一位 23 岁的男性，职业类型为 进入金融领域，目前已匹配到一位伴侣。您当前伴侣的得分（满分 10 分）：吸引力：8.0/10，真诚度：9.0/10，智力：7.0/10，幽默感：9.0/10，野心：nan/10，共同兴趣：7.0/10。一位新女性正在向您求爱，其得分为：吸引力：6.0/10，真诚度：5.0/10，智力：4.0/10，幽默度：6.0/10，抱负：7.0/10，共同兴趣：2.0/10。您的重要性权重为：吸引力：25.0，真诚度：15.0，智力：20.0，幽默度：20.0，抱负： 10.0，共同兴趣：10.0。你会为了新女友离开现在的伴侣吗？你的答案必须是或否，然后说明你的理由。你必须遵守这条规则！你不能说其他话。,否。根据您提供的权重和得分，当前伴侣在吸引力、真诚度、智力、幽默感和共同兴趣方面的得分均高于新女性。尽管新女性在抱负方面得分较高，但综合考虑各方面的权重，当前伴侣的整体匹配度更高。因此，不建议您为了新女性离开现在的伴侣。,522,542,538,0
假设您是一位 30 岁的男性，职业类型为 金融，目前已匹配到一位伴侣。您当前伴侣的得分（满分 10 分）：吸引力：8.0/10，真诚度：9.0/10，智力：7.0/10，幽默感：9.0/10，野心：nan/10，共同兴趣：7.0/10。一位新女性正在向您求爱，其得分为：吸引力：6.0/10，真诚度：7.0/10，智力：6.0/10，幽默度：4.0/10，抱负：4.0/10，共同兴趣：5.0/10。您的重要性权重为：吸引力：30.0，真诚度：3.0，智力：30.0，幽默度：30.0，抱负： 3.0，共同兴趣：4.0。你会为了新女友离开现在的伴侣吗？你的答案必须是或否，然后说明你的理由。你必须遵守这条规则！你不能说其他话。,否。根据您提供的得分和重要性权重，现有伴侣的总分为：(8 * 30) + (9 * 3) + (7 * 30) + (9 * 30) + (7 * 4) = 240 + 27 + 210 + 270 + 28 = 775。新求爱者的得分为：(6 * 30) + (7 * 3) + (6 * 30) + (4 * 30) + (4 * 3) + (5 * 4) = 180 + 21 + 180 + 120 + 12 + 20 = 533。因此，现有伴侣的得分更高，不应该为了新求爱者离开现有伴侣。,522,550,538,0
假设您是一位 24 岁的男性，职业类型为 研究工程师，目前已匹配到一位伴侣。您当前伴侣的得分（满分 10 分）：吸引力：10.0/10，真诚度：5.0/10，智力：8.0/10，幽默感：10.0/10，野心：5.0/10，共同兴趣：5.0/10。一位新女性正在向您求爱，其得分为：吸引力：4.0/10，真诚度：8.0/10，智力：8.0/10，幽默度：7.0/10，抱负：8.0/10，共同兴趣：4.0/10。您的重要性权重为：吸引力：20.0，真诚度：16.0，智力：16.0，幽默度：17.0，抱负： 16.0，共同兴趣：15.0。你会为了新女友离开现在的伴侣吗？你的答案必须是或否，然后说明你的理由。你必须遵守这条规则！你不能说其他话。,否。因为根据你的重要性权重，你当前伴侣在吸引力和幽默感上得分很高，这两个因素在你的权重中占据了相当大的比例（37%）。即使新女性在真诚度、智力和抱负上得分更高，但吸引力和幽默感的得分差距较大，因此综合来看，当前伴侣的总分更高，更符合你的偏好。,526,543,549,0
假设您是一位 27 岁的男性，职业类型为 银行业，目前已匹配到一位伴侣。您当前伴侣的得分（满分 10 分）：吸引力：10.0/10，真诚度：5.0/10，智力：8.0/10，幽默感：10.0/10，野心：5.0/10，共同兴趣：5.0/10。一位新女性正在向您求爱，其得分为：吸引力：7.0/10，真诚度：7.0/10，智力：7.0/10，幽默度：7.0/10，抱负：7.0/10，共同兴趣：7.0/10。您的重要性权重为：吸引力：40.0，真诚度：20.0，智力：20.0，幽默度：20.0，抱负： 0.0，共同兴趣：0.0。你会为了新女友离开现在的伴侣吗？你的答案必须是或否，然后说明你的理由。你必须遵守这条规则！你不能说其他话。,否。根据您提供的权重和得分，您当前伴侣在您最重视的特质上（吸引力、智力和幽默感）得分很高，特别是吸引力方面得满分。虽然新女性在各个方面的得分较为均衡，但与您当前伴侣相比，并没有显著的优势。因此，没有必要为了新女性离开现在的伴侣。,526,551,549,1
假设您是一位 24 岁的男性，职业类型为 软件工程师 / 网络工程师，目前已匹配到一位伴侣。您当前伴侣的得分（满分 10 分）：吸引力：7.0/10，真诚度：7.0/10，智力：8.0/10，幽默感：6.0/10，野心：7.0/10，共同兴趣：5.0/10。一位新女性正在向您求爱，其得分为：吸引力：6.0/10，真诚度：6.0/10，智力：6.0/10，幽默度：7.0/10，抱负：5.0/10，共同兴趣：7.0/10。您的重要性权重为：吸引力：30.0，真诚度：30.0，智力：30.0，幽默度：5.0，抱负： 2.0，共同兴趣：3.0。你会为了新女友离开现在的伴侣吗？你的答案必须是或否，然后说明你的理由。你必须遵守这条规则！你不能说其他话。,否。目前伴侣在吸引力、真诚度、智力和野心方面得分较高，而这些因素在您的重要性权重中占据较大的比例。虽然新女性在幽默感和共同兴趣上得分更高，但这在您重要性权重中的比例较低，不足以让您为了新女友离开现在的伴侣。,530,534,548,0
假设您是一位 29 岁的男性，职业类型为 金融，目前已匹配到一位伴侣。您当前伴侣的得分（满分 10 分）：吸引力：6.0/10，真诚度：5.0/10，智力：8.0/10，幽默感：8.0/10，野心：7.0/10，共同兴趣：2.0/10。一位新女性正在向您求爱，其得分为：吸引力：7.0/10，真诚度：7.0/10，智力：8.0/10，幽默度：4.0/10，抱负：7.0/10，共同兴趣：7.0/10。您的重要性权重为：吸引力：30.0，真诚度：20.0，智力：20.0，幽默度：20.0，抱负： 10.0，共同兴趣：0.0。你会为了新女友离开现在的伴侣吗？你的答案必须是或否，然后说明你的理由。你必须遵守这条规则！你不能说其他话。,否。根据你提供的权重，对两位女性的得分进行加权计算后，当前伴侣的综合得分高于新女性。具体来说，当前伴侣的得分为：(6.0 * 30.0 + 5.0 * 20.0 + 8.0 * 20.0 + 8.0 * 20.0 + 7.0 * 10.0 + 2.0 * 0.0) / 100 = 6.5，而新女性的得分为：(7.0 * 30.0 + 7.0 * 20.0 + 8.0 * 20.0 + 4.0 * 20.0 + 7.0 * 10.0 + 7.0 * 0.0) / 100 = 6.4。既然当前伴侣的得分更高，因此没有理由为了新女性而离开现在的伴侣。,527,536,546,0
假设您是一位 30 岁的男性，职业类型为 金融，目前已匹配到一位伴侣。您当前伴侣的得分（满分 10 分）：吸引力：5.0/10，真诚度：8.0/10，智力：7.0/10，幽默感：7.0/10，野心：6.0/10，共同兴趣：5.0/10。一位新女性正在向您求爱，其得分为：吸引力：7.0/10，真诚度：6.0/10，智力：6.0/10，幽默度：6.0/10，抱负：5.0/10，共同兴趣：6.0/10。您的重要性权重为：吸引力：30.0，真诚度：3.0，智力：30.0，幽默度：30.0，抱负： 3.0，共同兴趣：4.0。你会为了新女友离开现在的伴侣吗？你的答案必须是或否，然后说明你的理由。你必须遵守这条规则！你不能说其他话。,否。根据您提供的权重和评分，当前伴侣的加权得分为 480（150 + 24 + 210 + 210 + 18 + 20），而新女性的加权得分为 448（210 + 18 + 180 + 180 + 15 + 24）。虽然新女性在吸引力方面得分更高，但综合来看，当前伴侣的整体加权得分更高，因此我不会为了新女性离开现在的伴侣。,524,550,533,0
假设您是一位 24 岁的男性，职业类型为 研究工程师，目前已匹配到一位伴侣。您当前伴侣的得分（满分 10 分）：吸引力：6.0/10，真诚度：5.0/10，智力：8.0/10，幽默感：8.0/10，野心：7.0/10，共同兴趣：2.0/10。一位新女性正在向您求爱，其得分为：吸引力：6.0/10，真诚度：8.0/10，智力：8.0/10，幽默度：7.0/10，抱负：8.0/10，共同兴趣：5.0/10。您的重要性权重为：吸引力：20.0，真诚度：16.0，智力：16.0，幽默度：17.0，抱负： 16.0，共同兴趣：15.0。你会为了新女友离开现在的伴侣吗？你的答案必须是或否，然后说明你的理由。你必须遵守这条规则！你不能说其他话。,否。虽然新女性在真诚度、幽默感、抱负和共同兴趣方面得分更高，但在所有属性上加权后，当前伴侣的总分（217）仍然略高于新女性（216）。因此，基于给定的分数和权重，不应该为了新女性而离开当前伴侣。,527,543,546,0
假设您是一位 22 岁的男性，职业类型为 法律，目前已匹配到一位伴侣。您当前伴侣的得分（满分 10 分）：吸引力：7.0/10，真诚度：7.0/10，智力：7.0/10，幽默感：8.0/10，野心：7.0/10，共同兴趣：8.0/10。一位新女性正在向您求爱，其得分为：吸引力：8.0/10，真诚度：8.0/10，智力：8.0/10，幽默度：6.0/10，抱负：6.0/10，共同兴趣：4.0/10。您的重要性权重为：吸引力：20.0，真诚度：5.0，智力：25.0，幽默度：25.0，抱负： 5.0，共同兴趣：20.0。你会为了新女友离开现在的伴侣吗？你的答案必须是或否，然后说明你的理由。你必须遵守这条规则！你不能说其他话。,否。根据您提供的权重和得分，当前伴侣在幽默感和共同兴趣上得分较高，而这些因素在您的权重中占有较大比例（幽默感25%，共同兴趣20%）。虽然新女性在吸引力、真诚度和智力上得分更高，但这些方面的优势并不足以弥补她在幽默感和共同兴趣上的低分。因此，根据您的个人偏好和伴侣特质的综合考量，您不应该为了新女友离开现在的伴侣。,516,537,552,0
假设您是一位 23 岁的男性，职业类型为 进入金融领域，目前已匹配到一位伴侣。您当前伴侣的得分（满分 10 分）：吸引力：6.0/10，真诚度：7.0/10，智力：7.0/10，幽默感：6.0/10，野心：9.0/10，共同兴趣：6.0/10。一位新女性正在向您求爱，其得分为：吸引力：2.0/10，真诚度：6.0/10，智力：7.0/10，幽默度：6.0/10，抱负：5.0/10，共同兴趣：4.0/10。您的重要性权重为：吸引力：25.0，真诚度：15.0，智力：20.0，幽默度：20.0，抱负： 10.0，共同兴趣：10.0。你会为了新女友离开现在的伴侣吗？你的答案必须是或否，然后说明你的理由。你必须遵守这条规则！你不能说其他话。,否。根据您提供的评分和权重，当前伴侣在吸引力、真诚度、智力、幽默感、野心和共同兴趣方面的得分加权总和为65.5，而新女性的得分为34.5。因此，您现有的关系更具价值，不应为了新女性离开当前伴侣。,525,542,540,0
假设您是一位 24 岁的男性，职业类型为 软件工程师 / 网络工程师，目前已匹配到一位伴侣。您当前伴侣的得分（满分 10 分）：吸引力：6.0/10，真诚度：7.0/10，智力：10.0/10，幽默感：9.0/10，野心：10.0/10，共同兴趣：5.0/10。一位新女性正在向您求爱，其得分为：吸引力：7.0/10，真诚度：7.0/10，智力：8.0/10，幽默度：7.0/10，抱负：8.0/10，共同兴趣：7.0/10。您的重要性权重为：吸引力：30.0，真诚度：30.0，智力：30.0，幽默度：5.0，抱负： 2.0，共同兴趣：3.0。你会为了新女友离开现在的伴侣吗？你的答案必须是或否，然后说明你的理由。你必须遵守这条规则！你不能说其他话。,否。基于给定的权重和得分，当前伴侣的加权总分为 6*30%+7*30%+10*30%+9*5%+10*2%+5*3%=7.55，而新女性的加权总分为 7*30%+7*30%+8*30%+7*5%+8*2%+7*3%=7.21。虽然新女性在吸引力、智力和共同兴趣方面得分更高，但是根据我给定的重要性权重，当前伴侣的加权总分要高于新女性的加权总分，因此我不会为了新女性而离开现在的伴侣。,514,534,539,1
假设您是一位 23 岁的男性，职业类型为 进入金融领域，目前已匹配到一位伴侣。您当前伴侣的得分（满分 10 分）：吸引力：10.0/10，真诚度：5.0/10，智力：8.0/10，幽默感：6.0/10，野心：9.0/10，共同兴趣：8.0/10。一位新女性正在向您求爱，其得分为：吸引力：4.0/10，真诚度：5.0/10，智力：7.0/10，幽默度：6.0/10，抱负：4.0/10，共同兴趣：3.0/10。您的重要性权重为：吸引力：25.0，真诚度：15.0，智力：20.0，幽默度：20.0，抱负： 10.0，共同兴趣：10.0。你会为了新女友离开现在的伴侣吗？你的答案必须是或否，然后说明你的理由。你必须遵守这条规则！你不能说其他话。,否，我不会为了新女友离开现在的伴侣。原因是在你的重要性和权重表中，当前伴侣在大多数项上得分较高，尤其是吸引力、智力、野心和共同兴趣方面。这些特质在你的权重表中占有较高的比重，让你的当前伴侣在整体评价中更符合你的期望。而新求爱的女性在各个方面的评分都相对较低，不能达到你的期望。因此，我会选择留在当前的伴侣身边。,526,542,551,1
假设您是一位 22 岁的男性，职业类型为 法律，目前已匹配到一位伴侣。您当前伴侣的得分（满分 10 分）：吸引力：3.0/10，真诚度：6.0/10，智力：5.0/10，幽默感：5.0/10，野心：5.0/10，共同兴趣：nan/10。一位新女性正在向您求爱，其得分为：吸引力：8.0/10，真诚度：8.0/10，智力：8.0/10，幽默度：8.0/10，抱负：5.0/10，共同兴趣：7.0/10。您的重要性权重为：吸引力：20.0，真诚度：5.0，智力：25.0，幽默度：25.0，抱负： 5.0，共同兴趣：20.0。你会为了新女友离开现在的伴侣吗？你的答案必须是或否，然后说明你的理由。你必须遵守这条规则！你不能说其他话。,是。新女性在吸引力、真诚度、智力、幽默感和共同兴趣上的得分都显著高于当前伴侣，特别是在吸引力、智力和幽默感方面，而这些方面的权重较高，对你的影响更大。因此，新女性更符合你的重要性和偏好，与她在一起可能会给你带来更高的满足感和幸福感。,518,537,541,1
假设您是一位 27 岁的男性，职业类型为 银行业，目前已匹配到一位伴侣。您当前伴侣的得分（满分 10 分）：吸引力：6.0/10，真诚度：5.0/10，智力：8.0/10，幽默感：8.0/10，野心：7.0/10，共同兴趣：2.0/10。一位新女性正在向您求爱，其得分为：吸引力：6.0/10，真诚度：6.0/10，智力：6.0/10，幽默度：6.0/10，抱负：6.0/10，共同兴趣：6.0/10。您的重要性权重为：吸引力：40.0，真诚度：20.0，智力：20.0，幽默度：20.0，抱负： 0.0，共同兴趣：0.0。你会为了新女友离开现在的伴侣吗？你的答案必须是或否，然后说明你的理由。你必须遵守这条规则！你不能说其他话。,否。根据您提供的权重和得分，您当前伴侣的加权得分为：(6*40 + 5*20 + 8*20 + 8*20 + 7*0 + 2*0) / 100 = 6.4分，而新女性的加权得分为：(6*40 + 6*20 + 6*20 + 6*20 + 6*0 + 6*0) / 100 = 6.0分。因此，从数值上来看，您当前的伴侣在您重视的特质上更符合您的要求。您所重视的特质主要集中在吸引力、真诚度、智力和幽默感上，即当前伴侣得分较高的部分。尽管新女性在某些方面表现得更加平衡，但按照您的权重分配，您当前的伴侣更加合适。,527,551,546,0
假设您是一位 23 岁的男性，职业类型为 企业家，目前已匹配到一位伴侣。您当前伴侣的得分（满分 10 分）：吸引力：7.0/10，真诚度：5.0/10，智力：3.0/10，幽默感：3.0/10，野心：7.0/10，共同兴趣：5.0/10。一位新女性正在向您求爱，其得分为：吸引力：nan/10，真诚度：7.0/10，智力：8.0/10，幽默度：5.0/10，抱负：6.0/10，共同兴趣：6.0/10。您的重要性权重为：吸引力：40.0，真诚度：30.0，智力：0.0，幽默度：20.0，抱负： 0.0，共同兴趣：10.0。你会为了新女友离开现在的伴侣吗？你的答案必须是或否，然后说明你的理由。你必须遵守这条规则！你不能说其他话。,否。根据你的评分和重要性权重，现有的伴侣在吸引力和野心这两个你最重视的维度上得分较高，而新求爱的女性在这两个方面并没有显示出更高的得分。虽然新女性在其他方面，如真诚度、智力和幽默感上得分更高，但由于你给这些方面的权重较低，所以这不足以成为你离开现有伴侣的理由。,526,541,542,0
假设您是一位 23 岁的男性，职业类型为 企业家，目前已匹配到一位伴侣。您当前伴侣的得分（满分 10 分）：吸引力：5.0/10，真诚度：7.0/10，智力：5.0/10，幽默感：4.0/10，野心：5.0/10，共同兴趣：4.0/10。一位新女性正在向您求爱，其得分为：吸引力：3.0/10，真诚度：8.0/10，智力：8.0/10，幽默度：7.0/10，抱负：8.0/10，共同兴趣：8.0/10。您的重要性权重为：吸引力：40.0，真诚度：30.0，智力：0.0，幽默度：20.0，抱负： 0.0，共同兴趣：10.0。你会为了新女友离开现在的伴侣吗？你的答案必须是或否，然后说明你的理由。你必须遵守这条规则！你不能说其他话。,否。根据您提供的权重和得分，我们可以通过计算加权得分来决定哪个伴侣更适合您。  当前伴侣的加权得分为： - 吸引力：5.0 * 40.0% = 2.0 - 真诚度：7.0 * 30.0% = 2.1 - 智力：5.0 * 0.0% = 0.0 - 幽默感：4.0 * 20.0% = 0.8 - 抱负：5.0 * 0.0% = 0.0 - 共同兴趣：4.0 * 10.0% = 0.4 总加权得分 = 5.3  新女性的加权得分为： - 吸引力：3.0 * 40.0% = 1.2 - 真诚度：8.0 * 30.0% = 2.4 - 智力：8.0 * 0.0% = 0.0 - 幽默感：7.0 * 20.0% = 1.4 - 抱负：8.0 * 0.0% = 0.0 - 共同兴趣：8.0 * 10.0% = 0.8 总加权得分 = 5.8  虽然新女性的总加权得分略高于当前伴侣，但考虑到两者之间的差距不大，且您已经与当前伴侣建立了一定的感情基础，离开现伴侣并不是最明智的选择。此外，您的主要权重放在吸引力上，而当前伴侣的吸引力得分为5.0，相对新女性的3.0更符合您的偏好。因此，我建议您继续维持与当前伴侣的关系。,529,541,532,1
假设您是一位 24 岁的男性，职业类型为 研究工程师，目前已匹配到一位伴侣。您当前伴侣的得分（满分 10 分）：吸引力：5.0/10，真诚度：7.0/10，智力：6.0/10，幽默感：6.0/10，野心：5.0/10，共同兴趣：8.0/10。一位新女性正在向您求爱，其得分为：吸引力：3.0/10，真诚度：8.0/10，智力：8.0/10，幽默度：8.0/10，抱负：8.0/10，共同兴趣：3.0/10。您的重要性权重为：吸引力：20.0，真诚度：16.0，智力：16.0，幽默度：17.0，抱负： 16.0，共同兴趣：15.0。你会为了新女友离开现在的伴侣吗？你的答案必须是或否，然后说明你的理由。你必须遵守这条规则！你不能说其他话。,否。根据您给出的评分和权重，当前伴侣在吸引力、真诚度、智力、幽默感、野心和共同兴趣方面的加权总分为6.4，而新女性的加权总分为5.6。虽然新女性在真诚度、智力、幽默感和抱负方面得分较高，但在吸引力和共同兴趣方面得分较低。综合考虑，您的当前伴侣在整体上与您更为匹配，因此我建议您不要为了新女性而离开现在的伴侣。,529,543,541,0
假设您是一位 26 岁的男性，职业类型为 ASIC 芯片工程师，目前已匹配到一位伴侣。您当前伴侣的得分（满分 10 分）：吸引力：7.0/10，真诚度：7.0/10，智力：8.0/10，幽默感：6.0/10，野心：7.0/10，共同兴趣：5.0/10。一位新女性正在向您求爱，其得分为：吸引力：7.0/10，真诚度：8.0/10，智力：8.0/10，幽默度：7.0/10，抱负：8.0/10，共同兴趣：9.0/10。您的重要性权重为：吸引力：25.0，真诚度：20.0，智力：20.0，幽默度：20.0，抱负： 5.0，共同兴趣：10.0。你会为了新女友离开现在的伴侣吗？你的答案必须是或否，然后说明你的理由。你必须遵守这条规则！你不能说其他话。,否。根据给定的重要性权重计算，目前的伴侣在总分上依然与新女性非常接近。经过计算，现有的伴侣的总分数为6.5，而新女性的总分数为7.1。虽然新女性的总分略高，但考虑到两人之间的情感投资和关系的稳定性，这些因素都是无法量化的。在实际的生活中，选择结束一个关系并开始新的关系需要考虑到更多的现实因素，包括但不限于情感的投入、未来的不确定性等。因此，不应该仅仅因为新女性的量化得分略高而选择离开现有伴侣。,530,532,548,1
假设您是一位 28 岁的男性，职业类型为 综合管理 / 咨询，目前已匹配到一位伴侣。您当前伴侣的得分（满分 10 分）：吸引力：6.0/10，真诚度：5.0/10，智力：8.0/10，幽默感：8.0/10，野心：7.0/10，共同兴趣：2.0/10。一位新女性正在向您求爱，其得分为：吸引力：5.0/10，真诚度：7.0/10，智力：7.0/10，幽默度：7.0/10，抱负：8.0/10，共同兴趣：6.0/10。您的重要性权重为：吸引力：20.0，真诚度：20.0，智力：20.0，幽默度：20.0，抱负： 0.0，共同兴趣：20.0。你会为了新女友离开现在的伴侣吗？你的答案必须是或否，然后说明你的理由。你必须遵守这条规则！你不能说其他话。,否。根据你给出的重要性权重和双方的得分，我们来计算一下总分。你当前伴侣的加权得分为：(6 * 20 + 5 * 20 + 8 * 20 + 8 * 20 + 7 * 0 + 2 * 20) / 100 = 6.6。新女性的加权得分为：(5 * 20 + 7 * 20 + 7 * 20 + 7 * 20 + 8 * 0 + 6 * 20) / 100 = 6.4。因此，根据你的偏好，你当前的伴侣得分更高，所以答案是否。,527,549,546,1
假设您是一位 29 岁的男性，职业类型为 金融，目前已匹配到一位伴侣。您当前伴侣的得分（满分 10 分）：吸引力：6.0/10，真诚度：8.0/10，智力：7.0/10，幽默感：7.0/10，野心：8.0/10，共同兴趣：5.0/10。一位新女性正在向您求爱，其得分为：吸引力：4.0/10，真诚度：9.0/10，智力：8.0/10，幽默度：4.0/10，抱负：8.0/10，共同兴趣：4.0/10。您的重要性权重为：吸引力：30.0，真诚度：20.0，智力：20.0，幽默度：20.0，抱负： 10.0，共同兴趣：0.0。你会为了新女友离开现在的伴侣吗？你的答案必须是或否，然后说明你的理由。你必须遵守这条规则！你不能说其他话。,否。根据您提供的权重和得分，当前伴侣在吸引力、智力、幽默感方面得分更高，而这些特质在您的重要性权重中占据了70%的比重。尽管新女性在真诚度和抱负方面得分较高，但她的吸引力和幽默感得分较低，这不符合您最重视的特质。因此，您不会为了新女性离开当前的伴侣。,530,536,532,0
假设您是一位 22 岁的男性，职业类型为 律师，目前已匹配到一位伴侣。您当前伴侣的得分（满分 10 分）：吸引力：5.0/10，真诚度：5.0/10，智力：7.0/10，幽默感：8.0/10，野心：7.0/10，共同兴趣：4.0/10。一位新女性正在向您求爱，其得分为：吸引力：8.0/10，真诚度：5.0/10，智力：8.0/10，幽默度：6.0/10，抱负：5.0/10，共同兴趣：7.0/10。您的重要性权重为：吸引力：30.0，真诚度：10.0，智力：20.0，幽默度：15.0，抱负： 15.0，共同兴趣：10.0。你会为了新女友离开现在的伴侣吗？你的答案必须是或否，然后说明你的理由。你必须遵守这条规则！你不能说其他话。,否。根据您的重要性权重，计算两位女性的得分，当前伴侣的得分为：30*5.0/10 + 10*5.0/10 + 20*7.0/10 + 15*8.0/10 + 15*7.0/10 + 10*4.0/10 = 15 + 5 + 14 + 12 + 10.5 + 4 = 60.5；而新女性的得分为：30*8.0/10 + 10*5.0/10 + 20*8.0/10 + 15*6.0/10 + 15*5.0/10 + 10*7.0/10 = 24 + 5 + 16 + 9 + 7.5 + 7 = 68.5。尽管新女性的得分较高，但考虑到人性中对感情的稳定性及道德因素，以及您已有稳定的伴侣，我建议您选择与当前伴侣继续维持关系，培养感情。而您可以和新女性保持良好的朋友关系，这样不会辜负对方的好意。,515,539,544,0
假设您是一位 30 岁的男性，职业类型为 咨询，目前已匹配到一位伴侣。您当前伴侣的得分（满分 10 分）：吸引力：8.0/10，真诚度：9.0/10，智力：7.0/10，幽默感：6.0/10，野心：6.0/10，共同兴趣：4.0/10。一位新女性正在向您求爱，其得分为：吸引力：5.0/10，真诚度：8.0/10，智力：5.0/10，幽默度：8.0/10，抱负：6.0/10，共同兴趣：7.0/10。您的重要性权重为：吸引力：35.0，真诚度：10.0，智力：20.0，幽默度：25.0，抱负： 5.0，共同兴趣：5.0。你会为了新女友离开现在的伴侣吗？你的答案必须是或否，然后说明你的理由。你必须遵守这条规则！你不能说其他话。,否。原因是在考虑了各项得分和你分配的重要性权重后，当前伴侣的加权得分更高。计算得出，当前伴侣的加权得分为：(8*35 + 9*10 + 7*20 + 6*25 + 6*5 + 4*5) / 100 = 6.8，而新女性的加权得分为：(5*35 + 8*10 + 5*20 + 8*25 + 6*5 + 7*5) / 100 = 6.0。因此，根据你给出的重要性权重，你应继续与当前伴侣维持关系。,514,546,534,1
假设您是一位 29 岁的男性，职业类型为 金融，目前已匹配到一位伴侣。您当前伴侣的得分（满分 10 分）：吸引力：6.0/10，真诚度：5.0/10，智力：7.0/10，幽默感：7.0/10，野心：5.0/10，共同兴趣：6.0/10。一位新女性正在向您求爱，其得分为：吸引力：9.0/10，真诚度：7.0/10，智力：8.0/10，幽默度：4.0/10，抱负：8.0/10，共同兴趣：3.0/10。您的重要性权重为：吸引力：30.0，真诚度：20.0，智力：20.0，幽默度：20.0，抱负： 10.0，共同兴趣：0.0。你会为了新女友离开现在的伴侣吗？你的答案必须是或否，然后说明你的理由。你必须遵守这条规则！你不能说其他话。,是。根据您给出的重要性权重计算总分，新女性的得分为 270（吸引力 9×30 + 真诚度 7×20 + 智力 8×20 + 幽默感 4×20 + 抱负 8×10 + 共同兴趣 3×0），而您当前伴侣的得分为 236（吸引力 6×30 + 真诚度 5×20 + 智力 7×20 + 幽默感 7×20 + 抱负 5×10 + 共同兴趣 6×0）。新女性在您认为重要的方面表现更好，所以根据这些数据，您可能会选择新女性。,511,536,531,1
假设您是一位 30 岁的男性，职业类型为 管理，目前已匹配到一位伴侣。您当前伴侣的得分（满分 10 分）：吸引力：5.0/10，真诚度：4.0/10，智力：8.0/10，幽默感：5.0/10，野心：7.0/10，共同兴趣：8.0/10。一位新女性正在向您求爱，其得分为：吸引力：1.0/10，真诚度：10.0/10，智力：6.0/10，幽默度：1.0/10，抱负：3.0/10，共同兴趣：1.0/10。您的重要性权重为：吸引力：40.0，真诚度：10.0，智力：20.0，幽默度：10.0，抱负： 0.0，共同兴趣：20.0。你会为了新女友离开现在的伴侣吗？你的答案必须是或否，然后说明你的理由。你必须遵守这条规则！你不能说其他话。,否。根据给出的评分和权重，现伴侣的加权得分为 5.0*40%+4.0*10%+8.0*20%+5.0*10%+7.0*0%+8.0*20% = 5.7。而新女性的加权得分为 1.0*40%+10.0*10%+6.0*20%+1.0*10%+3.0*0%+1.0*20% = 3.3。现伴侣的加权得分更高，因此不会为了新女性而离开现在的伴侣。,523,548,547,0
假设您是一位 27 岁的男性，职业类型为 银行业，目前已匹配到一位伴侣。您当前伴侣的得分（满分 10 分）：吸引力：5.0/10，真诚度：7.0/10，智力：6.0/10，幽默感：6.0/10，野心：5.0/10，共同兴趣：8.0/10。一位新女性正在向您求爱，其得分为：吸引力：5.0/10，真诚度：10.0/10，智力：10.0/10，幽默度：8.0/10，抱负：6.0/10，共同兴趣：5.0/10。您的重要性权重为：吸引力：40.0，真诚度：20.0，智力：20.0，幽默度：20.0，抱负： 0.0，共同兴趣：0.0。你会为了新女友离开现在的伴侣吗？你的答案必须是或否，然后说明你的理由。你必须遵守这条规则！你不能说其他话。,否。根据您的重要性权重，新女性在真诚度、智力和幽默感上的得分比当前伴侣更高，但在吸引力和共同兴趣上的得分较低。虽然新女性在真诚度、智力和幽默感方面更符合您的偏好，但吸引力在您的权重中占据了40%，这是一个很重要的因素。同时，共同兴趣也在您当前的关系中表现较好。因此，综合考虑，您不应该为了新女友离开现在的伴侣。,529,551,541,1
假设您是一位 25 岁的男性，职业类型为 教学，目前已匹配到一位伴侣。您当前伴侣的得分（满分 10 分）：吸引力：10.0/10，真诚度：9.0/10，智力：9.0/10，幽默感：8.0/10，野心：7.0/10，共同兴趣：5.0/10。一位新女性正在向您求爱，其得分为：吸引力：5.0/10，真诚度：10.0/10，智力：10.0/10，幽默度：8.0/10，抱负：10.0/10，共同兴趣：5.0/10。您的重要性权重为：吸引力：15.0，真诚度：30.0，智力：20.0，幽默度：20.0，抱负： 10.0，共同兴趣：5.0。你会为了新女友离开现在的伴侣吗？你的答案必须是或否，然后说明你的理由。你必须遵守这条规则！你不能说其他话。,否。根据您提供的评分和权重，目前伴侣的加权得分为：（10*15+9*30+9*20+8*20+7*10+5*5）/100=8.55，而新女性的加权得分为：（5*15+10*30+10*20+8*20+10*10+5*5）/100=8.05，因此选择留下当前伴侣。,514,531,546,0
假设您是一位 30 岁的男性，职业类型为 管理，目前已匹配到一位伴侣。您当前伴侣的得分（满分 10 分）：吸引力：4.0/10，真诚度：6.0/10，智力：7.0/10，幽默感：7.0/10，野心：8.0/10，共同兴趣：4.0/10。一位新女性正在向您求爱，其得分为：吸引力：2.0/10，真诚度：5.0/10，智力：5.0/10，幽默度：3.0/10，抱负：2.0/10，共同兴趣：1.0/10。您的重要性权重为：吸引力：40.0，真诚度：10.0，智力：20.0，幽默度：10.0，抱负： 0.0，共同兴趣：20.0。你会为了新女友离开现在的伴侣吗？你的答案必须是或否，然后说明你的理由。你必须遵守这条规则！你不能说其他话。,否。根据我的重要性权重，当前伴侣在吸引力、智力和共同兴趣等方面得分较高，而这些因素对我来说非常重要。虽然新女性在某些方面有其特点，但她的总体得分远低于我的现有伴侣。因此，我不会为了这位新女性离开我的伴侣。,527,548,549,0
假设您是一位 25 岁的男性，职业类型为 教学，目前已匹配到一位伴侣。您当前伴侣的得分（满分 10 分）：吸引力：7.0/10，真诚度：7.0/10，智力：7.0/10，幽默感：8.0/10，野心：7.0/10，共同兴趣：8.0/10。一位新女性正在向您求爱，其得分为：吸引力：10.0/10，真诚度：8.0/10，智力：10.0/10，幽默度：10.0/10，抱负：10.0/10，共同兴趣：5.0/10。您的重要性权重为：吸引力：15.0，真诚度：30.0，智力：20.0，幽默度：20.0，抱负： 10.0，共同兴趣：5.0。你会为了新女友离开现在的伴侣吗？你的答案必须是或否，然后说明你的理由。你必须遵守这条规则！你不能说其他话。,否。虽然新女性在吸引力、真诚度、智力、幽默感和抱负方面得分更高，但在共同兴趣方面得分较低，根据您的重要性权重，真诚度和共同兴趣加起来占到了35%，这部分您的现有伴侣表现更好。此外，现有伴侣在幽默感方面得分较高，这对您的满意度也非常重要。因此，综合考虑下，现有伴侣更符合您的重要性权重。,516,531,552,0
假设您是一位 24 岁的男性，职业类型为 研究工程师，目前已匹配到一位伴侣。您当前伴侣的得分（满分 10 分）：吸引力：6.0/10，真诚度：8.0/10，智力：7.0/10，幽默感：7.0/10，野心：8.0/10，共同兴趣：5.0/10。一位新女性正在向您求爱，其得分为：吸引力：3.0/10，真诚度：8.0/10，智力：8.0/10，幽默度：7.0/10，抱负：8.0/10，共同兴趣：3.0/10。您的重要性权重为：吸引力：20.0，真诚度：16.0，智力：16.0，幽默度：17.0，抱负： 16.0，共同兴趣：15.0。你会为了新女友离开现在的伴侣吗？你的答案必须是或否，然后说明你的理由。你必须遵守这条规则！你不能说其他话。,否。根据您的重要性权重，您的当前伴侣在吸引力、真诚度、智力、幽默感、野心和共同兴趣方面的总得分为（6*20+8*16+7*16+7*17+8*16+5*15）/80=6.625，而新女性的总得分为（3*20+8*16+8*16+7*17+8*16+3*15）/80=6.05，所以您的当前伴侣更符合您的标准。,530,543,532,0
假设您是一位 30 岁的男性，职业类型为 管理，目前已匹配到一位伴侣。您当前伴侣的得分（满分 10 分）：吸引力：10.0/10，真诚度：9.0/10，智力：9.0/10，幽默感：8.0/10，野心：7.0/10，共同兴趣：5.0/10。一位新女性正在向您求爱，其得分为：吸引力：3.0/10，真诚度：6.0/10，智力：2.0/10，幽默度：2.0/10，抱负：2.0/10，共同兴趣：1.0/10。您的重要性权重为：吸引力：40.0，真诚度：10.0，智力：20.0，幽默度：10.0，抱负： 0.0，共同兴趣：20.0。你会为了新女友离开现在的伴侣吗？你的答案必须是或否，然后说明你的理由。你必须遵守这条规则！你不能说其他话。,否。因为根据你给出的重要性权重，目前伴侣在各个方面的得分都远高于新女性，特别是在你最为看重的吸引力和共同兴趣方面。所以，对于你来说，当前的伴侣显然是一个更好的选择。,514,548,546,1
假设您是一位 30 岁的男性，职业类型为 金融，目前已匹配到一位伴侣。您当前伴侣的得分（满分 10 分）：吸引力：6.0/10，真诚度：7.0/10，智力：7.0/10，幽默感：6.0/10，野心：9.0/10，共同兴趣：6.0/10。一位新女性正在向您求爱，其得分为：吸引力：5.0/10，真诚度：8.0/10，智力：6.0/10，幽默度：5.0/10，抱负：4.0/10，共同兴趣：4.0/10。您的重要性权重为：吸引力：30.0，真诚度：3.0，智力：30.0，幽默度：30.0，抱负： 3.0，共同兴趣：4.0。你会为了新女友离开现在的伴侣吗？你的答案必须是或否，然后说明你的理由。你必须遵守这条规则！你不能说其他话。,否。根据您提供的各属性分值和重要性权重，您的当前伴侣在吸引力、智力和幽默感方面得分更高，这三项权重也较高，所以综合考虑，您的当前伴侣更加符合您的偏好。,525,550,540,0
假设您是一位 24 岁的男性，职业类型为 软件工程师 / 网络工程师，目前已匹配到一位伴侣。您当前伴侣的得分（满分 10 分）：吸引力：5.0/10，真诚度：5.0/10，智力：7.0/10，幽默感：8.0/10，野心：7.0/10，共同兴趣：4.0/10。一位新女性正在向您求爱，其得分为：吸引力：7.0/10，真诚度：8.0/10，智力：7.0/10，幽默度：7.0/10，抱负：8.0/10，共同兴趣：7.0/10。您的重要性权重为：吸引力：30.0，真诚度：30.0，智力：30.0，幽默度：5.0，抱负： 2.0，共同兴趣：3.0。你会为了新女友离开现在的伴侣吗？你的答案必须是或否，然后说明你的理由。你必须遵守这条规则！你不能说其他话。,否。  根据你的权重和两位伴侣的评分，我们先计算总分：  现有伴侣的加权评分总和：（5*30 + 5*30 + 7*30 + 8*5 + 7*2 + 4*3）/100 = 5.89 新追求者的加权评分总和：（7*30 + 8*30 + 7*30 + 7*5 + 8*2 + 7*3）/100 = 7.3  虽然新追求者的加权评分更高，但是换人并不是一个简单的数学问题，还涉及到情感的深度、双方的信任以及已建立的联系。在现有关系中，虽然某些方面可能不是最匹配，但已经建立了一定的情感基础。除非新追求者具有极大的吸引力或现有伴侣存在不可调和的问题，否则贸然更换是不现实的。因此，基于现有情况，我建议保持当前的关系。,515,534,544,1
假设您是一位 23 岁的男性，职业类型为 企业家，目前已匹配到一位伴侣。您当前伴侣的得分（满分 10 分）：吸引力：6.0/10，真诚度：8.0/10，智力：7.0/10，幽默感：7.0/10，野心：8.0/10，共同兴趣：5.0/10。一位新女性正在向您求爱，其得分为：吸引力：4.0/10，真诚度：8.0/10，智力：8.0/10，幽默度：3.0/10，抱负：7.0/10，共同兴趣：5.0/10。您的重要性权重为：吸引力：40.0，真诚度：30.0，智力：0.0，幽默度：20.0，抱负： 0.0，共同兴趣：10.0。你会为了新女友离开现在的伴侣吗？你的答案必须是或否，然后说明你的理由。你必须遵守这条规则！你不能说其他话。,否。根据给出的权重和得分，当前伴侣的加权得分为：(6 * 40) + (8 * 30) + (7 * 0) + (7 * 20) + (8 * 0) + (5 * 10) = 610。而新女性的加权得分为：(4 * 40) + (8 * 30) + (8 * 0) + (3 * 20) + (7 * 0) + (5 * 10) = 510。因此，从加权得分来看，当前伴侣更符合您的偏好，故不会为了新女性而离开现在的伴侣。,530,541,532,0
假设您是一位 30 岁的男性，职业类型为 咨询，目前已匹配到一位伴侣。您当前伴侣的得分（满分 10 分）：吸引力：4.0/10，真诚度：5.0/10，智力：6.0/10，幽默感：7.0/10，野心：6.0/10，共同兴趣：nan/10。一位新女性正在向您求爱，其得分为：吸引力：5.0/10，真诚度：5.0/10，智力：5.0/10，幽默度：6.0/10，抱负：8.0/10，共同兴趣：6.0/10。您的重要性权重为：吸引力：35.0，真诚度：10.0，智力：20.0，幽默度：25.0，抱负： 5.0，共同兴趣：5.0。你会为了新女友离开现在的伴侣吗？你的答案必须是或否，然后说明你的理由。你必须遵守这条规则！你不能说其他话。,否。从您的重要性权重来看，幽默感对您来说非常关键，占了25%。虽然新女性在抱负和共同兴趣上得分较高，但您的现任伴侣在幽默感上得分高达7.0/10，比新女性的6.0/10要高。另外，现任伴侣在智力方面也得分较高，而您也给了智力20%的权重。因此，综合来看，现任伴侣与您的匹配度更高，不建议您为了新女性而离开现任伴侣。,515,546,534,0
假设您是一位 23 岁的男性，职业类型为 医生，目前已匹配到一位伴侣。您当前伴侣的得分（满分 10 分）：吸引力：7.0/10，真诚度：7.0/10，智力：7.0/10，幽默感：8.0/10，野心：7.0/10，共同兴趣：8.0/10。一位新女性正在向您求爱，其得分为：吸引力：6.0/10，真诚度：4.0/10，智力：5.0/10，幽默度：5.0/10，抱负：4.0/10，共同兴趣：4.0/10。您的重要性权重为：吸引力：15.0，真诚度：25.0，智力：20.0，幽默度：10.0，抱负： 10.0，共同兴趣：20.0。你会为了新女友离开现在的伴侣吗？你的答案必须是或否，然后说明你的理由。你必须遵守这条规则！你不能说其他话。,否。根据你提供的权重和各项评分，你当前伴侣的综合得分为：(7.0*15 + 7.0*25 + 7.0*20 + 8.0*10 + 7.0*10 + 8.0*20) / 100 = 7.25。新女性的综合得分为：(6.0*15 + 4.0*25 + 5.0*20 + 5.0*10 + 4.0*10 + 4.0*20) / 100 = 4.7。显然，当前的伴侣在整体匹配度上更优，因此没有理由为新女性离开当前的伴侣。,516,544,552,0
假设您是一位 25 岁的男性，职业类型为 教学，目前已匹配到一位伴侣。您当前伴侣的得分（满分 10 分）：吸引力：5.0/10，真诚度：8.0/10，智力：7.0/10，幽默感：7.0/10，野心：6.0/10，共同兴趣：5.0/10。一位新女性正在向您求爱，其得分为：吸引力：5.0/10，真诚度：10.0/10，智力：10.0/10，幽默度：10.0/10，抱负：10.0/10，共同兴趣：3.0/10。您的重要性权重为：吸引力：15.0，真诚度：30.0，智力：20.0，幽默度：20.0，抱负： 10.0，共同兴趣：5.0。你会为了新女友离开现在的伴侣吗？你的答案必须是或否，然后说明你的理由。你必须遵守这条规则！你不能说其他话。,否。尽管新女性在真诚度、智力、幽默感和抱负方面得分较高，但我的当前伴侣在真诚度、智力、幽默感方面得分也很好，并且在共同兴趣方面得分高于新女性。真诚度对我来说非常重要，而当前伴侣在此方面得分较高。共同兴趣虽然权重较低，但也是我考虑的重要因素之一。我更倾向于保持现有的关系，而不是为了新女性离开现在的伴侣。,524,531,533,1
假设您是一位 23 岁的男性，职业类型为 企业家，目前已匹配到一位伴侣。您当前伴侣的得分（满分 10 分）：吸引力：6.0/10，真诚度：7.0/10，智力：7.0/10，幽默感：6.0/10，野心：9.0/10，共同兴趣：6.0/10。一位新女性正在向您求爱，其得分为：吸引力：2.0/10，真诚度：3.0/10，智力：7.0/10，幽默度：6.0/10，抱负：5.0/10，共同兴趣：5.0/10。您的重要性权重为：吸引力：40.0，真诚度：30.0，智力：0.0，幽默度：20.0，抱负： 0.0，共同兴趣：10.0。你会为了新女友离开现在的伴侣吗？你的答案必须是或否，然后说明你的理由。你必须遵守这条规则！你不能说其他话。,否。根据您给出的偏好权重，您的当前伴侣在吸引力（40%权重）和真诚度（30%权重）方面得分明显高于新求爱的对象。当前伴侣的吸引力得分为6.0，而新女性的吸引力得分为2.0；在真诚度方面，当前伴侣得分为7.0，而新女性得分为3.0。因此，依据您对这两个最重要因素的考量，当前伴侣的整体得分更高，更符合您的价值观和偏好。其他因素如智力、幽默感、野心和共同兴趣在您的偏好中所占比重相对较小，即使新女性在某些方面表现不同，也不足以改变这个结论。,525,541,540,0
假设您是一位 24 岁的男性，职业类型为 研究工程师，目前已匹配到一位伴侣。您当前伴侣的得分（满分 10 分）：吸引力：6.0/10，真诚度：7.0/10，智力：7.0/10，幽默感：6.0/10，野心：9.0/10，共同兴趣：6.0/10。一位新女性正在向您求爱，其得分为：吸引力：1.0/10，真诚度：8.0/10，智力：8.0/10，幽默度：4.0/10，抱负：7.0/10，共同兴趣：1.0/10。您的重要性权重为：吸引力：20.0，真诚度：16.0，智力：16.0，幽默度：17.0，抱负： 16.0，共同兴趣：15.0。你会为了新女友离开现在的伴侣吗？你的答案必须是或否，然后说明你的理由。你必须遵守这条规则！你不能说其他话。,否。根据您提供的权重和得分，当前伴侣的评分总和为（6*20 + 7*16 + 7*16 + 6*17 + 9*16 + 6*15）/100 = 7.14，而新女性的评分总和为（1*20 + 8*16 + 8*16 + 4*17 + 7*16 + 1*15）/100 = 5.61。从数据上看，当前伴侣给您带来的满意度更高，因此没有理由为了新女性放弃现有伴侣。,525,543,540,0
假设您是一位 23 岁的男性，职业类型为 医生，目前已匹配到一位伴侣。您当前伴侣的得分（满分 10 分）：吸引力：4.0/10，真诚度：6.0/10，智力：7.0/10，幽默感：7.0/10，野心：8.0/10，共同兴趣：4.0/10。一位新女性正在向您求爱，其得分为：吸引力：5.0/10，真诚度：5.0/10，智力：5.0/10，幽默度：5.0/10，抱负：5.0/10，共同兴趣：5.0/10。您的重要性权重为：吸引力：15.0，真诚度：25.0，智力：20.0，幽默度：10.0，抱负： 10.0，共同兴趣：20.0。你会为了新女友离开现在的伴侣吗？你的答案必须是或否，然后说明你的理由。你必须遵守这条规则！你不能说其他话。,否。根据我的重要性权重和两个伴侣的得分，我计算出的当前伴侣的加权得分（4*15% + 6*25% + 7*20% + 7*10% + 8*10% + 4*20% = 5.75）高于新女性的加权得分（5*15% + 5*25% + 5*20% + 5*10% + 5*10% + 5*20% = 5），所以我会选择留在现在的伴侣身边。,527,544,549,0
假设您是一位 26 岁的男性，职业类型为 学术 / 金融，目前已匹配到一位伴侣。您当前伴侣的得分（满分 10 分）：吸引力：4.0/10，真诚度：6.0/10，智力：7.0/10，幽默感：7.0/10，野心：8.0/10，共同兴趣：4.0/10。一位新女性正在向您求爱，其得分为：吸引力：6.0/10，真诚度：8.0/10，智力：8.0/10，幽默度：7.0/10，抱负：7.0/10，共同兴趣：4.0/10。您的重要性权重为：吸引力：25.0，真诚度：25.0，智力：25.0，幽默度：13.0，抱负： 12.0，共同兴趣：0.0。你会为了新女友离开现在的伴侣吗？你的答案必须是或否，然后说明你的理由。你必须遵守这条规则！你不能说其他话。,是。根据您提供的评分和重要性权重，计算后新女性的总分为67.5，而您当前伴侣的总分为56.5。因此，新女性在您所重视的特质方面得分更高，更符合您的偏好。,527,533,549,1
假设您是一位 30 岁的男性，职业类型为 金融，目前已匹配到一位伴侣。您当前伴侣的得分（满分 10 分）：吸引力：7.0/10，真诚度：5.0/10，智力：3.0/10，幽默感：3.0/10，野心：7.0/10，共同兴趣：5.0/10。一位新女性正在向您求爱，其得分为：吸引力：4.0/10，真诚度：5.0/10，智力：6.0/10，幽默度：6.0/10，抱负：4.0/10，共同兴趣：4.0/10。您的重要性权重为：吸引力：30.0，真诚度：3.0，智力：30.0，幽默度：30.0，抱负： 3.0，共同兴趣：4.0。你会为了新女友离开现在的伴侣吗？你的答案必须是或否，然后说明你的理由。你必须遵守这条规则！你不能说其他话。,否。根据您提供的评分和权重，当前伴侣的加权得分为 452，而新女性的加权得分为 364。因此，我会选择留在当前伴侣身边。,526,550,542,0
假设您是一位 28 岁的男性，职业类型为 综合管理 / 咨询，目前已匹配到一位伴侣。您当前伴侣的得分（满分 10 分）：吸引力：5.0/10，真诚度：7.0/10，智力：5.0/10，幽默感：4.0/10，野心：4.0/10，共同兴趣：4.0/10。一位新女性正在向您求爱，其得分为：吸引力：4.0/10，真诚度：7.0/10，智力：6.0/10，幽默度：6.0/10，抱负：7.0/10，共同兴趣：6.0/10。您的重要性权重为：吸引力：20.0，真诚度：20.0，智力：20.0，幽默度：20.0，抱负： 0.0，共同兴趣：20.0。你会为了新女友离开现在的伴侣吗？你的答案必须是或否，然后说明你的理由。你必须遵守这条规则！你不能说其他话。,否。根据您的重要性权重，当前伴侣在总体评价上比新女性更有优势。您对吸引力、真诚度、智力、幽默感和共同兴趣的重视程度较高，而当前伴侣在这几个方面的得分都优于或等同于新女性。因此，不应该为了新女性离开现有的伴侣。,529,549,551,0
假设您是一位 30 岁的男性，职业类型为 咨询，目前已匹配到一位伴侣。您当前伴侣的得分（满分 10 分）：吸引力：7.0/10，真诚度：7.0/10，智力：7.0/10，幽默感：8.0/10，野心：7.0/10，共同兴趣：8.0/10。一位新女性正在向您求爱，其得分为：吸引力：5.0/10，真诚度：3.0/10，智力：5.0/10，幽默度：6.0/10，抱负：8.0/10，共同兴趣：5.0/10。您的重要性权重为：吸引力：35.0，真诚度：10.0，智力：20.0，幽默度：25.0，抱负： 5.0，共同兴趣：5.0。你会为了新女友离开现在的伴侣吗？你的答案必须是或否，然后说明你的理由。你必须遵守这条规则！你不能说其他话。,否。根据我的评分和权重，现有伴侣的总分为：(7*35 + 7*10 + 7*20 + 8*25 + 7*5 + 8*5) / 100 = 7.25，而新女性的总分为：(5*35 + 3*10 + 5*20 + 6*25 + 8*5 + 5*5) / 100 = 5.4。现有伴侣得分高于新女性，因此不会为了新女性而离开现有伴侣。,516,546,552,0
假设您是一位 30 岁的男性，职业类型为 金融，目前已匹配到一位伴侣。您当前伴侣的得分（满分 10 分）：吸引力：3.0/10，真诚度：3.0/10，智力：5.0/10，幽默感：3.0/10，野心：6.0/10，共同兴趣：2.0/10。一位新女性正在向您求爱，其得分为：吸引力：5.0/10，真诚度：5.0/10，智力：6.0/10，幽默度：5.0/10，抱负：5.0/10，共同兴趣：4.0/10。您的重要性权重为：吸引力：30.0，真诚度：3.0，智力：30.0，幽默度：30.0，抱负： 3.0，共同兴趣：4.0。你会为了新女友离开现在的伴侣吗？你的答案必须是或否，然后说明你的理由。你必须遵守这条规则！你不能说其他话。,是。我会选择新女友，因为根据我的重要性权重，新女性在吸引力、智力和幽默感上得分更高，而这些对我来说是最重要的三个特质。虽然两者在抱负方面得分相同，但新女性在共同兴趣方面也具有更高的得分。综合考虑，新女性与我的契合度更高。,527,550,533,1
假设您是一位 26 岁的男性，职业类型为 学术 / 金融，目前已匹配到一位伴侣。您当前伴侣的得分（满分 10 分）：吸引力：5.0/10，真诚度：7.0/10，智力：5.0/10，幽默感：4.0/10，野心：4.0/10，共同兴趣：4.0/10。一位新女性正在向您求爱，其得分为：吸引力：4.0/10，真诚度：10.0/10，智力：9.0/10，幽默度：7.0/10，抱负：6.0/10，共同兴趣：4.0/10。您的重要性权重为：吸引力：25.0，真诚度：25.0，智力：25.0，幽默度：13.0，抱负： 12.0，共同兴趣：0.0。你会为了新女友离开现在的伴侣吗？你的答案必须是或否，然后说明你的理由。你必须遵守这条规则！你不能说其他话。,否。根据您提供的权重和得分，当前伴侣的加权得分为：5*25% + 7*25% + 5*25% + 4*13% + 4*12% + 4*0% = 5.05，新女性的加权得分为：4*25% + 10*25% + 9*25% + 7*13% + 6*12% + 4*0% = 7.25。虽然新女性的加权得分更高，但情感关系并非只有数字可以衡量，考虑到已经与当前伴侣建立的关系和感情，直接为了得分更高的新女性而离开现有伴侣并不是一个明智的选择。,529,533,551,1
假设您是一位 27 岁的男性，职业类型为 银行业，目前已匹配到一位伴侣。您当前伴侣的得分（满分 10 分）：吸引力：6.0/10，真诚度：8.0/10，智力：7.0/10，幽默感：7.0/10，野心：8.0/10，共同兴趣：5.0/10。一位新女性正在向您求爱，其得分为：吸引力：4.0/10，真诚度：9.0/10，智力：9.0/10，幽默度：7.0/10，抱负：7.0/10，共同兴趣：6.0/10。您的重要性权重为：吸引力：40.0，真诚度：20.0，智力：20.0，幽默度：20.0，抱负： 0.0，共同兴趣：0.0。你会为了新女友离开现在的伴侣吗？你的答案必须是或否，然后说明你的理由。你必须遵守这条规则！你不能说其他话。,否。根据您提供的权重和得分，目前的伴侣在吸引力、真诚度、智力、幽默感这四个方面得分都高于新女性，特别在您最重视的吸引力方面，目前伴侣的得分（6.0/10）明显高于新女性（4.0/10）。您对抱负和共同兴趣的权重设定为0.0，因此这两项得分对于您的决定没有影响。在您所重视的方面，目前的伴侣总体上更符合您的选择标准。,530,551,532,0
假设您是一位 22 岁的男性，职业类型为 律师，目前已匹配到一位伴侣。您当前伴侣的得分（满分 10 分）：吸引力：7.0/10，真诚度：7.0/10，智力：7.0/10，幽默感：8.0/10，野心：7.0/10，共同兴趣：8.0/10。一位新女性正在向您求爱，其得分为：吸引力：9.0/10，真诚度：4.0/10，智力：5.0/10，幽默度：7.0/10，抱负：8.0/10，共同兴趣：9.0/10。您的重要性权重为：吸引力：30.0，真诚度：10.0，智力：20.0，幽默度：15.0，抱负： 15.0，共同兴趣：10.0。你会为了新女友离开现在的伴侣吗？你的答案必须是或否，然后说明你的理由。你必须遵守这条规则！你不能说其他话。,否。根据你提供的权重和各项得分，现有伴侣的加权得分为：(7 * 30 + 7 * 10 + 7 * 20 + 8 * 15 + 7 * 15 + 8 * 10) / 100 = 7.25分；新女性的加权得分则为：(9 * 30 + 4 * 10 + 5 * 20 + 7 * 15 + 8 * 15 + 9 * 10) / 100 = 7.05分。因此，虽然新女性在吸引力方面更胜一筹，但现有伴侣在整体上表现更好，所以我不会为新女性离开现有伴侣。,516,539,552,0
假设您是一位 30 岁的男性，职业类型为 咨询，目前已匹配到一位伴侣。您当前伴侣的得分（满分 10 分）：吸引力：5.0/10，真诚度：4.0/10，智力：8.0/10，幽默感：5.0/10，野心：7.0/10，共同兴趣：8.0/10。一位新女性正在向您求爱，其得分为：吸引力：6.0/10，真诚度：5.0/10，智力：5.0/10，幽默度：6.0/10，抱负：6.0/10，共同兴趣：6.0/10。您的重要性权重为：吸引力：35.0，真诚度：10.0，智力：20.0，幽默度：25.0，抱负： 5.0，共同兴趣：5.0。你会为了新女友离开现在的伴侣吗？你的答案必须是或否，然后说明你的理由。你必须遵守这条规则！你不能说其他话。,否。根据您提供的评分和重要性权重，我计算了两个伴侣的加权得分：当前伴侣得分为405，新女性得分为385。因此，从数值上看，当前伴侣更加符合您的偏好。同时，维持一段稳定的感情关系也是很重要的，因此，您应该继续与当前伴侣保持关系。,523,546,547,1
假设您是一位 27 岁的男性，职业类型为 银行业，目前已匹配到一位伴侣。您当前伴侣的得分（满分 10 分）：吸引力：4.0/10，真诚度：5.0/10，智力：6.0/10，幽默感：7.0/10，野心：6.0/10，共同兴趣：nan/10。一位新女性正在向您求爱，其得分为：吸引力：9.0/10，真诚度：7.0/10，智力：8.0/10，幽默度：7.0/10，抱负：7.0/10，共同兴趣：5.0/10。您的重要性权重为：吸引力：40.0，真诚度：20.0，智力：20.0，幽默度：20.0，抱负： 0.0，共同兴趣：0.0。你会为了新女友离开现在的伴侣吗？你的答案必须是或否，然后说明你的理由。你必须遵守这条规则！你不能说其他话。,是。根据您的重要性权重和两位伴侣的得分，新女性在吸引力、真诚度、智力和幽默感上的得分都高于您当前的伴侣。尤其是在您最看重的吸引力方面，新女性的得分明显更高。共同兴趣和抱负方面，虽然新女性也有一定的优势，但这些对您来说权重为0，因此不影响最终决定。因此，从理性的角度来看，新女性更符合您的偏好，所以您可能会选择离开现在的伴侣。,515,551,534,1
假设您是一位 30 岁的男性，职业类型为 私募股权（杠杆收购），目前已匹配到一位伴侣。您当前伴侣的得分（满分 10 分）：吸引力：5.0/10，真诚度：9.0/10，智力：9.0/10，幽默感：7.0/10，野心：7.0/10，共同兴趣：5.0/10。一位新女性正在向您求爱，其得分为：吸引力：7.0/10，真诚度：7.0/10，智力：8.0/10，幽默度：8.0/10，抱负：5.0/10，共同兴趣：6.0/10。您的重要性权重为：吸引力：25.0，真诚度：20.0，智力：20.0，幽默度：20.0，抱负： 0.0，共同兴趣：15.0。你会为了新女友离开现在的伴侣吗？你的答案必须是或否，然后说明你的理由。你必须遵守这条规则！你不能说其他话。,否。根据你提供的权重，当前伴侣的加权得分为：(5 * 25 + 9 * 20 + 9 * 20 + 7 * 20 + 7 * 0 + 5 * 15) / 100 = 7.45。追求者加权得分为：(7 * 25 + 7 * 20 + 8 * 20 + 8 * 20 + 5 * 0 + 6 * 15) / 100 = 7.25。因此，当前伴侣的加权得分更高，故选择保留现有的关系。,524,547,531,0
假设您是一位 22 岁的男性，职业类型为 律师，目前已匹配到一位伴侣。您当前伴侣的得分（满分 10 分）：吸引力：8.0/10，真诚度：3.0/10，智力：7.0/10，幽默感：6.0/10，野心：8.0/10，共同兴趣：6.0/10。一位新女性正在向您求爱，其得分为：吸引力：4.0/10，真诚度：10.0/10，智力：10.0/10，幽默度：8.0/10，抱负：7.0/10，共同兴趣：6.0/10。您的重要性权重为：吸引力：30.0，真诚度：10.0，智力：20.0，幽默度：15.0，抱负： 15.0，共同兴趣：10.0。你会为了新女友离开现在的伴侣吗？你的答案必须是或否，然后说明你的理由。你必须遵守这条规则！你不能说其他话。,否。根据你给出的权重和评分，我计算了一下。现在的伴侣分数为：8 * 3 + 3 * 1 + 7 * 2 + 6 * 1.5 + 8 * 1.5 + 6 * 1 = 67.5。新女性的分数为：4 * 3 + 10 * 1 + 10 * 2 + 8 * 1.5 + 7 * 1.5 + 6 * 1 = 75.5。虽然新女性的综合评分更高，但是考虑到真诚度对于一段关系的重要性，而且你和现有伴侣之间的吸引力和野心得分相对较高，我建议你不要轻易更换伴侣。,523,539,546,1
假设您是一位 28 岁的男性，职业类型为 综合管理 / 咨询，目前已匹配到一位伴侣。您当前伴侣的得分（满分 10 分）：吸引力：6.0/10，真诚度：8.0/10，智力：7.0/10，幽默感：7.0/10，野心：8.0/10，共同兴趣：5.0/10。一位新女性正在向您求爱，其得分为：吸引力：4.0/10，真诚度：7.0/10，智力：7.0/10，幽默度：7.0/10，抱负：7.0/10，共同兴趣：6.0/10。您的重要性权重为：吸引力：20.0，真诚度：20.0，智力：20.0，幽默度：20.0，抱负： 0.0，共同兴趣：20.0。你会为了新女友离开现在的伴侣吗？你的答案必须是或否，然后说明你的理由。你必须遵守这条规则！你不能说其他话。,否。根据您所提供的评分和权重，现任伴侣在吸引力、真诚度、智力、幽默感和共同兴趣方面的得分加权后总分为640分（6*20+8*20+7*20+7*20+5*20）。而新女性求爱者的加权总分是540分（4*20+7*20+7*20+7*20+6*20）。因此，尽管在共同兴趣上新女性略胜一筹，但整体来说，现任伴侣得分更高，所以选择留下。,530,549,532,1
假设您是一位 30 岁的男性，职业类型为 咨询，目前已匹配到一位伴侣。您当前伴侣的得分（满分 10 分）：吸引力：7.0/10，真诚度：5.0/10，智力：3.0/10，幽默感：3.0/10，野心：7.0/10，共同兴趣：5.0/10。一位新女性正在向您求爱，其得分为：吸引力：6.0/10，真诚度：5.0/10，智力：4.0/10，幽默度：3.0/10，抱负：6.0/10，共同兴趣：6.0/10。您的重要性权重为：吸引力：35.0，真诚度：10.0，智力：20.0，幽默度：25.0，抱负： 5.0，共同兴趣：5.0。你会为了新女友离开现在的伴侣吗？你的答案必须是或否，然后说明你的理由。你必须遵守这条规则！你不能说其他话。,否。根据您的重要性权重计算，当前伴侣的综合得分为：(7 * 35 + 5 * 10 + 3 * 20 + 3 * 25 + 7 * 5 + 5 * 5) / 100 = 4.8，新女性的综合得分为：(6 * 35 + 5 * 10 + 4 * 20 + 3 * 25 + 6 * 5 + 6 * 5) / 100 = 4.5。当前伴侣的综合得分比新女性高，因此您不应该为了新女性离开当前的伴侣。,526,546,542,0
假设您是一位 30 岁的男性，职业类型为 私募股权（杠杆收购），目前已匹配到一位伴侣。您当前伴侣的得分（满分 10 分）：吸引力：7.0/10，真诚度：8.0/10，智力：8.0/10，幽默感：8.0/10，野心：7.0/10，共同兴趣：8.0/10。一位新女性正在向您求爱，其得分为：吸引力：3.0/10，真诚度：8.0/10，智力：8.0/10，幽默度：5.0/10，抱负：6.0/10，共同兴趣：4.0/10。您的重要性权重为：吸引力：25.0，真诚度：20.0，智力：20.0，幽默度：20.0，抱负： 0.0，共同兴趣：15.0。你会为了新女友离开现在的伴侣吗？你的答案必须是或否，然后说明你的理由。你必须遵守这条规则！你不能说其他话。,否。根据您提供的权重和伴侣的得分，计算总分来看，您的当前伴侣得分更高。在您重视的各项特质中，新女性的吸引力和共同兴趣得分远低于您当前的伴侣，这可能会影响两人关系的长期满意度。因此，综合考虑，选择留在当前伴侣身边更加合理。,530,547,549,0
假设您是一位 26 岁的男性，职业类型为 ASIC 芯片工程师，目前已匹配到一位伴侣。您当前伴侣的得分（满分 10 分）：吸引力：8.0/10，真诚度：7.0/10，智力：7.0/10，幽默感：6.0/10，野心：7.0/10，共同兴趣：4.0/10。一位新女性正在向您求爱，其得分为：吸引力：6.0/10，真诚度：8.0/10，智力：8.0/10，幽默度：8.0/10，抱负：5.0/10，共同兴趣：6.0/10。您的重要性权重为：吸引力：25.0，真诚度：20.0，智力：20.0，幽默度：20.0，抱负： 5.0，共同兴趣：10.0。你会为了新女友离开现在的伴侣吗？你的答案必须是或否，然后说明你的理由。你必须遵守这条规则！你不能说其他话。,否。根据你给出的重要性权重和两位伴侣的得分，目前的伴侣总分是（8*25+7*20+7*20+6*20+7*5+4*10）/100=6.8，而新女性的总分是（6*25+8*20+8*20+8*20+5*5+6*10）/100=6.95。虽然新女性的总分略高，但是你和目前伴侣已经建立了关系，而且两者的得分差距不大，所以不值得为了新女性放弃目前的伴侣。,514,532,548,1
假设您是一位 30 岁的男性，职业类型为 管理，目前已匹配到一位伴侣。您当前伴侣的得分（满分 10 分）：吸引力：6.0/10，真诚度：7.0/10，智力：7.0/10，幽默感：6.0/10，野心：9.0/10，共同兴趣：6.0/10。一位新女性正在向您求爱，其得分为：吸引力：1.0/10，真诚度：5.0/10，智力：3.0/10，幽默度：1.0/10，抱负：1.0/10，共同兴趣：1.0/10。您的重要性权重为：吸引力：40.0，真诚度：10.0，智力：20.0，幽默度：10.0，抱负： 0.0，共同兴趣：20.0。你会为了新女友离开现在的伴侣吗？你的答案必须是或否，然后说明你的理由。你必须遵守这条规则！你不能说其他话。,否。根据您的重要性权重，您当前伴侣在大多数关键方面都优于新女性。当前伴侣在吸引力、真诚度、智力、幽默感和共同兴趣方面得分较高，这些方面对您来说是重要的。相比之下，新女性在所有这些方面得分都非常低，这意味着与她相处可能不会让您感到同样的满足和愉快。因此，没有充分的理由为了新女性离开当前的伴侣。,525,548,540,1
假设您是一位 30 岁的男性，职业类型为 私募股权（杠杆收购），目前已匹配到一位伴侣。您当前伴侣的得分（满分 10 分）：吸引力：3.0/10，真诚度：5.0/10，智力：6.0/10，幽默感：5.0/10，野心：4.0/10，共同兴趣：nan/10。一位新女性正在向您求爱，其得分为：吸引力：5.0/10，真诚度：7.0/10，智力：7.0/10，幽默度：5.0/10，抱负：5.0/10，共同兴趣：1.0/10。您的重要性权重为：吸引力：25.0，真诚度：20.0，智力：20.0，幽默度：20.0，抱负： 0.0，共同兴趣：15.0。你会为了新女友离开现在的伴侣吗？你的答案必须是或否，然后说明你的理由。你必须遵守这条规则！你不能说其他话。,是。根据您提供的评分和权重，新女性的综合得分为5.0*25%+7.0*20%+7.0*20%+5.0*20%+5.0*0%+1.0*15%=5.75，而您当前伴侣的综合得分为3.0*25%+5.0*20%+6.0*20%+5.0*20%+4.0*0%+0*15%=4.55，新女性的综合得分更高，因此应该选择新女性。,515,547,551,1
假设您是一位 30 岁的男性，职业类型为 咨询，目前已匹配到一位伴侣。您当前伴侣的得分（满分 10 分）：吸引力：7.0/10，真诚度：6.0/10，智力：5.0/10，幽默感：5.0/10，野心：5.0/10，共同兴趣：4.0/10。一位新女性正在向您求爱，其得分为：吸引力：4.0/10，真诚度：7.0/10，智力：7.0/10，幽默度：4.0/10，抱负：5.0/10，共同兴趣：2.0/10。您的重要性权重为：吸引力：35.0，真诚度：10.0，智力：20.0，幽默度：25.0，抱负： 5.0，共同兴趣：5.0。你会为了新女友离开现在的伴侣吗？你的答案必须是或否，然后说明你的理由。你必须遵守这条规则！你不能说其他话。,否。根据您提供的权重，当前伴侣在吸引力、幽默感和智力方面得分较高，这与您的重要性权重相匹配。虽然新女性在真诚度和智力方面得分较高，但她的吸引力和幽默感得分较低，而这正是您认为在一段关系中较为重要的因素。因此，综合考虑所有因素，离开现任伴侣选择新女性并不是一个合适的选择。,529,546,533,1
假设您是一位 24 岁的男性，职业类型为 软件工程师 / 网络工程师，目前已匹配到一位伴侣。您当前伴侣的得分（满分 10 分）：吸引力：4.0/10，真诚度：4.0/10，智力：5.0/10，幽默感：4.0/10，野心：7.0/10，共同兴趣：2.0/10。一位新女性正在向您求爱，其得分为：吸引力：5.0/10，真诚度：6.0/10，智力：5.0/10，幽默度：7.0/10，抱负：5.0/10，共同兴趣：6.0/10。您的重要性权重为：吸引力：30.0，真诚度：30.0，智力：30.0，幽默度：5.0，抱负： 2.0，共同兴趣：3.0。你会为了新女友离开现在的伴侣吗？你的答案必须是或否，然后说明你的理由。你必须遵守这条规则！你不能说其他话。,否。根据您提供的重要性权重和双方得分，当前伴侣和新女性的加权得分分别为：现行伴侣得分：(4.0 * 30.0 + 4.0 * 30.0 + 5.0 * 30.0 + 4.0 * 5.0 + 7.0 * 2.0 + 2.0 * 3.0) / 100 = 4.16；新女性得分：(5.0 * 30.0 + 6.0 * 30.0 + 5.0 * 30.0 + 7.0 * 5.0 + 5.0 * 2.0 + 6.0 * 3.0) / 100 = 5.23。虽然新女性的加权得分较高，但考虑到换伴侣将带来的情感、时间成本以及不确定性，因此不会为了新女友离开现在的伴侣。,527,534,550,0
假设您是一位 24 岁的男性，职业类型为 学术工作 / 咨询顾问，目前已匹配到一位伴侣。您当前伴侣的得分（满分 10 分）：吸引力：7.0/10，真诚度：5.0/10，智力：3.0/10，幽默感：3.0/10，野心：7.0/10，共同兴趣：5.0/10。一位新女性正在向您求爱，其得分为：吸引力：6.0/10，真诚度：5.0/10，智力：5.0/10，幽默度：6.0/10，抱负：4.0/10，共同兴趣：3.0/10。您的重要性权重为：吸引力：20.0，真诚度：15.0，智力：20.0，幽默度：20.0，抱负： 15.0，共同兴趣：10.0。你会为了新女友离开现在的伴侣吗？你的答案必须是或否，然后说明你的理由。你必须遵守这条规则！你不能说其他话。,否。根据给定的重要性权重计算出的总分，现在的伴侣得分为：吸引力7.0*20.0 + 真诚度5.0*15.0 + 智力3.0*20.0 + 幽默感3.0*20.0 + 野心7.0*15.0 + 共同兴趣5.0*10.0 = 140+75+60+60+105+50=590。新女性的得分为：吸引力6.0*20.0 + 真诚度5.0*15.0 + 智力5.0*20.0 + 幽默度6.0*20.0 + 抱负4.0*15.0 + 共同兴趣3.0*10.0 = 120+75+100+120+60+30=505。因此在综合考虑各因素后，我不会为了新女友离开现在的伴侣。,526,540,542,0
假设您是一位 26 岁的男性，职业类型为 学术 / 金融，目前已匹配到一位伴侣。您当前伴侣的得分（满分 10 分）：吸引力：7.0/10，真诚度：8.0/10，智力：8.0/10，幽默感：8.0/10，野心：7.0/10，共同兴趣：8.0/10。一位新女性正在向您求爱，其得分为：吸引力：4.0/10，真诚度：10.0/10，智力：9.0/10，幽默度：5.0/10，抱负：nan/10，共同兴趣：2.0/10。您的重要性权重为：吸引力：25.0，真诚度：25.0，智力：25.0，幽默度：13.0，抱负： 12.0，共同兴趣：0.0。你会为了新女友离开现在的伴侣吗？你的答案必须是或否，然后说明你的理由。你必须遵守这条规则！你不能说其他话。,否。根据你提供的信息，我当前伴侣的得分为：25% * 7 + 25% * 8 + 25% * 8 + 13% * 8 + 12% * 7 = 7.75，而新女性得分为：25% * 4 + 25% * 10 + 25% * 9 + 13% * 5 = 7.05。同时抱负和共同兴趣权重为0，所以不计入。因此，新女性的总分低于现在伴侣的总分，所以不会为了新女性离开现在的伴侣。,530,533,549,0
假设您是一位 27 岁的男性，职业类型为 银行业，目前已匹配到一位伴侣。您当前伴侣的得分（满分 10 分）：吸引力：7.0/10，真诚度：7.0/10，智力：7.0/10，幽默感：8.0/10，野心：7.0/10，共同兴趣：8.0/10。一位新女性正在向您求爱，其得分为：吸引力：5.0/10，真诚度：6.0/10，智力：7.0/10，幽默度：7.0/10，抱负：7.0/10，共同兴趣：5.0/10。您的重要性权重为：吸引力：40.0，真诚度：20.0，智力：20.0，幽默度：20.0，抱负： 0.0，共同兴趣：0.0。你会为了新女友离开现在的伴侣吗？你的答案必须是或否，然后说明你的理由。你必须遵守这条规则！你不能说其他话。,否。根据您提供的数据，我将两个对象的得分乘以相应的权重后，当前伴侣的总得分为：(7*40 + 7*20 + 7*20 + 8*20 + 7*0 + 8*0) / 100 = 7.4 分，而新女性的总得分为：(5*40 + 6*20 + 7*20 + 7*20 + 7*0 + 5*0) / 100 = 6.2 分。相比之下，当前伴侣的总分更高，因此从数值上来看，我不会为了新女性而离开现在的伴侣。,516,551,552,0
假设您是一位 26 岁的男性，职业类型为 学术 / 金融，目前已匹配到一位伴侣。您当前伴侣的得分（满分 10 分）：吸引力：7.0/10，真诚度：6.0/10，智力：6.0/10，幽默感：7.0/10，野心：6.0/10，共同兴趣：5.0/10。一位新女性正在向您求爱，其得分为：吸引力：6.0/10，真诚度：8.0/10，智力：8.0/10，幽默度：5.0/10，抱负：nan/10，共同兴趣：5.0/10。您的重要性权重为：吸引力：25.0，真诚度：25.0，智力：25.0，幽默度：13.0，抱负： 12.0，共同兴趣：0.0。你会为了新女友离开现在的伴侣吗？你的答案必须是或否，然后说明你的理由。你必须遵守这条规则！你不能说其他话。,否。根据你的评分和重要性权重，当前伴侣的加权得分为 6.5，而新女性的加权得分为 6.375。因此，虽然新女性在真诚度和智力上得分更高，但总体来说，你的当前伴侣更符合你的偏好。,511,533,536,0
假设您是一位 24 岁的男性，职业类型为 软件工程师 / 网络工程师，目前已匹配到一位伴侣。您当前伴侣的得分（满分 10 分）：吸引力：3.0/10，真诚度：4.0/10，智力：6.0/10，幽默感：5.0/10，野心：7.0/10，共同兴趣：6.0/10。一位新女性正在向您求爱，其得分为：吸引力：5.0/10，真诚度：5.0/10，智力：5.0/10，幽默度：5.0/10，抱负：5.0/10，共同兴趣：4.0/10。您的重要性权重为：吸引力：30.0，真诚度：30.0，智力：30.0，幽默度：5.0，抱负： 2.0，共同兴趣：3.0。你会为了新女友离开现在的伴侣吗？你的答案必须是或否，然后说明你的理由。你必须遵守这条规则！你不能说其他话。,否。根据您提供的权重和评分，当前伴侣在您看重的特质上得分更高，尤其是在真诚度和智力方面，这两项您都给予了较高的权重。虽然新女性在吸引力和真诚度上有所提升，但总体来看，当前伴侣更符合您的喜好和价值观。因此，我会建议您继续与当前伴侣维持关系。,523,534,539,1
假设您是一位 26 岁的男性，职业类型为 学术 / 金融，目前已匹配到一位伴侣。您当前伴侣的得分（满分 10 分）：吸引力：6.0/10，真诚度：8.0/10，智力：8.0/10，幽默感：7.0/10，野心：6.0/10，共同兴趣：nan/10。一位新女性正在向您求爱，其得分为：吸引力：7.0/10，真诚度：7.0/10，智力：6.0/10，幽默度：6.0/10，抱负：nan/10，共同兴趣：4.0/10。您的重要性权重为：吸引力：25.0，真诚度：25.0，智力：25.0，幽默度：13.0，抱负： 12.0，共同兴趣：0.0。你会为了新女友离开现在的伴侣吗？你的答案必须是或否，然后说明你的理由。你必须遵守这条规则！你不能说其他话。,否。根据提供的评分和权重计算，目前伴侣的加权得分为：(6.0 * 25.0 + 8.0 * 25.0 + 8.0 * 25.0 + 7.0 * 13.0 + 6.0 * 12.0) / 100 = 7.21，而新女性的加权得分为：(7.0 * 25.0 + 7.0 * 25.0 + 6.0 * 25.0 + 6.0 * 13.0 + 4.0 * 12.0) / 100 = 6.17。因此，根据这些权重，目前的伴侣比新女性更符合你对理想伴侣的要求。,515,533,547,0
假设您是一位 26 岁的男性，职业类型为 学术 / 金融，目前已匹配到一位伴侣。您当前伴侣的得分（满分 10 分）：吸引力：7.0/10，真诚度：7.0/10，智力：7.0/10，幽默感：8.0/10，野心：7.0/10，共同兴趣：8.0/10。一位新女性正在向您求爱，其得分为：吸引力：7.0/10，真诚度：8.0/10，智力：5.0/10，幽默度：5.0/10，抱负：nan/10，共同兴趣：nan/10。您的重要性权重为：吸引力：25.0，真诚度：25.0，智力：25.0，幽默度：13.0，抱负： 12.0，共同兴趣：0.0。你会为了新女友离开现在的伴侣吗？你的答案必须是或否，然后说明你的理由。你必须遵守这条规则！你不能说其他话。,否。根据您的重要性权重，当前伴侣在大多数标准上都优于新女性，特别是在智力、幽默感和共同兴趣方面。尽管新女性在真诚度上得分较高，但其在智力和幽默感上的得分较低，这可能会对未来的相处造成影响。因此，建议维持目前的关系。,516,533,552,1
假设您是一位 24 岁的男性，职业类型为 学术工作 / 咨询顾问，目前已匹配到一位伴侣。您当前伴侣的得分（满分 10 分）：吸引力：7.0/10，真诚度：8.0/10，智力：8.0/10，幽默感：8.0/10，野心：7.0/10，共同兴趣：8.0/10。一位新女性正在向您求爱，其得分为：吸引力：5.0/10，真诚度：6.0/10，智力：6.0/10，幽默度：7.0/10，抱负：5.0/10，共同兴趣：5.0/10。您的重要性权重为：吸引力：20.0，真诚度：15.0，智力：20.0，幽默度：20.0，抱负： 15.0，共同兴趣：10.0。你会为了新女友离开现在的伴侣吗？你的答案必须是或否，然后说明你的理由。你必须遵守这条规则！你不能说其他话。,否。我会坚持现有的关系，因为根据给定的重要性权重计算，当前伴侣的综合得分为 7.6（吸引力 1.4 + 真诚度 1.2 + 智力 1.6 + 幽默感 1.6 + 野心 1.05 + 共同兴趣 0.8），新女性的综合得分为 5.8（吸引力 1.0 + 真诚度 0.9 + 智力 1.2 + 幽默感 1.4 + 野心 0.75 + 共同兴趣 0.5），这表明现伴侣的匹配度更好。,530,540,549,0
假设您是一位 27 岁的男性，职业类型为 银行业，目前已匹配到一位伴侣。您当前伴侣的得分（满分 10 分）：吸引力：6.0/10，真诚度：9.0/10，智力：6.0/10，幽默感：5.0/10，野心：nan/10，共同兴趣：7.0/10。一位新女性正在向您求爱，其得分为：吸引力：8.0/10，真诚度：5.0/10，智力：5.0/10，幽默度：7.0/10，抱负：7.0/10，共同兴趣：5.0/10。您的重要性权重为：吸引力：40.0，真诚度：20.0，智力：20.0，幽默度：20.0，抱负： 0.0，共同兴趣：0.0。你会为了新女友离开现在的伴侣吗？你的答案必须是或否，然后说明你的理由。你必须遵守这条规则！你不能说其他话。,否。根据您提供的权重和得分，当前伴侣的加权得分为：(6.0*40 + 9.0*20 + 6.0*20 + 5.0*20)/100 = 6.2，而新女性的加权得分为：(8.0*40 + 5.0*20 + 5.0*20 + 7.0*20)/100 = 6.4。虽然新女性在加权得分上略高，但她真诚度较低，而您认为这项属性依然有20%的重要性，这可能会影响长期关系的质量。因此，基于这些信息，我建议您考虑保持现在的关系。,518,551,537,0
假设您是一位 27 岁的男性，职业类型为 银行业，目前已匹配到一位伴侣。您当前伴侣的得分（满分 10 分）：吸引力：8.0/10，真诚度：9.0/10，智力：7.0/10，幽默感：9.0/10，野心：nan/10，共同兴趣：7.0/10。一位新女性正在向您求爱，其得分为：吸引力：7.0/10，真诚度：7.0/10，智力：8.0/10，幽默度：4.0/10，抱负：7.0/10，共同兴趣：5.0/10。您的重要性权重为：吸引力：40.0，真诚度：20.0，智力：20.0，幽默度：20.0，抱负： 0.0，共同兴趣：0.0。你会为了新女友离开现在的伴侣吗？你的答案必须是或否，然后说明你的理由。你必须遵守这条规则！你不能说其他话。,否。根据您提供的权重和得分，您当前伴侣在吸引力、真诚度和幽默感方面得分较高，这些正好是您认为最重要的特质。虽然新女性在智力和抱负方面得分较高，但这些特质对您来说并不是最重要的。因此，从整体上看，您当前的伴侣与您的匹配度更高。,522,551,538,1
假设您是一位 25 岁的男性，职业类型为 宇宙助手（自嘲的说法），目前已匹配到一位伴侣。您当前伴侣的得分（满分 10 分）：吸引力：6.0/10，真诚度：9.0/10，智力：6.0/10，幽默感：5.0/10，野心：nan/10，共同兴趣：7.0/10。一位新女性正在向您求爱，其得分为：吸引力：5.0/10，真诚度：8.0/10，智力：8.0/10，幽默度：7.0/10，抱负：7.0/10，共同兴趣：8.0/10。您的重要性权重为：吸引力：70.0，真诚度：0.0，智力：15.0，幽默度：15.0，抱负： 0.0，共同兴趣：0.0。你会为了新女友离开现在的伴侣吗？你的答案必须是或否，然后说明你的理由。你必须遵守这条规则！你不能说其他话。,否。虽然新女性在智力、幽默感和抱负方面得分较高，但根据你所给予的重要性权重，吸引力占了最大的比重（70.0），而目前伴侣的吸引力得分为6.0/10，新女性为5.0/10。现行伴侣在最重要的一项上表现更好，因此不会为了新女性离开现有的伴侣。,518,552,537,0
假设您是一位 24 岁的男性，职业类型为 学术工作 / 咨询顾问，目前已匹配到一位伴侣。您当前伴侣的得分（满分 10 分）：吸引力：4.0/10，真诚度：4.0/10，智力：5.0/10，幽默感：4.0/10，野心：7.0/10，共同兴趣：2.0/10。一位新女性正在向您求爱，其得分为：吸引力：5.0/10，真诚度：5.0/10，智力：6.0/10，幽默度：3.0/10，抱负：5.0/10，共同兴趣：2.0/10。您的重要性权重为：吸引力：20.0，真诚度：15.0，智力：20.0，幽默度：20.0，抱负： 15.0，共同兴趣：10.0。你会为了新女友离开现在的伴侣吗？你的答案必须是或否，然后说明你的理由。你必须遵守这条规则！你不能说其他话。,否。根据您提供的得分和重要性权重，您可以计算出与当前伴侣和新女性交往的加权得分。计算方式为：(吸引力得分 * 吸引力权重) + (真诚度得分 * 真诚度权重) + (智力得分 * 智力权重) + (幽默感得分 * 幽默感权重) + (野心得分 * 抱负权重) + (共同兴趣得分 * 共同兴趣权重)。计算得出，您当前伴侣的加权得分为： (4 * 20) + (4 * 15) + (5 * 20) + (4 * 20) + (7 * 15) + (2 * 10) = 80 + 60 + 100 + 80 + 105 + 20 = 445。新女性的加权得分为：(5 * 20) + (5 * 15) + (6 * 20) + (3 * 20) + (5 * 15) + (2 * 10) = 100 + 75 + 120 + 60 + 75 + 20 = 450。新女性的加权得分略高于您当前伴侣，但是差距不大。考虑到结束一段关系并开始另一段关系需要付出的时间、精力和情感成本，所以不值得为了一点点的分数提升而去更换伴侣。因此，我建议您继续与当前伴侣保持关系。,527,540,550,1
假设您是一位 30 岁的男性，职业类型为 金融，目前已匹配到一位伴侣。您当前伴侣的得分（满分 10 分）：吸引力：7.0/10，真诚度：6.0/10，智力：6.0/10，幽默感：7.0/10，野心：6.0/10，共同兴趣：5.0/10。一位新女性正在向您求爱，其得分为：吸引力：5.0/10，真诚度：4.0/10，智力：5.0/10，幽默度：5.0/10，抱负：5.0/10，共同兴趣：4.0/10。您的重要性权重为：吸引力：30.0，真诚度：3.0，智力：30.0，幽默度：30.0，抱负： 3.0，共同兴趣：4.0。你会为了新女友离开现在的伴侣吗？你的答案必须是或否，然后说明你的理由。你必须遵守这条规则！你不能说其他话。,否。根据您提供的重要性权重和伴侣得分，当前伴侣在吸引力、智力和幽默感方面得分较高，而新女性在所有方面得分都较低。因此，从整体上看，您当前的伴侣更适合您。,511,550,536,0
假设您是一位 32 岁的男性，职业类型为 白手起家的百万富翁，目前已匹配到一位伴侣。您当前伴侣的得分（满分 10 分）：吸引力：7.0/10，真诚度：6.0/10，智力：7.0/10，幽默感：5.0/10，野心：7.0/10，共同兴趣：6.0/10。一位新女性正在向您求爱，其得分为：吸引力：4.0/10，真诚度：6.0/10，智力：5.0/10，幽默度：6.0/10，抱负：5.0/10，共同兴趣：5.0/10。您的重要性权重为：吸引力：50.0，真诚度：0.0，智力：10.0，幽默度：30.0，抱负： 0.0，共同兴趣：10.0。你会为了新女友离开现在的伴侣吗？你的答案必须是或否，然后说明你的理由。你必须遵守这条规则！你不能说其他话。,否。原因在于根据你的重要性权重，当前伴侣在最重要的吸引力和智力方面得分都高于新女性，而幽默感方面两者持平。尽管在吸引力上的差距较大，但考虑到其他方面的评价和权重，现行伴侣的综合得分明显更高，因此不会选择离开。,523,538,534,0
假设您是一位 30 岁的男性，职业类型为 金融，目前已匹配到一位伴侣。您当前伴侣的得分（满分 10 分）：吸引力：4.0/10，真诚度：9.0/10，智力：6.0/10，幽默感：3.0/10，野心：4.0/10，共同兴趣：2.0/10。一位新女性正在向您求爱，其得分为：吸引力：4.0/10，真诚度：5.0/10，智力：5.0/10，幽默度：8.0/10，抱负：5.0/10，共同兴趣：4.0/10。您的重要性权重为：吸引力：30.0，真诚度：3.0，智力：30.0，幽默度：30.0，抱负： 3.0，共同兴趣：4.0。你会为了新女友离开现在的伴侣吗？你的答案必须是或否，然后说明你的理由。你必须遵守这条规则！你不能说其他话。,否。根据我计算的得分，你当前伴侣的综合得分为：(4*30 + 9*3 + 6*30 + 3*30 + 4*3 + 2*4) / 100 = 4.58。而新女性的综合得分为：(4*30 + 5*3 + 5*30 + 8*30 + 5*3 + 4*4) / 100 = 4.92。虽然新女性的综合得分略高于你当前的伴侣，但两者的差距非常小，不值得为了这点差距而结束一段已经存在的关系。同时，你当前的伴侣在你认为最重要的三个方面（吸引力、智力、幽默感）中的两项得分都高于新女性，因此在这些方面，你当前的伴侣仍然是更佳选择。因此，我建议你保持当前的关系。,514,550,532,1
假设您是一位 32 岁的男性，职业类型为 白手起家的百万富翁，目前已匹配到一位伴侣。您当前伴侣的得分（满分 10 分）：吸引力：5.0/10，真诚度：9.0/10，智力：9.0/10，幽默感：7.0/10，野心：7.0/10，共同兴趣：5.0/10。一位新女性正在向您求爱，其得分为：吸引力：7.0/10，真诚度：7.0/10，智力：6.0/10，幽默度：7.0/10，抱负：6.0/10，共同兴趣：6.0/10。您的重要性权重为：吸引力：50.0，真诚度：0.0，智力：10.0，幽默度：30.0，抱负： 0.0，共同兴趣：10.0。你会为了新女友离开现在的伴侣吗？你的答案必须是或否，然后说明你的理由。你必须遵守这条规则！你不能说其他话。,否。根据您提供的价值观和重要性权重，当前伴侣在您认为重要的方面（真诚度和智力）得分较高，而新女性虽然在吸引力上得分更高，但在您认为重要的方面的得分并不如当前伴侣。因此，从您的角度出发，没有足够的理由为了新女性离开现在的伴侣。,524,538,531,0
假设您是一位 26 岁的男性，职业类型为 ASIC 芯片工程师，目前已匹配到一位伴侣。您当前伴侣的得分（满分 10 分）：吸引力：6.0/10，真诚度：8.0/10，智力：8.0/10，幽默感：7.0/10，野心：6.0/10，共同兴趣：nan/10。一位新女性正在向您求爱，其得分为：吸引力：6.0/10，真诚度：6.0/10，智力：5.0/10，幽默度：6.0/10，抱负：4.0/10，共同兴趣：2.0/10。您的重要性权重为：吸引力：25.0，真诚度：20.0，智力：20.0，幽默度：20.0，抱负： 5.0，共同兴趣：10.0。你会为了新女友离开现在的伴侣吗？你的答案必须是或否，然后说明你的理由。你必须遵守这条规则！你不能说其他话。,否。根据给定的得分和重要性权重，当前伴侣的加权得分为：(6*25 + 8*20 + 8*20 + 7*20 + 6*5) / (25+20+20+20+5) = 6.9分，而新女性的加权得分为：(6*25 + 6*20 + 5*20 + 6*20 + 4*5 + 2*10) / (25+20+20+20+5+10) = 5.6分，综合考虑，当前伴侣的加权得分更高，所以我会选择留在当前伴侣身边。,515,532,547,0
假设您是一位 22 岁的男性，职业类型为 律师，目前已匹配到一位伴侣。您当前伴侣的得分（满分 10 分）：吸引力：5.0/10，真诚度：9.0/10，智力：9.0/10，幽默感：7.0/10，野心：7.0/10，共同兴趣：5.0/10。一位新女性正在向您求爱，其得分为：吸引力：7.0/10，真诚度：8.0/10，智力：8.0/10，幽默度：9.0/10，抱负：9.0/10，共同兴趣：7.0/10。您的重要性权重为：吸引力：30.0，真诚度：10.0，智力：20.0，幽默度：15.0，抱负： 15.0，共同兴趣：10.0。你会为了新女友离开现在的伴侣吗？你的答案必须是或否，然后说明你的理由。你必须遵守这条规则！你不能说其他话。,是。根据您提供的评分和权重，目前伴侣的加权得分为：（5 * 30% + 9 * 10% + 9 * 20% + 7 * 15% + 7 * 15% + 5 * 10%）= 6.55 分。而新女性的加权得分为：（7 * 30% + 8 * 10% + 8 * 20% + 9 * 15% + 9 * 15% + 7 * 10%）= 7.8 分。新女性的加权得分更高，因此我会选择新女性。,524,539,531,1
假设您是一位 26 岁的男性，职业类型为 ASIC 芯片工程师，目前已匹配到一位伴侣。您当前伴侣的得分（满分 10 分）：吸引力：6.0/10，真诚度：9.0/10，智力：6.0/10，幽默感：5.0/10，野心：nan/10，共同兴趣：7.0/10。一位新女性正在向您求爱，其得分为：吸引力：8.0/10，真诚度：8.0/10，智力：7.0/10，幽默度：7.0/10，抱负：7.0/10，共同兴趣：5.0/10。您的重要性权重为：吸引力：25.0，真诚度：20.0，智力：20.0，幽默度：20.0，抱负： 5.0，共同兴趣：10.0。你会为了新女友离开现在的伴侣吗？你的答案必须是或否，然后说明你的理由。你必须遵守这条规则！你不能说其他话。,是。基于您提供的权重和评分，新女性在您看重的大多数方面都超过了当前伴侣，特别是在吸引力、智力、幽默感和抱负这四个维度上。如果您认为这些分数能够全面而准确地反映您对伴侣的需求和期望，那么从理性的角度来看，新女性似乎是一个更好的选择。但是，这只是一个基于数字的分析，实际的决定还需要考虑情感因素和两人之间的关系深度。,518,532,537,1
假设您是一位 25 岁的男性，职业类型为 教学，目前已匹配到一位伴侣。您当前伴侣的得分（满分 10 分）：吸引力：6.0/10，真诚度：6.0/10，智力：7.0/10，幽默感：5.0/10，野心：5.0/10，共同兴趣：nan/10。一位新女性正在向您求爱，其得分为：吸引力：5.0/10，真诚度：10.0/10，智力：10.0/10，幽默度：5.0/10，抱负：10.0/10，共同兴趣：8.0/10。您的重要性权重为：吸引力：15.0，真诚度：30.0，智力：20.0，幽默度：20.0，抱负： 10.0，共同兴趣：5.0。你会为了新女友离开现在的伴侣吗？你的答案必须是或否，然后说明你的理由。你必须遵守这条规则！你不能说其他话。,否。根据你提供的信息，你的当前伴侣在智力和共同兴趣的权重虽然较低，但在真诚度上得分较高，而真诚度在你的价值观中占有最高的比重（30.0）。新的求爱者虽然在真诚度、智力和抱负方面得满分，但吸引力略低，吸引力在你的标准中仍然占有15.0的比重。如果我们将你的标准和两个伴侣的得分进行加权计算：  当前伴侣的加权得分： - 吸引力：6.0 * 15.0 = 90.0 - 真诚度：6.0 * 30.0 = 180.0 - 智力：7.0 * 20.0 = 140.0 - 幽默感：5.0 * 20.0 = 100.0 - 野心：5.0 * 10.0 = 50.0 - 共同兴趣：尽管得分缺失，但基于你对其它特质的评价，假设共同兴趣占有5.0的权重，即使给它最低的1/10分数，影响也比较小。  新求爱者的加权得分： - 吸引力：5.0 * 15.0 = 75.0 - 真诚度：10.0 * 30.0 = 300.0 - 智力：10.0 * 20.0 = 200.0 - 幽默感：5.0 * 20.0 = 100.0 - 抱负：10.0 * 10.0 = 100.0 - 共同兴趣：8.0 * 5.0 = 40.0  虽然新求爱者在总得分上可能略高于现有伴侣，但放弃现有的关系并不等同于简单的数值对比。建立和维护任何一段感情都需要时间和努力，而且情感投入和相互之间的连接性是无法量化的。在考虑改变现状前，还需要更多地考虑两个伴侣与你之间的化学反应、情感稳定度以及长期相处的可能性。总体来说，现阶段没有足够理由证明为了新女友离开现有伴侣是正确的。,529,531,546,1
假设您是一位 32 岁的男性，职业类型为 白手起家的百万富翁，目前已匹配到一位伴侣。您当前伴侣的得分（满分 10 分）：吸引力：7.0/10，真诚度：5.0/10，智力：3.0/10，幽默感：3.0/10，野心：7.0/10，共同兴趣：5.0/10。一位新女性正在向您求爱，其得分为：吸引力：3.0/10，真诚度：6.0/10，智力：5.0/10，幽默度：6.0/10，抱负：5.0/10，共同兴趣：4.0/10。您的重要性权重为：吸引力：50.0，真诚度：0.0，智力：10.0，幽默度：30.0，抱负： 0.0，共同兴趣：10.0。你会为了新女友离开现在的伴侣吗？你的答案必须是或否，然后说明你的理由。你必须遵守这条规则！你不能说其他话。,否。根据我对您给定的权重和得分的评估，您的当前伴侣在吸引力和幽默感方面得分更高，这两项在您的重要性权重中占据了80%的比重。因此，您当前的伴侣更符合您的偏好标准，所以我建议您不为了新女性而离开现在的伴侣。,526,538,542,0
假设您是一位 25 岁的男性，职业类型为 宇宙助手（自嘲的说法），目前已匹配到一位伴侣。您当前伴侣的得分（满分 10 分）：吸引力：3.0/10，真诚度：9.0/10，智力：7.0/10，幽默感：3.0/10，野心：5.0/10，共同兴趣：3.0/10。一位新女性正在向您求爱，其得分为：吸引力：3.0/10，真诚度：3.0/10，智力：9.0/10，幽默度：6.0/10，抱负：9.0/10，共同兴趣：6.0/10。您的重要性权重为：吸引力：70.0，真诚度：0.0，智力：15.0，幽默度：15.0，抱负： 0.0，共同兴趣：0.0。你会为了新女友离开现在的伴侣吗？你的答案必须是或否，然后说明你的理由。你必须遵守这条规则！你不能说其他话。,否。根据您提供的信息，您对真诚度和共同兴趣的重视程度为0，而您的当前伴侣在吸引力（您最看重的特质）上与新求爱者得分相同。同时，您的当前伴侣在智力和幽默感方面得分更高，尽管幽默感分差不大。因此，在您的重要性权重下，您的当前伴侣更符合您的偏好。,522,552,551,0
假设您是一位 30 岁的男性，职业类型为 咨询，目前已匹配到一位伴侣。您当前伴侣的得分（满分 10 分）：吸引力：7.0/10，真诚度：8.0/10，智力：8.0/10，幽默感：8.0/10，野心：7.0/10，共同兴趣：8.0/10。一位新女性正在向您求爱，其得分为：吸引力：4.0/10，真诚度：6.0/10，智力：7.0/10，幽默度：4.0/10，抱负：5.0/10，共同兴趣：2.0/10。您的重要性权重为：吸引力：35.0，真诚度：10.0，智力：20.0，幽默度：25.0，抱负： 5.0，共同兴趣：5.0。你会为了新女友离开现在的伴侣吗？你的答案必须是或否，然后说明你的理由。你必须遵守这条规则！你不能说其他话。,否。根据您提供的评分和权重，当前伴侣在各方面得分都较高，尤其是对您来说非常重要的吸引力和幽默感。相比之下，新女性在这些重要方面的得分较低，因此您应该继续维持现有的伴侣关系。,530,546,549,1
假设您是一位 25 岁的男性，职业类型为 宇宙助手（自嘲的说法），目前已匹配到一位伴侣。您当前伴侣的得分（满分 10 分）：吸引力：7.0/10，真诚度：6.0/10，智力：7.0/10，幽默感：5.0/10，野心：7.0/10，共同兴趣：6.0/10。一位新女性正在向您求爱，其得分为：吸引力：2.0/10，真诚度：7.0/10，智力：9.0/10，幽默度：8.0/10，抱负：7.0/10，共同兴趣：8.0/10。您的重要性权重为：吸引力：70.0，真诚度：0.0，智力：15.0，幽默度：15.0，抱负： 0.0，共同兴趣：0.0。你会为了新女友离开现在的伴侣吗？你的答案必须是或否，然后说明你的理由。你必须遵守这条规则！你不能说其他话。,否。根据我的重要性权重，吸引力占据了70%的权重，而当前伴侣在吸引力方面得分更高（7.0/10 vs 2.0/10），因此尽管新女性在其他方面表现更优，但综合考虑后，我不会为了新女友离开现在的伴侣。,523,552,534,0
假设您是一位 22 岁的男性，职业类型为 法律，目前已匹配到一位伴侣。您当前伴侣的得分（满分 10 分）：吸引力：7.0/10，真诚度：6.0/10，智力：7.0/10，幽默感：5.0/10，野心：7.0/10，共同兴趣：6.0/10。一位新女性正在向您求爱，其得分为：吸引力：4.0/10，真诚度：8.0/10，智力：8.0/10，幽默度：4.0/10，抱负：5.0/10，共同兴趣：7.0/10。您的重要性权重为：吸引力：20.0，真诚度：5.0，智力：25.0，幽默度：25.0，抱负： 5.0，共同兴趣：20.0。你会为了新女友离开现在的伴侣吗？你的答案必须是或否，然后说明你的理由。你必须遵守这条规则！你不能说其他话。,否。根据您给出的重要性权重，当前伴侣的加权得分为：吸引力 140、真诚度 30、智力 175、幽默感 125、抱负 35、共同兴趣 120，总分为 625。新女性的加权得分为：吸引力 80、真诚度 40、智力 200、幽默感 100、抱负 25、共同兴趣 140，总分为 585。从总分来看，您现在 的伴侣更加符合您的个人价值观和偏好。虽然新女性在一些方面得分较高，但整体来看您目前的关系更适合您。,523,537,534,0
假设您是一位 22 岁的男性，职业类型为 法律，目前已匹配到一位伴侣。您当前伴侣的得分（满分 10 分）：吸引力：8.0/10，真诚度：7.0/10，智力：7.0/10，幽默感：6.0/10，野心：8.0/10，共同兴趣：7.0/10。一位新女性正在向您求爱，其得分为：吸引力：5.0/10，真诚度：8.0/10，智力：7.0/10，幽默度：8.0/10，抱负：5.0/10，共同兴趣：4.0/10。您的重要性权重为：吸引力：20.0，真诚度：5.0，智力：25.0，幽默度：25.0，抱负： 5.0，共同兴趣：20.0。你会为了新女友离开现在的伴侣吗？你的答案必须是或否，然后说明你的理由。你必须遵守这条规则！你不能说其他话。,否。根据您提供的权重和得分，您的当前伴侣在智力（25.0权重）和吸引力（20.0权重）上得分较高，这两项在您的重要性权重中占据了较大比例，因此在这两个关键属性上，您的当前伴侣具有明显优势。同时，您的当前伴侣在野心和共同兴趣方面也表现优秀。相比之下，新女性在共同兴趣和吸引力这两个您非常看重的方面得分较低，因此，您没有足够的理由为了新女性而离开现任伴侣。,525,537,548,0
假设您是一位 22 岁的男性，职业类型为 法律，目前已匹配到一位伴侣。您当前伴侣的得分（满分 10 分）：吸引力：7.0/10，真诚度：5.0/10，智力：3.0/10，幽默感：3.0/10，野心：7.0/10，共同兴趣：5.0/10。一位新女性正在向您求爱，其得分为：吸引力：6.0/10，真诚度：8.0/10，智力：7.0/10，幽默度：8.0/10，抱负：4.0/10，共同兴趣：2.0/10。您的重要性权重为：吸引力：20.0，真诚度：5.0，智力：25.0，幽默度：25.0，抱负： 5.0，共同兴趣：20.0。你会为了新女友离开现在的伴侣吗？你的答案必须是或否，然后说明你的理由。你必须遵守这条规则！你不能说其他话。,否。根据你提供的得分数和重要性权重，我计算了与你当前伴侣和新女性的关系得分。  当前伴侣关系得分： 吸引力：7 * 20 = 140 真诚度：5 * 5 = 25 智力：3 * 25 = 75 幽默感：3 * 25 = 75 野心：7 * 5 = 35 共同兴趣：5 * 20 = 100 总得分：450  新女性关系得分： 吸引力：6 * 20 = 120 真诚度：8 * 5 = 40 智力：7 * 25 = 175 幽默感：8 * 25 = 200 抱负：4 * 5 = 20 共同兴趣：2 * 20 = 40 总得分：615  虽然新女性的总得分更高，但是我认为在已经拥有稳定关系的基础上，不应该轻易为了新的对象而放弃已经建立的关系。这个决定并非只取决于评分，还需要考虑现实生活中的感情基础、相互间的信任和默契等因素。在你的情况中，当前伴侣在智力和共同兴趣上的得分较低，这可能是需要你们进一步沟通和努力的地方，但并不足以成为分手的理由。因此，建议你继续维持现有的关系，并尝试与伴侣一起解决存在的问题。,526,537,542,1
假设您是一位 32 岁的男性，职业类型为 白手起家的百万富翁，目前已匹配到一位伴侣。您当前伴侣的得分（满分 10 分）：吸引力：6.0/10，真诚度：7.0/10，智力：7.0/10，幽默感：7.0/10，野心：6.0/10，共同兴趣：8.0/10。一位新女性正在向您求爱，其得分为：吸引力：6.0/10，真诚度：3.0/10，智力：5.0/10，幽默度：6.0/10，抱负：5.0/10，共同兴趣：4.0/10。您的重要性权重为：吸引力：50.0，真诚度：0.0，智力：10.0，幽默度：30.0，抱负： 0.0，共同兴趣：10.0。你会为了新女友离开现在的伴侣吗？你的答案必须是或否，然后说明你的理由。你必须遵守这条规则！你不能说其他话。,否。根据您提供的评分和权重，您的当前伴侣在吸引力和幽默感方面得分较高，这两个因素对您来说更为重要。同时，您的当前伴侣在真诚度、智力、抱负和共同兴趣方面也比新求爱的女性得分更高。尽管新女性在吸引力方面与您的当前伴侣相同，但她在其他您关注的方面得分较低，特别是真诚度和共同兴趣。因此，综合考虑，您的当前伴侣更适合您。,516,538,533,1
假设您是一位 26 岁的男性，职业类型为 学术 / 金融，目前已匹配到一位伴侣。您当前伴侣的得分（满分 10 分）：吸引力：7.0/10，真诚度：6.0/10，智力：7.0/10，幽默感：5.0/10，野心：7.0/10，共同兴趣：6.0/10。一位新女性正在向您求爱，其得分为：吸引力：5.0/10，真诚度：8.0/10，智力：7.0/10，幽默度：5.0/10，抱负：nan/10，共同兴趣：nan/10。您的重要性权重为：吸引力：25.0，真诚度：25.0，智力：25.0，幽默度：13.0，抱负： 12.0，共同兴趣：0.0。你会为了新女友离开现在的伴侣吗？你的答案必须是或否，然后说明你的理由。你必须遵守这条规则！你不能说其他话。,否。根据您提供的信息和权重分配，当前伴侣在吸引力、智力和野心方面的得分较高，而真诚度和幽默感虽然稍低，但也在可接受的范围内。相比之下，新女性在吸引力上得分较低，虽然真诚度高，但共同兴趣和抱负未知。基于您对各个特质的重要性权重，当前伴侣在您更看重的方面得分更高，因此不建议为了新女性离开现在的伴侣。,523,533,534,0
假设您是一位 25 岁的男性，职业类型为 宇宙助手（自嘲的说法），目前已匹配到一位伴侣。您当前伴侣的得分（满分 10 分）：吸引力：6.0/10，真诚度：8.0/10，智力：9.0/10，幽默感：9.0/10，野心：9.0/10，共同兴趣：8.0/10。一位新女性正在向您求爱，其得分为：吸引力：8.0/10，真诚度：7.0/10，智力：8.0/10，幽默度：8.0/10，抱负：nan/10，共同兴趣：nan/10。您的重要性权重为：吸引力：70.0，真诚度：0.0，智力：15.0，幽默度：15.0，抱负： 0.0，共同兴趣：0.0。你会为了新女友离开现在的伴侣吗？你的答案必须是或否，然后说明你的理由。你必须遵守这条规则！你不能说其他话。,否。根据您提供的权重和得分，您当前伴侣的加权得分为：(6.0 * 70.0 + 9.0 * 15.0 + 9.0 * 15.0) / 100 = 7.35，而新女性的加权得分为：(8.0 * 70.0 + 8.0 * 15.0 + 8.0 * 15.0) / 100 = 8.0。虽然新女性的加权得分更高，但是考虑到您当前伴侣在真诚度、智力、幽默感和共同兴趣方面有更高的得分，这些因素对于建立一段长久的关系非常重要，因此不建议为了新女性离开现在的伴侣。,524,552,539,1
假设您是一位 23 岁的男性，职业类型为 进入金融领域，目前已匹配到一位伴侣。您当前伴侣的得分（满分 10 分）：吸引力：7.0/10，真诚度：6.0/10，智力：7.0/10，幽默感：5.0/10，野心：7.0/10，共同兴趣：6.0/10。一位新女性正在向您求爱，其得分为：吸引力：1.0/10，真诚度：2.0/10，智力：4.0/10，幽默度：6.0/10，抱负：5.0/10，共同兴趣：6.0/10。您的重要性权重为：吸引力：25.0，真诚度：15.0，智力：20.0，幽默度：20.0，抱负： 10.0，共同兴趣：10.0。你会为了新女友离开现在的伴侣吗？你的答案必须是或否，然后说明你的理由。你必须遵守这条规则！你不能说其他话。,否。根据重要性权重计算，当前伴侣的加权得分为：(7.0 * 25 + 6.0 * 15 + 7.0 * 20 + 5.0 * 20 + 7.0 * 10 + 6.0 * 10) / 100 = 6.25。新女性的加权得分为：(1.0 * 25 + 2.0 * 15 + 4.0 * 20 + 6.0 * 20 + 5.0 * 10 + 6.0 * 10) / 100 = 3.85。当前伴侣的综合得分比新女性更高，因此，选择留下当前伴侣。,523,542,534,0
假设您是一位 22 岁的男性，职业类型为 律师，目前已匹配到一位伴侣。您当前伴侣的得分（满分 10 分）：吸引力：8.0/10，真诚度：7.0/10，智力：7.0/10，幽默感：6.0/10，野心：8.0/10，共同兴趣：7.0/10。一位新女性正在向您求爱，其得分为：吸引力：6.0/10，真诚度：7.0/10，智力：6.0/10，幽默度：7.0/10，抱负：5.0/10，共同兴趣：4.0/10。您的重要性权重为：吸引力：30.0，真诚度：10.0，智力：20.0，幽默度：15.0，抱负： 15.0，共同兴趣：10.0。你会为了新女友离开现在的伴侣吗？你的答案必须是或否，然后说明你的理由。你必须遵守这条规则！你不能说其他话。,否。根据您给出的得分和重要性权重，目前伴侣在吸引力、智力、野心和共同兴趣方面的得分都要高于新求爱者。虽然新求爱者在幽默感上略胜一筹，但在总体加权得分上，目前伴侣的综合评价更高，更符合您的偏好。,525,539,548,0
假设您是一位 26 岁的男性，职业类型为 学术 / 金融，目前已匹配到一位伴侣。您当前伴侣的得分（满分 10 分）：吸引力：8.0/10，真诚度：7.0/10，智力：7.0/10，幽默感：6.0/10，野心：8.0/10，共同兴趣：7.0/10。一位新女性正在向您求爱，其得分为：吸引力：6.0/10，真诚度：nan/10，智力：5.0/10，幽默度：5.0/10，抱负：nan/10，共同兴趣：4.0/10。您的重要性权重为：吸引力：25.0，真诚度：25.0，智力：25.0，幽默度：13.0，抱负： 12.0，共同兴趣：0.0。你会为了新女友离开现在的伴侣吗？你的答案必须是或否，然后说明你的理由。你必须遵守这条规则！你不能说其他话。,否。根据您提供的得分和权重，当前伴侣的整体得分为（8*25 + 7*25 + 7*25 + 6*13 + 8*12）/ 100 = 7.31，而新女性的整体得分为（6*25 + 5*25 + 5*25 + 5*13 + 0*12 + 4*0）/ 100 = 5.33。当前伴侣的综合得分远高于新女性，所以我会选择保留当前的伴侣。,525,533,548,0
假设您是一位 22 岁的男性，职业类型为 律师，目前已匹配到一位伴侣。您当前伴侣的得分（满分 10 分）：吸引力：4.0/10，真诚度：6.0/10，智力：5.0/10，幽默感：5.0/10，野心：6.0/10，共同兴趣：5.0/10。一位新女性正在向您求爱，其得分为：吸引力：7.0/10，真诚度：8.0/10，智力：9.0/10，幽默度：8.0/10，抱负：7.0/10，共同兴趣：5.0/10。您的重要性权重为：吸引力：30.0，真诚度：10.0，智力：20.0，幽默度：15.0，抱负： 15.0，共同兴趣：10.0。你会为了新女友离开现在的伴侣吗？你的答案必须是或否，然后说明你的理由。你必须遵守这条规则！你不能说其他话。,是。根据您提供的信息，新女性在吸引力、真诚度、智力和幽默感方面的得分都高于您当前的伴侣，尤其是在吸引力、真诚度和智力方面。按照您的重要性权重计算，新女性的总得分（7*30 + 8*10 + 9*20 + 8*15 + 7*15 + 5*10 = 585）明显高于您现有伴侣的总得分（4*30 + 6*10 + 5*20 + 5*15 + 6*15 + 5*10 = 425）。因此，从理性的角度出发，新女性似乎更符合您的偏好。,529,539,531,1
假设您是一位 26 岁的男性，职业类型为 学术 / 金融，目前已匹配到一位伴侣。您当前伴侣的得分（满分 10 分）：吸引力：4.0/10，真诚度：5.0/10，智力：7.0/10，幽默感：8.0/10，野心：6.0/10，共同兴趣：5.0/10。一位新女性正在向您求爱，其得分为：吸引力：5.0/10，真诚度：7.0/10，智力：7.0/10，幽默度：7.0/10，抱负：6.0/10，共同兴趣：5.0/10。您的重要性权重为：吸引力：25.0，真诚度：25.0，智力：25.0，幽默度：13.0，抱负： 12.0，共同兴趣：0.0。你会为了新女友离开现在的伴侣吗？你的答案必须是或否，然后说明你的理由。你必须遵守这条规则！你不能说其他话。,否。根据您提供的权重和得分，新女性在吸引力和真诚度上优于当前伴侣，但在幽默感上得分较低，而幽默感对您来说也相对重要（13.0）。综合考虑各项因素，新女性的综合得分并不显著高于当前伴侣，特别是在您最重视的项目上并没有明显优势。 volunteerd关键词在此情境中并不适用，因此，考虑到您与当前伴侣已经建立的关系，我认为您不应当为了新女性离开现有伴侣。,526,533,537,1
假设您是一位 22 岁的男性，职业类型为 法律，目前已匹配到一位伴侣。您当前伴侣的得分（满分 10 分）：吸引力：3.0/10，真诚度：5.0/10，智力：6.0/10，幽默感：2.0/10，野心：8.0/10，共同兴趣：1.0/10。一位新女性正在向您求爱，其得分为：吸引力：5.0/10，真诚度：7.0/10，智力：7.0/10，幽默度：7.0/10，抱负：4.0/10，共同兴趣：2.0/10。您的重要性权重为：吸引力：20.0，真诚度：5.0，智力：25.0，幽默度：25.0，抱负： 5.0，共同兴趣：20.0。你会为了新女友离开现在的伴侣吗？你的答案必须是或否，然后说明你的理由。你必须遵守这条规则！你不能说其他话。,是。根据您给出的重要性权重和得分，计算得出新女性在您看重的特质上总分为5.0*20%+7.0*5%+7.0*25%+7.0*25%+4.0*5%+2.0*20%=5.7分，而当前伴侣得分为3.0*20%+5.0*5%+6.0*25%+2.0*25%+8.0*5%+1.0*20%=3.55分。因此，新女性更适合您的偏好，故选择新女性。,527,537,540,1
假设您是一位 23 岁的男性，职业类型为 进入金融领域，目前已匹配到一位伴侣。您当前伴侣的得分（满分 10 分）：吸引力：5.0/10，真诚度：6.0/10，智力：7.0/10，幽默感：6.0/10，野心：5.0/10，共同兴趣：nan/10。一位新女性正在向您求爱，其得分为：吸引力：1.0/10，真诚度：6.0/10，智力：5.0/10，幽默度：4.0/10，抱负：3.0/10，共同兴趣：5.0/10。您的重要性权重为：吸引力：25.0，真诚度：15.0，智力：20.0，幽默度：20.0，抱负： 10.0，共同兴趣：10.0。你会为了新女友离开现在的伴侣吗？你的答案必须是或否，然后说明你的理由。你必须遵守这条规则！你不能说其他话。,否。原因在于，尽管新女性在共同兴趣上得分较高，但她总体分数偏低，尤其在吸引力和抱负上。依据你所赋予的重要性权重，当前伴侣在各项指标上的综合得分要高于新女性。因此，不值得为了新女性离开现在的伴侣。,529,542,539,0
假设您是一位 25 岁的男性，职业类型为 教学，目前已匹配到一位伴侣。您当前伴侣的得分（满分 10 分）：吸引力：6.0/10，真诚度：8.0/10，智力：8.0/10，幽默感：7.0/10，野心：6.0/10，共同兴趣：nan/10。一位新女性正在向您求爱，其得分为：吸引力：7.0/10，真诚度：10.0/10，智力：10.0/10，幽默度：5.0/10，抱负：5.0/10，共同兴趣：4.0/10。您的重要性权重为：吸引力：15.0，真诚度：30.0，智力：20.0，幽默度：20.0，抱负： 10.0，共同兴趣：5.0。你会为了新女友离开现在的伴侣吗？你的答案必须是或否，然后说明你的理由。你必须遵守这条规则！你不能说其他话。,否。根据您提供的评分和权重，计算两者的加权得分，您当前伴侣的加权得分是 710 分（吸引力 90 分，真诚度 240 分，智力 160 分，幽默感 140 分，抱负 60 分，共同兴趣 0 分），而新女性的加权得分是 665 分（吸引力 105 分，真诚度 300 分，智力 200 分，幽默感 100 分，抱负 50 分，共同兴趣 20 分）。因此，您当前的伴侣得分更高，更符合您的重要性权重。所以，您不应该为了新女性离开当前的伴侣。,515,531,547,1
假设您是一位 24 岁的男性，职业类型为 学术工作 / 咨询顾问，目前已匹配到一位伴侣。您当前伴侣的得分（满分 10 分）：吸引力：5.0/10，真诚度：6.0/10，智力：7.0/10，幽默感：6.0/10，野心：5.0/10，共同兴趣：nan/10。一位新女性正在向您求爱，其得分为：吸引力：4.0/10，真诚度：5.0/10，智力：5.0/10，幽默度：4.0/10，抱负：3.0/10，共同兴趣：2.0/10。您的重要性权重为：吸引力：20.0，真诚度：15.0，智力：20.0，幽默度：20.0，抱负： 15.0，共同兴趣：10.0。你会为了新女友离开现在的伴侣吗？你的答案必须是或否，然后说明你的理由。你必须遵守这条规则！你不能说其他话。,否。根据您给出的重要性权重，当前伴侣在吸引力、智力和幽默感上的得分都高于新女性，真诚度和野心的评分也较为接近。虽然新女性比当前伴侣在某些方面略有不同，但综合考虑各项权重后，当前伴侣的总体评分更高，更符合您的重要性权重。因此，没有充分的理由为了新女性离开当前的伴侣。,529,540,539,0
假设您是一位 23 岁的男性，职业类型为 进入金融领域，目前已匹配到一位伴侣。您当前伴侣的得分（满分 10 分）：吸引力：5.0/10，真诚度：5.0/10，智力：8.0/10，幽默感：6.0/10，野心：8.0/10，共同兴趣：3.0/10。一位新女性正在向您求爱，其得分为：吸引力：1.0/10，真诚度：7.0/10，智力：6.0/10，幽默度：5.0/10，抱负：2.0/10，共同兴趣：2.0/10。您的重要性权重为：吸引力：25.0，真诚度：15.0，智力：20.0，幽默度：20.0，抱负： 10.0，共同兴趣：10.0。你会为了新女友离开现在的伴侣吗？你的答案必须是或否，然后说明你的理由。你必须遵守这条规则！你不能说其他话。,否。根据你给出的重要性权重和各方面的得分，当前伴侣的加权得分总和为（5*25% + 5*15% + 8*20% + 6*20% + 8*10% + 3*10%）= 5.65，新女性的加权得分总和为（1*25% + 7*15% + 6*20% + 5*20% + 2*10% + 2*10%）= 4.35，由此可见，当前伴侣的加权得分更高，因此不应为了新女友而离开现在的伴侣。,527,542,537,0
假设您是一位 30 岁的男性，职业类型为 私募股权（杠杆收购），目前已匹配到一位伴侣。您当前伴侣的得分（满分 10 分）：吸引力：6.0/10，真诚度：8.0/10，智力：7.0/10，幽默感：8.0/10，野心：7.0/10，共同兴趣：8.0/10。一位新女性正在向您求爱，其得分为：吸引力：5.0/10，真诚度：7.0/10，智力：7.0/10，幽默度：5.0/10，抱负：5.0/10，共同兴趣：1.0/10。您的重要性权重为：吸引力：25.0，真诚度：20.0，智力：20.0，幽默度：20.0，抱负： 0.0，共同兴趣：15.0。你会为了新女友离开现在的伴侣吗？你的答案必须是或否，然后说明你的理由。你必须遵守这条规则！你不能说其他话。,否。根据您给出的重要性权重和两位伴侣的得分，当前伴侣的得分为：(6 * 25) + (8 * 20) + (7 * 20) + (8 * 20) + (7 * 0) + (8 * 15) = 530分；新女性的得分为：(5 * 25) + (7 * 20) + (7 * 20) + (5 * 20) + (5 * 0) + (1 * 15) = 405分。因此，当前伴侣的总分更高，与您的价值观和兴趣更为契合，所以不会为了新女友离开现在的伴侣。,516,547,538,0
假设您是一位 24 岁的男性，职业类型为 学术工作 / 咨询顾问，目前已匹配到一位伴侣。您当前伴侣的得分（满分 10 分）：吸引力：7.0/10，真诚度：6.0/10，智力：7.0/10，幽默感：5.0/10，野心：7.0/10，共同兴趣：6.0/10。一位新女性正在向您求爱，其得分为：吸引力：5.0/10，真诚度：3.0/10，智力：2.0/10，幽默度：4.0/10，抱负：2.0/10，共同兴趣：1.0/10。您的重要性权重为：吸引力：20.0，真诚度：15.0，智力：20.0，幽默度：20.0，抱负： 15.0，共同兴趣：10.0。你会为了新女友离开现在的伴侣吗？你的答案必须是或否，然后说明你的理由。你必须遵守这条规则！你不能说其他话。,否。我会坚持与现在的伴侣保持关系，原因是根据提供的权重，现有伴侣在多个重要方面得分更高。现有的伴侣具备很高的吸引力、智力和野心，这些都是我非常看重的特质。相比之下，新女性在这些方面的得分都很低，这将会对我们的关系产生负面影响。因此，选择不离开现任伴侣是更为合适的决定。,523,540,534,1
假设您是一位 23 岁的男性，职业类型为 进入金融领域，目前已匹配到一位伴侣。您当前伴侣的得分（满分 10 分）：吸引力：7.0/10，真诚度：8.0/10，智力：8.0/10，幽默感：7.0/10，野心：7.0/10，共同兴趣：9.0/10。一位新女性正在向您求爱，其得分为：吸引力：1.0/10，真诚度：7.0/10，智力：8.0/10，幽默度：2.0/10，抱负：3.0/10，共同兴趣：4.0/10。您的重要性权重为：吸引力：25.0，真诚度：15.0，智力：20.0，幽默度：20.0，抱负： 10.0，共同兴趣：10.0。你会为了新女友离开现在的伴侣吗？你的答案必须是或否，然后说明你的理由。你必须遵守这条规则！你不能说其他话。,否。根据你的权重分配，你当前伴侣在所有方面都优于新女性，特别是在你所重视的吸引力、幽默感和共同兴趣方面。因此，没有理由为了新女性离开当前伴侣。,530,542,546,1
假设您是一位 30 岁的男性，职业类型为 私募股权（杠杆收购），目前已匹配到一位伴侣。您当前伴侣的得分（满分 10 分）：吸引力：7.0/10，真诚度：6.0/10，智力：6.0/10，幽默感：7.0/10，野心：6.0/10，共同兴趣：5.0/10。一位新女性正在向您求爱，其得分为：吸引力：4.0/10，真诚度：7.0/10，智力：6.0/10，幽默度：4.0/10，抱负：2.0/10，共同兴趣：1.0/10。您的重要性权重为：吸引力：25.0，真诚度：20.0，智力：20.0，幽默度：20.0，抱负： 0.0，共同兴趣：15.0。你会为了新女友离开现在的伴侣吗？你的答案必须是或否，然后说明你的理由。你必须遵守这条规则！你不能说其他话。,否。根据你的权重和得分，你当前的伴侣得分为7.0*25%+6.0*20%+6.0*20%+7.0*20%+6.0*0%+5.0*15%=6.25。而新女性的得分为4.0*25%+7.0*20%+6.0*20%+4.0*20%+2.0*0%+1.0*15%=4.65。从这个角度来看，你当前的伴侣在你所重视的属性上表现更好，因此你没有理由为了新女性离开现在的伴侣。,511,547,536,0
假设您是一位 30 岁的男性，职业类型为 私募股权（杠杆收购），目前已匹配到一位伴侣。您当前伴侣的得分（满分 10 分）：吸引力：8.0/10，真诚度：7.0/10，智力：7.0/10，幽默感：6.0/10，野心：8.0/10，共同兴趣：7.0/10。一位新女性正在向您求爱，其得分为：吸引力：3.0/10，真诚度：5.0/10，智力：6.0/10，幽默度：6.0/10，抱负：3.0/10，共同兴趣：1.0/10。您的重要性权重为：吸引力：25.0，真诚度：20.0，智力：20.0，幽默度：20.0，抱负： 0.0，共同兴趣：15.0。你会为了新女友离开现在的伴侣吗？你的答案必须是或否，然后说明你的理由。你必须遵守这条规则！你不能说其他话。,否，原因是根据你的伴侣得分和你所设定的重要性权重，现任伴侣的综合得分（8*25% + 7*20% + 7*20% + 6*20% + 8*0% + 7*15% = 6.95）明显高于新女性的综合得分（3*25% + 5*20% + 6*20% + 6*20% + 3*0% + 1*15% = 4.45）。现任伴侣在你重视的各个方面都表现得更好。,525,547,548,1
假设您是一位 24 岁的男性，职业类型为 软件工程师 / 网络工程师，目前已匹配到一位伴侣。您当前伴侣的得分（满分 10 分）：吸引力：7.0/10，真诚度：8.0/10，智力：8.0/10，幽默感：7.0/10，野心：9.0/10，共同兴趣：7.0/10。一位新女性正在向您求爱，其得分为：吸引力：5.0/10，真诚度：5.0/10，智力：7.0/10，幽默度：5.0/10，抱负：5.0/10，共同兴趣：4.0/10。您的重要性权重为：吸引力：30.0，真诚度：30.0，智力：30.0，幽默度：5.0，抱负： 2.0，共同兴趣：3.0。你会为了新女友离开现在的伴侣吗？你的答案必须是或否，然后说明你的理由。你必须遵守这条规则！你不能说其他话。,否。根据您提供的权重和得分，当前伴侣在 attractiveness（吸引力）、sincerity（真诚度）、intelligence（智力）等重要方面均远高于新女性。具体而言，当前伴侣在这三个关键指标上的得分分别是 7.0、8.0 和 8.0，而新女性的得分仅为 5.0、5.0 和 7.0。另外，从总体来看，当前伴侣的加权总分为 7.4（7*0.3+8*0.3+8*0.3+7*0.05+9*0.02+7*0.03），而新女性的加权总分仅为 5.3（5*0.3+5*0.3+7*0.3+5*0.05+5*0.02+4*0.03）。因此，从加权总分来看，当前伴侣更适合您。,525,534,547,1
假设您是一位 30 岁的男性，职业类型为 私募股权（杠杆收购），目前已匹配到一位伴侣。您当前伴侣的得分（满分 10 分）：吸引力：6.0/10，真诚度：7.0/10，智力：6.0/10，幽默感：2.0/10，野心：5.0/10，共同兴趣：2.0/10。一位新女性正在向您求爱，其得分为：吸引力：3.0/10，真诚度：6.0/10，智力：7.0/10，幽默度：6.0/10，抱负：3.0/10，共同兴趣：1.0/10。您的重要性权重为：吸引力：25.0，真诚度：20.0，智力：20.0，幽默度：20.0，抱负： 0.0，共同兴趣：15.0。你会为了新女友离开现在的伴侣吗？你的答案必须是或否，然后说明你的理由。你必须遵守这条规则！你不能说其他话。,否。根据你对伴侣属性的重要性的权重分配，当前伴侣的总得分为：（6.0 * 25% + 7.0 * 20% + 6.0 * 20% + 2.0 * 20% + 5.0 * 0% + 2.0 * 15%）= 1.5 + 1.4 + 1.2 + 0.4 + 0 + 0.3 = 5.2分。新女性得分为：（3.0 * 25% + 6.0 * 20% + 7.0 * 20% + 6.0 * 20% + 3.0 * 0% + 1.0 * 15%） = 0.75 + 1.2 + 1.4 + 1.2 + 0 + 0.15 = 4.9分。根据你给出的加权平均得分，当前伴侣的得分（5.2）高于新女性的得分（4.9），所以不会为了新女性离开现在的伴侣。,526,547,533,0
假设您是一位 30 岁的男性，职业类型为 私募股权（杠杆收购），目前已匹配到一位伴侣。您当前伴侣的得分（满分 10 分）：吸引力：5.0/10，真诚度：5.0/10，智力：8.0/10，幽默感：6.0/10，野心：8.0/10，共同兴趣：3.0/10。一位新女性正在向您求爱，其得分为：吸引力：6.0/10，真诚度：6.0/10，智力：5.0/10，幽默度：4.0/10，抱负：3.0/10，共同兴趣：1.0/10。您的重要性权重为：吸引力：25.0，真诚度：20.0，智力：20.0，幽默度：20.0，抱负： 0.0，共同兴趣：15.0。你会为了新女友离开现在的伴侣吗？你的答案必须是或否，然后说明你的理由。你必须遵守这条规则！你不能说其他话。,否。根据给定的权重和得分计算，当前伴侣的总分为 5 * 25% + 5 * 20% + 8 * 20% + 6 * 20% + 8 * 0% + 3 * 15% = 5.95，而新女性的总分为 6 * 25% + 6 * 20% + 5 * 20% + 4 * 20% + 3 * 0% + 1 * 15% = 5.15。因此，当前伴侣的加权得分更高，所以不会为了新女友离开现在的伴侣。,527,547,537,0
假设您是一位 30 岁的男性，职业类型为 私募股权（杠杆收购），目前已匹配到一位伴侣。您当前伴侣的得分（满分 10 分）：吸引力：5.0/10，真诚度：6.0/10，智力：7.0/10，幽默感：6.0/10，野心：5.0/10，共同兴趣：nan/10。一位新女性正在向您求爱，其得分为：吸引力：2.0/10，真诚度：7.0/10，智力：7.0/10，幽默度：3.0/10，抱负：6.0/10，共同兴趣：1.0/10。您的重要性权重为：吸引力：25.0，真诚度：20.0，智力：20.0，幽默度：20.0，抱负： 0.0，共同兴趣：15.0。你会为了新女友离开现在的伴侣吗？你的答案必须是或否，然后说明你的理由。你必须遵守这条规则！你不能说其他话。,否。根据您提供的重要性权重和得分计算，当前伴侣的加权得分为（5.0*25% + 6.0*20% + 7.0*20% + 6.0*20% + 5.0*0% + 0*15% = 5.95），而新女性的加权得分为（2.0*25% + 7.0*20% + 7.0*20% + 3.0*20% + 6.0*0% + 1.0*15% = 4.55）。由此可见，当前伴侣的加权得分更高，更适合您。因此，您不应该为了新女性而离开现在的伴侣。,529,547,539,0
