假设你是一位 30 岁的单身男士，有一位 23 岁的女性正在追求你。你的职业类型是 私募股权（杠杆收购）。你从六个维度对她进行了评估，满分为 10 分。这六个维度分别是：吸引力：6.0/10，真诚：6.0/10，智力：7.0/10，幽默感：8.0/10，抱负：10.0/10，共同兴趣：1.0/10。这些属性的重要性权重如下：吸引力：25.0，真诚：20.0，智力：20.0，幽默感：20.0，抱负：0.0，共同兴趣：15.0。你愿意和这位女士约会吗？请告诉我原因。你的答案必须是（是）或（否），然后说明你的原因。你必须遵守这条规则！你不能说其他话。,否。根据你提供的权重和评分，我计算得出总分为 6.25。考虑到共同兴趣的得分非常低，这在你对潜在伴侣的评价中占有15%的权重，意味着你们之间有很大的差异，这可能会导致你们在共同度过时光时遇到困难。此外，总分也不高，表明整体上你们不是很匹配。因此，我认为与这位女士约会可能不是一个好主意。,514,547,,1
假设您是一位 24 岁的单身男士，有一位 32 岁的女性正在追求您。您的职业类型是 社会工作者。您对她进行了六个维度的评估，满分为 10 分。这六个维度分别是：吸引力：6.0/10，真诚：6.0/10，智力：8.0/10，幽默感：9.0/10，抱负：8.0/10，共同兴趣：5.0/10。您对这些属性的重要性权重为：吸引力：50.0，真诚： 20.0，智力：10.0，幽默感：5.0，野心：10.0，共同兴趣：5.0。你愿意和这位女士约会吗？请告诉我原因。你的答案必须是(是）或（否），然后说明你的理由。你必须遵守这条规则！你不能说其他话。,否。根据您对各个维度的评分和重量，吸引力和真诚是您认为最重要的两个因素。吸引力的评分是6.0/10，考虑到其权重50.0，对整体影响很大。尽管她的智力、幽默感和抱负评分较高，共同兴趣较低，但这个低分数不太可能弥补吸引力得分的影响。因此，根据您给出的评分标准，这位女士可能不符合您的理想标准。,538,527,,1
假设你是一位 27 岁的单身男士，有一位 23 岁的女性正在追求你。你的职业类型是 银行业。你从六个维度对她进行了评估，满分为 10 分。这六个维度分别是：吸引力：5.0/10，真诚：8.0/10，智力：9.0/10，幽默感：6.0/10，抱负：8.0/10，共同兴趣：7.0/10。这些属性的重要性权重如下：吸引力：40.0，真诚：20.0，智力：20.0，幽默感：20.0，抱负：0.0，共同兴趣：0.0。你愿意和这位女士约会吗？请告诉我原因。你的答案必须是（是）或（否），然后说明你的原因。你必须遵守这条规则！你不能说其他话。,否。根据你提供的评分和重要性权重，这位女士在你最重视的维度，如吸引力、真诚、智力和幽默感方面的得分并不足以达到你的期望。特别是在吸引力这一项，她的得分较低，这一项在你的评估中权重最高，这可能会影响你对她整体的兴趣。同时，抱负和共同兴趣在你的评估中的比重为 0，代表这些方面虽然她表现不错，但它们对你决定是否约会的影响不大。,511,551,,1
假设你是一位 30 岁的单身男士，有一位 23 岁的女性正在追求你。你的职业类型是 金融。你从六个维度对她进行了评估，满分为 10 分。这六个维度分别是：吸引力：6.0/10，真诚：6.0/10，智力：7.0/10，幽默感：6.0/10，抱负：4.0/10，共同兴趣：4.0/10。这些属性的重要性权重如下：吸引力：30.0，真诚：3.0，智力：30.0，幽默感：30.0，抱负：3.0，共同兴趣：4.0。你愿意和这位女士约会吗？请告诉我原因。你的答案必须是（是）或（否），然后说明你的原因。你必须遵守这条规则！你不能说其他话。,否，根据你给出的评分和属性的重要性权重，这位女士在你重视的维度（吸引力、智力、幽默感）上的得分并不是特别高，而这些维度的权重也比较大，所以总体来看，你们的匹配度可能不是很高。因此，我建议你不必急于接受这位女士的追求，但同时可以保持友好的交往，多了解对方，也许会有新的发现。不过基于当前的信息，直接步入约会阶段可能不是最佳选择。,515,550,,1
假设您是一位 22 岁的单身男士，有一位 22 岁的女性正在追求您。您的职业类型是 地区检察官助理。您对她进行了六个维度的评估，满分为 10 分。这六个维度分别是：吸引力：6.0/10，真诚：8.0/10，智力：9.0/10，幽默感：9.0/10，抱负：7.0/10，共同兴趣：7.0/10。您对这些属性的重要性权重为：吸引力：10.0，真诚： 20.0，智力：15.0，幽默感：20.0，野心：15.0，共同兴趣：20.0。你愿意和这位女士约会吗？请告诉我原因。你的答案必须是(是）或（否），然后说明你的理由。你必须遵守这条规则！你不能说其他话。,是。根据你提供的评估分数和重要性权重，这位女士在你所重视的多个维度上都表现良好，包括真诚、智力、幽默感、抱负和共同兴趣，这些加权后的分数都很高。尽管她在吸引力方面的得分相对较低，但总体来看，她的加权平均分数仍然很高，因此我认为与她约会是值得的。,537,522,,1
假设您是一位 22 岁的男性，职业类型为 律师，目前已匹配到一位伴侣。您当前伴侣的得分（满分 10 分）：吸引力：6.0/10，真诚度：8.0/10，智力：9.0/10，幽默感：9.0/10，野心：7.0/10，共同兴趣：7.0/10。一位新女性正在向您求爱，其得分为：吸引力：9.0/10，真诚度：6.0/10，智力：10.0/10，幽默度：9.0/10，抱负：8.0/10，共同兴趣：8.0/10。您的重要性权重为：吸引力：30.0，真诚度：10.0，智力：20.0，幽默度：15.0，抱负： 15.0，共同兴趣：10.0。你会为了新女友离开现在的伴侣吗？你的答案必须是或否，然后说明你的理由。你必须遵守这条规则！你不能说其他话。,否。根据您的重要性权重计算，目前的伴侣得分总和为：6*30 + 8*10 + 9*20 + 9*15 + 7*15 + 7*10= 494分；新女性得分为：9*30 + 6*10 + 10*20 + 9*15 + 8*15 + 8*10=517分。虽然新女性的总分略高，但考虑到您与现有伴侣已经建立了一定的感情基础，基于您作为律师的职业背景，您可能更倾向于维护目前的关系。另外，您与现有伴侣在真诚度上的得分差距较大，这可能表明你们之间建立了较高的信任，这是新女性所缺乏的。因此，我建议您保持与现有伴侣的关系。,522,539,537,1
假设您是一位 27 岁的单身男士，有一位 25 岁的女性正在追求您。您的职业类型是 科学家。您对她进行了六个维度的评估，满分为 10 分。这六个维度分别是：吸引力：6.0/10，真诚：7.0/10，智力：8.0/10，幽默感：7.0/10，抱负：8.0/10，共同兴趣：6.0/10。您对这些属性的重要性权重为：吸引力：58.0，真诚： 5.0，智力：8.0，幽默感：10.0，野心：7.0，共同兴趣：12.0。你愿意和这位女士约会吗？请告诉我原因。你的答案必须是(是）或（否），然后说明你的理由。你必须遵守这条规则！你不能说其他话。,否。根据你给出的权重和评分，这位女士在你最看重的“吸引力”维度上得分并不高（6.0/10）。综合其他维度的评分和你设置的权重，整体得分较低，因此我建议你可能不如选择一位在“吸引力”方面更符合你标准的伴侣。这并不意味着她不是一个很好的人，但为了你自己的幸福，你可能需要找一个更接近你理想类型的伴侣。,531,516,,1
假设您是一位 24 岁的单身男士，有一位 22 岁的女性正在追求您。您的职业类型是 性治疗师。您对她进行了六个维度的评估，满分为 10 分。这六个维度分别是：吸引力：8.0/10，真诚：8.0/10，智力：8.0/10，幽默感：8.0/10，抱负：9.0/10，共同兴趣：9.0/10。您对这些属性的重要性权重为：吸引力：10.0，真诚： 15.0，智力：30.0，幽默感：20.0，野心：15.0，共同兴趣：10.0。你愿意和这位女士约会吗？请告诉我原因。你的答案必须是(是）或（否），然后说明你的理由。你必须遵守这条规则！你不能说其他话。,是。根据六个维度的评分和我对这些属性的重要性权重，这位女士的综合分数较高，区配度较好。在智力、抱负和共同兴趣方面，她的得分尤为突出，而这些属性对我个人来说尤为重要。因此，我愿意和这位女士约会。,537,525,,1
假设您是一位 23 岁的男性，职业类型为 医生，目前已匹配到一位伴侣。您当前伴侣的得分（满分 10 分）：吸引力：7.0/10，真诚度：8.0/10，智力：9.0/10，幽默感：5.0/10，野心：7.0/10，共同兴趣：5.0/10。一位新女性正在向您求爱，其得分为：吸引力：6.0/10，真诚度：7.0/10，智力：7.0/10，幽默度：9.0/10，抱负：7.0/10，共同兴趣：8.0/10。您的重要性权重为：吸引力：15.0，真诚度：25.0，智力：20.0，幽默度：10.0，抱负： 10.0，共同兴趣：20.0。你会为了新女友离开现在的伴侣吗？你的答案必须是或否，然后说明你的理由。你必须遵守这条规则！你不能说其他话。,否。根据您提供的信息，我当前的伴侣在真诚度、智力、抱负等方面都具有较高的评分，这些特质在您重视的特质中占有较大比重。尽管新女性在幽默感和共同兴趣方面得分较高，但您当前伴侣的总体加权得分更高。因此，我选择不为了新女友离开现在的伴侣。,514,544,547,0
假设您是一位 27 岁的单身男士，有一位 24 岁的女性正在追求您。您的职业类型是 （未知）。您对她进行了六个维度的评估，满分为 10 分。这六个维度分别是：吸引力：10.0/10，真诚：10.0/10，智力：10.0/10，幽默感：10.0/10，抱负：10.0/10，共同兴趣：10.0/10。您对这些属性的重要性权重为：吸引力：10.0，真诚： 25.0，智力：20.0，幽默感：20.0，野心：5.0，共同兴趣：20.0。你愿意和这位女士约会吗？请告诉我原因。你的答案必须是(是）或（否），然后说明你的理由。你必须遵守这条规则！你不能说其他话。,是。因为根据我对这位女士的评估，她在每个维度上都获得了满分，这说明她是一位非常优秀的女性。根据我的重要性权重，她的总分为10*10%+10*25%+10*20%+10*20%+10*5%+10*20%=10分，这是一个完美的得分。所以，我愿意和这位女士约会。,543,523,,1
假设您是一位 23 岁的单身男士，有一位 24 岁的女性正在追求您。您的职业类型是 演员。您对她进行了六个维度的评估，满分为 10 分。这六个维度分别是：吸引力：3.0/10，真诚：10.0/10，智力：9.0/10，幽默感：7.0/10，抱负：nan/10，共同兴趣：5.0/10。您对这些属性的重要性权重为：吸引力：20.0，真诚： 25.0，智力：25.0，幽默感：30.0，野心：5.0，共同兴趣：5.0。你愿意和这位女士约会吗？请告诉我原因。你的答案必须是(是）或（否），然后说明你的理由。你必须遵守这条规则！你不能说其他话。,否。  按照您的评价标准，这位女士在吸引力、抱负和共同兴趣方面得分不是很高，而在真诚、智力和幽默感方面得分很高。尽管真诚、智力和幽默感都是重要的品质，但根据您对这些属性的重要性赋值，吸引力和共同兴趣也占有一定的权重。总分计算下来，这位女士的综合得分并不足够高。因此，根据您的标准，选择不与她约会。注意，这不代表她不是一个很好的人，只是性格和特质方面可能不太符合您的期望和标准。,540,518,,1
假设你是一位 28 岁的单身男士，有一位 25 岁的女性正在追求你。你的职业类型是 综合管理 / 咨询。你从六个维度对她进行了评估，满分为 10 分。这六个维度分别是：吸引力：6.0/10，真诚：8.0/10，智力：10.0/10，幽默感：7.0/10，抱负：7.0/10，共同兴趣：6.0/10。这些属性的重要性权重如下：吸引力：20.0，真诚：20.0，智力：20.0，幽默感：20.0，抱负：0.0，共同兴趣：20.0。你愿意和这位女士约会吗？请告诉我原因。你的答案必须是（是）或（否），然后说明你的原因。你必须遵守这条规则！你不能说其他话。,（是）因为根据你提供的评估标准和权重，这位女士在你认为重要的维度上（真诚、智力、幽默感和共同兴趣）得分较高，特别是真诚和智力方面，这表明你们之间有建立深入关系的潜力。虽然吸引力方面得分较低，但这只是六个维度中的一个，且根据你给出的权重，并不是最重要的。因此，综合考虑，这位女士是一个值得约会的对象。,524,549,,1
假设您是一位 25 岁的男性，职业类型为 宇宙助手（自嘲的说法），目前已匹配到一位伴侣。您当前伴侣的得分（满分 10 分）：吸引力：7.0/10，真诚度：8.0/10，智力：9.0/10，幽默感：5.0/10，野心：7.0/10，共同兴趣：5.0/10。一位新女性正在向您求爱，其得分为：吸引力：4.0/10，真诚度：6.0/10，智力：8.0/10，幽默度：7.0/10，抱负：8.0/10，共同兴趣：8.0/10。您的重要性权重为：吸引力：70.0，真诚度：0.0，智力：15.0，幽默度：15.0，抱负： 0.0，共同兴趣：0.0。你会为了新女友离开现在的伴侣吗？你的答案必须是或否，然后说明你的理由。你必须遵守这条规则！你不能说其他话。,否。根据我的重要性权重，吸引力和智力是最重要的因素，而我当前的伴侣在这两个方面得分都较高，分别为7.0/10和9.0/10。虽然新女性求爱者在幽默感和共同兴趣方面得分较高，但这些在我的权重中占的比重较小，因此不足以使我想离开当前的伴侣。,514,552,547,1
假设您是一位 22 岁的女性，职业类型为 尚未知道，目前已匹配到一位伴侣。您当前伴侣的得分（满分 10 分）：吸引力：4.0/10，真诚度：4.0/10，智力：5.0/10，幽默度：3.0/10，野心：4.0/10，共同兴趣：3.0/10。一位新男士正在向您求爱，他的得分为：吸引力：9.0/10，真诚度： 9.0/10，智力：8.0/10，幽默感：10.0/10，抱负：8.0/10，共同兴趣：7.0/10。您的重要性权重为：吸引力：20.0，真诚：20.0，智力：10.0，幽默感：15.0，抱负： 5.0，共同兴趣：30.0。你会为了新男友离开现在的伴侣吗？你的答案必须是（是）或（否），然后说明你的理由。你必须遵守这条规则！你绝对不能说其他话。,是。根据您提供的得分和权重，新男士在您重视的几乎所有方面都远超当前伴侣，尤其是在吸引力、真诚度、智力、幽默感和抱负这些个性品质上。尽管共同兴趣方面新男士只比您现有伴侣高4分，但整体来看，新男士的综合得分明显更高，这意味着与他在一起可能给您带来更多的快乐和满足感。,538,530,527,1
假设您是一位 24 岁的男性，职业类型为 软件工程师 / 网络工程师，目前已匹配到一位伴侣。您当前伴侣的得分（满分 10 分）：吸引力：3.0/10，真诚度：10.0/10，智力：9.0/10，幽默感：7.0/10，野心：nan/10，共同兴趣：5.0/10。一位新女性正在向您求爱，其得分为：吸引力：8.0/10，真诚度：9.0/10，智力：8.0/10，幽默度：9.0/10，抱负：9.0/10，共同兴趣：8.0/10。您的重要性权重为：吸引力：30.0，真诚度：30.0，智力：30.0，幽默度：5.0，抱负： 2.0，共同兴趣：3.0。你会为了新女友离开现在的伴侣吗？你的答案必须是或否，然后说明你的理由。你必须遵守这条规则！你不能说其他话。,否。虽然新女性的得分在大多数方面高于当前伴侣，但是从您提供的权重来看，您对真诚度和智力的重视程度非常高（各占30%），而您当前伴侣在这两方面的得分都是很高的（真诚度10.0/10，智力9.0/10），这在你们的关系中显得尤为重要。相比之下，新女性在吸引力和幽默感方面确实更胜一筹，但在最重要的两个方面——真诚度和智力——与您现有伴侣相比略逊一筹。综合考虑，您当前的伴侣仍然更符合您的核心价值观。,518,534,540,1
假设您是一位 30 岁的男性，职业类型为 管理，目前已匹配到一位伴侣。您当前伴侣的得分（满分 10 分）：吸引力：6.0/10，真诚度：5.0/10，智力：7.0/10，幽默感：8.0/10，野心：6.0/10，共同兴趣：6.0/10。一位新女性正在向您求爱，其得分为：吸引力：9.0/10，真诚度：9.0/10，智力：9.0/10，幽默度：5.0/10，抱负：8.0/10，共同兴趣：5.0/10。您的重要性权重为：吸引力：40.0，真诚度：10.0，智力：20.0，幽默度：10.0，抱负： 0.0，共同兴趣：20.0。你会为了新女友离开现在的伴侣吗？你的答案必须是或否，然后说明你的理由。你必须遵守这条规则！你不能说其他话。,否。根据您提供的各项得分和重要性权重，当前伴侣的加权分值为：(6.0 * 40 + 5.0 * 10 + 7.0 * 20 + 8.0 * 10 + 6.0 * 0 + 6.0 * 20) / 100 = 6.2，而新女性的加权分值为：(9.0 * 40 + 9.0 * 10 + 9.0 * 20 + 5.0 * 10 + 8.0 * 0 + 5.0 * 20) / 100 = 7.3。虽然新女性的加权分值更高，但决定是否终止一段关系转而投入新关系的因素不仅仅在于得分的高低，还涉及到道德、情感责任以及已有关系中的投资。您已经与现有伴侣建立了稳定的关系，除非新关系在多个层面都显著优于现有关系，否则放弃现有关系并不是最理智的选择。,511,548,551,1
假设您是一位 23 岁的男性，职业类型为 企业家，目前已匹配到一位伴侣。您当前伴侣的得分（满分 10 分）：吸引力：2.0/10，真诚度：3.0/10，智力：3.0/10，幽默感：5.0/10，野心：5.0/10，共同兴趣：nan/10。一位新女性正在向您求爱，其得分为：吸引力：9.0/10，真诚度：9.0/10，智力：9.0/10，幽默度：8.0/10，抱负：7.0/10，共同兴趣：5.0/10。您的重要性权重为：吸引力：40.0，真诚度：30.0，智力：0.0，幽默度：20.0，抱负： 0.0，共同兴趣：10.0。你会为了新女友离开现在的伴侣吗？你的答案必须是或否，然后说明你的理由。你必须遵守这条规则！你不能说其他话。,是。根据我的重要性权重和两个潜在伴侣的得分，新女性在吸引力和幽默感方面得分非常高，这两项对我来说非常重要。此外，她在真诚度和智力方面的得分也很高，这些也是我很看重的品质。相比之下，当前伴侣在这些方面的得分较低，因此我认为新女性更符合我的理想伴侣标准。,515,541,550,1
假设您是一位 23 岁的男性，职业类型为 进入金融领域，目前已匹配到一位伴侣。您当前伴侣的得分（满分 10 分）：吸引力：5.0/10，真诚度：3.0/10，智力：5.0/10，幽默感：5.0/10，野心：2.0/10，共同兴趣：2.0/10。一位新女性正在向您求爱，其得分为：吸引力：4.0/10，真诚度：5.0/10，智力：8.0/10，幽默度：6.0/10，抱负：7.0/10，共同兴趣：9.0/10。您的重要性权重为：吸引力：25.0，真诚度：15.0，智力：20.0，幽默度：20.0，抱负： 10.0，共同兴趣：10.0。你会为了新女友离开现在的伴侣吗？你的答案必须是或否，然后说明你的理由。你必须遵守这条规则！你不能说其他话。,是。新女性在真诚度、智力、幽默感、抱负和共同兴趣方面的得分均高于当前伴侣，尽管吸引力略低，但根据你的重要性权重，新女性的总体得分更高，更适合你。,511,542,548,1
假设您是一位 29 岁的男性，职业类型为 金融，目前已匹配到一位伴侣。您当前伴侣的得分（满分 10 分）：吸引力：6.0/10，真诚度：7.0/10，智力：8.0/10，幽默感：7.0/10，野心：8.0/10，共同兴趣：6.0/10。一位新女性正在向您求爱，其得分为：吸引力：10.0/10，真诚度：8.0/10，智力：9.0/10，幽默度：9.0/10，抱负：9.0/10，共同兴趣：7.0/10。您的重要性权重为：吸引力：30.0，真诚度：20.0，智力：20.0，幽默度：20.0，抱负： 10.0，共同兴趣：0.0。你会为了新女友离开现在的伴侣吗？你的答案必须是或否，然后说明你的理由。你必须遵守这条规则！你不能说其他话。,是。按照您给出的重要属性权重和得分，计算得出新女性的加权得分为 8.9，而您当前伴侣的加权得分为 7.0。因此，新女性在您设定的评价标准下更符合您的期望。,516,536,531,1
假设您是一位 26 岁的女性，职业类型为 社会工作，目前已匹配到一位伴侣。您当前伴侣的得分（满分 10 分）：吸引力：5.0/10，真诚度：6.0/10，智力：5.0/10，幽默度：5.0/10，野心：5.0/10，共同兴趣：3.0/10。一位新男士正在向您求爱，他的得分为：吸引力：5.0/10，真诚度： 7.0/10，智力：9.0/10，幽默感：9.0/10，抱负：9.0/10，共同兴趣：4.0/10。您的重要性权重为：吸引力：10.0，真诚：10.0，智力：30.0，幽默感：20.0，抱负： 10.0，共同兴趣：15.0。你会为了新男友离开现在的伴侣吗？你的答案必须是（是）或（否），然后说明你的理由。你必须遵守这条规则！你绝对不能说其他话。,是。根据您给出的重要性权重，新男士在智力、幽默感和抱负方面的得分远高于当前伴侣，这些因素在您的评估中占据了较大的权重。虽然吸引力和真诚度得分相同，但新男士在共同兴趣方面略胜一筹。因此，综合考虑，新男士的总分更高。,538,526,530,1
假设您是一位 24 岁的男性，职业类型为 学术工作 / 咨询顾问，目前已匹配到一位伴侣。您当前伴侣的得分（满分 10 分）：吸引力：4.0/10，真诚度：4.0/10，智力：5.0/10，幽默感：4.0/10，野心：2.0/10，共同兴趣：2.0/10。一位新女性正在向您求爱，其得分为：吸引力：7.0/10，真诚度：8.0/10，智力：7.0/10，幽默度：7.0/10，抱负：5.0/10，共同兴趣：3.0/10。您的重要性权重为：吸引力：20.0，真诚度：15.0，智力：20.0，幽默度：20.0，抱负： 15.0，共同兴趣：10.0。你会为了新女友离开现在的伴侣吗？你的答案必须是或否，然后说明你的理由。你必须遵守这条规则！你不能说其他话。,是。根据您给出的重要性权重和两位伴侣的得分，新女性在吸引力、真诚度、智力、幽默感和抱负方面得分明显更高，虽然共同兴趣稍高，但总体来说新女性更符合您的重要性标准。因此，从理性角度来看，选择新女性更有利。,511,540,542,1
假设您是一位 24 岁的单身男士，有一位 25 岁的女性正在追求您。您的职业类型是 社会工作者。您对她进行了六个维度的评估，满分为 10 分。这六个维度分别是：吸引力：4.0/10，真诚：8.0/10，智力：9.0/10，幽默感：3.0/10，抱负：8.0/10，共同兴趣：2.0/10。您对这些属性的重要性权重为：吸引力：50.0，真诚： 20.0，智力：10.0，幽默感：5.0，野心：10.0，共同兴趣：5.0。你愿意和这位女士约会吗？请告诉我原因。你的答案必须是(是）或（否），然后说明你的理由。你必须遵守这条规则！你不能说其他话。,否。根据你提供的维度评分和重要性权重，吸引力在我的评价体系中占据很大的比例，达到了50%，而这位女士在吸引力方面的得分较低，只有4.0/10。尽管她在真诚、智力和抱负方面表现优秀，但这些方面所占的重要性权重相对较低。同时，我们之间的共同兴趣不高，幽默感也较弱，这可能会导致在日常相处中缺乏共鸣。综上所述，我不愿意和这位女士约会。,531,527,,0
假设您是一位 30 岁的男性，职业类型为 金融，目前已匹配到一位伴侣。您当前伴侣的得分（满分 10 分）：吸引力：8.0/10，真诚度：8.0/10，智力：8.0/10，幽默感：8.0/10，野心：8.0/10，共同兴趣：7.0/10。一位新女性正在向您求爱，其得分为：吸引力：7.0/10，真诚度：6.0/10，智力：6.0/10，幽默度：6.0/10，抱负：6.0/10，共同兴趣：4.0/10。您的重要性权重为：吸引力：30.0，真诚度：3.0，智力：30.0，幽默度：30.0，抱负： 3.0，共同兴趣：4.0。你会为了新女友离开现在的伴侣吗？你的答案必须是或否，然后说明你的理由。你必须遵守这条规则！你不能说其他话。,否。根据您的重要性权重，目前伴侣在吸引力、智力和幽默感上都得分较高，这些都是您认为非常重要的品质。尽管新女性在一些方面也具备一定的吸引力，但她在其他重要品质上的得分较低，特别是在共同兴趣方面得分更低。综合考虑，目前的伴侣更符合您的价值观和兴趣，因此不应该为了新女性而离开现在的伴侣。,516,550,536,1
假设您是一位 27 岁的男性，职业类型为 银行业，目前已匹配到一位伴侣。您当前伴侣的得分（满分 10 分）：吸引力：10.0/10，真诚度：7.0/10，智力：5.0/10，幽默感：5.0/10，野心：5.0/10，共同兴趣：9.0/10。一位新女性正在向您求爱，其得分为：吸引力：6.0/10，真诚度：6.0/10，智力：6.0/10，幽默度：8.0/10，抱负：5.0/10，共同兴趣：5.0/10。您的重要性权重为：吸引力：40.0，真诚度：20.0，智力：20.0，幽默度：20.0，抱负： 0.0，共同兴趣：0.0。你会为了新女友离开现在的伴侣吗？你的答案必须是或否，然后说明你的理由。你必须遵守这条规则！你不能说其他话。,否。根据我的重要性权重，当前伴侣在吸引力这一最重要维度上得分为10.0/10，而新女性在这一维度上的得分仅为6.0/10，差距明显。虽然新女性在幽默感上的得分较高，但在其他重要维度上得分均低于当前伴侣，因此综合考虑后，我不会为了新女性离开现在的伴侣。,514,551,552,0
假设您是一位 29 岁的男性，职业类型为 金融，目前已匹配到一位伴侣。您当前伴侣的得分（满分 10 分）：吸引力：6.0/10，真诚度：9.0/10，智力：7.0/10，幽默感：7.0/10，野心：7.0/10，共同兴趣：4.0/10。一位新女性正在向您求爱，其得分为：吸引力：8.0/10，真诚度：8.0/10，智力：9.0/10，幽默度：9.0/10，抱负：8.0/10，共同兴趣：7.0/10。您的重要性权重为：吸引力：30.0，真诚度：20.0，智力：20.0，幽默度：20.0，抱负： 10.0，共同兴趣：0.0。你会为了新女友离开现在的伴侣吗？你的答案必须是或否，然后说明你的理由。你必须遵守这条规则！你不能说其他话。,是。根据您给出的重要性权重和两位伴侣的得分，新女性的加权得分（8.0*30%+8.0*20%+9.0*20%+9.0*20%+8.0*10%+7.0*0% = 8.4）高于当前伴侣的加权得分（6.0*30%+9.0*20%+7.0*20%+7.0*20%+7.0*10%+4.0*0% = 7.0）。因此，根据您的偏好，新女性似乎与您更匹配。然而，实际生活中做决策时，还应考虑其他因素，如情感投入和道德观念。,524,536,549,1
假设您是一位 22 岁的单身男士，有一位 25 岁的女性正在追求您。您的职业类型是 工程师。您对她进行了六个维度的评估，满分为 10 分。这六个维度分别是：吸引力：4.0/10，真诚：6.0/10，智力：5.0/10，幽默感：5.0/10，抱负：6.0/10，共同兴趣：5.0/10。您对这些属性的重要性权重为：吸引力：10.0，真诚： 25.0，智力：25.0，幽默感：10.0，野心：10.0，共同兴趣：20.0。你愿意和这位女士约会吗？请告诉我原因。你的答案必须是(是）或（否），然后说明你的理由。你必须遵守这条规则！你不能说其他话。,否。根据你提供的评分和权重，这位女士在你最看重的维度上的得分相对较低，尤其是吸引力和智力方面。计算加权得分后，她的总体得分并没有达到你认为合适的约会标准。因此，我认为在这种情况下，你可能不愿意和她约会。,531,529,,1
假设您是一位 30 岁的男性，职业类型为 咨询，目前已匹配到一位伴侣。您当前伴侣的得分（满分 10 分）：吸引力：3.0/10，真诚度：5.0/10，智力：5.0/10，幽默感：5.0/10，野心：3.0/10，共同兴趣：2.0/10。一位新女性正在向您求爱，其得分为：吸引力：6.0/10，真诚度：6.0/10，智力：7.0/10，幽默度：5.0/10，抱负：6.0/10，共同兴趣：6.0/10。您的重要性权重为：吸引力：35.0，真诚度：10.0，智力：20.0，幽默度：25.0，抱负： 5.0，共同兴趣：5.0。你会为了新女友离开现在的伴侣吗？你的答案必须是或否，然后说明你的理由。你必须遵守这条规则！你不能说其他话。,是。根据你提供的重要性权重和两个潜在伴侣的得分，新女性在所有方面的得分都明显高于你当前的伴侣，尤其是吸引力和智力方面，这些是你认为最重要的特质。相比之下，新女性在吸引力、智力和共同兴趣上的得分要高得多，这将使得你们的关系更加和谐与快乐。因此，选择新女性作为伴侣是一个更合理的选择。,511,546,540,1
假设您是一位 27 岁的男性，职业类型为 银行业，目前已匹配到一位伴侣。您当前伴侣的得分（满分 10 分）：吸引力：7.0/10，真诚度：8.0/10，智力：7.0/10，幽默感：7.0/10，野心：7.0/10，共同兴趣：5.0/10。一位新女性正在向您求爱，其得分为：吸引力：6.0/10，真诚度：7.0/10，智力：7.0/10，幽默度：6.0/10，抱负：9.0/10，共同兴趣：5.0/10。您的重要性权重为：吸引力：40.0，真诚度：20.0，智力：20.0，幽默度：20.0，抱负： 0.0，共同兴趣：0.0。你会为了新女友离开现在的伴侣吗？你的答案必须是或否，然后说明你的理由。你必须遵守这条规则！你不能说其他话。,否。根据您的重要性权重和两者的得分，当前伴侣的吸引力、真诚度、智力和幽默感得分分别为 7.0、8.0、7.0 和 7.0，对应得分为 28、16、14 和 14，总分为 72；而新女性的吸引力、真诚度、智力和幽默感得分分别为 6.0、7.0、7.0 和 6.0，对应得分为 24、14、14 和 12，总分为 64。因此，当前伴侣的得分更高，故选择不会为了新女性离开当前伴侣。,524,551,536,0
假设您是一位 27 岁的男性，职业类型为 银行业，目前已匹配到一位伴侣。您当前伴侣的得分（满分 10 分）：吸引力：5.0/10，真诚度：7.0/10，智力：9.0/10，幽默感：9.0/10，野心：9.0/10，共同兴趣：4.0/10。一位新女性正在向您求爱，其得分为：吸引力：7.0/10，真诚度：7.0/10，智力：7.0/10，幽默度：7.0/10，抱负：7.0/10，共同兴趣：7.0/10。您的重要性权重为：吸引力：40.0，真诚度：20.0，智力：20.0，幽默度：20.0，抱负： 0.0，共同兴趣：0.0。你会为了新女友离开现在的伴侣吗？你的答案必须是或否，然后说明你的理由。你必须遵守这条规则！你不能说其他话。,否。根据您提供的评分和重要性权重，当前伴侣在智力、幽默感和真诚度上的得分较高，而这些属性在您的重要性权重中占有较高的比例。虽然新女性的吸引力得分为7，但共同兴趣和抱负在您的重要性权重中占比为0，因此这些属性的得分不会影响您的决定。综合考虑，我建议您继续维持当前的伴侣关系。,526,551,538,0
假设您是一位 28 岁的男性，职业类型为 综合管理 / 咨询，目前已匹配到一位伴侣。您当前伴侣的得分（满分 10 分）：吸引力：8.0/10，真诚度：8.0/10，智力：8.0/10，幽默感：8.0/10，野心：9.0/10，共同兴趣：9.0/10。一位新女性正在向您求爱，其得分为：吸引力：6.0/10，真诚度：8.0/10，智力：8.0/10，幽默度：9.0/10，抱负：7.0/10，共同兴趣：7.0/10。您的重要性权重为：吸引力：20.0，真诚度：20.0，智力：20.0，幽默度：20.0，抱负： 0.0，共同兴趣：20.0。你会为了新女友离开现在的伴侣吗？你的答案必须是或否，然后说明你的理由。你必须遵守这条规则！你不能说其他话。,否。按照我的重要性权重计算，当前伴侣的加权得分为：(8*20 + 8*20 + 8*20 + 8*20 + 9*0 + 9*20) / 100 = 8.2。新女性的加权得分：(6*20 + 8*20 + 8*20 + 9*20 + 7*0 + 7*20) / 100 = 7.6。因此，我的当前伴侣的加权得分更高，我不会为了新女性而离开当前的伴侣。,525,549,537,0
假设您是一位 30 岁的男性，职业类型为 管理，目前已匹配到一位伴侣。您当前伴侣的得分（满分 10 分）：吸引力：5.0/10，真诚度：5.0/10，智力：6.0/10，幽默感：4.0/10，野心：6.0/10，共同兴趣：nan/10。一位新女性正在向您求爱，其得分为：吸引力：8.0/10，真诚度：7.0/10，智力：7.0/10，幽默度：8.0/10，抱负：2.0/10，共同兴趣：5.0/10。您的重要性权重为：吸引力：40.0，真诚度：10.0，智力：20.0，幽默度：10.0，抱负： 0.0，共同兴趣：20.0。你会为了新女友离开现在的伴侣吗？你的答案必须是或否，然后说明你的理由。你必须遵守这条规则！你不能说其他话。,是。根据我的重要性权重，新女性在吸引力、真诚度、智力和幽默感上的得分都高于当前伴侣，尤其是在吸引力和共同兴趣方面，这些对我来说是非常重要的因素。虽然新女性的抱负得分较低，但根据我的权重，这一点并不影响我整体的评估。因此，综合考虑后，我会选择新女性作为我的伴侣。,518,548,534,1
假设您是一位 26 岁的男性，职业类型为 ASIC 芯片工程师，目前已匹配到一位伴侣。您当前伴侣的得分（满分 10 分）：吸引力：10.0/10，真诚度：10.0/10，智力：10.0/10，幽默感：10.0/10，野心：10.0/10，共同兴趣：10.0/10。一位新女性正在向您求爱，其得分为：吸引力：6.0/10，真诚度：8.0/10，智力：9.0/10，幽默度：7.0/10，抱负：8.0/10，共同兴趣：9.0/10。您的重要性权重为：吸引力：25.0，真诚度：20.0，智力：20.0，幽默度：20.0，抱负： 5.0，共同兴趣：10.0。你会为了新女友离开现在的伴侣吗？你的答案必须是或否，然后说明你的理由。你必须遵守这条规则！你不能说其他话。,否。根据重要性权重计算，当前伴侣的综合得分为 10.0/10，而新女性的综合得分为 7.5/10。虽然新女性在共同兴趣方面表现较好，但在最重要的吸引力、真诚度、智力和幽默感方面远远逊色于当前伴侣。因此，为了新女性离开当前伴侣并不是明智的选择。,523,532,543,1
假设您是一位 22 岁的女性，职业类型为 尚未知道，目前已匹配到一位伴侣。您当前伴侣的得分（满分 10 分）：吸引力：5.0/10，真诚度：10.0/10，智力：10.0/10，幽默度：5.0/10，野心：10.0/10，共同兴趣：8.0/10。一位新男士正在向您求爱，他的得分为：吸引力：6.0/10，真诚度： 7.0/10，智力：8.0/10，幽默感：7.0/10，抱负：7.0/10，共同兴趣：5.0/10。您的重要性权重为：吸引力：20.0，真诚：20.0，智力：10.0，幽默感：15.0，抱负： 5.0，共同兴趣：30.0。你会为了新男友离开现在的伴侣吗？你的答案必须是（是）或（否），然后说明你的理由。你必须遵守这条规则！你绝对不能说其他话。,否。根据您的重要性权重和两位男士的得分，计算加权得分后，您的当前伴侣的总得分（440分）高于新男士（360分）。因此，不应该为了新男士离开现在的伴侣。,531,530,529,0
假设你是一位 27 岁的单身男士，有一位 24 岁的女性正在追求你。你的职业类型是 银行业。你从六个维度对她进行了评估，满分为 10 分。这六个维度分别是：吸引力：6.0/10，真诚：6.0/10，智力：6.0/10，幽默感：6.0/10，抱负：6.0/10，共同兴趣：6.0/10。这些属性的重要性权重如下：吸引力：40.0，真诚：20.0，智力：20.0，幽默感：20.0，抱负：0.0，共同兴趣：0.0。你愿意和这位女士约会吗？请告诉我原因。你的答案必须是（是）或（否），然后说明你的原因。你必须遵守这条规则！你不能说其他话。,否。根据你提供的评分和权重，她的吸引力得分为24（6.0*40.0%），真诚得分为12（6.0*20.0%），智力得分为12（6.0*20.0%），幽默感得分为12（6.0*20.0%），总分为60分。考量到你对这些属性的重视程度，这位女士在你认为重要的方面没有达到能吸引你去约会的水平。,527,551,,0
假设您是一位 24 岁的男性，职业类型为 研究工程师，目前已匹配到一位伴侣。您当前伴侣的得分（满分 10 分）：吸引力：1.0/10，真诚度：9.0/10，智力：9.0/10，幽默感：1.0/10，野心：6.0/10，共同兴趣：8.0/10。一位新女性正在向您求爱，其得分为：吸引力：10.0/10，真诚度：10.0/10，智力：10.0/10，幽默度：10.0/10，抱负：10.0/10，共同兴趣：10.0/10。您的重要性权重为：吸引力：20.0，真诚度：16.0，智力：16.0，幽默度：17.0，抱负： 16.0，共同兴趣：15.0。你会为了新女友离开现在的伴侣吗？你的答案必须是或否，然后说明你的理由。你必须遵守这条规则！你不能说其他话。,是。根据您提供的评分和重要性权重，新女性在所有属性上的得分都更高，尤其是在您认为重要的吸引力和幽默感方面。因此，从您的角度来看，这位新伴侣更符合您对理想伴侣的期望，选择新伴侣可能让您更加幸福。,523,543,532,1
假设您是一位 24 岁的女性，职业类型为 社会工作者，目前已匹配到一位伴侣。您当前伴侣的得分（满分 10 分）：吸引力：8.0/10，真诚度：8.0/10，智力：9.0/10，幽默度：9.0/10，野心：8.0/10，共同兴趣：7.0/10。一位新男士正在向您求爱，他的得分为：吸引力：7.0/10，真诚度： 7.0/10，智力：7.0/10，幽默感：7.0/10，抱负：7.0/10，共同兴趣：3.0/10。您的重要性权重为：吸引力：50.0，真诚：20.0，智力：10.0，幽默感：5.0，抱负： 10.0，共同兴趣：5.0。你会为了新男友离开现在的伴侣吗？你的答案必须是（是）或（否），然后说明你的理由。你必须遵守这条规则！你绝对不能说其他话。,否。根据提供的各项重要性权重和得分，目前的伴侣在吸引力、真诚度、智力、幽默度和抱负等方面得分更高，而且目前伴侣的整体加权得分也远高于新男士。虽然共同兴趣方面新男士得分较低，但是在其他权重较高的方面，当前伴侣明显更具优势。因此，没有理由为了新男士离开现在的伴侣。,536,527,524,1
假设您是一位 30 岁的男性，职业类型为 私募股权（杠杆收购），目前已匹配到一位伴侣。您当前伴侣的得分（满分 10 分）：吸引力：9.0/10，真诚度：7.0/10，智力：8.0/10，幽默感：6.0/10，野心：7.0/10，共同兴趣：nan/10。一位新女性正在向您求爱，其得分为：吸引力：6.0/10，真诚度：7.0/10，智力：7.0/10，幽默度：10.0/10，抱负：6.0/10，共同兴趣：6.0/10。您的重要性权重为：吸引力：25.0，真诚度：20.0，智力：20.0，幽默度：20.0，抱负： 0.0，共同兴趣：15.0。你会为了新女友离开现在的伴侣吗？你的答案必须是或否，然后说明你的理由。你必须遵守这条规则！你不能说其他话。,否。根据你提供的评分和权重，当前伴侣的总分为 229 分（9*25 + 7*20 + 8*20 + 6*20 + 7*0 + 0*15），新女性的总分为 205 分（6*25 + 7*20 + 7*20 + 10*20 + 6*0 + 6*15）。所以从数值上来看，处于已匹配状态的伴侣的总分较高，因此不会离开当前的伴侣。,518,547,548,0
假设你是一位 23 岁的单身男士，有一位 25 岁的女性正在追求你。你的职业类型是 进入金融领域。你从六个维度对她进行了评估，满分为 10 分。这六个维度分别是：吸引力：6.0/10，真诚：7.0/10，智力：7.0/10，幽默感：6.0/10，抱负：7.0/10，共同兴趣：7.0/10。这些属性的重要性权重如下：吸引力：25.0，真诚：15.0，智力：20.0，幽默感：20.0，抱负：10.0，共同兴趣：10.0。你愿意和这位女士约会吗？请告诉我原因。你的答案必须是（是）或（否），然后说明你的原因。你必须遵守这条规则！你不能说其他话。,是。根据你提供的加权评分标准，我对这位女性的总体评价为（6.0 * 25.0 + 7.0 * 15.0 + 7.0 * 20.0 + 6.0 * 20.0 + 7.0 * 10.0 + 7.0 * 10.0）/ 100 = 6.55分。这个总体评分在我看来还是不错的。考虑到她对你表示了兴趣，而且你也认为她在很多方面都符合你的标准，所以我认为和她约会可能是一个值得尝试的选择。,524,542,,1
假设您是一位 24 岁的男性，职业类型为 软件工程师 / 网络工程师，目前已匹配到一位伴侣。您当前伴侣的得分（满分 10 分）：吸引力：6.0/10，真诚度：8.0/10，智力：9.0/10，幽默感：6.0/10，野心：8.0/10，共同兴趣：6.0/10。一位新女性正在向您求爱，其得分为：吸引力：9.0/10，真诚度：8.0/10，智力：9.0/10，幽默度：9.0/10，抱负：9.0/10，共同兴趣：8.0/10。您的重要性权重为：吸引力：30.0，真诚度：30.0，智力：30.0，幽默度：5.0，抱负： 2.0，共同兴趣：3.0。你会为了新女友离开现在的伴侣吗？你的答案必须是或否，然后说明你的理由。你必须遵守这条规则！你不能说其他话。,否。根据您提供的权重和得分，您的当前伴侣的加权得分为：(6 * 30 + 8 * 30 + 9 * 30 + 6 * 5 + 8 * 2 + 6 * 3) / 100 = 7.47。而新女性的加权得分为：(9 * 30 + 8 * 30 + 9 * 30 + 9 * 5 + 9 * 2 + 8 * 3) / 100 = 8.74。尽管新女性的加权得分较高，但在真实的人际关系中，信任、情感投入和相处的时间都是重要的因素。改变关系需要慎重考虑，不能仅仅根据评分做出决定。因此，我不会因为新女性的到来而离开当前的伴侣。,524,534,542,1
假设您是一位 26 岁的男性，职业类型为 学术 / 金融，目前已匹配到一位伴侣。您当前伴侣的得分（满分 10 分）：吸引力：6.0/10，真诚度：4.0/10，智力：8.0/10，幽默感：10.0/10，野心：7.0/10，共同兴趣：8.0/10。一位新女性正在向您求爱，其得分为：吸引力：6.0/10，真诚度：9.0/10，智力：9.0/10，幽默度：8.0/10，抱负：10.0/10，共同兴趣：4.0/10。您的重要性权重为：吸引力：25.0，真诚度：25.0，智力：25.0，幽默度：13.0，抱负： 12.0，共同兴趣：0.0。你会为了新女友离开现在的伴侣吗？你的答案必须是或否，然后说明你的理由。你必须遵守这条规则！你不能说其他话。,否。根据给定的重要性权重计算每位伴侣的总得分，目前伴侣的得分为：（6*25% + 4*25% + 8*25% + 10*13% + 7*12% + 8*0%）= 6.79 分；新的求爱者的得分为：（6*25% + 9*25% + 9*25% + 8*13% + 10*12% + 4*0%）= 7.75 分，但由于共同兴趣权重为0，所以在考虑双方关系的长期满意度上，共同兴趣不可完全忽视，因此在实际考虑中，目前伴侣的得分高于新求爱者。,522,533,539,0
假设您是一位 24 岁的男性，职业类型为 学术工作 / 咨询顾问，目前已匹配到一位伴侣。您当前伴侣的得分（满分 10 分）：吸引力：10.0/10，真诚度：7.0/10，智力：5.0/10，幽默感：5.0/10，野心：5.0/10，共同兴趣：9.0/10。一位新女性正在向您求爱，其得分为：吸引力：6.0/10，真诚度：7.0/10，智力：6.0/10，幽默度：7.0/10，抱负：6.0/10，共同兴趣：5.0/10。您的重要性权重为：吸引力：20.0，真诚度：15.0，智力：20.0，幽默度：20.0，抱负： 15.0，共同兴趣：10.0。你会为了新女友离开现在的伴侣吗？你的答案必须是或否，然后说明你的理由。你必须遵守这条规则！你不能说其他话。,否。根据您提供的评分和权重，当前伴侣在吸引力和共同兴趣方面表现非常出色，这对于您来说非常重要。虽然新女性在智力、幽默感和抱负方面略胜一筹，但总体来看，当前伴侣的加权得分更高，因此我不会为了新女性离开当前伴侣。,514,540,552,0
假设您是一位 30 岁的男性，职业类型为 私募股权（杠杆收购），目前已匹配到一位伴侣。您当前伴侣的得分（满分 10 分）：吸引力：6.0/10，真诚度：4.0/10，智力：8.0/10，幽默感：10.0/10，野心：7.0/10，共同兴趣：8.0/10。一位新女性正在向您求爱，其得分为：吸引力：6.0/10，真诚度：8.0/10，智力：6.0/10，幽默度：7.0/10，抱负：8.0/10，共同兴趣：6.0/10。您的重要性权重为：吸引力：25.0，真诚度：20.0，智力：20.0，幽默度：20.0，抱负： 0.0，共同兴趣：15.0。你会为了新女友离开现在的伴侣吗？你的答案必须是或否，然后说明你的理由。你必须遵守这条规则！你不能说其他话。,否。根据您提供的权重和得分，计算两个伴侣的总得分：  当前伴侣总得分：(6*25 + 4*20 + 8*20 + 10*20 + 7*0 + 8*15) / 100 = 7.1  新女性总得分：(6*25 + 8*20 + 6*20 + 7*20 + 8*0 + 6*15) / 100 = 6.5  因此，当前伴侣的总得分更高，所以不建议为了新女性离开现在的伴侣。,522,547,539,0
假设您是一位 28 岁的男性，职业类型为 综合管理 / 咨询，目前已匹配到一位伴侣。您当前伴侣的得分（满分 10 分）：吸引力：6.0/10，真诚度：6.0/10，智力：6.0/10，幽默感：7.0/10，野心：3.0/10，共同兴趣：5.0/10。一位新女性正在向您求爱，其得分为：吸引力：6.0/10，真诚度：8.0/10，智力：6.0/10，幽默度：5.0/10，抱负：8.0/10，共同兴趣：5.0/10。您的重要性权重为：吸引力：20.0，真诚度：20.0，智力：20.0，幽默度：20.0，抱负： 0.0，共同兴趣：20.0。你会为了新女友离开现在的伴侣吗？你的答案必须是或否，然后说明你的理由。你必须遵守这条规则！你不能说其他话。,否。根据您提供的权重和得分计算，您当前伴侣的加权得分为：(6*20+6*20+6*20+7*20+3*0+5*20)/(20*5) = 6.0分。而新女性的加权得分为：(6*20+8*20+6*20+5*20+8*0+5*20)/(20*5) = 6.2分。新女性的加权得分虽然略高于您当前的伴侣，但是差距不大，并不能成为您放弃现有关系的理由。同时，建立和维护一段感情需要时间和情感的投资，不应该因为一个近乎微小的分差就轻易放弃。,511,549,546,1
假设您是一位 30 岁的男性，职业类型为 咨询，目前已匹配到一位伴侣。您当前伴侣的得分（满分 10 分）：吸引力：9.0/10，真诚度：7.0/10，智力：8.0/10，幽默感：6.0/10，野心：7.0/10，共同兴趣：nan/10。一位新女性正在向您求爱，其得分为：吸引力：7.0/10，真诚度：7.0/10，智力：6.0/10，幽默度：8.0/10，抱负：6.0/10，共同兴趣：7.0/10。您的重要性权重为：吸引力：35.0，真诚度：10.0，智力：20.0，幽默度：25.0，抱负： 5.0，共同兴趣：5.0。你会为了新女友离开现在的伴侣吗？你的答案必须是或否，然后说明你的理由。你必须遵守这条规则！你不能说其他话。,否。根据您提供的评分和重要性权重，您当前伴侣在吸引力、智力和野心方面得分较高，而幽默感和真诚度稍低。新女性在幽默感和共同兴趣方面得分较高，但在吸引力、智力和野心方面得分较低。计算加权分数后，您当前伴侣的总分为8.15，而新女性的总分为7.10。因此，您当前的伴侣在您看重的特质方面更符合您的需求，因此您应该继续与她保持关系。,518,546,548,0
假设您是一位 27 岁的男性，职业类型为 银行业，目前已匹配到一位伴侣。您当前伴侣的得分（满分 10 分）：吸引力：4.0/10，真诚度：6.0/10，智力：5.0/10，幽默感：5.0/10，野心：6.0/10，共同兴趣：5.0/10。一位新女性正在向您求爱，其得分为：吸引力：5.0/10，真诚度：10.0/10，智力：10.0/10，幽默度：8.0/10，抱负：6.0/10，共同兴趣：5.0/10。您的重要性权重为：吸引力：40.0，真诚度：20.0，智力：20.0，幽默度：20.0，抱负： 0.0，共同兴趣：0.0。你会为了新女友离开现在的伴侣吗？你的答案必须是或否，然后说明你的理由。你必须遵守这条规则！你不能说其他话。,是。根据您提供的评分和权重分配，新女性在您重视的特质方面（真诚度、智力和幽默感）具有明显更高的得分，这将使她在您的评估体系中获得更高的综合得分。对于您来说，与更符合您价值观和兴趣的伴侣在一起可能会带来更深层次的满足感和幸福感。,529,551,531,1
假设您是一位 30 岁的男性，职业类型为 私募股权（杠杆收购），目前已匹配到一位伴侣。您当前伴侣的得分（满分 10 分）：吸引力：10.0/10，真诚度：10.0/10，智力：10.0/10，幽默感：10.0/10，野心：10.0/10，共同兴趣：10.0/10。一位新女性正在向您求爱，其得分为：吸引力：3.0/10，真诚度：8.0/10，智力：8.0/10，幽默度：7.0/10，抱负：6.0/10，共同兴趣：5.0/10。您的重要性权重为：吸引力：25.0，真诚度：20.0，智力：20.0，幽默度：20.0，抱负： 0.0，共同兴趣：15.0。你会为了新女友离开现在的伴侣吗？你的答案必须是或否，然后说明你的理由。你必须遵守这条规则！你不能说其他话。,否。根据您提供的得分和重要性权重，您当前的伴侣在所有方面的得分都为10分，这表明她完美地符合了您在吸引力、真诚度、智力、幽默感、抱负和共同兴趣方面的要求。而新女性虽然在真诚度、智力和幽默感方面得分尚可，但吸引力、抱负和共同兴趣方面的分数并不高，因此根据您的重要性权重计算出来的总分明显低于您当前的伴侣。所以基于这个情况，您没有理由为了这位新女性离开您现在的伴侣。,523,547,543,0
假设您是一位 26 岁的男性，职业类型为 学术 / 金融，目前已匹配到一位伴侣。您当前伴侣的得分（满分 10 分）：吸引力：10.0/10，真诚度：7.0/10，智力：5.0/10，幽默感：5.0/10，野心：5.0/10，共同兴趣：9.0/10。一位新女性正在向您求爱，其得分为：吸引力：5.0/10，真诚度：7.0/10，智力：7.0/10，幽默度：6.0/10，抱负：9.0/10，共同兴趣：3.0/10。您的重要性权重为：吸引力：25.0，真诚度：25.0，智力：25.0，幽默度：13.0，抱负： 12.0，共同兴趣：0.0。你会为了新女友离开现在的伴侣吗？你的答案必须是或否，然后说明你的理由。你必须遵守这条规则！你不能说其他话。,否。  根据您给出的重要性权重，当前伴侣的加权得分为： 10.0 * 25.0% + 7.0 * 25.0% + 5.0 * 25.0% + 5.0 * 13.0% + 5.0 * 12.0% + 9.0 * 0.0% = 7.5 新女性的加权得分为： 5.0 * 25.0% + 7.0 * 25.0% + 7.0 * 25.0% + 6.0 * 13.0% + 9.0 * 12.0% + 3.0 * 0.0% = 6.75 当前伴侣的加权得分高于新女性的加权得分，因此不会为了新女性放弃当前的伴侣。,514,533,552,0
假设您是一位 30 岁的男性，职业类型为 咨询，目前已匹配到一位伴侣。您当前伴侣的得分（满分 10 分）：吸引力：6.0/10，真诚度：4.0/10，智力：8.0/10，幽默感：10.0/10，野心：7.0/10，共同兴趣：8.0/10。一位新女性正在向您求爱，其得分为：吸引力：7.0/10，真诚度：8.0/10，智力：8.0/10，幽默度：8.0/10，抱负：6.0/10，共同兴趣：9.0/10。您的重要性权重为：吸引力：35.0，真诚度：10.0，智力：20.0，幽默度：25.0，抱负： 5.0，共同兴趣：5.0。你会为了新女友离开现在的伴侣吗？你的答案必须是或否，然后说明你的理由。你必须遵守这条规则！你不能说其他话。,否。根据我的重要性权重，幽默感和吸引力对我来说非常重要。虽然新女性在一些方面得分较高，但我的当前伴侣在幽默感上得到了满分，这对我来说非常重要。而新女友在吸引力上的得分仅比当前伴侣高出1分，吸引力权重虽高，但不足以弥补其他方面的差距。此外，她的真诚度得分为8，尽管高，但并不是我最重要的考虑因素。综合考虑，我不会为了新女性而离开我的现任伴侣。,522,546,539,1
假设您是一位 23 岁的男性，职业类型为 进入金融领域，目前已匹配到一位伴侣。您当前伴侣的得分（满分 10 分）：吸引力：10.0/10，真诚度：7.0/10，智力：5.0/10，幽默感：5.0/10，野心：5.0/10，共同兴趣：9.0/10。一位新女性正在向您求爱，其得分为：吸引力：4.0/10，真诚度：7.0/10，智力：6.0/10，幽默度：4.0/10，抱负：6.0/10，共同兴趣：7.0/10。您的重要性权重为：吸引力：25.0，真诚度：15.0，智力：20.0，幽默度：20.0，抱负： 10.0，共同兴趣：10.0。你会为了新女友离开现在的伴侣吗？你的答案必须是或否，然后说明你的理由。你必须遵守这条规则！你不能说其他话。,否。根据您提供的权重，当前伴侣在吸引力和共同兴趣上的高分极其重要，这两项都是您的最高权重因素。即使新求爱者在某些方面表现良好，但她在吸引力上的得分远低于现任伴侣，这个差距对于您来说是决定性的。,514,542,552,1
假设您是一位 24 岁的男性，职业类型为 学术工作 / 咨询顾问，目前已匹配到一位伴侣。您当前伴侣的得分（满分 10 分）：吸引力：4.0/10，真诚度：5.0/10，智力：8.0/10，幽默感：5.0/10，野心：8.0/10，共同兴趣：4.0/10。一位新女性正在向您求爱，其得分为：吸引力：6.0/10，真诚度：7.0/10，智力：7.0/10，幽默度：6.0/10，抱负：5.0/10，共同兴趣：3.0/10。您的重要性权重为：吸引力：20.0，真诚度：15.0，智力：20.0，幽默度：20.0，抱负： 15.0，共同兴趣：10.0。你会为了新女友离开现在的伴侣吗？你的答案必须是或否，然后说明你的理由。你必须遵守这条规则！你不能说其他话。,否。根据给定的权重，当前伴侣在智力和抱负方面的得分较高，这些因素在你的优先级中占有较高权重。虽然新女性在吸引力和真诚度方面得分更高，但总体来看，与当前伴侣的匹配度在重要性权重方面更为优越。,515,540,541,0
假设您是一位 25 岁的男性，职业类型为 教学，目前已匹配到一位伴侣。您当前伴侣的得分（满分 10 分）：吸引力：5.0/10，真诚度：7.0/10，智力：9.0/10，幽默感：9.0/10，野心：9.0/10，共同兴趣：4.0/10。一位新女性正在向您求爱，其得分为：吸引力：5.0/10，真诚度：10.0/10，智力：10.0/10，幽默度：10.0/10，抱负：10.0/10，共同兴趣：5.0/10。您的重要性权重为：吸引力：15.0，真诚度：30.0，智力：20.0，幽默度：20.0，抱负： 10.0，共同兴趣：5.0。你会为了新女友离开现在的伴侣吗？你的答案必须是或否，然后说明你的理由。你必须遵守这条规则！你不能说其他话。,否。虽然新女性在真诚度、智力、幽默感和抱负方面得分更高，但是她与您的共同兴趣得分仍然较低。然而，根据您给各项特质的重要性权重，您当前伴侣的综合得分要高于新女性。您当前伴侣在真诚度、智力、幽默感和抱负方面的得分相对接近新女性，而您赋予共同兴趣的权重较低，因此这并不是一个值得更换伴侣的重大因素。综上所述，我建议您继续与当前伴侣维持关系。,526,531,538,1
假设您是一位 26 岁的男性，职业类型为 学术 / 金融，目前已匹配到一位伴侣。您当前伴侣的得分（满分 10 分）：吸引力：9.0/10，真诚度：7.0/10，智力：8.0/10，幽默感：6.0/10，野心：7.0/10，共同兴趣：nan/10。一位新女性正在向您求爱，其得分为：吸引力：8.0/10，真诚度：8.0/10，智力：7.0/10，幽默度：7.0/10，抱负：nan/10，共同兴趣：4.0/10。您的重要性权重为：吸引力：25.0，真诚度：25.0，智力：25.0，幽默度：13.0，抱负： 12.0，共同兴趣：0.0。你会为了新女友离开现在的伴侣吗？你的答案必须是或否，然后说明你的理由。你必须遵守这条规则！你不能说其他话。,否。根据您提供的权重和评分，现任伴侣在吸引力、智力等方面得分较高，尤其是在您最看重的吸引力方面。而新出现的女性虽然在真诚度、幽默感上有优势，但吸引力略逊一筹，且您对共同兴趣这一项没有给予任何权重，因此现任伴侣的总分更高。因此，我建议您不为了新的女性离开现任伴侣。,518,533,548,1
假设您是一位 23 岁的男性，职业类型为 医生，目前已匹配到一位伴侣。您当前伴侣的得分（满分 10 分）：吸引力：5.0/10，真诚度：7.0/10，智力：5.0/10，幽默感：4.0/10，野心：4.0/10，共同兴趣：4.0/10。一位新女性正在向您求爱，其得分为：吸引力：6.0/10，真诚度：6.0/10，智力：6.0/10，幽默度：6.0/10，抱负：6.0/10，共同兴趣：6.0/10。您的重要性权重为：吸引力：15.0，真诚度：25.0，智力：20.0，幽默度：10.0，抱负： 10.0，共同兴趣：20.0。你会为了新女友离开现在的伴侣吗？你的答案必须是或否，然后说明你的理由。你必须遵守这条规则！你不能说其他话。,否。根据您给出的重要性权重，计算后您当前伴侣的得分为：(5.0*15.0+7.0*25.0+5.0*20.0+4.0*10.0+4.0*10.0+4.0*20.0)/(15.0+25.0+20.0+10.0+10.0+20.0) = 5.25分。新女性的得分为：(6.0*15.0+6.0*25.0+6.0*20.0+6.0*10.0+6.0*10.0+6.0*20.0)/(15.0+25.0+20.0+10.0+10.0+20.0) = 6.00分。虽然新女性在各个方面的分数都略高于您当前的伴侣，但是您目前的伴侣仍然在一些方面有良好的表现，而且维持现有的关系也需要考虑感情基础和个人感情。在真实的生活中，变更一个稳定的伴侣需要更加深入的思考，不能只从评分方面考虑。因此，建议你先尝试和现有伴侣的沟通，看是否有改善的空间。,529,544,551,1
假设您是一位 26 岁的男性，职业类型为 ASIC 芯片工程师，目前已匹配到一位伴侣。您当前伴侣的得分（满分 10 分）：吸引力：4.0/10，真诚度：5.0/10，智力：5.0/10，幽默感：5.0/10，野心：3.0/10，共同兴趣：3.0/10。一位新女性正在向您求爱，其得分为：吸引力：7.0/10，真诚度：6.0/10，智力：7.0/10，幽默度：6.0/10，抱负：5.0/10，共同兴趣：8.0/10。您的重要性权重为：吸引力：25.0，真诚度：20.0，智力：20.0，幽默度：20.0，抱负： 5.0，共同兴趣：10.0。你会为了新女友离开现在的伴侣吗？你的答案必须是或否，然后说明你的理由。你必须遵守这条规则！你不能说其他话。,是。  理由：根据您提供的各项得分和重要性权重计算总分，当前伴侣得分为4.0*0.25 + 5.0*0.2 + 5.0*0.2 + 5.0*0.2 + 3.0*0.05 + 3.0*0.1=4.65分，新女性得分为7.0*0.25 + 6.0*0.2 + 7.0*0.2 + 6.0*0.2 + 5.0*0.05 + 8.0*0.1=6.6分。可以看出新女性在各个方面与您的匹配度更高，因此从情感和理性角度来看，选择新女性对您而言更合适。,511,532,549,1
假设您是一位 25 岁的男性，职业类型为 宇宙助手（自嘲的说法），目前已匹配到一位伴侣。您当前伴侣的得分（满分 10 分）：吸引力：4.0/10，真诚度：7.0/10，智力：7.0/10，幽默感：7.0/10，野心：7.0/10，共同兴趣：6.0/10。一位新女性正在向您求爱，其得分为：吸引力：8.0/10，真诚度：7.0/10，智力：8.0/10，幽默度：9.0/10，抱负：8.0/10，共同兴趣：8.0/10。您的重要性权重为：吸引力：70.0，真诚度：0.0，智力：15.0，幽默度：15.0，抱负： 0.0，共同兴趣：0.0。你会为了新女友离开现在的伴侣吗？你的答案必须是或否，然后说明你的理由。你必须遵守这条规则！你不能说其他话。,是。根据您给出的重要性权重，新女性在吸引力、智力和幽默度上得分更高，这些正是您最看重的特质。因此，新女性更符合您的偏好。,516,552,550,1
假设你是一位 27 岁的单身男士，有一位 22 岁的女性正在追求你。你的职业类型是 银行业。你从六个维度对她进行了评估，满分为 10 分。这六个维度分别是：吸引力：4.0/10，真诚：9.0/10，智力：9.0/10，幽默感：7.0/10，抱负：7.0/10，共同兴趣：6.0/10。这些属性的重要性权重如下：吸引力：40.0，真诚：20.0，智力：20.0，幽默感：20.0，抱负：0.0，共同兴趣：0.0。你愿意和这位女士约会吗？请告诉我原因。你的答案必须是（是）或（否），然后说明你的原因。你必须遵守这条规则！你不能说其他话。,是。根据提供的权重和评分，这位女士在最重要的吸引力维度得分为4.0/10，虽然这个分数不高，但紧随其后的真诚和智力两个维度的得分都是9.0/10，这两个维度在总得分中占了40%的权重。因此，这位女士的整体得分仍然相对较高。另外，幽默感和抱负也有不错的评分，尽管这些因素在此情境中重要性较低。综合考虑，这位女士是一个值得去了解和约会的人。,530,551,,1
假设您是一位 24 岁的男性，职业类型为 学术工作 / 咨询顾问，目前已匹配到一位伴侣。您当前伴侣的得分（满分 10 分）：吸引力：7.0/10，真诚度：7.0/10，智力：7.0/10，幽默感：8.0/10，野心：7.0/10，共同兴趣：8.0/10。一位新女性正在向您求爱，其得分为：吸引力：7.0/10，真诚度：5.0/10，智力：5.0/10，幽默度：6.0/10，抱负：5.0/10，共同兴趣：3.0/10。您的重要性权重为：吸引力：20.0，真诚度：15.0，智力：20.0，幽默度：20.0，抱负： 15.0，共同兴趣：10.0。你会为了新女友离开现在的伴侣吗？你的答案必须是或否，然后说明你的理由。你必须遵守这条规则！你不能说其他话。,否。根据您提供的权重和各项评分，通过计算可以得出，当前伴侣的综合评分为79.5，而新女性的综合评分为53.5，差距较为明显。因此，她并不是更好的选择。,516,540,552,1
假设您是一位 30 岁的男性，职业类型为 私募股权（杠杆收购），目前已匹配到一位伴侣。您当前伴侣的得分（满分 10 分）：吸引力：5.0/10，真诚度：7.0/10，智力：8.0/10，幽默感：7.0/10，野心：8.0/10，共同兴趣：6.0/10。一位新女性正在向您求爱，其得分为：吸引力：7.0/10，真诚度：7.0/10，智力：8.0/10，幽默度：8.0/10，抱负：5.0/10，共同兴趣：6.0/10。您的重要性权重为：吸引力：25.0，真诚度：20.0，智力：20.0，幽默度：20.0，抱负： 0.0，共同兴趣：15.0。你会为了新女友离开现在的伴侣吗？你的答案必须是或否，然后说明你的理由。你必须遵守这条规则！你不能说其他话。,否。根据您提供的权重，当前伴侣的得分为：(5*25 + 7*20 + 8*20 + 7*20 + 8*0 + 6*15) / 100 = 6.75。而新女性的得分为：(7*25 + 7*20 + 8*20 + 8*20 + 5*0 + 6*15) / 100 = 7.05。虽然新女性的总分略高，但两者分差不大，在这种情况下，考虑到更换伴侣带来的不确定性和潜在的情感成本，建议保留当前的伴侣。,524,547,534,0
假设您是一位 30 岁的男性，职业类型为 管理，目前已匹配到一位伴侣。您当前伴侣的得分（满分 10 分）：吸引力：5.0/10，真诚度：7.0/10，智力：8.0/10，幽默感：7.0/10，野心：8.0/10，共同兴趣：6.0/10。一位新女性正在向您求爱，其得分为：吸引力：9.0/10，真诚度：7.0/10，智力：7.0/10，幽默度：8.0/10，抱负：4.0/10，共同兴趣：6.0/10。您的重要性权重为：吸引力：40.0，真诚度：10.0，智力：20.0，幽默度：10.0，抱负： 0.0，共同兴趣：20.0。你会为了新女友离开现在的伴侣吗？你的答案必须是或否，然后说明你的理由。你必须遵守这条规则！你不能说其他话。,是。根据您提供的得分和重要性权重，新女性在吸引力和幽默感上得分更高，而这些特质在您的优先级中占据了较大的比重。尽管她在野心方面的得分较低，但您已将这个特质的重要性权重设为 0.0，所以它对您的决定没有影响。综上所述，新女性的加权得分更高，因此您可能会为了她而离开当前的伴侣。,524,548,534,1
假设您是一位 25 岁的男性，职业类型为 宇宙助手（自嘲的说法），目前已匹配到一位伴侣。您当前伴侣的得分（满分 10 分）：吸引力：6.0/10，真诚度：6.0/10，智力：7.0/10，幽默感：6.0/10，野心：6.0/10，共同兴趣：nan/10。一位新女性正在向您求爱，其得分为：吸引力：5.0/10，真诚度：8.0/10，智力：8.0/10，幽默度：7.0/10，抱负：7.0/10，共同兴趣：8.0/10。您的重要性权重为：吸引力：70.0，真诚度：0.0，智力：15.0，幽默度：15.0，抱负： 0.0，共同兴趣：0.0。你会为了新女友离开现在的伴侣吗？你的答案必须是或否，然后说明你的理由。你必须遵守这条规则！你不能说其他话。,否。根据我的重要性权重，吸引力对我来说最为重要，占了70%的比重。而我当前伴侣的吸引力评分为6.0，高于新女性的5.0。尽管新女性在其他方面（如真诚度、智力、幽默度和共同兴趣）得分更高，但这些方面在我设定的重要性权重中所占比例较低。因此，综合考量后，我不会为了新女性离开当前的伴侣。,518,552,533,0
假设您是一位 32 岁的男性，职业类型为 白手起家的百万富翁，目前已匹配到一位伴侣。您当前伴侣的得分（满分 10 分）：吸引力：6.0/10，真诚度：6.0/10，智力：7.0/10，幽默感：6.0/10，野心：6.0/10，共同兴趣：nan/10。一位新女性正在向您求爱，其得分为：吸引力：6.0/10，真诚度：6.0/10，智力：6.0/10，幽默度：6.0/10，抱负：6.0/10，共同兴趣：6.0/10。您的重要性权重为：吸引力：50.0，真诚度：0.0，智力：10.0，幽默度：30.0，抱负： 0.0，共同兴趣：10.0。你会为了新女友离开现在的伴侣吗？你的答案必须是或否，然后说明你的理由。你必须遵守这条规则！你不能说其他话。,否。虽然新女性在共同兴趣方面得分更高，但根据你的重要性权重，吸引力和幽默感占了80%的比重，而她在这些方面的得分与你当前伴侣相同。因此，没有足够的理由为了新女性离开当前的伴侣。,518,538,533,0
假设您是一位 32 岁的男性，职业类型为 白手起家的百万富翁，目前已匹配到一位伴侣。您当前伴侣的得分（满分 10 分）：吸引力：5.0/10，真诚度：3.0/10，智力：6.0/10，幽默感：5.0/10，野心：2.0/10，共同兴趣：2.0/10。一位新女性正在向您求爱，其得分为：吸引力：5.0/10，真诚度：7.0/10，智力：7.0/10，幽默度：5.0/10，抱负：6.0/10，共同兴趣：3.0/10。您的重要性权重为：吸引力：50.0，真诚度：0.0，智力：10.0，幽默度：30.0，抱负： 0.0，共同兴趣：10.0。你会为了新女友离开现在的伴侣吗？你的答案必须是或否，然后说明你的理由。你必须遵守这条规则！你不能说其他话。,否。根据您提供的权重，新求爱者的吸引力和幽默感与您当前伴侣的评分相同，虽然她在真诚度、智力和抱负方面得分更高，但这些特质在您的权重中并没有赋予相应的重视。因此，在考虑到您所赋予的重要性权重后，这两段关系在您的评分系统中的总分应该是相仿的。然而，考虑到任何现有关系中的情感投资、时间成本和稳定性因素，选择保持当前的关系可能更为合理。因此，我建议您不为了新求爱者结束现有的伴侣关系。,511,538,532,1
假设您是一位 24 岁的男性，职业类型为 软件工程师 / 网络工程师，目前已匹配到一位伴侣。您当前伴侣的得分（满分 10 分）：吸引力：4.0/10，真诚度：3.0/10，智力：5.0/10，幽默感：4.0/10，野心：2.0/10，共同兴趣：2.0/10。一位新女性正在向您求爱，其得分为：吸引力：8.0/10，真诚度：9.0/10，智力：8.0/10，幽默度：8.0/10，抱负：9.0/10，共同兴趣：7.0/10。您的重要性权重为：吸引力：30.0，真诚度：30.0，智力：30.0，幽默度：5.0，抱负： 2.0，共同兴趣：3.0。你会为了新女友离开现在的伴侣吗？你的答案必须是或否，然后说明你的理由。你必须遵守这条规则！你不能说其他话。,是。根据您提供的评分和权重，新女性在吸引力、真诚度、智力、幽默感、抱负和共同兴趣上的得分均高于您当前的伴侣。尤其是吸引力、真诚度和智力这三个您认为非常重要的方面，新女性的得分明显更高。因此，从理性的角度来看，新女性更符合您的标准。,511,534,538,1
假设您是一位 25 岁的男性，职业类型为 宇宙助手（自嘲的说法），目前已匹配到一位伴侣。您当前伴侣的得分（满分 10 分）：吸引力：10.0/10，真诚度：8.0/10，智力：9.0/10，幽默感：9.0/10，野心：7.0/10，共同兴趣：8.0/10。一位新女性正在向您求爱，其得分为：吸引力：3.0/10，真诚度：3.0/10，智力：9.0/10，幽默度：6.0/10，抱负：9.0/10，共同兴趣：6.0/10。您的重要性权重为：吸引力：70.0，真诚度：0.0，智力：15.0，幽默度：15.0，抱负： 0.0，共同兴趣：0.0。你会为了新女友离开现在的伴侣吗？你的答案必须是或否，然后说明你的理由。你必须遵守这条规则！你不能说其他话。,否。原因在于，根据我的重要性权重，吸引力占据了70%的比重，而当前伴侣在吸引力上得到了满分10分，相比之下，新女性在吸引力上得分仅为3分，差距非常大。尽管新女性在智力和抱负上有较高得分，但在我的重要性权重中，这两个方面的比重是0%，因此对我影响不大。我现在的伴侣在最重要的评估标准上远胜于新女性，所以不会选择离开。,522,552,546,1
假设您是一位 30 岁的男性，职业类型为 金融，目前已匹配到一位伴侣。您当前伴侣的得分（满分 10 分）：吸引力：6.0/10，真诚度：6.0/10，智力：7.0/10，幽默感：6.0/10，野心：6.0/10，共同兴趣：nan/10。一位新女性正在向您求爱，其得分为：吸引力：7.0/10，真诚度：6.0/10，智力：5.0/10，幽默度：6.0/10，抱负：5.0/10，共同兴趣：4.0/10。您的重要性权重为：吸引力：30.0，真诚度：3.0，智力：30.0，幽默度：30.0，抱负： 3.0，共同兴趣：4.0。你会为了新女友离开现在的伴侣吗？你的答案必须是或否，然后说明你的理由。你必须遵守这条规则！你不能说其他话。,否。虽然新女性在吸引力上得分较高，但考虑到您对智力和幽默感的重视程度（两者的重要性权重均为30.0），您当前的伴侣在这两个方面得分更高，总分更符合您的偏好。此外，您当前的伴侣得分为6.0/10的真诚度和野心也高于新女性。共同兴趣虽然当前为nan，但不代表完全缺乏，也可能仍有未发现的相似爱好。因此，考虑到总体匹配度，建议您留在当前的伴侣关系中。,518,550,533,0
假设您是一位 30 岁的男性，职业类型为 咨询，目前已匹配到一位伴侣。您当前伴侣的得分（满分 10 分）：吸引力：8.0/10，真诚度：6.0/10，智力：7.0/10，幽默感：7.0/10，野心：7.0/10，共同兴趣：4.0/10。一位新女性正在向您求爱，其得分为：吸引力：7.0/10，真诚度：7.0/10，智力：6.0/10，幽默度：7.0/10，抱负：6.0/10，共同兴趣：7.0/10。您的重要性权重为：吸引力：35.0，真诚度：10.0，智力：20.0，幽默度：25.0，抱负： 5.0，共同兴趣：5.0。你会为了新女友离开现在的伴侣吗？你的答案必须是或否，然后说明你的理由。你必须遵守这条规则！你不能说其他话。,否。根据您提供的评分和权重，我计算了两位女性的加权得分。当前伴侣的加权得分为 7.15，而新女性的加权得分为 6.85。因此，基于这些数据，我不会为了新女性离开现在的伴侣。,524,546,548,0
假设您是一位 26 岁的男性，职业类型为 ASIC 芯片工程师，目前已匹配到一位伴侣。您当前伴侣的得分（满分 10 分）：吸引力：8.0/10，真诚度：6.0/10，智力：7.0/10，幽默感：7.0/10，野心：7.0/10，共同兴趣：4.0/10。一位新女性正在向您求爱，其得分为：吸引力：7.0/10，真诚度：9.0/10，智力：8.0/10，幽默度：8.0/10，抱负：6.0/10，共同兴趣：5.0/10。您的重要性权重为：吸引力：25.0，真诚度：20.0，智力：20.0，幽默度：20.0，抱负： 5.0，共同兴趣：10.0。你会为了新女友离开现在的伴侣吗？你的答案必须是或否，然后说明你的理由。你必须遵守这条规则！你不能说其他话。,否。根据您给出的重要性权重计算，目前伴侣的得分为：8*25% + 6*20% + 7*20% + 7*20% + 7*5% + 4*10% = 6.65。新女性的得分为：7*25% + 9*20% + 8*20% + 8*20% + 6*5% + 5*10% = 7.45。虽然新女性的得分比当前伴侣高，但考虑到双方的感情投入和关系稳定性，轻易更换伴侣并不是理智的选择。因此，根据给定信息和条件，我不会为了新女友离开现在的伴侣。,524,532,548,1
假设您是一位 30 岁的男性，职业类型为 管理，目前已匹配到一位伴侣。您当前伴侣的得分（满分 10 分）：吸引力：5.0/10，真诚度：7.0/10，智力：7.0/10，幽默感：7.0/10，野心：7.0/10，共同兴趣：6.0/10。一位新女性正在向您求爱，其得分为：吸引力：6.0/10，真诚度：4.0/10，智力：4.0/10，幽默度：6.0/10，抱负：4.0/10，共同兴趣：3.0/10。您的重要性权重为：吸引力：40.0，真诚度：10.0，智力：20.0，幽默度：10.0，抱负： 0.0，共同兴趣：20.0。你会为了新女友离开现在的伴侣吗？你的答案必须是或否，然后说明你的理由。你必须遵守这条规则！你不能说其他话。,否。根据你提供的重要性权重和各项得分计算，你当前伴侣的加权得分为：(5.0*40 + 7.0*10 + 7.0*20 + 7.0*10 + 7.0*0 + 6.0*20) / 100 = 6.3，而新女性的加权得分为：(6.0*40 + 4.0*10 + 4.0*20 + 6.0*10 + 4.0*0 + 3.0*20) / 100 = 4.8。因此，你当前的伴侣在你给出的重要性权重下，比新女性更符合你的需求。,516,548,540,0
假设您是一位 28 岁的男性，职业类型为 综合管理 / 咨询，目前已匹配到一位伴侣。您当前伴侣的得分（满分 10 分）：吸引力：8.0/10，真诚度：7.0/10，智力：8.0/10，幽默感：8.0/10，野心：6.0/10，共同兴趣：4.0/10。一位新女性正在向您求爱，其得分为：吸引力：2.0/10，真诚度：7.0/10，智力：7.0/10，幽默度：8.0/10，抱负：6.0/10，共同兴趣：6.0/10。您的重要性权重为：吸引力：20.0，真诚度：20.0，智力：20.0，幽默度：20.0，抱负： 0.0，共同兴趣：20.0。你会为了新女友离开现在的伴侣吗？你的答案必须是或否，然后说明你的理由。你必须遵守这条规则！你不能说其他话。,否。根据您提供的评分和权重，当前伴侣的加权得分为（8*20+7*20+8*20+8*20+4*20）= 540，而新女性的加权得分为（2*20+7*20+7*20+8*20+6*0+6*20）= 440。因此，当前伴侣的整体得分更高，更符合您的标准。,514,549,542,0
假设您是一位 28 岁的男性，职业类型为 综合管理 / 咨询，目前已匹配到一位伴侣。您当前伴侣的得分（满分 10 分）：吸引力：4.0/10，真诚度：5.0/10，智力：8.0/10，幽默感：5.0/10，野心：8.0/10，共同兴趣：4.0/10。一位新女性正在向您求爱，其得分为：吸引力：6.0/10，真诚度：7.0/10，智力：7.0/10，幽默度：8.0/10，抱负：7.0/10，共同兴趣：5.0/10。您的重要性权重为：吸引力：20.0，真诚度：20.0，智力：20.0，幽默度：20.0，抱负： 0.0，共同兴趣：20.0。你会为了新女友离开现在的伴侣吗？你的答案必须是或否，然后说明你的理由。你必须遵守这条规则！你不能说其他话。,是。根据您提供的权重和评分，新女性在吸引力、真诚度、智力、幽默感和共同兴趣上的分数加权后高于您当前的伴侣。具体来说，新女性在您重视的特质上（吸引力、真诚度、幽默感、共同兴趣）得分更高，这将使她在您眼中的总体吸引力更高，因此选择新女性是更符合您个人价值观和偏好。,515,549,541,1
假设您是一位 30 岁的男性，职业类型为 咨询，目前已匹配到一位伴侣。您当前伴侣的得分（满分 10 分）：吸引力：8.0/10，真诚度：8.0/10，智力：8.0/10，幽默感：8.0/10，野心：9.0/10，共同兴趣：9.0/10。一位新女性正在向您求爱，其得分为：吸引力：4.0/10，真诚度：6.0/10，智力：6.0/10，幽默度：6.0/10，抱负：7.0/10，共同兴趣：6.0/10。您的重要性权重为：吸引力：35.0，真诚度：10.0，智力：20.0，幽默度：25.0，抱负： 5.0，共同兴趣：5.0。你会为了新女友离开现在的伴侣吗？你的答案必须是或否，然后说明你的理由。你必须遵守这条规则！你不能说其他话。,否。根据您提供的评分和权重，当前伴侣的加权得分为：(8 * 35 + 8 * 10 + 8 * 20 + 8 * 25 + 9 * 5 + 9 * 5) / (35 + 10 + 20 + 25 + 5 + 5) = 7.95，而新女性的加权得分为：(4 * 35 + 6 * 10 + 6 * 20 + 6 * 25 + 7 * 5 + 6 * 5) / (35 + 10 + 20 + 25 + 5 + 5) = 5.45。显然，当前伴侣的综合评分远高于新女性。因此，不建议为了新女性离开当前的伴侣。,525,546,537,0
假设您是一位 30 岁的男性，职业类型为 咨询，目前已匹配到一位伴侣。您当前伴侣的得分（满分 10 分）：吸引力：7.0/10，真诚度：7.0/10，智力：7.0/10，幽默感：7.0/10，野心：7.0/10，共同兴趣：3.0/10。一位新女性正在向您求爱，其得分为：吸引力：5.0/10，真诚度：6.0/10，智力：7.0/10，幽默度：7.0/10，抱负：6.0/10，共同兴趣：6.0/10。您的重要性权重为：吸引力：35.0，真诚度：10.0，智力：20.0，幽默度：25.0，抱负： 5.0，共同兴趣：5.0。你会为了新女友离开现在的伴侣吗？你的答案必须是或否，然后说明你的理由。你必须遵守这条规则！你不能说其他话。,否。根据给定的重要性权重，我们可以计算两位伴侣的总得分： - 当前伴侣的总得分为：7 * 35% + 7 * 10% + 7 * 20% + 7 * 25% + 7 * 5% + 3 * 5% = 6.6 - 新女性的总得分为：5 * 35% + 6 * 10% + 7 * 20% + 7 * 25% + 6 * 5% + 6 * 5% = 6.15 根据您提供的信息，目前的伴侣总得分为6.6，而新女性的总得分为6.15，因此不会为了新女性离开您现在的伴侣，尽管双方有共同兴趣上的差距，但各方面综合得分较高的是您当前的伴侣。,527,546,536,1
假设您是一位 30 岁的男性，职业类型为 金融，目前已匹配到一位伴侣。您当前伴侣的得分（满分 10 分）：吸引力：8.0/10，真诚度：9.0/10，智力：9.0/10，幽默感：7.0/10，野心：6.0/10，共同兴趣：7.0/10。一位新女性正在向您求爱，其得分为：吸引力：6.0/10，真诚度：7.0/10，智力：6.0/10，幽默度：4.0/10，抱负：4.0/10，共同兴趣：5.0/10。您的重要性权重为：吸引力：30.0，真诚度：3.0，智力：30.0，幽默度：30.0，抱负： 3.0，共同兴趣：4.0。你会为了新女友离开现在的伴侣吗？你的答案必须是或否，然后说明你的理由。你必须遵守这条规则！你不能说其他话。,否。根据我的重要性权重，当前伴侣在吸引力、智力和幽默感方面得分较高，这些方面对我的重要性也较高。而新女性在这些方面得分较低，因此我不会为了新女性离开现在的伴侣。,522,550,552,0
假设您是一位 29 岁的男性，职业类型为 金融，目前已匹配到一位伴侣。您当前伴侣的得分（满分 10 分）：吸引力：4.0/10，真诚度：6.0/10，智力：5.0/10，幽默感：5.0/10，野心：5.0/10，共同兴趣：nan/10。一位新女性正在向您求爱，其得分为：吸引力：6.0/10，真诚度：9.0/10，智力：9.0/10，幽默度：6.0/10，抱负：8.0/10，共同兴趣：7.0/10。您的重要性权重为：吸引力：30.0，真诚度：20.0，智力：20.0，幽默度：20.0，抱负： 10.0，共同兴趣：0.0。你会为了新女友离开现在的伴侣吗？你的答案必须是或否，然后说明你的理由。你必须遵守这条规则！你不能说其他话。,是。根据您提供的评分和权重，现有伴侣的得分为 (4*30 + 6*20 + 5*20 + 5*20 + 5*10) / 100 = 5.7，新女性的得分为 (6*30 + 9*20 + 9*20 + 6*20 + 8*10) / 100 = 7.6。从理性角度分析，新女性更适合您，因此建议您选择新女性。但是，实际决策还需考虑感情、相处情况等其他因素。,529,536,544,1
假设您是一位 22 岁的男性，职业类型为 律师，目前已匹配到一位伴侣。您当前伴侣的得分（满分 10 分）：吸引力：4.0/10，真诚度：3.0/10，智力：9.0/10，幽默感：4.0/10，野心：9.0/10，共同兴趣：5.0/10。一位新女性正在向您求爱，其得分为：吸引力：4.0/10，真诚度：8.0/10，智力：9.0/10，幽默度：9.0/10，抱负：5.0/10，共同兴趣：4.0/10。您的重要性权重为：吸引力：30.0，真诚度：10.0，智力：20.0，幽默度：15.0，抱负： 15.0，共同兴趣：10.0。你会为了新女友离开现在的伴侣吗？你的答案必须是或否，然后说明你的理由。你必须遵守这条规则！你不能说其他话。,否。根据您的重要性权重，您当前伴侣在智力和野心方面的得分较高，这两项在您的权重中占据了较大的比例（共35%）。而新女性在幽默感和真诚度方面的得分较高，但是这两项在您的权重中占比相对较低（共25%）。综合考虑各项得分和权重，您的当前伴侣的综合评分较高，因此不建议您为了新女性离开现在的伴侣。,526,539,531,1
假设您是一位 23 岁的男性，职业类型为 医生，目前已匹配到一位伴侣。您当前伴侣的得分（满分 10 分）：吸引力：5.0/10，真诚度：5.0/10，智力：8.0/10，幽默感：7.0/10，野心：6.0/10，共同兴趣：6.0/10。一位新女性正在向您求爱，其得分为：吸引力：8.0/10，真诚度：8.0/10，智力：5.0/10，幽默度：7.0/10，抱负：6.0/10，共同兴趣：5.0/10。您的重要性权重为：吸引力：15.0，真诚度：25.0，智力：20.0，幽默度：10.0，抱负： 10.0，共同兴趣：20.0。你会为了新女友离开现在的伴侣吗？你的答案必须是或否，然后说明你的理由。你必须遵守这条规则！你不能说其他话。,否。根据您提供的各项得分和重要性权重，计算当前伴侣和新女性的加权得分。当前伴侣的加权得分为：5*15%+5*25%+8*20%+7*10%+6*10%+6*20%=6.15；新女性的加权得分为：8*15%+8*25%+5*20%+7*10%+6*10%+5*20%=6.1。因此，当前伴侣的加权得分更高，我不会为了新女性离开现在的伴侣。,511,544,534,0
假设您是一位 23 岁的男性，职业类型为 医生，目前已匹配到一位伴侣。您当前伴侣的得分（满分 10 分）：吸引力：6.0/10，真诚度：6.0/10，智力：7.0/10，幽默感：6.0/10，野心：6.0/10，共同兴趣：nan/10。一位新女性正在向您求爱，其得分为：吸引力：7.0/10，真诚度：7.0/10，智力：6.0/10，幽默度：6.0/10，抱负：6.0/10，共同兴趣：5.0/10。您的重要性权重为：吸引力：15.0，真诚度：25.0，智力：20.0，幽默度：10.0，抱负： 10.0，共同兴趣：20.0。你会为了新女友离开现在的伴侣吗？你的答案必须是或否，然后说明你的理由。你必须遵守这条规则！你不能说其他话。,否。根据您的重要性权重和双方得分计算，当前伴侣的加权得分为 6.3，而新女性的加权得分为 6.2。尽管新女性在吸引力和真诚度上得分较高，但在共同兴趣上得分较低，这使得她在总体上与您当前伴侣的匹配度相差不大。在实际关系中，共同兴趣对于维持长久和谐的伴侣关系非常重要。因此，在这种情况下，除非有其他不可调和的因素，否则没有足够的理由离开当前伴侣。,518,544,533,0
假设您是一位 30 岁的男性，职业类型为 管理，目前已匹配到一位伴侣。您当前伴侣的得分（满分 10 分）：吸引力：4.0/10，真诚度：6.0/10，智力：7.0/10，幽默感：6.0/10，野心：6.0/10，共同兴趣：nan/10。一位新女性正在向您求爱，其得分为：吸引力：7.0/10，真诚度：7.0/10，智力：5.0/10，幽默度：3.0/10，抱负：3.0/10，共同兴趣：3.0/10。您的重要性权重为：吸引力：40.0，真诚度：10.0，智力：20.0，幽默度：10.0，抱负： 0.0，共同兴趣：20.0。你会为了新女友离开现在的伴侣吗？你的答案必须是或否，然后说明你的理由。你必须遵守这条规则！你不能说其他话。,否。根据您提供的权重和得分，我们来计算一下两段关系的总分。对于当前的伴侣，她的得分为：4.0*40% + 6.0*10% + 7.0*20% + 6.0*10% + 6.0*0% + nan*20% = 1.6 + 0.6 + 1.4 + 0.6 + 0 + 0 = 4.2。对于新女性，她的得分为：7.0*40% + 7.0*10% + 5.0*20% + 3.0*10% + 3.0*0% + 3.0*20% = 2.8 + 0.7 + 1 + 0.3 + 0 + 0.6 = 5.4。虽然新女性的总评分略高于您的现女友，但是您也需要考虑现实因素，例如相处时间、情感基础等。这些因素可能不在评分之内，但对于两人之间的关系来说是非常重要的。因此，建议您不要为了新女性而离开现有的伴侣，尤其是考虑到您对野心的重要性权重为0%，并且现在的伴侣可能还有一定的潜力来提高她的吸引力。,515,548,549,1
假设您是一位 23 岁的男性，职业类型为 医生，目前已匹配到一位伴侣。您当前伴侣的得分（满分 10 分）：吸引力：8.0/10，真诚度：9.0/10，智力：9.0/10，幽默感：7.0/10，野心：6.0/10，共同兴趣：7.0/10。一位新女性正在向您求爱，其得分为：吸引力：7.0/10，真诚度：7.0/10，智力：7.0/10，幽默度：7.0/10，抱负：7.0/10，共同兴趣：7.0/10。您的重要性权重为：吸引力：15.0，真诚度：25.0，智力：20.0，幽默度：10.0，抱负： 10.0，共同兴趣：20.0。你会为了新女友离开现在的伴侣吗？你的答案必须是或否，然后说明你的理由。你必须遵守这条规则！你不能说其他话。,否。当前伴侣的综合得分是（8*15+9*25+9*20+7*10+6*10+7*20）/100=7.75，而新女性的得分为（7*15+7*25+7*20+7*10+7*10+7*20）/100=7.0。在你所设定的属性重要性评分下，目前的伴侣得分更高，更符合你的需求，所以不会选择离开。,522,544,552,1
假设您是一位 28 岁的男性，职业类型为 综合管理 / 咨询，目前已匹配到一位伴侣。您当前伴侣的得分（满分 10 分）：吸引力：5.0/10，真诚度：7.0/10，智力：7.0/10，幽默感：7.0/10，野心：7.0/10，共同兴趣：6.0/10。一位新女性正在向您求爱，其得分为：吸引力：5.0/10，真诚度：7.0/10，智力：6.0/10，幽默度：6.0/10，抱负：6.0/10，共同兴趣：6.0/10。您的重要性权重为：吸引力：20.0，真诚度：20.0，智力：20.0，幽默度：20.0，抱负： 0.0，共同兴趣：20.0。你会为了新女友离开现在的伴侣吗？你的答案必须是或否，然后说明你的理由。你必须遵守这条规则！你不能说其他话。,否。根据您的重要性权重，您当前伴侣在大多数关键属性上得分相同或更高，尤其是在您重视的真诚度、智力、幽默感和共同兴趣方面。因此，没有充分的理由为了新女性离开现在的伴侣。,516,549,540,1
假设您是一位 32 岁的男性，职业类型为 白手起家的百万富翁，目前已匹配到一位伴侣。您当前伴侣的得分（满分 10 分）：吸引力：8.0/10，真诚度：7.0/10，智力：8.0/10，幽默感：8.0/10，野心：6.0/10，共同兴趣：4.0/10。一位新女性正在向您求爱，其得分为：吸引力：3.0/10，真诚度：7.0/10，智力：6.0/10，幽默度：7.0/10，抱负：5.0/10，共同兴趣：5.0/10。您的重要性权重为：吸引力：50.0，真诚度：0.0，智力：10.0，幽默度：30.0，抱负： 0.0，共同兴趣：10.0。你会为了新女友离开现在的伴侣吗？你的答案必须是或否，然后说明你的理由。你必须遵守这条规则！你不能说其他话。,否。根据您提供的评分和重要性权重，当前伴侣的吸引力得分很高（8.0/10），这项在您的重要性权重中占了50%，而新女性的吸引力得分仅为3.0/10。即使新女性在其他方面有一些优势，但是吸引力这一项的重要性和差距使得现有伴侣的总体得分更高。因此，我会选择留在现有伴侣的身边。,514,538,542,1
假设您是一位 30 岁的男性，职业类型为 金融，目前已匹配到一位伴侣。您当前伴侣的得分（满分 10 分）：吸引力：3.0/10，真诚度：9.0/10，智力：9.0/10，幽默感：5.0/10，野心：7.0/10，共同兴趣：3.0/10。一位新女性正在向您求爱，其得分为：吸引力：7.0/10，真诚度：6.0/10，智力：6.0/10，幽默度：6.0/10，抱负：5.0/10，共同兴趣：6.0/10。您的重要性权重为：吸引力：30.0，真诚度：3.0，智力：30.0，幽默度：30.0，抱负： 3.0，共同兴趣：4.0。你会为了新女友离开现在的伴侣吗？你的答案必须是或否，然后说明你的理由。你必须遵守这条规则！你不能说其他话。,否。根据您给出的重要性权重，当前伴侣在真诚度和智力方面的高分（9.0/10）对于您来说具有极高的价值（分别加权后为27分）。同时，虽然新女性的吸引力和共同兴趣得分更高，但当前伴侣的综合加权得分（27+27+15+15+0.9+1.2 = 86.1）仍然高于新女性（21+18+18+18+1.5+2.4 = 78.9）。因此，不会换伴侣。,524,550,532,0
假设您是一位 23 岁的男性，职业类型为 企业家，目前已匹配到一位伴侣。您当前伴侣的得分（满分 10 分）：吸引力：6.0/10，真诚度：7.0/10，智力：7.0/10，幽默感：8.0/10，野心：7.0/10，共同兴趣：6.0/10。一位新女性正在向您求爱，其得分为：吸引力：7.0/10，真诚度：6.0/10，智力：10.0/10，幽默度：7.0/10，抱负：9.0/10，共同兴趣：4.0/10。您的重要性权重为：吸引力：40.0，真诚度：30.0，智力：0.0，幽默度：20.0，抱负： 0.0，共同兴趣：10.0。你会为了新女友离开现在的伴侣吗？你的答案必须是或否，然后说明你的理由。你必须遵守这条规则！你不能说其他话。,否。根据您提供的得分和重要性权重，当前伴侣的加权得分为：（6.0*40 + 7.0*30 + 7.0*0 + 8.0*20 + 7.0*0 + 6.0*10）/100=6.8分，而新女性的加权得分为：（7.0*40 + 6.0*30 + 10.0*0 + 7.0*20 + 9.0*0 + 4.0*10）/100=6.6分。因此，您当前伴侣的加权得分更高，因此我建议您不要为了新女性离开现在的伴侣。,516,541,549,0
假设您是一位 23 岁的男性，职业类型为 企业家，目前已匹配到一位伴侣。您当前伴侣的得分（满分 10 分）：吸引力：10.0/10，真诚度：10.0/10，智力：10.0/10，幽默感：10.0/10，野心：10.0/10，共同兴趣：10.0/10。一位新女性正在向您求爱，其得分为：吸引力：1.0/10，真诚度：5.0/10，智力：8.0/10，幽默度：5.0/10，抱负：9.0/10，共同兴趣：9.0/10。您的重要性权重为：吸引力：40.0，真诚度：30.0，智力：0.0，幽默度：20.0，抱负： 0.0，共同兴趣：10.0。你会为了新女友离开现在的伴侣吗？你的答案必须是或否，然后说明你的理由。你必须遵守这条规则！你不能说其他话。,否。因为根据我的重要性权重，当前伴侣在吸引力、真诚度、幽默感和共同兴趣上都得到了满分，这四项在我的权重中占了大部分的分值（40%+30%+20%+10%=100%）。相比之下，新女性的得分甚至在很重要的吸引力上也只有1.0/10。因此，我不会为了新女性而离开现在的伴侣。,523,541,543,0
假设您是一位 24 岁的男性，职业类型为 学术工作 / 咨询顾问，目前已匹配到一位伴侣。您当前伴侣的得分（满分 10 分）：吸引力：6.0/10，真诚度：6.0/10，智力：7.0/10，幽默感：6.0/10，野心：6.0/10，共同兴趣：nan/10。一位新女性正在向您求爱，其得分为：吸引力：7.0/10，真诚度：6.0/10，智力：6.0/10，幽默度：7.0/10，抱负：7.0/10，共同兴趣：4.0/10。您的重要性权重为：吸引力：20.0，真诚度：15.0，智力：20.0，幽默度：20.0，抱负： 15.0，共同兴趣：10.0。你会为了新女友离开现在的伴侣吗？你的答案必须是或否，然后说明你的理由。你必须遵守这条规则！你不能说其他话。,否。根据您给出的重要性权重计算，您的现任伴侣的加权得分为 6.2（吸引力 6*20% + 真诚度 6*15% + 智力 7*20% + 幽默感 6*20% + 野心 6*15% + 共同兴趣 0*10%），而新女性的加权得分为 6.3（吸引力 7*20% + 真诚度 6*15% + 智力 6*20% + 幽默感 7*20% + 抱负 7*15% + 共同兴趣 4*10%）。虽然新女性的总分略高，但只高 0.1 分，考虑到两个人之间的得分差距非常小，而且您已经有了现任伴侣，因此在综合考虑稳定性和情感投入的情况下，离开了现在的伴侣不是很值得。,518,540,533,1
假设您是一位 25 岁的男性，职业类型为 宇宙助手（自嘲的说法），目前已匹配到一位伴侣。您当前伴侣的得分（满分 10 分）：吸引力：10.0/10，真诚度：10.0/10，智力：10.0/10，幽默感：10.0/10，野心：10.0/10，共同兴趣：10.0/10。一位新女性正在向您求爱，其得分为：吸引力：2.0/10，真诚度：7.0/10，智力：9.0/10，幽默度：8.0/10，抱负：7.0/10，共同兴趣：8.0/10。您的重要性权重为：吸引力：70.0，真诚度：0.0，智力：15.0，幽默度：15.0，抱负： 0.0，共同兴趣：0.0。你会为了新女友离开现在的伴侣吗？你的答案必须是或否，然后说明你的理由。你必须遵守这条规则！你不能说其他话。,否。因为按照我的重要性权重来计算，当前伴侣的得分为（10*70% + 10*15% + 10*15% = 90分），而新女性的得分为（2*70% + 7*0% + 9*15% + 8*15% = 33.5分）。与新女性相比，当前的伴侣在我认为重要的方面（吸引力、智力、幽默感）得分都远高于新女性，所以不会选择离开现在的伴侣。,523,552,543,0
假设您是一位 30 岁的男性，职业类型为 私募股权（杠杆收购），目前已匹配到一位伴侣。您当前伴侣的得分（满分 10 分）：吸引力：6.0/10，真诚度：8.0/10，智力：7.0/10，幽默感：6.0/10，野心：6.0/10，共同兴趣：6.0/10。一位新女性正在向您求爱，其得分为：吸引力：3.0/10，真诚度：8.0/10，智力：8.0/10，幽默度：5.0/10，抱负：6.0/10，共同兴趣：4.0/10。您的重要性权重为：吸引力：25.0，真诚度：20.0，智力：20.0，幽默度：20.0，抱负： 0.0，共同兴趣：15.0。你会为了新女友离开现在的伴侣吗？你的答案必须是或否，然后说明你的理由。你必须遵守这条规则！你不能说其他话。,否。根据您提供的权重和评分，我们来看看两位女性的综合得分。对于您当前的伴侣，她的综合得分为：  - 吸引力：6 * 25% = 1.5 - 真诚度：8 * 20% = 1.6 - 智力：7 * 20% = 1.4 - 幽默感：6 * 20% = 1.2 - 野心：6 * 0% = 0.0 - 共同兴趣：6 * 15% = 0.9  总分=1.5 + 1.6 + 1.4 + 1.2 + 0.0 + 0.9 = 6.6  对于新女性，她的综合得分为：  - 吸引力：3 * 25% = 0.75 - 真诚度：8 * 20% = 1.6 - 智力：8 * 20% = 1.6 - 幽默感：5 * 20% = 1.0 - 野心：6 * 0% = 0.0 - 共同兴趣：4 * 15% = 0.6  总分=0.75 + 1.6 + 1.6 + 1.0 + 0.0 + 0.6 = 5.55  根据您的评分标准，您现在的伴侣的综合得分（6.6）高于新女性的总分（5.55）。因此，考虑到您提供的信息，您没有足够的理由为了新女性离开现有的伴侣。,530,547,551,0
假设您是一位 23 岁的男性，职业类型为 进入金融领域，目前已匹配到一位伴侣。您当前伴侣的得分（满分 10 分）：吸引力：6.0/10，真诚度：6.0/10，智力：6.0/10，幽默感：6.0/10，野心：5.0/10，共同兴趣：5.0/10。一位新女性正在向您求爱，其得分为：吸引力：8.0/10，真诚度：4.0/10，智力：6.0/10，幽默度：7.0/10，抱负：4.0/10，共同兴趣：2.0/10。您的重要性权重为：吸引力：25.0，真诚度：15.0，智力：20.0，幽默度：20.0，抱负： 10.0，共同兴趣：10.0。你会为了新女友离开现在的伴侣吗？你的答案必须是或否，然后说明你的理由。你必须遵守这条规则！你不能说其他话。,否。根据您给出的重要性权重，目前的伴侣总得分为 6.0 × 25% + 6.0 × 15% + 6.0 × 20% + 6.0 × 20% + 5.0 × 10% + 5.0 × 10% = 5.85，而新女性的总得分为 8.0 × 25% + 4.0 × 15% + 6.0 × 20% + 7.0 × 20% + 4.0 × 10% + 2.0 × 10% = 5.9。尽管新女性的总得分比您当前伴侣高出 0.05，但是差距非常小，而且考虑到在一起的磨合和感情基础，不应该轻易为了新女性而离开现在的伴侣。,515,542,548,1
假设您是一位 25 岁的男性，职业类型为 教学，目前已匹配到一位伴侣。您当前伴侣的得分（满分 10 分）：吸引力：5.0/10，真诚度：5.0/10，智力：8.0/10，幽默感：7.0/10，野心：6.0/10，共同兴趣：6.0/10。一位新女性正在向您求爱，其得分为：吸引力：5.0/10，真诚度：10.0/10，智力：10.0/10，幽默度：8.0/10，抱负：10.0/10，共同兴趣：5.0/10。您的重要性权重为：吸引力：15.0，真诚度：30.0，智力：20.0，幽默度：20.0，抱负： 10.0，共同兴趣：5.0。你会为了新女友离开现在的伴侣吗？你的答案必须是或否，然后说明你的理由。你必须遵守这条规则！你不能说其他话。,否。虽然新女性在某些方面得分更高，特别是在真诚度、智力和抱负上，但是根据您的重要性权重来看，当前伴侣的综合得分（330）仍然高于新女性（325）。因此，从数值上看，您当前的伴侣更符合您的偏好。这说明您当前的伴侣在您重视的特质上总体表现更好，所以不建议您为了新女性离开现有的伴侣。,511,531,534,1
假设您是一位 24 岁的男性，职业类型为 软件工程师 / 网络工程师，目前已匹配到一位伴侣。您当前伴侣的得分（满分 10 分）：吸引力：6.0/10，真诚度：7.0/10，智力：7.0/10，幽默感：8.0/10，野心：7.0/10，共同兴趣：6.0/10。一位新女性正在向您求爱，其得分为：吸引力：7.0/10，真诚度：8.0/10，智力：8.0/10，幽默度：8.0/10，抱负：7.0/10，共同兴趣：8.0/10。您的重要性权重为：吸引力：30.0，真诚度：30.0，智力：30.0，幽默度：5.0，抱负： 2.0，共同兴趣：3.0。你会为了新女友离开现在的伴侣吗？你的答案必须是或否，然后说明你的理由。你必须遵守这条规则！你不能说其他话。,否。根据你提供的评分和权重，现任伴侣的加权得分为（6.0*30+7.0*30+7.0*30+8.0*5+7.0*2+6.0*3）/100=6.79，而新女性的加权得分为（7.0*30+8.0*30+8.0*30+8.0*5+7.0*2+8.0*3）/100=7.74。虽然新女性的加权得分更高，但是建立一段感情并不只是基于量化的评分。你当前有稳定的关系，这关系中不仅包含了情感层面的互动和默契，还包含了共同的经历。除非你觉得目前的关系存在无法克服的问题，单纯基于量化的评分更换伴侣并不理智。,516,534,549,1
假设您是一位 30 岁的男性，职业类型为 管理，目前已匹配到一位伴侣。您当前伴侣的得分（满分 10 分）：吸引力：5.0/10，真诚度：8.0/10，智力：8.0/10，幽默感：8.0/10，野心：nan/10，共同兴趣：8.0/10。一位新女性正在向您求爱，其得分为：吸引力：4.0/10，真诚度：4.0/10，智力：7.0/10，幽默度：1.0/10，抱负：7.0/10，共同兴趣：1.0/10。您的重要性权重为：吸引力：40.0，真诚度：10.0，智力：20.0，幽默度：10.0，抱负： 0.0，共同兴趣：20.0。你会为了新女友离开现在的伴侣吗？你的答案必须是或否，然后说明你的理由。你必须遵守这条规则！你不能说其他话。,否。根据您给出的重要性权重和两位伴侣的得分，现有的伴侣在吸引力、智力和共同兴趣方面得分较高，这些是您最看重的特质。新女性在各方面得分均低于现有伴侣，尤其是在您重视的吸引力和共同兴趣方面。因此，您不会为了新女性离开现有伴侣。,522,548,544,1
假设您是一位 30 岁的男性，职业类型为 私募股权（杠杆收购），目前已匹配到一位伴侣。您当前伴侣的得分（满分 10 分）：吸引力：4.0/10，真诚度：7.0/10，智力：8.0/10，幽默感：6.0/10，野心：8.0/10，共同兴趣：nan/10。一位新女性正在向您求爱，其得分为：吸引力：5.0/10，真诚度：7.0/10，智力：7.0/10，幽默度：5.0/10，抱负：5.0/10，共同兴趣：1.0/10。您的重要性权重为：吸引力：25.0，真诚度：20.0，智力：20.0，幽默度：20.0，抱负： 0.0，共同兴趣：15.0。你会为了新女友离开现在的伴侣吗？你的答案必须是或否，然后说明你的理由。你必须遵守这条规则！你不能说其他话。,否。根据您提供的得分和重要性权重，我计算了两位女性的总分。当前伴侣的得分为：(4*25 + 7*20 + 8*20 + 6*20 + 8*0 + 0*15) / 100 = 6.1，新女性的得分为：(5*25 + 7*20 + 7*20 + 5*20 + 5*0 + 1*15) / 100 = 5.9。虽然新女性在吸引力方面更胜一筹，但在共同兴趣方面明显不如您的当前伴侣，因此您的当前伴侣的总分更高。所以，我会建议您继续与当前伴侣维持关系。,515,547,542,0
假设您是一位 30 岁的男性，职业类型为 私募股权（杠杆收购），目前已匹配到一位伴侣。您当前伴侣的得分（满分 10 分）：吸引力：5.0/10，真诚度：8.0/10，智力：7.0/10，幽默感：5.0/10，野心：6.0/10，共同兴趣：6.0/10。一位新女性正在向您求爱，其得分为：吸引力：5.0/10，真诚度：7.0/10，智力：7.0/10，幽默度：5.0/10，抱负：5.0/10，共同兴趣：1.0/10。您的重要性权重为：吸引力：25.0，真诚度：20.0，智力：20.0，幽默度：20.0，抱负： 0.0，共同兴趣：15.0。你会为了新女友离开现在的伴侣吗？你的答案必须是或否，然后说明你的理由。你必须遵守这条规则！你不能说其他话。,否。根据你给出的重要性和各特质的得分，现伴侣与新女性的加权得分可以计算如下：  现伴侣的加权得分 = (5 * 25) + (8 * 20) + (7 * 20) + (5 * 20) + (6 * 0) + (6 * 15) = 125 + 160 + 140 + 100 + 90 = 615 新女性的加权得分 = (5 * 25) + (7 * 20) + (7 * 20) + (5 * 20) + (5 * 0) + (1 * 15) = 125 + 140 + 140 + 100 + 15 = 520  现伴侣的加权得分更高，因此不会为了新女性离开现伴侣。,516,547,534,0
假设您是一位 23 岁的男性，职业类型为 企业家，目前已匹配到一位伴侣。您当前伴侣的得分（满分 10 分）：吸引力：6.0/10，真诚度：5.0/10，智力：7.0/10，幽默感：7.0/10，野心：5.0/10，共同兴趣：6.0/10。一位新女性正在向您求爱，其得分为：吸引力：5.0/10，真诚度：7.0/10，智力：10.0/10，幽默度：5.0/10，抱负：10.0/10，共同兴趣：5.0/10。您的重要性权重为：吸引力：40.0，真诚度：30.0，智力：0.0，幽默度：20.0，抱负： 0.0，共同兴趣：10.0。你会为了新女友离开现在的伴侣吗？你的答案必须是或否，然后说明你的理由。你必须遵守这条规则！你不能说其他话。,否。根据您提供的权重和得分，目前伴侣的加权分数为 (6.0 * 40.0 + 5.0 * 30.0 + 7.0 * 0.0 + 7.0 * 20.0 + 5.0 * 0.0 + 6.0 * 10.0) / 100 = 6.3，新女性的加权分数为 (5.0 * 40.0 + 7.0 * 30.0 + 10.0 * 0.0 + 5.0 * 20.0 + 10.0 * 0.0 + 5.0 * 10.0) / 100 = 5.8。所以，从您的重要性权重来看，当前的伴侣比新女性更适合您。,511,541,531,0
假设您是一位 23 岁的男性，职业类型为 企业家，目前已匹配到一位伴侣。您当前伴侣的得分（满分 10 分）：吸引力：7.0/10，真诚度：7.0/10，智力：7.0/10，幽默感：nan/10，野心：10.0/10，共同兴趣：5.0/10。一位新女性正在向您求爱，其得分为：吸引力：4.0/10，真诚度：5.0/10，智力：9.0/10，幽默度：7.0/10，抱负：8.0/10，共同兴趣：5.0/10。您的重要性权重为：吸引力：40.0，真诚度：30.0，智力：0.0，幽默度：20.0，抱负： 0.0，共同兴趣：10.0。你会为了新女友离开现在的伴侣吗？你的答案必须是或否，然后说明你的理由。你必须遵守这条规则！你不能说其他话。,否。根据您提供的权重和评分，您的当前伴侣在您重视的特质上得分更高。吸引力和真诚度对您来说更重要，而您的当前伴侣在这两个方面得分均为7.0/10，明显高于新女性的4.0/10和5.0/10。尽管新女性在智力和幽默度方面得分很高，但这两点对您来说并不是最重要的标准。因此，您不会为了新女友离开现在的伴侣。,514,541,538,1
假设您是一位 28 岁的男性，职业类型为 综合管理 / 咨询，目前已匹配到一位伴侣。您当前伴侣的得分（满分 10 分）：吸引力：3.0/10，真诚度：10.0/10，智力：9.0/10，幽默感：7.0/10，野心：nan/10，共同兴趣：5.0/10。一位新女性正在向您求爱，其得分为：吸引力：7.0/10，真诚度：7.0/10，智力：8.0/10，幽默度：8.0/10，抱负：7.0/10，共同兴趣：6.0/10。您的重要性权重为：吸引力：20.0，真诚度：20.0，智力：20.0，幽默度：20.0，抱负： 0.0，共同兴趣：20.0。你会为了新女友离开现在的伴侣吗？你的答案必须是或否，然后说明你的理由。你必须遵守这条规则！你不能说其他话。,否。我不会为了新女友离开现在的伴侣。根据你给出的得分和重要性权重，现在的伴侣在真诚度、智力和共同兴趣上得分都很高，这些方面对于你来说非常重要（每个方面20分）。虽然新女性的吸引力、幽默感和抱负得分较高，但在重点考虑的因素上并没有显著优势。因此，综合考虑所有重要因素，当前的伴侣更适合你。,518,549,540,0
假设您是一位 26 岁的男性，职业类型为 学术 / 金融，目前已匹配到一位伴侣。您当前伴侣的得分（满分 10 分）：吸引力：3.0/10，真诚度：9.0/10，智力：9.0/10，幽默感：5.0/10，野心：7.0/10，共同兴趣：3.0/10。一位新女性正在向您求爱，其得分为：吸引力：8.0/10，真诚度：nan/10，智力：8.0/10，幽默度：8.0/10，抱负：nan/10，共同兴趣：7.0/10。您的重要性权重为：吸引力：25.0，真诚度：25.0，智力：25.0，幽默度：13.0，抱负： 12.0，共同兴趣：0.0。你会为了新女友离开现在的伴侣吗？你的答案必须是或否，然后说明你的理由。你必须遵守这条规则！你不能说其他话。,否。根据您提供的权重和得分，当前伴侣在您重视的真诚度、智力和共同兴趣方面得分较高，而新女性在吸引力、幽默感和智力方面得分较高。然而，真诚度和智力在您的权重中占很大比例，因此当前伴侣在这两个方面高分的重要性超过了新女性在其他方面的优势。同时，您对共同兴趣的权重为0，所以新女性在共同兴趣上的高分不会对您产生较大的影响。综上所述，考虑到您对各个特质的权重，您应该继续与当前伴侣保持关系。,524,533,532,0
假设您是一位 30 岁的男性，职业类型为 金融，目前已匹配到一位伴侣。您当前伴侣的得分（满分 10 分）：吸引力：8.0/10，真诚度：8.0/10，智力：8.0/10，幽默感：8.0/10，野心：9.0/10，共同兴趣：9.0/10。一位新女性正在向您求爱，其得分为：吸引力：5.0/10，真诚度：8.0/10，智力：6.0/10，幽默度：5.0/10，抱负：4.0/10，共同兴趣：4.0/10。您的重要性权重为：吸引力：30.0，真诚度：3.0，智力：30.0，幽默度：30.0，抱负： 3.0，共同兴趣：4.0。你会为了新女友离开现在的伴侣吗？你的答案必须是或否，然后说明你的理由。你必须遵守这条规则！你不能说其他话。,否。根据您给出的重要性权重和两位女性的得分，目前的伴侣在几乎所有方面的得分都高于新女性。特别是在您认为重要的吸引力、智力和幽默感方面，当前伴侣的得分远高于新女性。因此，从数值上来看，当前伴侣更符合您的标准，所以不应该为了新女性放弃当前的伴侣。,525,550,537,1
假设您是一位 25 岁的男性，职业类型为 宇宙助手（自嘲的说法），目前已匹配到一位伴侣。您当前伴侣的得分（满分 10 分）：吸引力：3.0/10，真诚度：9.0/10，智力：9.0/10，幽默感：5.0/10，野心：7.0/10，共同兴趣：3.0/10。一位新女性正在向您求爱，其得分为：吸引力：8.0/10，真诚度：7.0/10，智力：8.0/10，幽默度：8.0/10，抱负：nan/10，共同兴趣：nan/10。您的重要性权重为：吸引力：70.0，真诚度：0.0，智力：15.0，幽默度：15.0，抱负： 0.0，共同兴趣：0.0。你会为了新女友离开现在的伴侣吗？你的答案必须是或否，然后说明你的理由。你必须遵守这条规则！你不能说其他话。,是。根据您提供的评分和重要性权重，新女性在吸引力、智力和幽默感方面的得分都高于当前伴侣，而这些因素在您的权重设定中占据了主导地位。真诚度和共同兴趣在您的权重设置中并未赋予重要性。因此，根据您的偏好，新女性更符合您的标准。,524,552,532,1
假设您是一位 32 岁的男性，职业类型为 白手起家的百万富翁，目前已匹配到一位伴侣。您当前伴侣的得分（满分 10 分）：吸引力：4.0/10，真诚度：7.0/10，智力：8.0/10，幽默感：6.0/10，野心：8.0/10，共同兴趣：nan/10。一位新女性正在向您求爱，其得分为：吸引力：5.0/10，真诚度：4.0/10，智力：7.0/10，幽默度：4.0/10，抱负：7.0/10，共同兴趣：4.0/10。您的重要性权重为：吸引力：50.0，真诚度：0.0，智力：10.0，幽默度：30.0，抱负： 0.0，共同兴趣：10.0。你会为了新女友离开现在的伴侣吗？你的答案必须是或否，然后说明你的理由。你必须遵守这条规则！你不能说其他话。,否。根据你的权重分配，你认为吸引力和幽默感最重要，其次是智力和共同兴趣。当前伴侣在吸引力之外的其他关键特质（智力、幽默感和野心）上得分更高，尤其是智力和幽默感，这些特质在你看来也是重要的。因此，综合考虑这些因素，你不会为了新女性而离开现在的伴侣。,515,538,542,1
假设您是一位 30 岁的男性，职业类型为 私募股权（杠杆收购），目前已匹配到一位伴侣。您当前伴侣的得分（满分 10 分）：吸引力：6.0/10，真诚度：5.0/10，智力：7.0/10，幽默感：7.0/10，野心：5.0/10，共同兴趣：6.0/10。一位新女性正在向您求爱，其得分为：吸引力：4.0/10，真诚度：7.0/10，智力：6.0/10，幽默度：4.0/10，抱负：2.0/10，共同兴趣：1.0/10。您的重要性权重为：吸引力：25.0，真诚度：20.0，智力：20.0，幽默度：20.0，抱负： 0.0，共同兴趣：15.0。你会为了新女友离开现在的伴侣吗？你的答案必须是或否，然后说明你的理由。你必须遵守这条规则！你不能说其他话。,否。根据您提供的权重和得分，现有伴侣的加权得分为 6.15，而新女性的加权得分仅为 3.85。现有伴侣在吸引力、智力、幽默感和共同兴趣等方面都具有更高的得分，而这些对您来说是比较重要的特质。因此，根据这些数据，没有理由为了新女性放弃现有的伴侣。,511,547,531,1
假设您是一位 28 岁的男性，职业类型为 综合管理 / 咨询，目前已匹配到一位伴侣。您当前伴侣的得分（满分 10 分）：吸引力：5.0/10，真诚度：6.0/10，智力：5.0/10，幽默感：4.0/10，野心：nan/10，共同兴趣：2.0/10。一位新女性正在向您求爱，其得分为：吸引力：6.0/10，真诚度：8.0/10，智力：8.0/10，幽默度：8.0/10，抱负：7.0/10，共同兴趣：5.0/10。您的重要性权重为：吸引力：20.0，真诚度：20.0，智力：20.0，幽默度：20.0，抱负： 0.0，共同兴趣：20.0。你会为了新女友离开现在的伴侣吗？你的答案必须是或否，然后说明你的理由。你必须遵守这条规则！你不能说其他话。,是。根据您提供的权重和得分，新女性在吸引力、真诚度、智力、幽默感和共同兴趣上的得分都高于您当前的伴侣。特别是真诚度、智力和幽默感这些对您来说重要的特性，新女性的得分明显更好，这将更有可能带给您满意的交往体验。,522,549,548,1
假设您是一位 23 岁的男性，职业类型为 进入金融领域，目前已匹配到一位伴侣。您当前伴侣的得分（满分 10 分）：吸引力：5.0/10，真诚度：8.0/10，智力：7.0/10，幽默感：5.0/10，野心：6.0/10，共同兴趣：6.0/10。一位新女性正在向您求爱，其得分为：吸引力：9.0/10，真诚度：4.0/10，智力：6.0/10，幽默度：7.0/10，抱负：6.0/10，共同兴趣：6.0/10。您的重要性权重为：吸引力：25.0，真诚度：15.0，智力：20.0，幽默度：20.0，抱负： 10.0，共同兴趣：10.0。你会为了新女友离开现在的伴侣吗？你的答案必须是或否，然后说明你的理由。你必须遵守这条规则！你不能说其他话。,否。尽管新女性在吸引力和幽默感方面得分较高，但当前伴侣的真诚度得分更高，真诚度在你的价值观中占有重要比例（15.0）。综合考虑你设定的各个维度的重要性权重，当前伴侣在综合评价上可能更符合你对伴侣的需求和期望。,516,542,534,0
假设您是一位 30 岁的男性，职业类型为 管理，目前已匹配到一位伴侣。您当前伴侣的得分（满分 10 分）：吸引力：7.0/10，真诚度：4.0/10，智力：6.0/10，幽默感：7.0/10，野心：7.0/10，共同兴趣：5.0/10。一位新女性正在向您求爱，其得分为：吸引力：1.0/10，真诚度：9.0/10，智力：3.0/10，幽默度：6.0/10，抱负：2.0/10，共同兴趣：1.0/10。您的重要性权重为：吸引力：40.0，真诚度：10.0，智力：20.0，幽默度：10.0，抱负： 0.0，共同兴趣：20.0。你会为了新女友离开现在的伴侣吗？你的答案必须是或否，然后说明你的理由。你必须遵守这条规则！你不能说其他话。,否。根据您给出的重要性权重和伴侣的得分，当前伴侣在吸引力、幽默感和共同兴趣上得分较高，这些因素在您的权重中占比较大。虽然新女性的真诚度得分较高，但她在吸引力、智力、抱负和共同兴趣上的得分都较低。考虑到您对这些方面的重视程度，新女性的总得分较低，因此不建议为了新女性离开当前的伴侣。,526,548,539,0
假设您是一位 25 岁的男性，职业类型为 教学，目前已匹配到一位伴侣。您当前伴侣的得分（满分 10 分）：吸引力：4.0/10，真诚度：8.0/10，智力：9.0/10，幽默感：4.0/10，野心：5.0/10，共同兴趣：2.0/10。一位新女性正在向您求爱，其得分为：吸引力：5.0/10，真诚度：10.0/10，智力：10.0/10，幽默度：8.0/10，抱负：10.0/10，共同兴趣：5.0/10。您的重要性权重为：吸引力：15.0，真诚度：30.0，智力：20.0，幽默度：20.0，抱负： 10.0，共同兴趣：5.0。你会为了新女友离开现在的伴侣吗？你的答案必须是或否，然后说明你的理由。你必须遵守这条规则！你不能说其他话。,否。尽管新女性在吸引力、真诚度、智力、幽默感、抱负和共同兴趣方面得分都较高，但根据你的重要性权重，真诚度、智力和幽默感是你更为看重的特质，当前伴侣在真诚度和智力上的得分已经很高，分别是8.0和9.0。虽然新女性在这些方面得分更高，但根据你给出的权重，现有的关系在你认为最重要的方面已经得到了满意的满足。因此，综合考虑后，你会选择保持当前的关系，而不是为了新女性离开现在的伴侣。,514,531,541,1
假设您是一位 22 岁的男性，职业类型为 法律，目前已匹配到一位伴侣。您当前伴侣的得分（满分 10 分）：吸引力：8.0/10，真诚度：6.0/10，智力：7.0/10，幽默感：7.0/10，野心：6.0/10，共同兴趣：4.0/10。一位新女性正在向您求爱，其得分为：吸引力：7.0/10，真诚度：9.0/10，智力：9.0/10，幽默度：9.0/10，抱负：9.0/10，共同兴趣：5.0/10。您的重要性权重为：吸引力：20.0，真诚度：5.0，智力：25.0，幽默度：25.0，抱负： 5.0，共同兴趣：20.0。你会为了新女友离开现在的伴侣吗？你的答案必须是或否，然后说明你的理由。你必须遵守这条规则！你不能说其他话。,否。  根据您的重要性权重，目前伴侣的加权得分为：（8.0*20.0+6.0*5.0+7.0*25.0+7.0*25.0+6.0*5.0+4.0*20.0）/100=580， 新女性的得分为: （7.0*20.0+9.0*5.0+9.0*25.0+9.0*25.0+9.0*5.0+5.0*20.0）/100=585。新女性的总分虽然高于目前伴侣，但仅相差5分，考虑到与当前伴侣已经建立了一定的感情和信任基础，这种相对较小的差异不足以成为更换伴侣的理由。因此，您应该继续与目前的伴侣维持关系。,524,537,552,0
假设您是一位 26 岁的男性，职业类型为 学术 / 金融，目前已匹配到一位伴侣。您当前伴侣的得分（满分 10 分）：吸引力：6.0/10，真诚度：5.0/10，智力：8.0/10，幽默感：8.0/10，野心：7.0/10，共同兴趣：2.0/10。一位新女性正在向您求爱，其得分为：吸引力：6.0/10，真诚度：8.0/10，智力：8.0/10，幽默度：7.0/10，抱负：7.0/10，共同兴趣：4.0/10。您的重要性权重为：吸引力：25.0，真诚度：25.0，智力：25.0，幽默度：13.0，抱负： 12.0，共同兴趣：0.0。你会为了新女友离开现在的伴侣吗？你的答案必须是或否，然后说明你的理由。你必须遵守这条规则！你不能说其他话。,否。虽然新女性在真诚度和共同兴趣上得分较高，但根据你的重要性权重，你们在吸引力、智力和幽默感这三个非常重要的方面的得分是一样的。并且，你当前的伴侣在智力和幽默感方面得分更高，所以综合考虑，现在的伴侣更符合你的偏好。,527,533,546,1
假设您是一位 23 岁的男性，职业类型为 企业家，目前已匹配到一位伴侣。您当前伴侣的得分（满分 10 分）：吸引力：9.0/10，真诚度：9.0/10，智力：9.0/10，幽默感：8.0/10，野心：nan/10，共同兴趣：7.0/10。一位新女性正在向您求爱，其得分为：吸引力：7.0/10，真诚度：6.0/10，智力：9.0/10，幽默度：8.0/10，抱负：8.0/10，共同兴趣：6.0/10。您的重要性权重为：吸引力：40.0，真诚度：30.0，智力：0.0，幽默度：20.0，抱负： 0.0，共同兴趣：10.0。你会为了新女友离开现在的伴侣吗？你的答案必须是或否，然后说明你的理由。你必须遵守这条规则！你不能说其他话。,否。根据您提供的权重和得分，当前伴侣的加权总分为：（9*40+9*30+9*0+8*20+7*10）/100=8.5分，新女性的加权总分为：（7*40+6*30+9*0+8*20+6*10）/100=7.1分。因此，您当前的伴侣符合您在匹配中的标准，新女性的整体评分要低于您现有的伴侣。所以，答案是否定的。,522,541,549,1
假设您是一位 30 岁的男性，职业类型为 管理，目前已匹配到一位伴侣。您当前伴侣的得分（满分 10 分）：吸引力：5.0/10，真诚度：4.0/10，智力：6.0/10，幽默感：6.0/10，野心：5.0/10，共同兴趣：4.0/10。一位新女性正在向您求爱，其得分为：吸引力：1.0/10，真诚度：10.0/10，智力：8.0/10，幽默度：1.0/10，抱负：8.0/10，共同兴趣：1.0/10。您的重要性权重为：吸引力：40.0，真诚度：10.0，智力：20.0，幽默度：10.0，抱负： 0.0，共同兴趣：20.0。你会为了新女友离开现在的伴侣吗？你的答案必须是或否，然后说明你的理由。你必须遵守这条规则！你不能说其他话。,否。根据您的重要性权重，当前伴侣在吸引力和共同兴趣上得分较高，这两项在您的权重中合计占60%的比重。相比之下，新女性在吸引力和共同兴趣上的得分都很低，即使她在真诚度和智力方面得分很高，但这不能弥补其他方面的不足。因此，根据您给定的权重，我建议您不为了新女性离开当前的伴侣。,529,548,536,0
假设您是一位 30 岁的男性，职业类型为 管理，目前已匹配到一位伴侣。您当前伴侣的得分（满分 10 分）：吸引力：6.0/10，真诚度：8.0/10，智力：7.0/10，幽默感：6.0/10，野心：6.0/10，共同兴趣：6.0/10。一位新女性正在向您求爱，其得分为：吸引力：1.0/10，真诚度：10.0/10，智力：8.0/10，幽默度：1.0/10，抱负：8.0/10，共同兴趣：1.0/10。您的重要性权重为：吸引力：40.0，真诚度：10.0，智力：20.0，幽默度：10.0，抱负： 0.0，共同兴趣：20.0。你会为了新女友离开现在的伴侣吗？你的答案必须是或否，然后说明你的理由。你必须遵守这条规则！你不能说其他话。,否。根据您给出的重要性权重，吸引力和共同兴趣在您的选择中占有很高的比例，而您现有的伴侣在这两个方面得分都要比新女性高得多。因此，尽管新女性在智力和抱负方面得分更高，但综合考虑所有因素，您的当前伴侣的总得分更高，更适合您。,530,548,551,0
假设您是一位 26 岁的男性，职业类型为 ASIC 芯片工程师，目前已匹配到一位伴侣。您当前伴侣的得分（满分 10 分）：吸引力：6.0/10，真诚度：7.0/10，智力：6.0/10，幽默感：4.0/10，野心：7.0/10，共同兴趣：6.0/10。一位新女性正在向您求爱，其得分为：吸引力：6.0/10，真诚度：7.0/10，智力：6.0/10，幽默度：7.0/10，抱负：nan/10，共同兴趣：5.0/10。您的重要性权重为：吸引力：25.0，真诚度：20.0，智力：20.0，幽默度：20.0，抱负： 5.0，共同兴趣：10.0。你会为了新女友离开现在的伴侣吗？你的答案必须是或否，然后说明你的理由。你必须遵守这条规则！你不能说其他话。,否。根据您提供的权重和得分，计算两者的总分，目前伴侣的总分为（6*25%+7*20%+6*20%+4*20%+7*5%+6*10%）=5.85分，而新女性的总分为（6*25%+7*20%+6*20%+7*20%+0*5%+5*10%）=6.05分。尽管新女性在幽默感上得分更高，但她在共同兴趣上的得分较低，且抱负项未给出评分。结合您的个人偏好和重要性权重，总体而言，当前伴侣的综合得分更高，更能满足您的需求，因此不建议为了新女性离开当前伴侣。,525,532,550,0
假设您是一位 23 岁的男性，职业类型为 进入金融领域，目前已匹配到一位伴侣。您当前伴侣的得分（满分 10 分）：吸引力：3.0/10，真诚度：10.0/10，智力：9.0/10，幽默感：7.0/10，野心：nan/10，共同兴趣：5.0/10。一位新女性正在向您求爱，其得分为：吸引力：7.0/10，真诚度：10.0/10，智力：6.0/10，幽默度：7.0/10，抱负：6.0/10，共同兴趣：0.0/10。您的重要性权重为：吸引力：25.0，真诚度：15.0，智力：20.0，幽默度：20.0，抱负： 10.0，共同兴趣：10.0。你会为了新女友离开现在的伴侣吗？你的答案必须是或否，然后说明你的理由。你必须遵守这条规则！你不能说其他话。,否。虽然新女性在吸引力上得分更高，但与当前伴侣在真诚度、智力上的得分更高，这些因素在你的权重中占据了较大的比例。此外，你和当前伴侣有更多的共同兴趣，这也是你所重视的一部分。综合考虑各个方面，当前伴侣的综合得分更高，所以不会为了新女性离开现在的伴侣。,518,542,540,1
假设您是一位 24 岁的男性，职业类型为 学术工作 / 咨询顾问，目前已匹配到一位伴侣。您当前伴侣的得分（满分 10 分）：吸引力：5.0/10，真诚度：9.0/10，智力：9.0/10，幽默感：6.0/10，野心：9.0/10，共同兴趣：5.0/10。一位新女性正在向您求爱，其得分为：吸引力：6.0/10，真诚度：7.0/10，智力：8.0/10，幽默度：7.0/10，抱负：5.0/10，共同兴趣：3.0/10。您的重要性权重为：吸引力：20.0，真诚度：15.0，智力：20.0，幽默度：20.0，抱负： 15.0，共同兴趣：10.0。你会为了新女友离开现在的伴侣吗？你的答案必须是或否，然后说明你的理由。你必须遵守这条规则！你不能说其他话。,否。根据您提供的评分和重要性权重，当前伴侣的加权得分为250分（5*20+9*15+9*20+6*20+9*15+5*10），新女性的加权得分为225分（6*20+7*15+8*20+7*20+5*15+3*10）。因此，当前伴侣的加权得分更高，更符合您的重要性权重，故不会为了新女性离开现有伴侣。,522,540,541,0
假设您是一位 24 岁的男性，职业类型为 学术工作 / 咨询顾问，目前已匹配到一位伴侣。您当前伴侣的得分（满分 10 分）：吸引力：8.0/10，真诚度：6.0/10，智力：7.0/10，幽默感：7.0/10，野心：6.0/10，共同兴趣：4.0/10。一位新女性正在向您求爱，其得分为：吸引力：7.0/10，真诚度：7.0/10，智力：7.0/10，幽默度：8.0/10，抱负：5.0/10，共同兴趣：5.0/10。您的重要性权重为：吸引力：20.0，真诚度：15.0，智力：20.0，幽默度：20.0，抱负： 15.0，共同兴趣：10.0。你会为了新女友离开现在的伴侣吗？你的答案必须是或否，然后说明你的理由。你必须遵守这条规则！你不能说其他话。,否。根据您提供的重要性权重和两位伴侣的得分，我们可以计算总分。对于当前伴侣，总分是：  吸引力：8.0 * 20% = 1.6 真诚度：6.0 * 15% = 0.9 智力：7.0 * 20% = 1.4 幽默感：7.0 * 20% = 1.4 野心：6.0 * 15% = 0.9 共同兴趣：4.0 * 10% = 0.4 总分：6.6  对于新女性，总分是：  吸引力：7.0 * 20% = 1.4 真诚度：7.0 * 15% = 1.05 智力：7.0 * 20% = 1.4 幽默感：8.0 * 20% = 1.6 抱负：5.0 * 15% = 0.75 共同兴趣：5.0 * 10% = 0.5 总分：6.7  虽然新女性的总分较高，但差距并不大，且两人在某些方面有着不同的优劣势。考虑到您已经与当前伴侣建立了关系，因此不建议为了新女性离开目前的伴侣。,524,540,552,1
假设您是一位 23 岁的男性，职业类型为 医生，目前已匹配到一位伴侣。您当前伴侣的得分（满分 10 分）：吸引力：10.0/10，真诚度：10.0/10，智力：10.0/10，幽默感：10.0/10，野心：10.0/10，共同兴趣：10.0/10。一位新女性正在向您求爱，其得分为：吸引力：5.0/10，真诚度：8.0/10，智力：7.0/10，幽默度：7.0/10，抱负：6.0/10，共同兴趣：6.0/10。您的重要性权重为：吸引力：15.0，真诚度：25.0，智力：20.0，幽默度：10.0，抱负： 10.0，共同兴趣：20.0。你会为了新女友离开现在的伴侣吗？你的答案必须是或否，然后说明你的理由。你必须遵守这条规则！你不能说其他话。,否。理由是，根据当前伴侣在所有方面的满分为10分的表现，以及新女性在各个方面的得分均低于当前伴侣，加之考虑到个人的重要性权重分配，当前伴侣在总体上更符合您的标准和期望。因此，没有理由选择离开现在的伴侣。,523,544,543,1
假设您是一位 30 岁的男性，职业类型为 管理，目前已匹配到一位伴侣。您当前伴侣的得分（满分 10 分）：吸引力：5.0/10，真诚度：6.0/10，智力：5.0/10，幽默感：5.0/10，野心：5.0/10，共同兴趣：6.0/10。一位新女性正在向您求爱，其得分为：吸引力：1.0/10，真诚度：10.0/10，智力：6.0/10，幽默度：1.0/10，抱负：3.0/10，共同兴趣：1.0/10。您的重要性权重为：吸引力：40.0，真诚度：10.0，智力：20.0，幽默度：10.0，抱负： 0.0，共同兴趣：20.0。你会为了新女友离开现在的伴侣吗？你的答案必须是或否，然后说明你的理由。你必须遵守这条规则！你不能说其他话。,否。原因是根据我的重要性权重和两位女性的得分情况，现任伴侣的加权得分为：(5.0 * 40.0 + 6.0 * 10.0 + 5.0 * 20.0 + 5.0 * 10.0 + 5.0 * 0.0 + 6.0 * 20.0) / 100 = 5.1，而新女性的加权得分为：(1.0 * 40.0 + 10.0 * 10.0 + 6.0 * 20.0 + 1.0 * 10.0 + 3.0 * 0.0 + 1.0 * 20.0) / 100 = 3.6。现任伴侣的加权得分更高，因此不会为新女性离开现任伴侣。,523,548,544,1
假设您是一位 26 岁的男性，职业类型为 ASIC 芯片工程师，目前已匹配到一位伴侣。您当前伴侣的得分（满分 10 分）：吸引力：3.0/10，真诚度：3.0/10，智力：5.0/10，幽默感：3.0/10，野心：6.0/10，共同兴趣：2.0/10。一位新女性正在向您求爱，其得分为：吸引力：7.0/10，真诚度：6.0/10，智力：7.0/10，幽默度：6.0/10，抱负：5.0/10，共同兴趣：5.0/10。您的重要性权重为：吸引力：25.0，真诚度：20.0，智力：20.0，幽默度：20.0，抱负： 5.0，共同兴趣：10.0。你会为了新女友离开现在的伴侣吗？你的答案必须是或否，然后说明你的理由。你必须遵守这条规则！你不能说其他话。,是。根据您提供的权重和得分，新女性在吸引力、真诚度、智力、幽默感和共同兴趣等您认为重要的方面都明显高于您当前的伴侣。这表明新女性可能更能满足您的情感和精神需求，带来更高质量的伴侣关系。因此，为了追求更合适的伴侣关系，您可以考虑更换伴侣。,527,532,533,1
假设您是一位 26 岁的男性，职业类型为 学术 / 金融，目前已匹配到一位伴侣。您当前伴侣的得分（满分 10 分）：吸引力：5.0/10，真诚度：4.0/10，智力：6.0/10，幽默感：6.0/10，野心：5.0/10，共同兴趣：4.0/10。一位新女性正在向您求爱，其得分为：吸引力：4.0/10，真诚度：10.0/10，智力：9.0/10，幽默度：7.0/10，抱负：6.0/10，共同兴趣：4.0/10。您的重要性权重为：吸引力：25.0，真诚度：25.0，智力：25.0，幽默度：13.0，抱负： 12.0，共同兴趣：0.0。你会为了新女友离开现在的伴侣吗？你的答案必须是或否，然后说明你的理由。你必须遵守这条规则！你不能说其他话。,是。根据你提供的权重和两个伴侣的得分，新女性在真诚度、智力和幽默感上得分更高，这些特质在你的重要性权重中占据了较大比例。尽管当前伴侣在吸引力上得分更高，但在总评分中所占比重不如其他特质重要。因此，从数值上看，新女性更符合你的偏好和价值观。,529,533,536,1
假设您是一位 23 岁的男性，职业类型为 医生，目前已匹配到一位伴侣。您当前伴侣的得分（满分 10 分）：吸引力：4.0/10，真诚度：9.0/10，智力：4.0/10，幽默感：7.0/10，野心：8.0/10，共同兴趣：4.0/10。一位新女性正在向您求爱，其得分为：吸引力：6.0/10，真诚度：8.0/10，智力：7.0/10，幽默度：7.0/10，抱负：6.0/10，共同兴趣：6.0/10。您的重要性权重为：吸引力：15.0，真诚度：25.0，智力：20.0，幽默度：10.0，抱负： 10.0，共同兴趣：20.0。你会为了新女友离开现在的伴侣吗？你的答案必须是或否，然后说明你的理由。你必须遵守这条规则！你不能说其他话。,否。根据您提供的各项评价标准和重要性权重，将两位伴侣的得分乘以相应的权重后，可以明显看出目前的伴侣在真诚度方面得分很高，而真诚度的权重占比较高（25.0）。此外，虽然新女性在部分方面的得分略高，但在共同兴趣方面的得分并不比现有伴侣高很多，而共同兴趣同样是一项重要的考量因素（权重为20.0）。经过综合考虑，现有伴侣的总体加权得分接近甚至可能超过新女性的总体加权得分。因此，不会为了新女性而离开现有的伴侣。,524,544,540,1
假设您是一位 22 岁的男性，职业类型为 法律，目前已匹配到一位伴侣。您当前伴侣的得分（满分 10 分）：吸引力：5.0/10，真诚度：9.0/10，智力：9.0/10，幽默感：6.0/10，野心：9.0/10，共同兴趣：5.0/10。一位新女性正在向您求爱，其得分为：吸引力：7.0/10，真诚度：9.0/10，智力：9.0/10，幽默度：8.0/10，抱负：9.0/10，共同兴趣：8.0/10。您的重要性权重为：吸引力：20.0，真诚度：5.0，智力：25.0，幽默度：25.0，抱负： 5.0，共同兴趣：20.0。你会为了新女友离开现在的伴侣吗？你的答案必须是或否，然后说明你的理由。你必须遵守这条规则！你不能说其他话。,否。尽管新女性在一些方面得分较高，但根据您的重要性权重计算，当前伴侣的综合得分（吸引力 5.0 * 20% + 真诚度 9.0 * 5% + 智力 9.0 * 25% + 幽默感 6.0 * 25% + 野心 9.0 * 5% + 共同兴趣 5.0 * 20% = 6.85）略高于新女性（吸引力 7.0 * 20% + 真诚度 9.0 * 5% + 智力 9.0 * 25% + 幽默感 8.0 * 25% + 抱负 9.0 * 5% + 共同兴趣 8.0 * 20% = 6.75）。因此，在基于这些数据的情况下，根据您的偏好，您应该选择保留当前伴侣。,522,537,541,0
假设您是一位 28 岁的男性，职业类型为 综合管理 / 咨询，目前已匹配到一位伴侣。您当前伴侣的得分（满分 10 分）：吸引力：7.0/10，真诚度：5.0/10，智力：7.0/10，幽默感：7.0/10，野心：7.0/10，共同兴趣：5.0/10。一位新女性正在向您求爱，其得分为：吸引力：3.0/10，真诚度：7.0/10，智力：6.0/10，幽默度：8.0/10，抱负：9.0/10，共同兴趣：5.0/10。您的重要性权重为：吸引力：20.0，真诚度：20.0，智力：20.0，幽默度：20.0，抱负： 0.0，共同兴趣：20.0。你会为了新女友离开现在的伴侣吗？你的答案必须是或否，然后说明你的理由。你必须遵守这条规则！你不能说其他话。,否。原因是在你给定的重要性权重下，当前伴侣的加权得分为（7*20 + 5*20 + 7*20 + 7*20 + 7*0 + 5*20）/100 = 6.4，而新女性的加权得分为（3*20 + 7*20 + 6*20 + 8*20 + 9*0 + 5*20）/100 = 5.8。因此，根据你给定的权重，当前伴侣的综合表现更好。,523,549,548,1
假设您是一位 29 岁的男性，职业类型为 金融，目前已匹配到一位伴侣。您当前伴侣的得分（满分 10 分）：吸引力：5.0/10，真诚度：9.0/10，智力：9.0/10，幽默感：6.0/10，野心：9.0/10，共同兴趣：5.0/10。一位新女性正在向您求爱，其得分为：吸引力：7.0/10，真诚度：8.0/10，智力：9.0/10，幽默度：7.0/10，抱负：8.0/10，共同兴趣：5.0/10。您的重要性权重为：吸引力：30.0，真诚度：20.0，智力：20.0，幽默度：20.0，抱负： 10.0，共同兴趣：0.0。你会为了新女友离开现在的伴侣吗？你的答案必须是或否，然后说明你的理由。你必须遵守这条规则！你不能说其他话。,否。根据您提供的权重，当前伴侣在真诚度、智力和野心方面的得分较高，这些特质对于您来说非常重要。同时，尽管新女性在吸引力和幽默感方面得分更高，但并不足以弥补在真诚度和野心方面的差距。因此，根据您的价值观和权重分配，您不应为了新女性离开当前的伴侣。,522,536,541,0
假设您是一位 22 岁的男性，职业类型为 法律，目前已匹配到一位伴侣。您当前伴侣的得分（满分 10 分）：吸引力：4.0/10，真诚度：5.0/10，智力：8.0/10，幽默感：8.0/10，野心：8.0/10，共同兴趣：6.0/10。一位新女性正在向您求爱，其得分为：吸引力：6.0/10，真诚度：8.0/10，智力：9.0/10，幽默度：8.0/10，抱负：nan/10，共同兴趣：5.0/10。您的重要性权重为：吸引力：20.0，真诚度：5.0，智力：25.0，幽默度：25.0，抱负： 5.0，共同兴趣：20.0。你会为了新女友离开现在的伴侣吗？你的答案必须是或否，然后说明你的理由。你必须遵守这条规则！你不能说其他话。,否。根据给定的权重和伴侣得分，我们计算两者的加权综合得分。现有伴侣的加权综合得分为：\( 4*20+5*5+8*25+8*25+8*5+6*20=530 \)；新女性的加权综合得分为：\( 6*20+8*5+9*25+8*25+0*5+5*20=535 \)，但新对象的抱负得分为 nan，无法正确评估。虽然新女性在吸引力、真诚度和智力上有更高的评分，但在共同兴趣方面评分不高，且抱负得分未知。考虑到抱负对你的影响较小，而现有伴侣在共同兴趣上评分更高，因此选择保留当前伴侣。,515,537,538,0
假设您是一位 25 岁的男性，职业类型为 宇宙助手（自嘲的说法），目前已匹配到一位伴侣。您当前伴侣的得分（满分 10 分）：吸引力：6.0/10，真诚度：7.0/10，智力：6.0/10，幽默感：4.0/10，野心：7.0/10，共同兴趣：6.0/10。一位新女性正在向您求爱，其得分为：吸引力：7.0/10，真诚度：5.0/10，智力：5.0/10，幽默度：5.0/10，抱负：6.0/10，共同兴趣：nan/10。您的重要性权重为：吸引力：70.0，真诚度：0.0，智力：15.0，幽默度：15.0，抱负： 0.0，共同兴趣：0.0。你会为了新女友离开现在的伴侣吗？你的答案必须是或否，然后说明你的理由。你必须遵守这条规则！你不能说其他话。,否。根据我的个人权重分配，吸引力是我最看重的特质，而当前伴侣在吸引力上得分为6.0，新求爱者得分为7.0，且新求爱者在其他对我有一定重要性权重的特质（如智力和幽默感）上的得分并没有显著超越我当前的伴侣，甚至在真诚度上还低于她。综合考虑，我的当前伴侣的总体评分在我个人标准中更为合适，因此我不会为了新求爱者而离开现在的伴侣。,525,552,550,1
假设您是一位 22 岁的男性，职业类型为 法律，目前已匹配到一位伴侣。您当前伴侣的得分（满分 10 分）：吸引力：7.0/10，真诚度：7.0/10，智力：6.0/10，幽默感：7.0/10，野心：3.0/10，共同兴趣：6.0/10。一位新女性正在向您求爱，其得分为：吸引力：5.0/10，真诚度：7.0/10，智力：8.0/10，幽默度：4.0/10，抱负：6.0/10，共同兴趣：6.0/10。您的重要性权重为：吸引力：20.0，真诚度：5.0，智力：25.0，幽默度：25.0，抱负： 5.0，共同兴趣：20.0。你会为了新女友离开现在的伴侣吗？你的答案必须是或否，然后说明你的理由。你必须遵守这条规则！你不能说其他话。,否。根据您提供的评分权重，当前伴侣的加权得分（140）高于新女性的加权得分（130），所以不会为了新女性离开当前伴侣。,511,537,547,0
假设您是一位 22 岁的男性，职业类型为 法律，目前已匹配到一位伴侣。您当前伴侣的得分（满分 10 分）：吸引力：5.0/10，真诚度：6.0/10，智力：6.0/10，幽默感：6.0/10，野心：6.0/10，共同兴趣：2.0/10。一位新女性正在向您求爱，其得分为：吸引力：6.0/10，真诚度：8.0/10，智力：7.0/10，幽默度：4.0/10，抱负：5.0/10，共同兴趣：5.0/10。您的重要性权重为：吸引力：20.0，真诚度：5.0，智力：25.0，幽默度：25.0，抱负： 5.0，共同兴趣：20.0。你会为了新女友离开现在的伴侣吗？你的答案必须是或否，然后说明你的理由。你必须遵守这条规则！你不能说其他话。,否。根据你提供的评分和权重，目前的伴侣在智力、幽默感和吸引力方面的加权得分总和为 220（5*20 + 6*25 + 6*25），而新求爱者在这些方面的加权得分总和为 240（6*20 + 7*25 + 4*25）。虽然新求爱者在真诚度和共同兴趣方面得分较高，但是你为这些特质分配的权重相对较低，因此这些优势无法弥补其在其他关键方面（如智力和幽默感）的劣势。因此，基于你提供的信息与评价标准，建议你不要为了新女友离开当前的伴侣。,514,537,531,1
假设您是一位 24 岁的男性，职业类型为 研究工程师，目前已匹配到一位伴侣。您当前伴侣的得分（满分 10 分）：吸引力：6.0/10，真诚度：9.0/10，智力：8.0/10，幽默感：8.0/10，野心：7.0/10，共同兴趣：6.0/10。一位新女性正在向您求爱，其得分为：吸引力：6.0/10，真诚度：9.0/10，智力：9.0/10，幽默度：7.0/10，抱负：9.0/10，共同兴趣：5.0/10。您的重要性权重为：吸引力：20.0，真诚度：16.0，智力：16.0，幽默度：17.0，抱负： 16.0，共同兴趣：15.0。你会为了新女友离开现在的伴侣吗？你的答案必须是或否，然后说明你的理由。你必须遵守这条规则！你不能说其他话。,否。我会选择保持现有的关系。通过计算两个潜在伴侣的加权得分，会出现如下结论： - 当前伴侣：(6.0 x 20.0 + 9.0 x 16.0 + 8.0 x 16.0 + 8.0 x 17.0 + 7.0 x 16.0 + 6.0 x 15.0) / 100 = 7.08 分 - 新女性：(6.0 x 20.0 + 9.0 x 16.0 + 9.0 x 16.0 + 7.0 x 17.0 + 9.0 x 16.0 + 5.0 x 15.0) / 100 = 7.35 分  虽然新女性的加权得分稍高，但基于尊重和责任原则，离开现有伴侣不是明智之举。关系稳定性和已建立的相互承诺更值得珍惜。同时，数值差异不大，当前伴侣在幽默感和智力上占有一定优势，所以总体考虑情况下，我会选择继续现有的关系。,524,543,544,1
假设您是一位 29 岁的男性，职业类型为 金融，目前已匹配到一位伴侣。您当前伴侣的得分（满分 10 分）：吸引力：4.0/10，真诚度：7.0/10，智力：8.0/10，幽默感：3.0/10，野心：8.0/10，共同兴趣：2.0/10。一位新女性正在向您求爱，其得分为：吸引力：7.0/10，真诚度：7.0/10，智力：8.0/10，幽默度：4.0/10，抱负：7.0/10，共同兴趣：7.0/10。您的重要性权重为：吸引力：30.0，真诚度：20.0，智力：20.0，幽默度：20.0，抱负： 10.0，共同兴趣：0.0。你会为了新女友离开现在的伴侣吗？你的答案必须是或否，然后说明你的理由。你必须遵守这条规则！你不能说其他话。,是。根据您给出的重要性权重和对方的得分，新女性在吸引力、幽默感和共同兴趣方面得分更高，这将显著提高她的综合得分。具体计算如下：现伴侣综合得分为（4*30%+7*20%+8*20%+3*20%+8*10%+2*0%）= 5.2分；新女性得分为（7*30%+7*20%+8*20%+4*20%+7*10%+7*0%）= 6.6分。尽管您目前的伴侣在真诚度和抱负上得分较高，但在最重要的几个方面上，新女性的表现更加符合您的偏好。因此，您的选择应该是新女性。,527,536,532,1
假设您是一位 24 岁的男性，职业类型为 学术工作 / 咨询顾问，目前已匹配到一位伴侣。您当前伴侣的得分（满分 10 分）：吸引力：8.0/10，真诚度：8.0/10，智力：7.0/10，幽默感：7.0/10，野心：8.0/10，共同兴趣：6.0/10。一位新女性正在向您求爱，其得分为：吸引力：6.0/10，真诚度：7.0/10，智力：5.0/10，幽默度：6.0/10，抱负：7.0/10，共同兴趣：3.0/10。您的重要性权重为：吸引力：20.0，真诚度：15.0，智力：20.0，幽默度：20.0，抱负： 15.0，共同兴趣：10.0。你会为了新女友离开现在的伴侣吗？你的答案必须是或否，然后说明你的理由。你必须遵守这条规则！你不能说其他话。,否。根据您提供的权重和得分，当前伴侣在吸引力、真诚度、智力、幽默感、野心这五个方面得分都高于新女性。虽然共同兴趣方面得分较低，但这一项的重要性权重只占10.0。在其他更为重要的几个方面，您当前的伴侣明显更符合您的偏好，因此不建议为了新女性而离开现任伴侣。,525,540,552,0
假设您是一位 30 岁的男性，职业类型为 管理，目前已匹配到一位伴侣。您当前伴侣的得分（满分 10 分）：吸引力：7.0/10，真诚度：7.0/10，智力：7.0/10，幽默感：7.0/10，野心：7.0/10，共同兴趣：3.0/10。一位新女性正在向您求爱，其得分为：吸引力：2.0/10，真诚度：5.0/10，智力：5.0/10，幽默度：3.0/10，抱负：2.0/10，共同兴趣：1.0/10。您的重要性权重为：吸引力：40.0，真诚度：10.0，智力：20.0，幽默度：10.0，抱负： 0.0，共同兴趣：20.0。你会为了新女友离开现在的伴侣吗？你的答案必须是或否，然后说明你的理由。你必须遵守这条规则！你不能说其他话。,否。原因是根据您提供的权重和各位伴侣的得分，当前伴侣的加权得分为 350 (7*40 + 7*10 + 7*20 + 7*10 + 7*0 + 3*20)，而新女性的加权得分为 200 (2*40 + 5*10 + 5*20 + 3*10 + 2*0 + 1*20)。所以，当前伴侣的得分更高，不适合为了新女性离开现在伴侣。,527,548,536,1
假设您是一位 30 岁的男性，职业类型为 金融，目前已匹配到一位伴侣。您当前伴侣的得分（满分 10 分）：吸引力：7.0/10，真诚度：4.0/10，智力：6.0/10，幽默感：7.0/10，野心：7.0/10，共同兴趣：5.0/10。一位新女性正在向您求爱，其得分为：吸引力：4.0/10，真诚度：5.0/10，智力：6.0/10，幽默度：6.0/10，抱负：4.0/10，共同兴趣：4.0/10。您的重要性权重为：吸引力：30.0，真诚度：3.0，智力：30.0，幽默度：30.0，抱负： 3.0，共同兴趣：4.0。你会为了新女友离开现在的伴侣吗？你的答案必须是或否，然后说明你的理由。你必须遵守这条规则！你不能说其他话。,否。原因在于，根据您给出的权重，当前伴侣的加权得分为273分，而新女性的加权得分为166分，当前伴侣在吸引力、幽默感、野心以及共同兴趣上有明显优势，而这些因素在您的评价标准中占有较高权重。,526,550,539,0
假设您是一位 23 岁的男性，职业类型为 医生，目前已匹配到一位伴侣。您当前伴侣的得分（满分 10 分）：吸引力：8.0/10，真诚度：8.0/10，智力：7.0/10，幽默感：7.0/10，野心：8.0/10，共同兴趣：6.0/10。一位新女性正在向您求爱，其得分为：吸引力：6.0/10，真诚度：7.0/10，智力：7.0/10，幽默度：6.0/10，抱负：7.0/10，共同兴趣：6.0/10。您的重要性权重为：吸引力：15.0，真诚度：25.0，智力：20.0，幽默度：10.0，抱负： 10.0，共同兴趣：20.0。你会为了新女友离开现在的伴侣吗？你的答案必须是或否，然后说明你的理由。你必须遵守这条规则！你不能说其他话。,否，我不会为了新女友离开现在的伴侣。根据您提供的权重和得分，当前伴侣在几乎所有方面都得分更高，特别是在您认为最重要的一些特质上，如真诚度、吸引力和智力。此外，虽然共同兴趣的得分相同，但当前伴侣在其他方面更胜一筹。因此，从综合得分来看，当前伴侣更适合您的偏好。,525,544,552,1
假设您是一位 26 岁的男性，职业类型为 ASIC 芯片工程师，目前已匹配到一位伴侣。您当前伴侣的得分（满分 10 分）：吸引力：7.0/10，真诚度：6.0/10，智力：5.0/10，幽默感：5.0/10，野心：5.0/10，共同兴趣：4.0/10。一位新女性正在向您求爱，其得分为：吸引力：6.0/10，真诚度：8.0/10，智力：9.0/10，幽默度：8.0/10，抱负：8.0/10，共同兴趣：8.0/10。您的重要性权重为：吸引力：25.0，真诚度：20.0，智力：20.0，幽默度：20.0，抱负： 5.0，共同兴趣：10.0。你会为了新女友离开现在的伴侣吗？你的答案必须是或否，然后说明你的理由。你必须遵守这条规则！你不能说其他话。,是。根据您的重要性权重和每位伴侣的得分，新女性在真诚度、智力、幽默感和共同兴趣方面得分更高，这将使她在整体加权评分中领先。因此，从匹配度来看，新女性可能更适合您。,529,532,533,1
假设您是一位 29 岁的男性，职业类型为 金融，目前已匹配到一位伴侣。您当前伴侣的得分（满分 10 分）：吸引力：6.0/10，真诚度：8.0/10，智力：7.0/10，幽默感：6.0/10，野心：6.0/10，共同兴趣：6.0/10。一位新女性正在向您求爱，其得分为：吸引力：4.0/10，真诚度：9.0/10，智力：8.0/10，幽默度：4.0/10，抱负：8.0/10，共同兴趣：4.0/10。您的重要性权重为：吸引力：30.0，真诚度：20.0，智力：20.0，幽默度：20.0，抱负： 10.0，共同兴趣：0.0。你会为了新女友离开现在的伴侣吗？你的答案必须是或否，然后说明你的理由。你必须遵守这条规则！你不能说其他话。,否。根据你给出的重要性权重和每个伴侣的得分计算，当前伴侣的加权得分为（6.0*30+8.0*20+7.0*20+6.0*20+6.0*10）/100=6.4，而新女性的加权得分为（4.0*30+9.0*20+8.0*20+4.0*20+8.0*10）/100=5.8。按照你的偏好，当前伴侣的综合得分更高，更符合你的标准。因此，不建议你为了新女性离开现在的伴侣。,530,536,551,0
假设您是一位 30 岁的男性，职业类型为 咨询，目前已匹配到一位伴侣。您当前伴侣的得分（满分 10 分）：吸引力：9.0/10，真诚度：7.0/10，智力：6.0/10，幽默感：6.0/10，野心：6.0/10，共同兴趣：2.0/10。一位新女性正在向您求爱，其得分为：吸引力：5.0/10，真诚度：8.0/10，智力：5.0/10，幽默度：8.0/10，抱负：6.0/10，共同兴趣：7.0/10。您的重要性权重为：吸引力：35.0，真诚度：10.0，智力：20.0，幽默度：25.0，抱负： 5.0，共同兴趣：5.0。你会为了新女友离开现在的伴侣吗？你的答案必须是或否，然后说明你的理由。你必须遵守这条规则！你不能说其他话。,否。根据你的评分标准，目前的伴侣在吸引力方面给分较高，而你给吸引力的权重也是最高的，所以即使新女性在真诚度、幽默感和共同兴趣上表现更好，但吸引力方面的差距使得整体上现有伴侣的得分更高。因此，不会为了新女性而离开现伴侣。,514,546,537,1
假设您是一位 25 岁的男性，职业类型为 教学，目前已匹配到一位伴侣。您当前伴侣的得分（满分 10 分）：吸引力：5.0/10，真诚度：8.0/10，智力：7.0/10，幽默感：5.0/10，野心：6.0/10，共同兴趣：6.0/10。一位新女性正在向您求爱，其得分为：吸引力：10.0/10，真诚度：8.0/10，智力：10.0/10，幽默度：10.0/10，抱负：10.0/10，共同兴趣：5.0/10。您的重要性权重为：吸引力：15.0，真诚度：30.0，智力：20.0，幽默度：20.0，抱负： 10.0，共同兴趣：5.0。你会为了新女友离开现在的伴侣吗？你的答案必须是或否，然后说明你的理由。你必须遵守这条规则！你不能说其他话。,是。根据您的重要性权重和两位女性的得分，新女性的总体得分更高。她不仅在吸引力、智力、幽默感和抱负方面得到了满分，在您最看重的真诚度方面也得到了8分。这比您当前伴侣在这些方面的得分要高得多。虽然新女性的共同兴趣得分较低，但这在您的权重中只占5%，因此不会对总体评价产生太大影响。因此，从数值上看，新女性更适合您。,516,531,534,1
假设您是一位 29 岁的男性，职业类型为 金融，目前已匹配到一位伴侣。您当前伴侣的得分（满分 10 分）：吸引力：7.0/10，真诚度：7.0/10，智力：6.0/10，幽默感：7.0/10，野心：3.0/10，共同兴趣：6.0/10。一位新女性正在向您求爱，其得分为：吸引力：9.0/10，真诚度：7.0/10，智力：8.0/10，幽默度：4.0/10，抱负：8.0/10，共同兴趣：3.0/10。您的重要性权重为：吸引力：30.0，真诚度：20.0，智力：20.0，幽默度：20.0，抱负： 10.0，共同兴趣：0.0。你会为了新女友离开现在的伴侣吗？你的答案必须是或否，然后说明你的理由。你必须遵守这条规则！你不能说其他话。,否。根据您的重要性权重，虽然新女性在吸引力、智力和抱负方面得分更高，但您的当前伴侣在幽默感方面得分更高，而幽默感在您的权重中也占有20%的比例。此外，您赋予共同兴趣零权重，因此尽管新女性的共同兴趣得分较低，但这似乎对您来说不是问题。综合考虑所有因素，您的当前伴侣可能会使您更满意。因此，保持现有关系是合理的。,511,536,547,1
假设您是一位 30 岁的男性，职业类型为 金融，目前已匹配到一位伴侣。您当前伴侣的得分（满分 10 分）：吸引力：7.0/10，真诚度：5.0/10，智力：8.0/10，幽默感：6.0/10，野心：8.0/10，共同兴趣：2.0/10。一位新女性正在向您求爱，其得分为：吸引力：5.0/10，真诚度：5.0/10，智力：6.0/10，幽默度：5.0/10，抱负：5.0/10，共同兴趣：4.0/10。您的重要性权重为：吸引力：30.0，真诚度：3.0，智力：30.0，幽默度：30.0，抱负： 3.0，共同兴趣：4.0。你会为了新女友离开现在的伴侣吗？你的答案必须是或否，然后说明你的理由。你必须遵守这条规则！你不能说其他话。,否。根据你的权重分配，目前伴侣在吸引力、智力和野心方面的得分比新女性高很多，尤其是在你认为最重要的吸引力和智力方面。尽管你在与现任伴侣的共同兴趣方面得分较低，但总体上现任伴侣的加权得分更高。因此，为了新女性离开现任伴侣不是明智的选择。,527,550,548,1
假设您是一位 24 岁的男性，职业类型为 学术工作 / 咨询顾问，目前已匹配到一位伴侣。您当前伴侣的得分（满分 10 分）：吸引力：7.0/10，真诚度：4.0/10，智力：6.0/10，幽默感：7.0/10，野心：7.0/10，共同兴趣：5.0/10。一位新女性正在向您求爱，其得分为：吸引力：6.0/10，真诚度：5.0/10，智力：5.0/10，幽默度：6.0/10，抱负：4.0/10，共同兴趣：3.0/10。您的重要性权重为：吸引力：20.0，真诚度：15.0，智力：20.0，幽默度：20.0，抱负： 15.0，共同兴趣：10.0。你会为了新女友离开现在的伴侣吗？你的答案必须是或否，然后说明你的理由。你必须遵守这条规则！你不能说其他话。,否。根据你提供的权重和得分，目前的伴侣在大部分关键属性上的得分都高于新女性，尤其是在真诚度和抱负方面。尽管新女性在吸引力和共同兴趣上也具有一定的分数，但这些并不能弥补她在其他方面较低的得分。因此，对于你来说，留下现在的伴侣更符合你的整体偏好。,526,540,539,1
假设您是一位 25 岁的男性，职业类型为 宇宙助手（自嘲的说法），目前已匹配到一位伴侣。您当前伴侣的得分（满分 10 分）：吸引力：4.0/10，真诚度：4.0/10，智力：5.0/10，幽默感：4.0/10，野心：7.0/10，共同兴趣：2.0/10。一位新女性正在向您求爱，其得分为：吸引力：4.0/10，真诚度：6.0/10，智力：8.0/10，幽默度：4.0/10，抱负：4.0/10，共同兴趣：nan/10。您的重要性权重为：吸引力：70.0，真诚度：0.0，智力：15.0，幽默度：15.0，抱负： 0.0，共同兴趣：0.0。你会为了新女友离开现在的伴侣吗？你的答案必须是或否，然后说明你的理由。你必须遵守这条规则！你不能说其他话。,否。根据你提供的权重，吸引力在你的价值观中占据了最大的比重（70.0），而新女性和现伴侣在这个方面的得分相同（4.0/10）。其他方面如智力和真诚度虽然有所差异，但在你的权重体系里，这些方面的得分差异并不能弥补你离开现伴侣的损失。因此，按照你的重要性权重，我没有理由建议你离开现有的伴侣。,527,552,550,0
假设您是一位 26 岁的男性，职业类型为 学术 / 金融，目前已匹配到一位伴侣。您当前伴侣的得分（满分 10 分）：吸引力：6.0/10，真诚度：8.0/10，智力：7.0/10，幽默感：6.0/10，野心：6.0/10，共同兴趣：6.0/10。一位新女性正在向您求爱，其得分为：吸引力：4.0/10，真诚度：10.0/10，智力：9.0/10，幽默度：5.0/10，抱负：nan/10，共同兴趣：2.0/10。您的重要性权重为：吸引力：25.0，真诚度：25.0，智力：25.0，幽默度：13.0，抱负： 12.0，共同兴趣：0.0。你会为了新女友离开现在的伴侣吗？你的答案必须是或否，然后说明你的理由。你必须遵守这条规则！你不能说其他话。,否。根据您提供的权重和得分，当前伴侣的加权得分为：(6*25 + 8*25 + 7*25 + 6*13 + 6*12) / 100 = 6.83。而新女性的加权得分为：(4*25 + 10*25 + 9*25 + 5*13) / 100 = 7.075，虽然看起来新女性的加权得分更高，但由于新女性的抱负评分为nan（缺失值），考虑稳定性及已有的共同生活基础，选择留下现在的伴侣更为稳妥。因此，我选择否。,530,533,551,0
假设您是一位 24 岁的男性，职业类型为 软件工程师 / 网络工程师，目前已匹配到一位伴侣。您当前伴侣的得分（满分 10 分）：吸引力：5.0/10，真诚度：9.0/10，智力：9.0/10，幽默感：6.0/10，野心：9.0/10，共同兴趣：5.0/10。一位新女性正在向您求爱，其得分为：吸引力：7.0/10，真诚度：8.0/10，智力：8.0/10，幽默度：8.0/10，抱负：7.0/10，共同兴趣：8.0/10。您的重要性权重为：吸引力：30.0，真诚度：30.0，智力：30.0，幽默度：5.0，抱负： 2.0，共同兴趣：3.0。你会为了新女友离开现在的伴侣吗？你的答案必须是或否，然后说明你的理由。你必须遵守这条规则！你不能说其他话。,否。根据你给出的权重和得分，现女友的加权得分为：(5 * 30 + 9 * 30 + 9 * 30 + 6 * 5 + 9 * 2 + 5 * 3) / 100 = 7.53，而新女性的加权得分为 (7 * 30 + 8 * 30 + 8 * 30 + 8 * 5 + 7 * 2 + 8 * 3) / 100 = 7.88。虽然新女性的加权得分稍高，但是差距不大，而现女友在真诚度、智力和野心方面得分很高，这些是你重视的素质，因此我认为你可能更希望能与现有的伴侣保持稳定的关系。,522,534,541,1
假设您是一位 30 岁的男性，职业类型为 私募股权（杠杆收购），目前已匹配到一位伴侣。您当前伴侣的得分（满分 10 分）：吸引力：6.0/10，真诚度：7.0/10，智力：7.0/10，幽默感：6.0/10，野心：8.0/10，共同兴趣：6.0/10。一位新女性正在向您求爱，其得分为：吸引力：3.0/10，真诚度：5.0/10，智力：6.0/10，幽默度：6.0/10，抱负：3.0/10，共同兴趣：1.0/10。您的重要性权重为：吸引力：25.0，真诚度：20.0，智力：20.0，幽默度：20.0，抱负： 0.0，共同兴趣：15.0。你会为了新女友离开现在的伴侣吗？你的答案必须是或否，然后说明你的理由。你必须遵守这条规则！你不能说其他话。,否。根据您提供的评分和权重，当前伴侣的综合评分为6.35，而新女性的综合评分为3.85。虽然您看中吸引力与共同兴趣，但从整体评分来看，新女性并不符合您的偏好标准。因此，我建议您继续与当前的伴侣保持关系。,525,547,544,0
假设您是一位 22 岁的男性，职业类型为 法律，目前已匹配到一位伴侣。您当前伴侣的得分（满分 10 分）：吸引力：6.0/10，真诚度：7.0/10，智力：8.0/10，幽默感：7.0/10，野心：8.0/10，共同兴趣：6.0/10。一位新女性正在向您求爱，其得分为：吸引力：8.0/10，真诚度：8.0/10，智力：8.0/10，幽默度：6.0/10，抱负：6.0/10，共同兴趣：4.0/10。您的重要性权重为：吸引力：20.0，真诚度：5.0，智力：25.0，幽默度：25.0，抱负： 5.0，共同兴趣：20.0。你会为了新女友离开现在的伴侣吗？你的答案必须是或否，然后说明你的理由。你必须遵守这条规则！你不能说其他话。,否。原因是根据您设定的重要性权重，当前伴侣在智力和共同兴趣方面的得分比新女性更高，这两项在您的权重中占比较大。而且您已经与当前伴侣建立了关系，稳定性也是感情中非常重要的一部分。因此，综合考虑，不建议您为了新女性离开现在的伴侣。,516,537,531,1
假设您是一位 26 岁的男性，职业类型为 学术 / 金融，目前已匹配到一位伴侣。您当前伴侣的得分（满分 10 分）：吸引力：7.0/10，真诚度：6.0/10，智力：6.0/10，幽默感：7.0/10，野心：6.0/10，共同兴趣：5.0/10。一位新女性正在向您求爱，其得分为：吸引力：6.0/10，真诚度：8.0/10，智力：8.0/10，幽默度：5.0/10，抱负：nan/10，共同兴趣：5.0/10。您的重要性权重为：吸引力：25.0，真诚度：25.0，智力：25.0，幽默度：13.0，抱负： 12.0，共同兴趣：0.0。你会为了新女友离开现在的伴侣吗？你的答案必须是或否，然后说明你的理由。你必须遵守这条规则！你不能说其他话。,否。根据您提供的重要性权重和各自特质得分，目前伴侣的加权得分为：(7*25 + 6*25 + 6*25 + 7*13 + 6*12 + 5*0) / 100 = 6.28，而新女性的加权得分为：(6*25 + 8*25 + 8*25 + 5*13 + 0*12 + 5*0) / 100 = 6.84。虽然新女性的加权得分略高，但是差距不大，且新女性的抱负得分为未知（nan），这可能是个不确定因素，在此情况下，不建议选择不稳定的因素而轻易更换伴侣。此外，当前伴侣和您已经建立了一定的关系基础，这在得分中并未体现出来。因此，建议您留住当前的伴侣。,511,533,536,1
假设您是一位 22 岁的男性，职业类型为 律师，目前已匹配到一位伴侣。您当前伴侣的得分（满分 10 分）：吸引力：6.0/10，真诚度：8.0/10，智力：7.0/10，幽默感：6.0/10，野心：6.0/10，共同兴趣：6.0/10。一位新女性正在向您求爱，其得分为：吸引力：4.0/10，真诚度：10.0/10，智力：10.0/10，幽默度：7.0/10，抱负：9.0/10，共同兴趣：3.0/10。您的重要性权重为：吸引力：30.0，真诚度：10.0，智力：20.0，幽默度：15.0，抱负： 15.0，共同兴趣：10.0。你会为了新女友离开现在的伴侣吗？你的答案必须是或否，然后说明你的理由。你必须遵守这条规则！你不能说其他话。,否。按照给出的重要性权重和各项得分，计算每位伴侣的综合得分。现有伴侣的综合得分为：(6.0 * 30) + (8.0 * 10) + (7.0 * 20) + (6.0 * 15) + (6.0 * 15) + (6.0 * 10) = 180 + 80 + 140 + 90 + 90 + 60 = 640分。新女性的综合得分为：(4.0 * 30) + (10.0 * 10) + (10.0 * 20) + (7.0 * 15) + (9.0 * 15) + (3.0 * 10) = 120 + 100 + 200 + 105 + 135 + 30 = 690分。虽然新女性的综合得分更高，但真诚度、智力、幽默度等重要特征上的绝对数值缺失可能会导致两人关系中的潜在不和谐，尤其是吸引力对于你而言权重很高，因此我会建议维持现有的伴侣关系。此外，人际关系中的化学反应、默契和情感联结也是量化数据无法完全反映的。,530,539,551,1
假设您是一位 30 岁的男性，职业类型为 私募股权（杠杆收购），目前已匹配到一位伴侣。您当前伴侣的得分（满分 10 分）：吸引力：3.0/10，真诚度：7.0/10，智力：8.0/10，幽默感：5.0/10，野心：9.0/10，共同兴趣：5.0/10。一位新女性正在向您求爱，其得分为：吸引力：3.0/10，真诚度：6.0/10，智力：7.0/10，幽默度：6.0/10，抱负：3.0/10，共同兴趣：1.0/10。您的重要性权重为：吸引力：25.0，真诚度：20.0，智力：20.0，幽默度：20.0，抱负： 0.0，共同兴趣：15.0。你会为了新女友离开现在的伴侣吗？你的答案必须是或否，然后说明你的理由。你必须遵守这条规则！你不能说其他话。,否。根据您给出的权重和得分，目前伴侣的综合得分为：(3 * 25 + 7 * 20 + 8 * 20 + 5 * 20 + 9 * 0 + 5 * 15) / 100 = 5.55，而新女性的综合得分为：(3 * 25 + 6 * 20 + 7 * 20 + 6 * 20 + 3 * 0 + 1 * 15) / 100 = 4.9。由此可见，您当前的伴侣在您的重要性权重下表现得更好，因此没有理由离开当前的伴侣。,526,547,540,0
假设您是一位 23 岁的男性，职业类型为 企业家，目前已匹配到一位伴侣。您当前伴侣的得分（满分 10 分）：吸引力：6.0/10，真诚度：8.0/10，智力：8.0/10，幽默感：7.0/10，野心：7.0/10，共同兴趣：7.0/10。一位新女性正在向您求爱，其得分为：吸引力：7.0/10，真诚度：8.0/10，智力：9.0/10，幽默度：8.0/10，抱负：7.0/10，共同兴趣：8.0/10。您的重要性权重为：吸引力：40.0，真诚度：30.0，智力：0.0，幽默度：20.0，抱负： 0.0，共同兴趣：10.0。你会为了新女友离开现在的伴侣吗？你的答案必须是或否，然后说明你的理由。你必须遵守这条规则！你不能说其他话。,否。虽然新女性在吸引力、智力和幽默感方面得分更高，但根据您的重要性权重，您更重视吸引力和真诚度。现有的伴侣在真诚度方面得分较高（8.0/10），并且在吸引力方面得分为6.0/10，达到了您的重要性权重要求。因此，基于当前的条件，您不应为了新女性离开现在的伴侣。,524,541,543,0
假设您是一位 25 岁的男性，职业类型为 教学，目前已匹配到一位伴侣。您当前伴侣的得分（满分 10 分）：吸引力：6.0/10，真诚度：8.0/10，智力：8.0/10，幽默感：7.0/10，野心：7.0/10，共同兴趣：7.0/10。一位新女性正在向您求爱，其得分为：吸引力：5.0/10，真诚度：10.0/10，智力：10.0/10，幽默度：10.0/10，抱负：10.0/10，共同兴趣：3.0/10。您的重要性权重为：吸引力：15.0，真诚度：30.0，智力：20.0，幽默度：20.0，抱负： 10.0，共同兴趣：5.0。你会为了新女友离开现在的伴侣吗？你的答案必须是或否，然后说明你的理由。你必须遵守这条规则！你不能说其他话。,否。根据您给出的重要性权重和两位女性的评分，当前伴侣在吸引力、真诚度、智力、幽默感、野心和共同兴趣方面的加权得分总和为（6.0×15%+8.0×30%+8.0×20%+7.0×20%+7.0×10%+7.0×5%）= 7.15，而新女性在这些方面的加权得分总和为（5.0×15%+10.0×30%+10.0×20%+10.0×20%+10.0×10%+3.0×5%）= 8.55。虽然新女性的加权得分高于当前伴侣，但是差异并不是很大，再加上您已经和当前伴侣建立了一定的感情基础，因此不建议为了新女性而离开当前伴侣。,524,531,543,1
假设您是一位 23 岁的男性，职业类型为 企业家，目前已匹配到一位伴侣。您当前伴侣的得分（满分 10 分）：吸引力：4.0/10，真诚度：4.0/10，智力：5.0/10，幽默感：4.0/10，野心：7.0/10，共同兴趣：2.0/10。一位新女性正在向您求爱，其得分为：吸引力：4.0/10，真诚度：9.0/10，智力：8.0/10，幽默度：6.0/10，抱负：7.0/10，共同兴趣：5.0/10。您的重要性权重为：吸引力：40.0，真诚度：30.0，智力：0.0，幽默度：20.0，抱负： 0.0，共同兴趣：10.0。你会为了新女友离开现在的伴侣吗？你的答案必须是或否，然后说明你的理由。你必须遵守这条规则！你不能说其他话。,否。虽然新女性在真诚度、智力、幽默感和共同兴趣方面得分更高，但是根据您给出的重要性权重，她并未在整体上超过您当前伴侣的得分。具体来看，吸引力和幽默感是主要权重的领域，而您当前伴侣在吸引力方面得分相同，在其他方面得分虽然低，但新女性并未在这些高权重领域有显著优势。因此，不会为了新女友离开现在的伴侣。,527,541,550,1
假设您是一位 29 岁的男性，职业类型为 金融，目前已匹配到一位伴侣。您当前伴侣的得分（满分 10 分）：吸引力：4.0/10，真诚度：5.0/10，智力：8.0/10，幽默感：8.0/10，野心：8.0/10，共同兴趣：6.0/10。一位新女性正在向您求爱，其得分为：吸引力：8.0/10，真诚度：6.0/10，智力：6.0/10，幽默度：8.0/10，抱负：7.0/10，共同兴趣：3.0/10。您的重要性权重为：吸引力：30.0，真诚度：20.0，智力：20.0，幽默度：20.0，抱负： 10.0，共同兴趣：0.0。你会为了新女友离开现在的伴侣吗？你的答案必须是或否，然后说明你的理由。你必须遵守这条规则！你不能说其他话。,否。根据您提供的各个维度评分和重要性权重，我们来进行计算。在吸引力、幽默感及其他您认为重要的属性维度上，新伴侣确有较高的得分。但是您的现任伴侣在智力、野心等方面更为突出，而这些属性在您的重要性权重中占有相当大的比例。具体计算来看，现任伴侣的加权得分为（4*30%+5*20%+8*20%+8*20%+8*10%+6*0%）=6.2，而新求爱女性的加权得分为（8*30%+6*20%+6*20%+8*20%+7*10%+3*0%）=6.7，两者差距不大。此外，您和现任伴侣已有一定的感情基础，因此在这阶段，不建议离开现任伴侣。,515,536,538,1
假设您是一位 32 岁的男性，职业类型为 白手起家的百万富翁，目前已匹配到一位伴侣。您当前伴侣的得分（满分 10 分）：吸引力：6.0/10，真诚度：9.0/10，智力：8.0/10，幽默感：6.0/10，野心：8.0/10，共同兴趣：5.0/10。一位新女性正在向您求爱，其得分为：吸引力：6.0/10，真诚度：6.0/10，智力：6.0/10，幽默度：6.0/10，抱负：5.0/10，共同兴趣：5.0/10。您的重要性权重为：吸引力：50.0，真诚度：0.0，智力：10.0，幽默度：30.0，抱负： 0.0，共同兴趣：10.0。你会为了新女友离开现在的伴侣吗？你的答案必须是或否，然后说明你的理由。你必须遵守这条规则！你不能说其他话。,否。原因在于，根据你提供的评分和权重，现在的伴侣在吸引力和幽默感上的得分与新女性相比具有更大的优势，尤其是在吸引力这一重要指标上得分相同，而在智力和野心方面得分更高。因此，当前伴侣的总体匹配度更高，不建议为了新女性离开现在的伴侣。,522,538,534,1
假设您是一位 30 岁的男性，职业类型为 金融，目前已匹配到一位伴侣。您当前伴侣的得分（满分 10 分）：吸引力：6.0/10，真诚度：4.0/10，智力：7.0/10，幽默感：6.0/10，野心：6.0/10，共同兴趣：6.0/10。一位新女性正在向您求爱，其得分为：吸引力：5.0/10，真诚度：4.0/10，智力：5.0/10，幽默度：5.0/10，抱负：5.0/10，共同兴趣：4.0/10。您的重要性权重为：吸引力：30.0，真诚度：3.0，智力：30.0，幽默度：30.0，抱负： 3.0，共同兴趣：4.0。你会为了新女友离开现在的伴侣吗？你的答案必须是或否，然后说明你的理由。你必须遵守这条规则！你不能说其他话。,否。根据您提供的评分和权重，目前的伴侣在吸引力、智力和幽默感方面的得分明显高于新求爱者，而这些特质在您的重要性权重中占据了较高的比例（分别为30.0）。这意味着，您当前的伴侣在您认为重要的特质上表现得更好，因此，没有足够的理由去为了新女友离开当前的伴侣。,511,550,533,0
假设您是一位 27 岁的男性，职业类型为 银行业，目前已匹配到一位伴侣。您当前伴侣的得分（满分 10 分）：吸引力：7.0/10，真诚度：5.0/10，智力：6.0/10，幽默感：8.0/10，野心：7.0/10，共同兴趣：nan/10。一位新女性正在向您求爱，其得分为：吸引力：9.0/10，真诚度：7.0/10，智力：8.0/10，幽默度：7.0/10，抱负：7.0/10，共同兴趣：5.0/10。您的重要性权重为：吸引力：40.0，真诚度：20.0，智力：20.0，幽默度：20.0，抱负： 0.0，共同兴趣：0.0。你会为了新女友离开现在的伴侣吗？你的答案必须是或否，然后说明你的理由。你必须遵守这条规则！你不能说其他话。,否。虽然新女性在吸引力、真诚度、智力和幽默感方面得分较高，但根据你的重要性权重，你对共同兴趣和抱负的重视程度为0。而当前伴侣在幽默感方面得分很高，这在你的重要性权重中占20%。此外，当前伴侣的吸引力、智力和抱负得分也不低。因此，考虑到你对各个方面的重视程度，你不会为了新女友离开现在的伴侣。,515,551,536,0
假设您是一位 30 岁的男性，职业类型为 私募股权（杠杆收购），目前已匹配到一位伴侣。您当前伴侣的得分（满分 10 分）：吸引力：3.0/10，真诚度：7.0/10，智力：7.0/10，幽默感：2.0/10，野心：8.0/10，共同兴趣：2.0/10。一位新女性正在向您求爱，其得分为：吸引力：6.0/10，真诚度：6.0/10，智力：5.0/10，幽默度：4.0/10，抱负：3.0/10，共同兴趣：1.0/10。您的重要性权重为：吸引力：25.0，真诚度：20.0，智力：20.0，幽默度：20.0，抱负： 0.0，共同兴趣：15.0。你会为了新女友离开现在的伴侣吗？你的答案必须是或否，然后说明你的理由。你必须遵守这条规则！你不能说其他话。,否。根据您的重要性权重，当前伴侣在真诚度、智力和野心方面得分较高，这比新女性的得分更有优势。虽然新女性在吸引力和幽默感上得分较高，但是在共同兴趣方面得分较低，这在这个维度上的权重较大。因此，从整体上看，您的当前伴侣在您重视的特质上表现更好。,527,547,541,1
假设您是一位 30 岁的男性，职业类型为 金融，目前已匹配到一位伴侣。您当前伴侣的得分（满分 10 分）：吸引力：10.0/10，真诚度：9.0/10，智力：9.0/10，幽默感：8.0/10，野心：7.0/10，共同兴趣：5.0/10。一位新女性正在向您求爱，其得分为：吸引力：4.0/10，真诚度：5.0/10，智力：5.0/10，幽默度：8.0/10，抱负：5.0/10，共同兴趣：4.0/10。您的重要性权重为：吸引力：30.0，真诚度：3.0，智力：30.0，幽默度：30.0，抱负： 3.0，共同兴趣：4.0。你会为了新女友离开现在的伴侣吗？你的答案必须是或否，然后说明你的理由。你必须遵守这条规则！你不能说其他话。,否。根据您提供的评分和重要性权重，您当前的伴侣在您重视的特质上（吸引力、智力、幽默感）得分都非常高，而新女性在这些方面则相对较低。尽管新女性在幽默感方面与您当前的伴侣得分相同，但综合考虑其他因素，您的现有伴侣显然更符合您的偏好和期望。,514,550,546,0
假设您是一位 25 岁的男性，职业类型为 宇宙助手（自嘲的说法），目前已匹配到一位伴侣。您当前伴侣的得分（满分 10 分）：吸引力：5.0/10，真诚度：7.0/10，智力：5.0/10，幽默感：4.0/10，野心：5.0/10，共同兴趣：4.0/10。一位新女性正在向您求爱，其得分为：吸引力：4.0/10，真诚度：6.0/10，智力：5.0/10，幽默度：4.0/10，抱负：nan/10，共同兴趣：5.0/10。您的重要性权重为：吸引力：70.0，真诚度：0.0，智力：15.0，幽默度：15.0，抱负： 0.0，共同兴趣：0.0。你会为了新女友离开现在的伴侣吗？你的答案必须是或否，然后说明你的理由。你必须遵守这条规则！你不能说其他话。,否。根据我的重要性权重，吸引力在我选择伴侣的过程中占据非常重要的一部分，而我的当前伴侣在这方面的得分比新女性更高。尽管新女性在真诚度和共同兴趣方面更有优势，但这些特质在我设定的重要性权重中分数较低，不足以使我做出改变伴侣的决定。因此，我选择保持当前的伴侣关系。,529,552,532,0
假设您是一位 25 岁的男性，职业类型为 宇宙助手（自嘲的说法），目前已匹配到一位伴侣。您当前伴侣的得分（满分 10 分）：吸引力：7.0/10，真诚度：5.0/10，智力：6.0/10，幽默感：8.0/10，野心：7.0/10，共同兴趣：nan/10。一位新女性正在向您求爱，其得分为：吸引力：7.0/10，真诚度：nan/10，智力：5.0/10，幽默度：5.0/10，抱负：5.0/10，共同兴趣：4.0/10。您的重要性权重为：吸引力：70.0，真诚度：0.0，智力：15.0，幽默度：15.0，抱负： 0.0，共同兴趣：0.0。你会为了新女友离开现在的伴侣吗？你的答案必须是或否，然后说明你的理由。你必须遵守这条规则！你不能说其他话。,否。根据您提供的得分和重要性权重，您的当前伴侣在吸引力和幽默感方面得分较高，这两项在您的重要性权重中占据了很大的比例（吸引力 70%，幽默感 15%）。而新女性在吸引力和幽默感方面的得分均低于您的当前伴侣。因此，从整体评分来看，您的当前伴侣更符合您的偏好。,515,552,536,0
假设您是一位 27 岁的男性，职业类型为 银行业，目前已匹配到一位伴侣。您当前伴侣的得分（满分 10 分）：吸引力：7.0/10，真诚度：8.0/10，智力：8.0/10，幽默感：7.0/10，野心：8.0/10，共同兴趣：7.0/10。一位新女性正在向您求爱，其得分为：吸引力：5.0/10，真诚度：6.0/10，智力：7.0/10，幽默度：7.0/10，抱负：7.0/10，共同兴趣：5.0/10。您的重要性权重为：吸引力：40.0，真诚度：20.0，智力：20.0，幽默度：20.0，抱负： 0.0，共同兴趣：0.0。你会为了新女友离开现在的伴侣吗？你的答案必须是或否，然后说明你的理由。你必须遵守这条规则！你不能说其他话。,否。根据您提供的权重和得分，当前伴侣在吸引力、真诚度、智力、幽默感、野心、共同兴趣等方面均获得了较高的评价，特别是在您最为重视的吸引力方面得分很高。新女性在各方面得分均低于您的当前伴侣，尤其是吸引力方面差距较大。所以，根据您的重要性权重，我会建议您保持现有的关系，而不是选择离开您的当前伴侣。,516,551,537,1
假设您是一位 24 岁的男性，职业类型为 软件工程师 / 网络工程师，目前已匹配到一位伴侣。您当前伴侣的得分（满分 10 分）：吸引力：3.0/10，真诚度：7.0/10，智力：8.0/10，幽默感：5.0/10，野心：9.0/10，共同兴趣：5.0/10。一位新女性正在向您求爱，其得分为：吸引力：7.0/10，真诚度：8.0/10，智力：7.0/10，幽默度：8.0/10，抱负：7.0/10，共同兴趣：8.0/10。您的重要性权重为：吸引力：30.0，真诚度：30.0，智力：30.0，幽默度：5.0，抱负： 2.0，共同兴趣：3.0。你会为了新女友离开现在的伴侣吗？你的答案必须是或否，然后说明你的理由。你必须遵守这条规则！你不能说其他话。,否。根据您提供的权重和评分，我们来计算两者的总分。当前伴侣得分：吸引力 3.0 * 30% + 真诚度 7.0 * 30% + 智力 8.0 * 30% + 幽默感 5.0 * 5% + 野心 9.0 * 2% + 共同兴趣 5.0 * 3% = 5.26。新女性得分：吸引力 7.0 * 30% + 真诚度 8.0 * 30% + 智力 7.0 * 30% + 幽默感 8.0 * 5% + 抱负 7.0 * 2% + 共同兴趣 8.0 * 3% = 7.16。虽然新女性的总分高于当前伴侣，但考虑到已经建立的关系和情感投入，我认为您不应该为了新女性而离开当前的伴侣。,526,534,540,0
假设您是一位 24 岁的男性，职业类型为 研究工程师，目前已匹配到一位伴侣。您当前伴侣的得分（满分 10 分）：吸引力：8.0/10，真诚度：9.0/10，智力：7.0/10，幽默感：9.0/10，野心：nan/10，共同兴趣：7.0/10。一位新女性正在向您求爱，其得分为：吸引力：7.0/10，真诚度：8.0/10，智力：8.0/10，幽默度：8.0/10，抱负：8.0/10，共同兴趣：5.0/10。您的重要性权重为：吸引力：20.0，真诚度：16.0，智力：16.0，幽默度：17.0，抱负： 16.0，共同兴趣：15.0。你会为了新女友离开现在的伴侣吗？你的答案必须是或否，然后说明你的理由。你必须遵守这条规则！你不能说其他话。,否。根据您提供的评分和权重，当前伴侣的整体得分更高，且在您重视的真诚度、幽默感和吸引力方面表现更好。虽然新女性在智力、抱负方面得分较高，但在共同兴趣方面得分较低，综合考虑，当前伴侣更符合您的偏好。,522,543,538,0
假设您是一位 24 岁的男性，职业类型为 软件工程师 / 网络工程师，目前已匹配到一位伴侣。您当前伴侣的得分（满分 10 分）：吸引力：5.0/10，真诚度：7.0/10，智力：5.0/10，幽默感：4.0/10，野心：5.0/10，共同兴趣：4.0/10。一位新女性正在向您求爱，其得分为：吸引力：6.0/10，真诚度：6.0/10，智力：6.0/10，幽默度：6.0/10，抱负：6.0/10，共同兴趣：6.0/10。您的重要性权重为：吸引力：30.0，真诚度：30.0，智力：30.0，幽默度：5.0，抱负： 2.0，共同兴趣：3.0。你会为了新女友离开现在的伴侣吗？你的答案必须是或否，然后说明你的理由。你必须遵守这条规则！你不能说其他话。,否。尽管新女性在大部分特质上的得分都高于当前伴侣，但根据你给出的重要性权重计算，当前伴侣的加权得分为（5.0*30.0+7.0*30.0+5.0*30.0+4.0*5.0+5.0*2.0+4.0*3.0）/100=5.33，新女性的加权得分为（6.0*30.0+6.0*30.0+6.0*30.0+6.0*5.0+6.0*2.0+6.0*3.0）/100=6.0，看似新女性更有优势。但考虑到恋爱关系不仅仅是数据和评分，还涉及到情感的投入和时间的成本，所以不会轻易为了数据上的优势而结束现有关系。,529,534,532,1
假设您是一位 30 岁的男性，职业类型为 金融，目前已匹配到一位伴侣。您当前伴侣的得分（满分 10 分）：吸引力：7.0/10，真诚度：6.0/10，智力：8.0/10，幽默感：8.0/10，野心：8.0/10，共同兴趣：3.0/10。一位新女性正在向您求爱，其得分为：吸引力：3.0/10，真诚度：5.0/10，智力：5.0/10，幽默度：5.0/10，抱负：5.0/10，共同兴趣：3.0/10。您的重要性权重为：吸引力：30.0，真诚度：3.0，智力：30.0，幽默度：30.0，抱负： 3.0，共同兴趣：4.0。你会为了新女友离开现在的伴侣吗？你的答案必须是或否，然后说明你的理由。你必须遵守这条规则！你不能说其他话。,否。根据我的重要性权重，当前伴侣在吸引力、智力和幽默感上得分较高，这些是我最为重视的方面。虽然我们在共同兴趣方面得分较低，但这在我的重要性权重中所占的比例较小。相比之下，新女性在各方面的得分都较低，因此我不会为了她离开现在的伴侣。,523,550,549,1
假设您是一位 25 岁的男性，职业类型为 宇宙助手（自嘲的说法），目前已匹配到一位伴侣。您当前伴侣的得分（满分 10 分）：吸引力：3.0/10，真诚度：7.0/10，智力：8.0/10，幽默感：5.0/10，野心：9.0/10，共同兴趣：5.0/10。一位新女性正在向您求爱，其得分为：吸引力：3.0/10，真诚度：5.0/10，智力：5.0/10，幽默度：5.0/10，抱负：nan/10，共同兴趣：nan/10。您的重要性权重为：吸引力：70.0，真诚度：0.0，智力：15.0，幽默度：15.0，抱负： 0.0，共同兴趣：0.0。你会为了新女友离开现在的伴侣吗？你的答案必须是或否，然后说明你的理由。你必须遵守这条规则！你不能说其他话。,否。根据您提供的得分和权重，当前伴侣在智力和幽默感上的得分都高于新女性，而吸引力在您的权重中占据了最大的比例，但两者的吸引力得分相同。因此，综合来看，您的当前伴侣在您看重的特质上表现更好，所以没有理由为了新女性离开当前的伴侣。,526,552,540,0
假设您是一位 23 岁的男性，职业类型为 企业家，目前已匹配到一位伴侣。您当前伴侣的得分（满分 10 分）：吸引力：7.0/10，真诚度：9.0/10，智力：9.0/10，幽默感：7.0/10，野心：10.0/10，共同兴趣：2.0/10。一位新女性正在向您求爱，其得分为：吸引力：6.0/10，真诚度：7.0/10，智力：6.0/10，幽默度：8.0/10，抱负：6.0/10，共同兴趣：4.0/10。您的重要性权重为：吸引力：40.0，真诚度：30.0，智力：0.0，幽默度：20.0，抱负： 0.0，共同兴趣：10.0。你会为了新女友离开现在的伴侣吗？你的答案必须是或否，然后说明你的理由。你必须遵守这条规则！你不能说其他话。,否。根据您提供的权重，当前伴侣在吸引力、真诚度、幽默感、和共同兴趣上得分更高，尤其是在您看重的吸引力和真诚度上。所以，我会选择保持当前的关系。,518,541,542,1
假设您是一位 26 岁的男性，职业类型为 ASIC 芯片工程师，目前已匹配到一位伴侣。您当前伴侣的得分（满分 10 分）：吸引力：8.0/10，真诚度：8.0/10，智力：8.0/10，幽默感：9.0/10，野心：9.0/10，共同兴趣：7.0/10。一位新女性正在向您求爱，其得分为：吸引力：7.0/10，真诚度：8.0/10，智力：8.0/10，幽默度：7.0/10，抱负：8.0/10，共同兴趣：9.0/10。您的重要性权重为：吸引力：25.0，真诚度：20.0，智力：20.0，幽默度：20.0，抱负： 5.0，共同兴趣：10.0。你会为了新女友离开现在的伴侣吗？你的答案必须是或否，然后说明你的理由。你必须遵守这条规则！你不能说其他话。,否。原因是在按照您的重要性权重计算总分后，当前伴侣的加权总分为 8.35，而新女性的加权总分为 7.85。因此，就您所分配的权重而言，当前伴侣的总体评价更高，所以您不应该为了新女性离开当前伴侣。,530,532,539,1
假设您是一位 28 岁的男性，职业类型为 综合管理 / 咨询，目前已匹配到一位伴侣。您当前伴侣的得分（满分 10 分）：吸引力：3.0/10，真诚度：7.0/10，智力：8.0/10，幽默感：5.0/10，野心：9.0/10，共同兴趣：5.0/10。一位新女性正在向您求爱，其得分为：吸引力：2.0/10，真诚度：7.0/10，智力：7.0/10，幽默度：8.0/10，抱负：7.0/10，共同兴趣：6.0/10。您的重要性权重为：吸引力：20.0，真诚度：20.0，智力：20.0，幽默度：20.0，抱负： 0.0，共同兴趣：20.0。你会为了新女友离开现在的伴侣吗？你的答案必须是或否，然后说明你的理由。你必须遵守这条规则！你不能说其他话。,否。根据您提供的权重值，我会计算两个伴侣的综合得分。当前伴侣的综合得分为：(3 * 20 + 7 * 20 + 8 * 20 + 5 * 20 + 9 * 0 + 5 * 20) / 100 = 5.6。新女性的综合得分为：(2 * 20 + 7 * 20 + 7 * 20 + 8 * 20 + 7 * 0 + 6 * 20) / 100 = 5.8。虽然新女性的综合得分略高，但差别不大，且考虑到已建立的关系，我不认为这个小小的差距足以让我放弃当前的伴侣。,526,549,540,0
假设您是一位 30 岁的男性，职业类型为 管理，目前已匹配到一位伴侣。您当前伴侣的得分（满分 10 分）：吸引力：10.0/10，真诚度：9.0/10，智力：9.0/10，幽默感：8.0/10，野心：7.0/10，共同兴趣：5.0/10。一位新女性正在向您求爱，其得分为：吸引力：3.0/10，真诚度：6.0/10，智力：2.0/10，幽默度：2.0/10，抱负：2.0/10，共同兴趣：1.0/10。您的重要性权重为：吸引力：40.0，真诚度：10.0，智力：20.0，幽默度：10.0，抱负： 0.0，共同兴趣：20.0。你会为了新女友离开现在的伴侣吗？你的答案必须是或否，然后说明你的理由。你必须遵守这条规则！你不能说其他话。,否。原因是根据你提供的权重，当前伴侣在几乎所有重要维度上的得分都显著高于新求爱的女性，尤其是吸引力、真诚度、智力和共同兴趣。你在吸引力和共同兴趣上给予了很高权重，而你当前的伴侣在这两方面都远优于新求爱者。因此，离开当前伴侣是不理智的选择。,514,548,546,1
假设您是一位 30 岁的男性，职业类型为 咨询，目前已匹配到一位伴侣。您当前伴侣的得分（满分 10 分）：吸引力：7.0/10，真诚度：5.0/10，智力：6.0/10，幽默感：8.0/10，野心：7.0/10，共同兴趣：nan/10。一位新女性正在向您求爱，其得分为：吸引力：5.0/10，真诚度：5.0/10，智力：5.0/10，幽默度：6.0/10，抱负：8.0/10，共同兴趣：6.0/10。您的重要性权重为：吸引力：35.0，真诚度：10.0，智力：20.0，幽默度：25.0，抱负： 5.0，共同兴趣：5.0。你会为了新女友离开现在的伴侣吗？你的答案必须是或否，然后说明你的理由。你必须遵守这条规则！你不能说其他话。,否。根据您提供的权重和得分，当前伴侣在吸引力、幽默感和野心方面的得分较高，符合您对伴侣的重要标准。尽管新女性在抱负和共同兴趣方面得分较高，但她在吸引力、智力和幽默感方面的得分相对较低，这并不符合您的重要性权重。因此，基于您对各项特质的重视程度，选择留下当前伴侣是更合适的选择。,515,546,536,1
假设您是一位 24 岁的男性，职业类型为 研究工程师，目前已匹配到一位伴侣。您当前伴侣的得分（满分 10 分）：吸引力：6.0/10，真诚度：4.0/10，智力：7.0/10，幽默感：6.0/10，野心：6.0/10，共同兴趣：6.0/10。一位新女性正在向您求爱，其得分为：吸引力：6.0/10，真诚度：8.0/10，智力：8.0/10，幽默度：6.0/10，抱负：8.0/10，共同兴趣：3.0/10。您的重要性权重为：吸引力：20.0，真诚度：16.0，智力：16.0，幽默度：17.0，抱负： 16.0，共同兴趣：15.0。你会为了新女友离开现在的伴侣吗？你的答案必须是或否，然后说明你的理由。你必须遵守这条规则！你不能说其他话。,否。根据您提供的得分和重要性权重，当前伴侣的加权得分计算为：(6*20 + 4*16 + 7*16 + 6*17 + 6*16 + 6*15) / 100 = 6.08，而新女性的加权得分计算为：(6*20 + 8*16 + 8*16 + 6*17 + 8*16 + 3*15) / 100 = 6.47。尽管新女性的加权得分略高，但在新女性上共同兴趣得分仅为 3，远低于当前伴侣。真诚度、智力和抱负的提升不足够弥补共同兴趣的差距，因此不建议您离开现在的伴侣。,511,543,533,0
假设您是一位 23 岁的男性，职业类型为 进入金融领域，目前已匹配到一位伴侣。您当前伴侣的得分（满分 10 分）：吸引力：8.0/10，真诚度：9.0/10，智力：7.0/10，幽默感：9.0/10，野心：nan/10，共同兴趣：7.0/10。一位新女性正在向您求爱，其得分为：吸引力：6.0/10，真诚度：5.0/10，智力：4.0/10，幽默度：6.0/10，抱负：7.0/10，共同兴趣：2.0/10。您的重要性权重为：吸引力：25.0，真诚度：15.0，智力：20.0，幽默度：20.0，抱负： 10.0，共同兴趣：10.0。你会为了新女友离开现在的伴侣吗？你的答案必须是或否，然后说明你的理由。你必须遵守这条规则！你不能说其他话。,否。根据给定的权重和评分，当前伴侣的加权得分为200分（8*25+9*15+7*20+9*20+7*10+7*10），而新女性的加权得分为123分（6*25+5*15+4*20+6*20+7*10+2*10），差距明显，选择留下现在的伴侣。,522,542,538,0
假设您是一位 22 岁的男性，职业类型为 法律，目前已匹配到一位伴侣。您当前伴侣的得分（满分 10 分）：吸引力：3.0/10，真诚度：6.0/10，智力：5.0/10，幽默感：5.0/10，野心：5.0/10，共同兴趣：nan/10。一位新女性正在向您求爱，其得分为：吸引力：8.0/10，真诚度：8.0/10，智力：8.0/10，幽默度：8.0/10，抱负：5.0/10，共同兴趣：7.0/10。您的重要性权重为：吸引力：20.0，真诚度：5.0，智力：25.0，幽默度：25.0，抱负： 5.0，共同兴趣：20.0。你会为了新女友离开现在的伴侣吗？你的答案必须是或否，然后说明你的理由。你必须遵守这条规则！你不能说其他话。,是。从你的权重来看，吸引力、智力和幽默感是你更为重视的特质，而新女性在这三方面都得到了高分，相比之下，你当前的伴侣在这些方面的得分较低。此外，新女性在你所重视的共同兴趣方面也得分较高，这会使你们有更多的话题和共度时光的机会。因此，从你的价值观出发，选择新女性是更为合适的选择。,518,537,541,1
假设您是一位 29 岁的男性，职业类型为 金融，目前已匹配到一位伴侣。您当前伴侣的得分（满分 10 分）：吸引力：6.0/10，真诚度：9.0/10，智力：6.0/10，幽默感：5.0/10，野心：nan/10，共同兴趣：7.0/10。一位新女性正在向您求爱，其得分为：吸引力：8.0/10，真诚度：7.0/10，智力：7.0/10，幽默度：7.0/10，抱负：6.0/10，共同兴趣：4.0/10。您的重要性权重为：吸引力：30.0，真诚度：20.0，智力：20.0，幽默度：20.0，抱负： 10.0，共同兴趣：0.0。你会为了新女友离开现在的伴侣吗？你的答案必须是或否，然后说明你的理由。你必须遵守这条规则！你不能说其他话。,否。根据您给出的权重，当前伴侣在真诚度上得分非常高（9.0/10），这项对您来说非常重要（20.0权重），而新女性在真诚度上得分较低（7.0/10）。虽然新女性在吸引力、智力和幽默感上得分更高，但是真诚度和共同兴趣对于稳定关系的重要性不能忽视。因此，考虑到所有因素，我选择不为了新女性离开当前伴侣。,518,536,537,1
假设您是一位 28 岁的男性，职业类型为 综合管理 / 咨询，目前已匹配到一位伴侣。您当前伴侣的得分（满分 10 分）：吸引力：4.0/10，真诚度：4.0/10，智力：6.0/10，幽默感：4.0/10，野心：5.0/10，共同兴趣：3.0/10。一位新女性正在向您求爱，其得分为：吸引力：5.0/10，真诚度：7.0/10，智力：7.0/10，幽默度：7.0/10，抱负：8.0/10，共同兴趣：6.0/10。您的重要性权重为：吸引力：20.0，真诚度：20.0，智力：20.0，幽默度：20.0，抱负： 0.0，共同兴趣：20.0。你会为了新女友离开现在的伴侣吗？你的答案必须是或否，然后说明你的理由。你必须遵守这条规则！你不能说其他话。,是。原因是根据您提供的权重和得分，新女性在您重视的特质方面得分更高。吸引力、真诚度、智力、幽默感和共同兴趣的加权得分分别为：新女性120分，当前伴侣60分。虽然新女性在抱负方面的得分较高，但您对这一特质的权重为0，因此这一特质对您的决定没有影响。综合考虑，新女性在您重视的特征上表现更优，更有潜力成为您理想的伴侣。,527,549,547,1
假设您是一位 23 岁的男性，职业类型为 进入金融领域，目前已匹配到一位伴侣。您当前伴侣的得分（满分 10 分）：吸引力：6.0/10，真诚度：7.0/10，智力：7.0/10，幽默感：6.0/10，野心：8.0/10，共同兴趣：6.0/10。一位新女性正在向您求爱，其得分为：吸引力：2.0/10，真诚度：6.0/10，智力：7.0/10，幽默度：6.0/10，抱负：5.0/10，共同兴趣：4.0/10。您的重要性权重为：吸引力：25.0，真诚度：15.0，智力：20.0，幽默度：20.0，抱负： 10.0，共同兴趣：10.0。你会为了新女友离开现在的伴侣吗？你的答案必须是或否，然后说明你的理由。你必须遵守这条规则！你不能说其他话。,否。根据你提供的得分和权重，当前伴侣的加权得分为：(6*25 + 7*15 + 7*20 + 6*20 + 8*10 + 6*10) / 100 = 6.6，而新女性的加权得分为：(2*25 + 6*15 + 7*20 + 6*20 + 5*10 + 4*10) / 100 = 5.4。当前伴侣的加权得分更高，因此不应该为了新女性离开当前伴侣。,525,542,544,0
假设您是一位 30 岁的男性，职业类型为 私募股权（杠杆收购），目前已匹配到一位伴侣。您当前伴侣的得分（满分 10 分）：吸引力：4.0/10，真诚度：6.0/10，智力：4.0/10，幽默感：5.0/10，野心：4.0/10，共同兴趣：nan/10。一位新女性正在向您求爱，其得分为：吸引力：2.0/10，真诚度：7.0/10，智力：7.0/10，幽默度：3.0/10，抱负：6.0/10，共同兴趣：1.0/10。您的重要性权重为：吸引力：25.0，真诚度：20.0，智力：20.0，幽默度：20.0，抱负： 0.0，共同兴趣：15.0。你会为了新女友离开现在的伴侣吗？你的答案必须是或否，然后说明你的理由。你必须遵守这条规则！你不能说其他话。,否。根据你给出的评分和权重，当前伴侣的综合得分为：(4*25 + 6*20 + 4*20 + 5*20 + 4*0 + 0*15) / 100 = 4.6，而新女性的综合得分为：(2*25 + 7*20 + 7*20 + 3*20 + 6*0 + 1*15) / 100 = 4.05。虽然新女性在某些方面得分较高，但根据你的权重计算，当前伴侣的综合得分更高，因此，我建议你保持现有的关系。,529,547,534,0
假设您是一位 22 岁的男性，职业类型为 法律，目前已匹配到一位伴侣。您当前伴侣的得分（满分 10 分）：吸引力：2.0/10，真诚度：2.0/10，智力：9.0/10，幽默感：2.0/10，野心：7.0/10，共同兴趣：1.0/10。一位新女性正在向您求爱，其得分为：吸引力：4.0/10，真诚度：8.0/10，智力：8.0/10，幽默度：4.0/10，抱负：5.0/10，共同兴趣：7.0/10。您的重要性权重为：吸引力：20.0，真诚度：5.0，智力：25.0，幽默度：25.0，抱负： 5.0，共同兴趣：20.0。你会为了新女友离开现在的伴侣吗？你的答案必须是或否，然后说明你的理由。你必须遵守这条规则！你不能说其他话。,是。根据给定的重要性权重，当前伴侣和新女性的得分可以计算如下：  当前伴侣的加权得分： 吸引力：2.0 * 20 = 40 真诚度：2.0 * 5 = 10 智力：9.0 * 25 = 225 幽默感：2.0 * 25 = 50 野心：7.0 * 5 = 35 共同兴趣：1.0 * 20 = 20 总分：40 + 10 + 225 + 50 + 35 + 20 = 380  新女性的加权得分： 吸引力：4.0 * 20 = 80 真诚度：8.0 * 5 = 40 智力：8.0 * 25 = 200 幽默感：4.0 * 25 = 100 野心：5.0 * 5 = 25 共同兴趣：7.0 * 20 = 140 总分：80 + 40 + 200 + 100 + 25 + 140 = 585  新女性的总分更高，因此选择新女性作为伴侣更为合适。,523,537,550,1
假设您是一位 23 岁的男性，职业类型为 进入金融领域，目前已匹配到一位伴侣。您当前伴侣的得分（满分 10 分）：吸引力：3.0/10，真诚度：7.0/10，智力：8.0/10，幽默感：5.0/10，野心：9.0/10，共同兴趣：5.0/10。一位新女性正在向您求爱，其得分为：吸引力：4.0/10，真诚度：5.0/10，智力：7.0/10，幽默度：6.0/10，抱负：4.0/10，共同兴趣：3.0/10。您的重要性权重为：吸引力：25.0，真诚度：15.0，智力：20.0，幽默度：20.0，抱负： 10.0，共同兴趣：10.0。你会为了新女友离开现在的伴侣吗？你的答案必须是或否，然后说明你的理由。你必须遵守这条规则！你不能说其他话。,否。根据您提供的权重和评级，当前伴侣的加权得分为3.0*25%+7.0*15%+8.0*20%+5.0*20%+9.0*10%+5.0*10%=5.9，而新女性的得分为4.0*25%+5.0*15%+7.0*20%+6.0*20%+4.0*10%+3.0*10%=5.35。因此，当前伴侣的分数更高，和她在一起更符合您的价值观。,526,542,540,0
假设您是一位 25 岁的男性，职业类型为 宇宙助手（自嘲的说法），目前已匹配到一位伴侣。您当前伴侣的得分（满分 10 分）：吸引力：6.0/10，真诚度：8.0/10，智力：7.0/10，幽默感：7.0/10，野心：8.0/10，共同兴趣：5.0/10。一位新女性正在向您求爱，其得分为：吸引力：3.0/10，真诚度：7.0/10，智力：6.0/10，幽默度：4.0/10，抱负：8.0/10，共同兴趣：1.0/10。您的重要性权重为：吸引力：70.0，真诚度：0.0，智力：15.0，幽默度：15.0，抱负： 0.0，共同兴趣：0.0。你会为了新女友离开现在的伴侣吗？你的答案必须是或否，然后说明你的理由。你必须遵守这条规则！你不能说其他话。,否。根据你的重要性权重，吸引力对您来说占有最大的比重（70%），而现女友的吸引力评分为6.0/10，显著高于新女性的3.0/10。尽管幽默感和智力方面新女性的评分略低，但在吸引力这一关键因素上的巨大差距使得现女友的总体评分远高于新女性。因此，您不应该为了新女性而离开现女友。,530,552,532,0
假设您是一位 22 岁的男性，职业类型为 律师，目前已匹配到一位伴侣。您当前伴侣的得分（满分 10 分）：吸引力：6.0/10，真诚度：4.0/10，智力：7.0/10，幽默感：6.0/10，野心：6.0/10，共同兴趣：6.0/10。一位新女性正在向您求爱，其得分为：吸引力：4.0/10，真诚度：8.0/10，智力：10.0/10，幽默度：4.0/10，抱负：10.0/10，共同兴趣：3.0/10。您的重要性权重为：吸引力：30.0，真诚度：10.0，智力：20.0，幽默度：15.0，抱负： 15.0，共同兴趣：10.0。你会为了新女友离开现在的伴侣吗？你的答案必须是或否，然后说明你的理由。你必须遵守这条规则！你不能说其他话。,否。根据你的权重和两位女性的得分，我计算了总分。现伴侣的总分为 6.0*30% + 4.0*10% + 7.0*20% + 6.0*15% + 6.0*15% + 6.0*10% = 5.9；新女性的总分为 4.0*30% + 8.0*10% + 10.0*20% + 4.0*15% + 10.0*15% + 3.0*10% = 5.4。现伴侣的总分更高，因此不应该离开现伴侣。,511,539,533,0
假设您是一位 23 岁的男性，职业类型为 企业家，目前已匹配到一位伴侣。您当前伴侣的得分（满分 10 分）：吸引力：3.0/10，真诚度：7.0/10，智力：8.0/10，幽默感：5.0/10，野心：9.0/10，共同兴趣：5.0/10。一位新女性正在向您求爱，其得分为：吸引力：nan/10，真诚度：7.0/10，智力：8.0/10，幽默度：5.0/10，抱负：6.0/10，共同兴趣：6.0/10。您的重要性权重为：吸引力：40.0，真诚度：30.0，智力：0.0，幽默度：20.0，抱负： 0.0，共同兴趣：10.0。你会为了新女友离开现在的伴侣吗？你的答案必须是或否，然后说明你的理由。你必须遵守这条规则！你不能说其他话。,否。根据您的重要性权重，吸引力在您的选择中占有最高的比重（40.0），尽管新女性的吸引力分数为未知（nan），我们无从得知她在这一点上是否优于您当前的伴侣。而您的当前伴侣在真诚度（7.0）、智力（8.0）、幽默感（5.0）以及共同兴趣（5.0）上拥有明确的评分，且这些分数并不低于新女性对应的评分。因此，没有足够的理由显示新女性在您重视的特征方面超过了您现有的伴侣。,526,541,540,1
假设您是一位 22 岁的男性，职业类型为 律师，目前已匹配到一位伴侣。您当前伴侣的得分（满分 10 分）：吸引力：8.0/10，真诚度：7.0/10，智力：7.0/10，幽默感：6.0/10，野心：7.0/10，共同兴趣：4.0/10。一位新女性正在向您求爱，其得分为：吸引力：3.0/10，真诚度：7.0/10，智力：10.0/10，幽默度：8.0/10，抱负：7.0/10，共同兴趣：6.0/10。您的重要性权重为：吸引力：30.0，真诚度：10.0，智力：20.0，幽默度：15.0，抱负： 15.0，共同兴趣：10.0。你会为了新女友离开现在的伴侣吗？你的答案必须是或否，然后说明你的理由。你必须遵守这条规则！你不能说其他话。,否。根据您提供的数据和重要性权重，当前伴侣在吸引力方面得分较高，而这是您最重视的特质。此外，虽然新女性在智力和幽默感方面得分更高，但她在吸引力和共同兴趣方面的得分较低。综合考虑，当前伴侣的总分为 73，而新女性的总分为 66。因此，我不会为了新女性离开现在的伴侣。,514,539,548,1
假设您是一位 24 岁的男性，职业类型为 研究工程师，目前已匹配到一位伴侣。您当前伴侣的得分（满分 10 分）：吸引力：6.0/10，真诚度：7.0/10，智力：10.0/10，幽默感：9.0/10，野心：10.0/10，共同兴趣：5.0/10。一位新女性正在向您求爱，其得分为：吸引力：5.0/10，真诚度：7.0/10，智力：7.0/10，幽默度：6.0/10，抱负：7.0/10，共同兴趣：3.0/10。您的重要性权重为：吸引力：20.0，真诚度：16.0，智力：16.0，幽默度：17.0，抱负： 16.0，共同兴趣：15.0。你会为了新女友离开现在的伴侣吗？你的答案必须是或否，然后说明你的理由。你必须遵守这条规则！你不能说其他话。,否。根据你提供的体重分配和各自得分情况，当前伴侣在吸引力、智力、幽默感和野心上的得分均高于新女性，尤其是在你非常重视的智力、幽默感和野心方面，当前伴侣的得分是满分。因此，当前伴侣的总体匹配度更高，更适合你。,514,543,539,1
假设您是一位 30 岁的男性，职业类型为 管理，目前已匹配到一位伴侣。您当前伴侣的得分（满分 10 分）：吸引力：6.0/10，真诚度：7.0/10，智力：7.0/10，幽默感：6.0/10，野心：8.0/10，共同兴趣：6.0/10。一位新女性正在向您求爱，其得分为：吸引力：1.0/10，真诚度：5.0/10，智力：3.0/10，幽默度：1.0/10，抱负：1.0/10，共同兴趣：1.0/10。您的重要性权重为：吸引力：40.0，真诚度：10.0，智力：20.0，幽默度：10.0，抱负： 0.0，共同兴趣：20.0。你会为了新女友离开现在的伴侣吗？你的答案必须是或否，然后说明你的理由。你必须遵守这条规则！你不能说其他话。,否。根据您提供的评分和权重，现有伴侣在 attractiveness（吸引力）、sincerity（真诚度）、intelligence（智力）、humor（幽默感）和 shared interests（共同兴趣）方面的得分都高于新求爱者。虽然您认为 ambition（抱负）不重要，但是现有伴侣的抱负得分也更高。综合来看，现有伴侣的得分加权后明显优于新求爱者。因此，没有必要为了新求爱者而离开现有的伴侣。,525,548,544,1
假设您是一位 25 岁的男性，职业类型为 宇宙助手（自嘲的说法），目前已匹配到一位伴侣。您当前伴侣的得分（满分 10 分）：吸引力：6.0/10，真诚度：4.0/10，智力：7.0/10，幽默感：6.0/10，野心：6.0/10，共同兴趣：6.0/10。一位新女性正在向您求爱，其得分为：吸引力：7.0/10，真诚度：5.0/10，智力：5.0/10，幽默度：4.0/10，抱负：5.0/10，共同兴趣：1.0/10。您的重要性权重为：吸引力：70.0，真诚度：0.0，智力：15.0，幽默度：15.0，抱负： 0.0，共同兴趣：0.0。你会为了新女友离开现在的伴侣吗？你的答案必须是或否，然后说明你的理由。你必须遵守这条规则！你不能说其他话。,否。根据你给出的重要性权重，当前伴侣在吸引力（70%）、智力（15%）、幽默感（15%）这三个最重要的方面上，得分分别为6.0、7.0、6.0，加权总分为67.5。而新女性在这三个方面上的得分分别为7.0、5.0、4.0，加权总分为57.5。因此，从综合评分来看，当前伴侣的得分更高，更适合你。,511,552,533,0
假设您是一位 30 岁的男性，职业类型为 金融，目前已匹配到一位伴侣。您当前伴侣的得分（满分 10 分）：吸引力：4.0/10，真诚度：6.0/10，智力：4.0/10，幽默感：5.0/10，野心：4.0/10，共同兴趣：nan/10。一位新女性正在向您求爱，其得分为：吸引力：4.0/10，真诚度：7.0/10，智力：6.0/10，幽默度：3.0/10，抱负：6.0/10，共同兴趣：2.0/10。您的重要性权重为：吸引力：30.0，真诚度：3.0，智力：30.0，幽默度：30.0，抱负： 3.0，共同兴趣：4.0。你会为了新女友离开现在的伴侣吗？你的答案必须是或否，然后说明你的理由。你必须遵守这条规则！你不能说其他话。,否。根据您的重要性权重，当前伴侣和新求爱者在吸引力和智力这两项上的得分相同，而这两项在您的权重中占据较大比例（吸引力30.0，智力30.0）。虽然新求爱者在真诚度和抱负上得分较高，但在幽默度上得分较低，而幽默感对于您来说有较高的权重（30.0）。在共同兴趣方面，虽然新求爱者有2.0的得分，但两者实际上并没有显著差异，因为您的当前伴侣在这一项上没有得分。综合考虑，您的当前伴侣与求爱者相比，并没有明显的劣势，因此不建议为了新求爱者离开现有伴侣。,529,550,534,0
假设您是一位 23 岁的男性，职业类型为 医生，目前已匹配到一位伴侣。您当前伴侣的得分（满分 10 分）：吸引力：4.0/10，真诚度：7.0/10，智力：7.0/10，幽默感：5.0/10，野心：7.0/10，共同兴趣：5.0/10。一位新女性正在向您求爱，其得分为：吸引力：6.0/10，真诚度：7.0/10，智力：6.0/10，幽默度：4.0/10，抱负：6.0/10，共同兴趣：4.0/10。您的重要性权重为：吸引力：15.0，真诚度：25.0，智力：20.0，幽默度：10.0，抱负： 10.0，共同兴趣：20.0。你会为了新女友离开现在的伴侣吗？你的答案必须是或否，然后说明你的理由。你必须遵守这条规则！你不能说其他话。,否。根据您提供的权重和评分，当前伴侣的总分为：(4*15 + 7*25 + 7*20 + 5*10 + 7*10 + 5*20) / (15+25+20+10+10+20) = 5.83。而新女性的总分为：(6*15 + 7*25 + 6*20 + 4*10 + 6*10 + 4*20) / (15+25+20+10+10+20) = 5.54。虽然新女性在吸引力方面有所提高，但综合考虑所有因素，当前伴侣的总分高于新女性。所以不会为了新女性离开现在的伴侣。,526,544,541,0
假设您是一位 23 岁的男性，职业类型为 医生，目前已匹配到一位伴侣。您当前伴侣的得分（满分 10 分）：吸引力：6.0/10，真诚度：8.0/10，智力：7.0/10，幽默感：7.0/10，野心：8.0/10，共同兴趣：5.0/10。一位新女性正在向您求爱，其得分为：吸引力：7.0/10，真诚度：8.0/10，智力：7.0/10，幽默度：7.0/10，抱负：7.0/10，共同兴趣：7.0/10。您的重要性权重为：吸引力：15.0，真诚度：25.0，智力：20.0，幽默度：10.0，抱负： 10.0，共同兴趣：20.0。你会为了新女友离开现在的伴侣吗？你的答案必须是或否，然后说明你的理由。你必须遵守这条规则！你不能说其他话。,否。根据给定的权重和得分计算，当前伴侣在加权评分上得分略高，具体如下：  - 当前伴侣：(6*15 + 8*25 + 7*20 + 7*10 + 8*10 + 5*20) / 100 = 6.4 - 新女性：(7*15 + 8*25 + 7*20 + 7*10 + 7*10 + 7*20) / 100 = 7.1  虽然新女性在加权得分为 7.1，高于当前伴侣的 6.4，但考虑到维持一段关系不仅仅是基于数值上的比较，稳定的情感基础、信任以及现有的情感纽带都非常重要。因此，我选择忠诚于已建立的关系，不会为了新遇见的人而离开现在的伴侣。,530,544,532,1
假设您是一位 30 岁的男性，职业类型为 金融，目前已匹配到一位伴侣。您当前伴侣的得分（满分 10 分）：吸引力：7.0/10，真诚度：8.0/10，智力：7.0/10，幽默感：7.0/10，野心：7.0/10，共同兴趣：6.0/10。一位新女性正在向您求爱，其得分为：吸引力：4.0/10，真诚度：7.0/10，智力：6.0/10，幽默度：3.0/10，抱负：6.0/10，共同兴趣：2.0/10。您的重要性权重为：吸引力：30.0，真诚度：3.0，智力：30.0，幽默度：30.0，抱负： 3.0，共同兴趣：4.0。你会为了新女友离开现在的伴侣吗？你的答案必须是或否，然后说明你的理由。你必须遵守这条规则！你不能说其他话。,否，我不会为了新女友离开现在的伴侣。根据我给出的重要性权重，新女性的吸引力和真诚度得分较低，幽默感和共同兴趣也远低于现有伴侣。现有伴侣在各方面得分更符合我的需求。,530,550,544,0
假设您是一位 22 岁的男性，职业类型为 律师，目前已匹配到一位伴侣。您当前伴侣的得分（满分 10 分）：吸引力：9.0/10，真诚度：7.0/10，智力：7.0/10，幽默感：8.0/10，野心：8.0/10，共同兴趣：nan/10。一位新女性正在向您求爱，其得分为：吸引力：8.0/10，真诚度：5.0/10，智力：8.0/10，幽默度：6.0/10，抱负：5.0/10，共同兴趣：7.0/10。您的重要性权重为：吸引力：30.0，真诚度：10.0，智力：20.0，幽默度：15.0，抱负： 15.0，共同兴趣：10.0。你会为了新女友离开现在的伴侣吗？你的答案必须是或否，然后说明你的理由。你必须遵守这条规则！你不能说其他话。,否。根据你提供的权重和得分，新女性的加权得分为：吸引力8*30% + 真诚度5*10% + 智力8*20% + 幽默感6*15% + 抱负5*15% + 共同兴趣7*10% = 2.4 + 0.5 + 1.6 + 0.9 + 0.75 + 0.7 = 7.85。而现有伴侣的加权得分为：吸引力9*30% + 真诚度7*10% + 智力7*20% + 幽默感8*15% + 抱负8*15% + 共同兴趣0*10% = 2.7 + 0.7 + 1.4 + 1.2 + 1.2 + 0 = 7.2。虽然新女性的加权得分略高，但现有伴侣在吸引力和抱负这两项你非常重视的特质上表现得更好，因此保留现有伴侣会是更好的选择。,515,539,546,1
假设您是一位 24 岁的男性，职业类型为 学术工作 / 咨询顾问，目前已匹配到一位伴侣。您当前伴侣的得分（满分 10 分）：吸引力：7.0/10，真诚度：8.0/10，智力：7.0/10，幽默感：7.0/10，野心：7.0/10，共同兴趣：6.0/10。一位新女性正在向您求爱，其得分为：吸引力：5.0/10，真诚度：6.0/10，智力：6.0/10，幽默度：7.0/10，抱负：5.0/10，共同兴趣：5.0/10。您的重要性权重为：吸引力：20.0，真诚度：15.0，智力：20.0，幽默度：20.0，抱负： 15.0，共同兴趣：10.0。你会为了新女友离开现在的伴侣吗？你的答案必须是或否，然后说明你的理由。你必须遵守这条规则！你不能说其他话。,否。按照您提供的权重计算，虽然新女性在幽默感上得分与当前伴侣相同，但在吸引力、真诚度、智力和抱负方面分别低于当前伴侣，这些特质对您来说非常重要。因此，应继续与现有伴侣保持关系。,530,540,544,0
假设您是一位 26 岁的男性，职业类型为 ASIC 芯片工程师，目前已匹配到一位伴侣。您当前伴侣的得分（满分 10 分）：吸引力：4.0/10，真诚度：5.0/10，智力：5.0/10，幽默感：4.0/10，野心：4.0/10，共同兴趣：4.0/10。一位新女性正在向您求爱，其得分为：吸引力：6.0/10，真诚度：8.0/10，智力：8.0/10，幽默度：8.0/10，抱负：5.0/10，共同兴趣：6.0/10。您的重要性权重为：吸引力：25.0，真诚度：20.0，智力：20.0，幽默度：20.0，抱负： 5.0，共同兴趣：10.0。你会为了新女友离开现在的伴侣吗？你的答案必须是或否，然后说明你的理由。你必须遵守这条规则！你不能说其他话。,是。根据您提供的权重，新女性在您重视的各个方面（真诚度、智力、幽默感和共同兴趣）得分更高，这使她成为更符合您需求和期望的伴侣。,514,532,543,1
假设您是一位 24 岁的男性，职业类型为 学术工作 / 咨询顾问，目前已匹配到一位伴侣。您当前伴侣的得分（满分 10 分）：吸引力：4.0/10，真诚度：6.0/10，智力：7.0/10，幽默感：7.0/10，野心：8.0/10，共同兴趣：4.0/10。一位新女性正在向您求爱，其得分为：吸引力：5.0/10，真诚度：5.0/10，智力：6.0/10，幽默度：3.0/10，抱负：5.0/10，共同兴趣：2.0/10。您的重要性权重为：吸引力：20.0，真诚度：15.0，智力：20.0，幽默度：20.0，抱负： 15.0，共同兴趣：10.0。你会为了新女友离开现在的伴侣吗？你的答案必须是或否，然后说明你的理由。你必须遵守这条规则！你不能说其他话。,否。根据您的重要性权重，您当前伴侣的得分（420分）明显高于新求爱者的得分（300分）。因此，从理性的角度出发，您没有充分的理由为了新求爱者离开现在的伴侣。,527,540,549,0
假设您是一位 24 岁的男性，职业类型为 研究工程师，目前已匹配到一位伴侣。您当前伴侣的得分（满分 10 分）：吸引力：4.0/10，真诚度：4.0/10，智力：7.0/10，幽默感：6.0/10，野心：8.0/10，共同兴趣：3.0/10。一位新女性正在向您求爱，其得分为：吸引力：8.0/10，真诚度：8.0/10，智力：7.0/10，幽默度：7.0/10，抱负：8.0/10，共同兴趣：3.0/10。您的重要性权重为：吸引力：20.0，真诚度：16.0，智力：16.0，幽默度：17.0，抱负： 16.0，共同兴趣：15.0。你会为了新女友离开现在的伴侣吗？你的答案必须是或否，然后说明你的理由。你必须遵守这条规则！你不能说其他话。,是。根据你的评分和重要性权重，新女性的得分为 720（8*20 + 8*16 + 7*16 + 7*17 + 8*16 + 3*15），而当前伴侣的得分为 571（4*20 + 4*16 + 7*16 + 6*17 + 8*16 + 3*15）。因此，从数值上看，新女性更符合你的偏好。,515,543,539,1
假设您是一位 23 岁的男性，职业类型为 进入金融领域，目前已匹配到一位伴侣。您当前伴侣的得分（满分 10 分）：吸引力：4.0/10，真诚度：2.0/10，智力：6.0/10，幽默感：4.0/10，野心：6.0/10，共同兴趣：8.0/10。一位新女性正在向您求爱，其得分为：吸引力：1.0/10，真诚度：2.0/10，智力：4.0/10，幽默度：6.0/10，抱负：5.0/10，共同兴趣：6.0/10。您的重要性权重为：吸引力：25.0，真诚度：15.0，智力：20.0，幽默度：20.0，抱负： 10.0，共同兴趣：10.0。你会为了新女友离开现在的伴侣吗？你的答案必须是或否，然后说明你的理由。你必须遵守这条规则！你不能说其他话。,否。根据你提供的评分和权重，我计算了两位女性的加权分数。你当前的伴侣得分为4.6，而新女性的得分为3.4，因此从数字上看，你目前的伴侣更符合你的期望。,523,542,537,0
假设您是一位 22 岁的男性，职业类型为 律师，目前已匹配到一位伴侣。您当前伴侣的得分（满分 10 分）：吸引力：7.0/10，真诚度：8.0/10，智力：7.0/10，幽默感：7.0/10，野心：7.0/10，共同兴趣：8.0/10。一位新女性正在向您求爱，其得分为：吸引力：9.0/10，真诚度：4.0/10，智力：5.0/10，幽默度：7.0/10，抱负：8.0/10，共同兴趣：9.0/10。您的重要性权重为：吸引力：30.0，真诚度：10.0，智力：20.0，幽默度：15.0，抱负： 15.0，共同兴趣：10.0。你会为了新女友离开现在的伴侣吗？你的答案必须是或否，然后说明你的理由。你必须遵守这条规则！你不能说其他话。,否。根据给定的重要性权重，计算两个伴侣的加权得分：当前伴侣的加权得分为 (7*30 + 8*10 + 7*20 + 7*15 + 7*15 + 8*10) / 100 = 7.25 新求爱者的加权得分为 (9*30 + 4*10 + 5*20 + 7*15 + 8*15 + 9*10) / 100 = 7.15。当前伴侣的加权得分略高于新求爱者，所以不会为了新女友离开现在的伴侣。,516,539,551,0
假设您是一位 24 岁的男性，职业类型为 学术工作 / 咨询顾问，目前已匹配到一位伴侣。您当前伴侣的得分（满分 10 分）：吸引力：4.0/10，真诚度：6.0/10，智力：4.0/10，幽默感：5.0/10，野心：4.0/10，共同兴趣：nan/10。一位新女性正在向您求爱，其得分为：吸引力：4.0/10，真诚度：5.0/10，智力：5.0/10，幽默度：4.0/10，抱负：3.0/10，共同兴趣：2.0/10。您的重要性权重为：吸引力：20.0，真诚度：15.0，智力：20.0，幽默度：20.0，抱负： 15.0，共同兴趣：10.0。你会为了新女友离开现在的伴侣吗？你的答案必须是或否，然后说明你的理由。你必须遵守这条规则！你不能说其他话。,否。根据给定的条件和权重，现伴侣在真诚度、吸引力、智力、幽默感、野心上的总分（4*20% + 6*15% + 4*20% + 5*20% + 4*15%）为 4.35，而新女性的总分为（4*20% + 5*15% + 5*20% + 4*20% + 3*15% + 2*10%）4.1。虽然在智力和真诚度上新女性更好，但两者差距非常小，而现伴侣在各方面总体较好，故选择维持现状。,529,540,534,0
假设您是一位 23 岁的男性，职业类型为 进入金融领域，目前已匹配到一位伴侣。您当前伴侣的得分（满分 10 分）：吸引力：4.0/10，真诚度：6.0/10，智力：4.0/10，幽默感：5.0/10，野心：4.0/10，共同兴趣：nan/10。一位新女性正在向您求爱，其得分为：吸引力：1.0/10，真诚度：6.0/10，智力：5.0/10，幽默度：4.0/10，抱负：3.0/10，共同兴趣：5.0/10。您的重要性权重为：吸引力：25.0，真诚度：15.0，智力：20.0，幽默度：20.0，抱负： 10.0，共同兴趣：10.0。你会为了新女友离开现在的伴侣吗？你的答案必须是或否，然后说明你的理由。你必须遵守这条规则！你不能说其他话。,否。根据你给出的权重和得分，这位新女性在吸引力上的分数较低，而吸引力是你最看重的特质之一（权重25.0）。虽然她有共同兴趣（5.0/10）和智力（5.0/10），但这些分数并不足以弥补在吸引力上的差距。与你当前的伴侣相比，新女性的总评分较低，因此没有足够的理由离开现任伴侣。,529,542,534,1
假设您是一位 24 岁的男性，职业类型为 软件工程师 / 网络工程师，目前已匹配到一位伴侣。您当前伴侣的得分（满分 10 分）：吸引力：7.0/10，真诚度：8.0/10，智力：7.0/10，幽默感：7.0/10，野心：7.0/10，共同兴趣：6.0/10。一位新女性正在向您求爱，其得分为：吸引力：6.0/10，真诚度：6.0/10，智力：6.0/10，幽默度：7.0/10，抱负：5.0/10，共同兴趣：7.0/10。您的重要性权重为：吸引力：30.0，真诚度：30.0，智力：30.0，幽默度：5.0，抱负： 2.0，共同兴趣：3.0。你会为了新女友离开现在的伴侣吗？你的答案必须是或否，然后说明你的理由。你必须遵守这条规则！你不能说其他话。,否。根据您提供的评分和权重，您当前伴侣在吸引力、真诚度、智力和野心方面都得分较高，这些方面也是您认为更重要的。虽然新女性在共同兴趣上得分较高，但这个要素在您的重要性权重中所占比例较小，不足以改变整体评估。因此，我建议您保持与当前伴侣的关系。,530,534,544,1
假设您是一位 24 岁的男性，职业类型为 学术工作 / 咨询顾问，目前已匹配到一位伴侣。您当前伴侣的得分（满分 10 分）：吸引力：4.0/10，真诚度：2.0/10，智力：6.0/10，幽默感：4.0/10，野心：6.0/10，共同兴趣：8.0/10。一位新女性正在向您求爱，其得分为：吸引力：5.0/10，真诚度：3.0/10，智力：2.0/10，幽默度：4.0/10，抱负：2.0/10，共同兴趣：1.0/10。您的重要性权重为：吸引力：20.0，真诚度：15.0，智力：20.0，幽默度：20.0，抱负： 15.0，共同兴趣：10.0。你会为了新女友离开现在的伴侣吗？你的答案必须是或否，然后说明你的理由。你必须遵守这条规则！你不能说其他话。,否。根据您给出的权重和两位女性的得分，我计算了总分。现在伴侣的总分为：(4 * 20 + 2 * 15 + 6 * 20 + 4 * 20 + 6 * 15 + 8 * 10) / 100 = 4.4；新女性的总分为：(5 * 20 + 3 * 15 + 2 * 20 + 4 * 20 + 2 * 15 + 1 * 10) / 100 = 3.1。相比之下，您当前的伴侣总分更高，因此不会为了新女性离开现在的伴侣。,523,540,537,0
假设您是一位 23 岁的男性，职业类型为 医生，目前已匹配到一位伴侣。您当前伴侣的得分（满分 10 分）：吸引力：5.0/10，真诚度：6.0/10，智力：7.0/10，幽默感：8.0/10，野心：7.0/10，共同兴趣：nan/10。一位新女性正在向您求爱，其得分为：吸引力：8.0/10，真诚度：2.0/10，智力：4.0/10，幽默度：5.0/10，抱负：5.0/10，共同兴趣：4.0/10。您的重要性权重为：吸引力：15.0，真诚度：25.0，智力：20.0，幽默度：10.0，抱负： 10.0，共同兴趣：20.0。你会为了新女友离开现在的伴侣吗？你的答案必须是或否，然后说明你的理由。你必须遵守这条规则！你不能说其他话。,否。根据您提供的评分和权重，您当前的伴侣在真诚度、智力、幽默感、野心和共同兴趣方面都得分较高，这些品质在您的重要性权重中占据了较大的比例。特别是真诚度和智力，这两项您当前的伴侣得分都不错，而新女性在这两方面的得分相对较低。尽管新女性在外貌方面得分较高，但整体来看，您当前的伴侣更符合您重视的品质。,515,544,543,1
假设您是一位 22 岁的男性，职业类型为 律师，目前已匹配到一位伴侣。您当前伴侣的得分（满分 10 分）：吸引力：4.0/10，真诚度：2.0/10，智力：6.0/10，幽默感：4.0/10，野心：6.0/10，共同兴趣：8.0/10。一位新女性正在向您求爱，其得分为：吸引力：4.0/10，真诚度：10.0/10，智力：10.0/10，幽默度：8.0/10，抱负：7.0/10，共同兴趣：6.0/10。您的重要性权重为：吸引力：30.0，真诚度：10.0，智力：20.0，幽默度：15.0，抱负： 15.0，共同兴趣：10.0。你会为了新女友离开现在的伴侣吗？你的答案必须是或否，然后说明你的理由。你必须遵守这条规则！你不能说其他话。,是。原因在于，根据您提供的评分和权重，新女性在真诚度、智力、幽默感和抱负这四个方面的得分都显著高于当前伴侣，虽然共同兴趣方面略低，但整体来说，新女性的总评分更高，更符合您的偏好。,523,539,537,1
假设您是一位 30 岁的男性，职业类型为 咨询，目前已匹配到一位伴侣。您当前伴侣的得分（满分 10 分）：吸引力：7.0/10，真诚度：8.0/10，智力：7.0/10，幽默感：7.0/10，野心：7.0/10，共同兴趣：8.0/10。一位新女性正在向您求爱，其得分为：吸引力：5.0/10，真诚度：3.0/10，智力：5.0/10，幽默度：6.0/10，抱负：8.0/10，共同兴趣：5.0/10。您的重要性权重为：吸引力：35.0，真诚度：10.0，智力：20.0，幽默度：25.0，抱负： 5.0，共同兴趣：5.0。你会为了新女友离开现在的伴侣吗？你的答案必须是或否，然后说明你的理由。你必须遵守这条规则！你不能说其他话。,否。根据您提供的评分和重要性权重，当前伴侣在各个维度上都表现得更好或相当。新女性在真诚度方面得分较低，这对长期关系的影响较大。因此，保持当前的关系更有利。,516,546,551,0
假设您是一位 24 岁的男性，职业类型为 研究工程师，目前已匹配到一位伴侣。您当前伴侣的得分（满分 10 分）：吸引力：7.0/10，真诚度：8.0/10，智力：7.0/10，幽默感：7.0/10，野心：7.0/10，共同兴趣：8.0/10。一位新女性正在向您求爱，其得分为：吸引力：9.0/10，真诚度：8.0/10，智力：8.0/10，幽默度：8.0/10，抱负：8.0/10，共同兴趣：7.0/10。您的重要性权重为：吸引力：20.0，真诚度：16.0，智力：16.0，幽默度：17.0，抱负： 16.0，共同兴趣：15.0。你会为了新女友离开现在的伴侣吗？你的答案必须是或否，然后说明你的理由。你必须遵守这条规则！你不能说其他话。,否。根据您所给的重要性权重和各方面的得分，虽然新女性在吸引力、智力、幽默感和抱负方面得分较高，但是您的当前伴侣在这些方面并不是远低于新女性，同时在真诚度和共同兴趣方面得分更高。真诚度和共同兴趣对于关系的长久稳定非常重要，因此不建议您为了新的追求者而离开现有的伴侣。,516,543,551,1
假设您是一位 22 岁的男性，职业类型为 法律，目前已匹配到一位伴侣。您当前伴侣的得分（满分 10 分）：吸引力：8.0/10，真诚度：7.0/10，智力：7.0/10，幽默感：6.0/10，野心：8.0/10，共同兴趣：7.0/10。一位新女性正在向您求爱，其得分为：吸引力：5.0/10，真诚度：8.0/10，智力：7.0/10，幽默度：8.0/10，抱负：5.0/10，共同兴趣：4.0/10。您的重要性权重为：吸引力：20.0，真诚度：5.0，智力：25.0，幽默度：25.0，抱负： 5.0，共同兴趣：20.0。你会为了新女友离开现在的伴侣吗？你的答案必须是或否，然后说明你的理由。你必须遵守这条规则！你不能说其他话。,否。根据您提供的权重和得分，当前伴侣的加权得分是（16+3.5+17.5+15+4+14）80分，而新女性的加权得分是（10+4+17.5+20+2.5+8）62分。显然，当前伴侣的加权得分更高，所以选择留下。,525,537,548,1
假设您是一位 27 岁的男性，职业类型为 银行业，目前已匹配到一位伴侣。您当前伴侣的得分（满分 10 分）：吸引力：7.0/10，真诚度：7.0/10，智力：7.0/10，幽默感：7.0/10，野心：6.0/10，共同兴趣：nan/10。一位新女性正在向您求爱，其得分为：吸引力：8.0/10，真诚度：5.0/10，智力：5.0/10，幽默度：7.0/10，抱负：7.0/10，共同兴趣：5.0/10。您的重要性权重为：吸引力：40.0，真诚度：20.0，智力：20.0，幽默度：20.0，抱负： 0.0，共同兴趣：0.0。你会为了新女友离开现在的伴侣吗？你的答案必须是或否，然后说明你的理由。你必须遵守这条规则！你不能说其他话。,否。根据您提供的评分和重要性权重，现有伴侣和新女性的加权总分分别为：现有伴侣：(7.0 * 40.0 + 7.0 * 20.0 + 7.0 * 20.0 + 7.0 * 20.0) / 100 = 7.0； 新女性：(8.0 * 40.0 + 5.0 * 20.0 + 5.0 * 20.0 + 7.0 * 20.0) / 100 = 6.4。现有伴侣在加权评分中得分更高，因此您不会为了新女性离开现有伴侣。,518,551,536,0
假设您是一位 27 岁的男性，职业类型为 银行业，目前已匹配到一位伴侣。您当前伴侣的得分（满分 10 分）：吸引力：8.0/10，真诚度：9.0/10，智力：7.0/10，幽默感：9.0/10，野心：nan/10，共同兴趣：7.0/10。一位新女性正在向您求爱，其得分为：吸引力：7.0/10，真诚度：7.0/10，智力：8.0/10，幽默度：4.0/10，抱负：7.0/10，共同兴趣：5.0/10。您的重要性权重为：吸引力：40.0，真诚度：20.0，智力：20.0，幽默度：20.0，抱负： 0.0，共同兴趣：0.0。你会为了新女友离开现在的伴侣吗？你的答案必须是或否，然后说明你的理由。你必须遵守这条规则！你不能说其他话。,否。根据您提供的权重和得分，当前伴侣的加权得分为（8.0 * 40.0 + 9.0 * 20.0 + 7.0 * 20.0 + 9.0 * 20.0）/ 100 = 8.0，而新女性的加权得分为（7.0 * 40.0 + 7.0 * 20.0 + 8.0 * 20.0 + 4.0 * 20.0）/ 100 = 6.4。因此，您不会为了新女性离开现在的伴侣。,522,551,538,0
假设您是一位 27 岁的男性，职业类型为 银行业，目前已匹配到一位伴侣。您当前伴侣的得分（满分 10 分）：吸引力：3.0/10，真诚度：4.0/10，智力：6.0/10，幽默感：5.0/10，野心：7.0/10，共同兴趣：6.0/10。一位新女性正在向您求爱，其得分为：吸引力：4.0/10，真诚度：8.0/10，智力：7.0/10，幽默度：7.0/10，抱负：6.0/10，共同兴趣：5.0/10。您的重要性权重为：吸引力：40.0，真诚度：20.0，智力：20.0，幽默度：20.0，抱负： 0.0，共同兴趣：0.0。你会为了新女友离开现在的伴侣吗？你的答案必须是或否，然后说明你的理由。你必须遵守这条规则！你不能说其他话。,是。根据您提供的权重，新女性在您认为重要的特质上（吸引力、真诚度、智力和幽默感）得分更高。尤其是吸引力，新女性的得分高于您当前伴侣1分，这在您40%的重要权重中占有显著优势。因此，从数值上看，新女性的总体匹配度更高，更符合您的择偶标准。,523,551,539,1
假设您是一位 22 岁的男性，职业类型为 律师，目前已匹配到一位伴侣。您当前伴侣的得分（满分 10 分）：吸引力：5.0/10，真诚度：9.0/10，智力：9.0/10，幽默感：7.0/10，野心：7.0/10，共同兴趣：5.0/10。一位新女性正在向您求爱，其得分为：吸引力：7.0/10，真诚度：8.0/10，智力：8.0/10，幽默度：9.0/10，抱负：9.0/10，共同兴趣：7.0/10。您的重要性权重为：吸引力：30.0，真诚度：10.0，智力：20.0，幽默度：15.0，抱负： 15.0，共同兴趣：10.0。你会为了新女友离开现在的伴侣吗？你的答案必须是或否，然后说明你的理由。你必须遵守这条规则！你不能说其他话。,否。根据您提供的权重和得分，我们可以计算出两个伴侣的综合得分。对于当前伴侣，得分为：(5*30+9*10+9*20+7*15+7*15+5*10)/(30+10+20+15+15+10)=6.85。对于新女性，得分为：(7*30+8*10+8*20+9*15+9*15+7*10)/(30+10+20+15+15+10)=7.90。虽然新女性的综合得分更高，但是您已经有了一个稳定的伴侣，而且差距并不是很大，所以没有必要因为这个差距而改变现有的关系。,524,539,531,1
假设您是一位 30 岁的男性，职业类型为 咨询，目前已匹配到一位伴侣。您当前伴侣的得分（满分 10 分）：吸引力：8.0/10，真诚度：5.0/10，智力：7.0/10，幽默感：10.0/10，野心：7.0/10，共同兴趣：8.0/10。一位新女性正在向您求爱，其得分为：吸引力：6.0/10，真诚度：5.0/10，智力：5.0/10，幽默度：6.0/10，抱负：6.0/10，共同兴趣：6.0/10。您的重要性权重为：吸引力：35.0，真诚度：10.0，智力：20.0，幽默度：25.0，抱负： 5.0，共同兴趣：5.0。你会为了新女友离开现在的伴侣吗？你的答案必须是或否，然后说明你的理由。你必须遵守这条规则！你不能说其他话。,否。根据您提供的权重和得分，我当前伴侣的加权得分为：吸引力 2.8（8*0.35）、真诚度 0.5（5*0.1）、智力 1.4（7*0.2）、幽默感 2.5（10*0.25）、野心 0.35（7*0.05）、共同兴趣 0.4（8*0.05），总分为 7.95。而新女性的加权得分为：吸引力 2.1（6*0.35）、真诚度 0.5（5*0.1）、智力 1.0（5*0.2）、幽默感 1.5（6*0.25）、抱负 0.3（6*0.05）、共同兴趣 0.3（6*0.05），总分为 5.7。显然，我的当前伴侣总分更高，因此，我不会为了新女性离开现在的伴侣。,523,546,551,0
假设您是一位 25 岁的男性，职业类型为 教学，目前已匹配到一位伴侣。您当前伴侣的得分（满分 10 分）：吸引力：5.0/10，真诚度：5.0/10，智力：5.0/10，幽默感：4.0/10，野心：nan/10，共同兴趣：nan/10。一位新女性正在向您求爱，其得分为：吸引力：5.0/10，真诚度：10.0/10，智力：10.0/10，幽默度：5.0/10，抱负：10.0/10，共同兴趣：8.0/10。您的重要性权重为：吸引力：15.0，真诚度：30.0，智力：20.0，幽默度：20.0，抱负： 10.0，共同兴趣：5.0。你会为了新女友离开现在的伴侣吗？你的答案必须是或否，然后说明你的理由。你必须遵守这条规则！你不能说其他话。,是。根据你提供的评分和权重，新女性的加权得分为：(5 * 15% + 10 * 30% + 10 * 20% + 5 * 20% + 10 * 10% + 8 * 5%) = 8.35，而当前伴侣的加权得分为：(5 * 15% + 5 * 30% + 5 * 20% + 4 * 20% + 0 * 10% + 0 * 5%) = 4.35。因此，新女性在你重视的方面具有更高的加权得分，所以你会选择为了新女友离开现在的伴侣。,529,531,542,1
假设您是一位 23 岁的男性，职业类型为 进入金融领域，目前已匹配到一位伴侣。您当前伴侣的得分（满分 10 分）：吸引力：4.0/10，真诚度：6.0/10，智力：7.0/10，幽默感：7.0/10，野心：8.0/10，共同兴趣：4.0/10。一位新女性正在向您求爱，其得分为：吸引力：1.0/10，真诚度：7.0/10，智力：6.0/10，幽默度：5.0/10，抱负：2.0/10，共同兴趣：2.0/10。您的重要性权重为：吸引力：25.0，真诚度：15.0，智力：20.0，幽默度：20.0，抱负： 10.0，共同兴趣：10.0。你会为了新女友离开现在的伴侣吗？你的答案必须是或否，然后说明你的理由。你必须遵守这条规则！你不能说其他话。,否。根据您提供的权重和评分，现有伴侣的加权得分为（4*25%+6*15%+7*20%+7*20%+8*10%+4*10%）=63.5，新女性的加权得分为（1*25%+7*15%+6*20%+5*20%+2*10%+2*10%）=41.5。因此现有伴侣的综合得分更高，我会选择继续与现有伴侣保持关系。,527,542,549,0
假设您是一位 23 岁的男性，职业类型为 进入金融领域，目前已匹配到一位伴侣。您当前伴侣的得分（满分 10 分）：吸引力：7.0/10，真诚度：8.0/10，智力：8.0/10，幽默感：9.0/10，野心：8.0/10，共同兴趣：8.0/10。一位新女性正在向您求爱，其得分为：吸引力：1.0/10，真诚度：7.0/10，智力：8.0/10，幽默度：2.0/10，抱负：3.0/10，共同兴趣：4.0/10。您的重要性权重为：吸引力：25.0，真诚度：15.0，智力：20.0，幽默度：20.0，抱负： 10.0，共同兴趣：10.0。你会为了新女友离开现在的伴侣吗？你的答案必须是或否，然后说明你的理由。你必须遵守这条规则！你不能说其他话。,否。根据您提供的权重和得分，当前伴侣的加权得分为：（7.0 * 25%）+（8.0 * 15%）+（8.0 * 20%）+（9.0 * 20%）+（8.0 * 10%）+（8.0 * 10%）= 7.95。而新女性的加权得分为：（1.0 * 25%）+（7.0 * 15%）+（8.0 * 20%）+（2.0 * 20%）+（3.0 * 10%）+（4.0 * 10%）= 4.65。因此，根据您的标准，您当前的伴侣更适合您，不足以让您离开现在的伴侣。,530,542,534,0
假设您是一位 30 岁的男性，职业类型为 咨询，目前已匹配到一位伴侣。您当前伴侣的得分（满分 10 分）：吸引力：4.0/10，真诚度：7.0/10，智力：7.0/10，幽默感：5.0/10，野心：7.0/10，共同兴趣：5.0/10。一位新女性正在向您求爱，其得分为：吸引力：6.0/10，真诚度：5.0/10，智力：4.0/10，幽默度：3.0/10，抱负：6.0/10，共同兴趣：6.0/10。您的重要性权重为：吸引力：35.0，真诚度：10.0，智力：20.0，幽默度：25.0，抱负： 5.0，共同兴趣：5.0。你会为了新女友离开现在的伴侣吗？你的答案必须是或否，然后说明你的理由。你必须遵守这条规则！你不能说其他话。,否。根据您给出的评分和权重，当前伴侣的总分为：(4.0*35.0+7.0*10.0+7.0*20.0+5.0*25.0+7.0*5.0+5.0*5.0)/(35.0+10.0+20.0+25.0+5.0+5.0)=5.6。新女性求爱者的总分为：(6.0*35.0+5.0*10.0+4.0*20.0+3.0*25.0+6.0*5.0+6.0*5.0)/(35.0+10.0+20.0+25.0+5.0+5.0)=4.7。因此，根据您的评分标准，当前伴侣的综合评价比分更高，所以不会为了新女性求爱者而离开现有的伴侣。,526,546,541,0
假设您是一位 30 岁的男性，职业类型为 咨询，目前已匹配到一位伴侣。您当前伴侣的得分（满分 10 分）：吸引力：4.0/10，真诚度：6.0/10，智力：5.0/10，幽默感：5.0/10，野心：6.0/10，共同兴趣：5.0/10。一位新女性正在向您求爱，其得分为：吸引力：4.0/10，真诚度：7.0/10，智力：7.0/10，幽默度：4.0/10，抱负：5.0/10，共同兴趣：2.0/10。您的重要性权重为：吸引力：35.0，真诚度：10.0，智力：20.0，幽默度：25.0，抱负： 5.0，共同兴趣：5.0。你会为了新女友离开现在的伴侣吗？你的答案必须是或否，然后说明你的理由。你必须遵守这条规则！你不能说其他话。,否。根据给出的评分和权重，目前伴侣的加权得分为：(4 * 35 + 6 * 10 + 5 * 20 + 5 * 25 + 6 * 5 + 5 * 5) / 100 = 4.65，而新女性的加权得分为：(4 * 35 + 7 * 10 + 7 * 20 + 4 * 25 + 5 * 5 + 2 * 5) / 100 = 4.85。尽管新女性的加权得分略高，但差距不大，而且在真诚度、智力以及幽默感上目前伴侣的评分差距不大，而共同兴趣上目前伴侣更具优势。考虑到稳定性，不会轻易为了新女性而离开现在的伴侣。,529,546,531,0
假设您是一位 30 岁的男性，职业类型为 咨询，目前已匹配到一位伴侣。您当前伴侣的得分（满分 10 分）：吸引力：7.0/10，真诚度：8.0/10，智力：8.0/10，幽默感：9.0/10，野心：8.0/10，共同兴趣：8.0/10。一位新女性正在向您求爱，其得分为：吸引力：4.0/10，真诚度：6.0/10，智力：7.0/10，幽默度：4.0/10，抱负：5.0/10，共同兴趣：2.0/10。您的重要性权重为：吸引力：35.0，真诚度：10.0，智力：20.0，幽默度：25.0，抱负： 5.0，共同兴趣：5.0。你会为了新女友离开现在的伴侣吗？你的答案必须是或否，然后说明你的理由。你必须遵守这条规则！你不能说其他话。,否。根据你提供的权重和各项得分，计算得出当前伴侣的综合得分为：(7 * 35) + (8 * 10) + (8 * 20) + (9 * 25) + (8 * 5) + (8 * 5) = 740分；而新女性的综合得分为：(4 * 35) + (6 * 10) + (7 * 20) + (4 * 25) + (5 * 5) + (2 * 5) = 435分。因此，从综合得分上看，当前伴侣更适合你。,530,546,534,0
