假设您是一位 23 岁的单身男士，有一位 24 岁的女性正在追求您。您的职业类型是 Actress。您对她进行了六个维度的评估，满分为 10 分。这六个维度分别是：吸引力：3.0/10，真诚：10.0/10，智力：9.0/10，幽默感：7.0/10，抱负：nan/10，共同兴趣：5.0/10。您对这些属性的重要性权重为：吸引力：20.0，真诚： 25.0，智力：25.0，幽默感：30.0，野心：5.0，共同兴趣：5.0。你愿意和这位女士约会吗？请告诉我原因。你的答案必须是(是）或（否），然后说明你的理由。你必须遵守这条规则！你不能说其他话。,否。根据权重和评分，吸引力较低（3.0/10），尽管真诚性和智力得分高，但因为吸引力在这里有较高的权重（20.0），这可能会影响整体的关系满意度。,540,518,,0
假设您是一位 27 岁的单身男士，有一位 24 岁的女性正在追求您。您的职业类型是 ??。您对她进行了六个维度的评估，满分为 10 分。这六个维度分别是：吸引力：10.0/10，真诚：10.0/10，智力：10.0/10，幽默感：10.0/10，抱负：10.0/10，共同兴趣：10.0/10。您对这些属性的重要性权重为：吸引力：10.0，真诚： 25.0，智力：20.0，幽默感：20.0，野心：5.0，共同兴趣：20.0。你愿意和这位女士约会吗？请告诉我原因。你的答案必须是(是）或（否），然后说明你的理由。你必须遵守这条规则！你不能说其他话。,是，因为根据您提供的所有评估维度和权重，这位女士在各个方面都符合您的期望，得分非常高，因此她非常符合您的理想伴侣标准。,543,523,,1
假设你是一位 30 岁的单身男士，有一位 23 岁的女性正在追求你。你的职业类型是 Private Equity - Leveraged Buy-Outs。你从六个维度对她进行了评估，满分为 10 分。这六个维度分别是：吸引力：6.0/10，真诚：6.0/10，智力：7.0/10，幽默感：8.0/10，抱负：10.0/10，共同兴趣：1.0/10。这些属性的重要性权重如下：吸引力：25.0，真诚：20.0，智力：20.0，幽默感：20.0，抱负：0.0，共同兴趣：15.0。你愿意和这位女士约会吗？请告诉我原因。你的答案必须是（是）或（否），然后说明你的原因。你必须遵守这条规则！你不能说其他话。,否。考虑到共同兴趣的权重为15.0，但你们在这一维度的评分只有1.0/10，这表明你们在共享活动和兴趣方面可能存在较大差异，这对维持长期关系来说是不利的。,514,547,,1
假设你是一位 30 岁的单身男士，有一位 23 岁的女性正在追求你。你的职业类型是 Finance。你从六个维度对她进行了评估，满分为 10 分。这六个维度分别是：吸引力：6.0/10，真诚：6.0/10，智力：7.0/10，幽默感：6.0/10，抱负：4.0/10，共同兴趣：4.0/10。这些属性的重要性权重如下：吸引力：30.0，真诚：3.0，智力：30.0，幽默感：30.0，抱负：3.0，共同兴趣：4.0。你愿意和这位女士约会吗？请告诉我原因。你的答案必须是（是）或（否），然后说明你的原因。你必须遵守这条规则！你不能说其他话。,否。根据权重和评分，她在智力、幽默感和吸引力方面的评估虽中等偏上，但在您看重的共同兴趣和抱负方面评分较低，这可能导致长期关系中的兼容性问题。,515,550,,0
假设你是一位 30 岁的单身男士，有一位 27 岁的女性正在追求你。你的职业类型是 Finance。你从六个维度对她进行了评估，满分为 10 分。这六个维度分别是：吸引力：7.0/10，真诚：6.0/10，智力：6.0/10，幽默感：6.0/10，抱负：6.0/10，共同兴趣：4.0/10。这些属性的重要性权重如下：吸引力：30.0，真诚：3.0，智力：30.0，幽默感：30.0，抱负：3.0，共同兴趣：4.0。你愿意和这位女士约会吗？请告诉我原因。你的答案必须是（是）或（否），然后说明你的原因。你必须遵守这条规则！你不能说其他话。,是。考虑到这位女士在吸引力、智力和幽默感等高权重维度的评分都相对较高，她可能是一个很有吸引力且能够进行深入交流的伴侣。尽管共同兴趣的评分较低，但这可以通过共同活动和沟通逐渐改善。,516,550,,1
假设您是一位 23 岁的单身男士，有一位 25 岁的女性正在追求您。您的职业类型是 Business Management and Information Technology。您对她进行了六个维度的评估，满分为 10 分。这六个维度分别是：吸引力：6.0/10，真诚：5.0/10，智力：7.0/10，幽默感：7.0/10，抱负：5.0/10，共同兴趣：6.0/10。您对这些属性的重要性权重为：吸引力：20.0，真诚： 10.0，智力：10.0，幽默感：30.0，野心：15.0，共同兴趣：15.0。你愿意和这位女士约会吗？请告诉我原因。你的答案必须是(是）或（否），然后说明你的理由。你必须遵守这条规则！你不能说其他话。,否，基于您所给出的属性分数和权重，真诚和抱负这两个对您比较重要的维度得分较低，这可能表明你们在核心价值观和未来目标上可能存在不匹配，这可能会影响长期的关系满意度和稳定性。,531,511,,0
假设您是一位 23 岁的单身男士，有一位 26 岁的女性正在追求您。您的职业类型是 Business Management and Information Technology。您对她进行了六个维度的评估，满分为 10 分。这六个维度分别是：吸引力：6.0/10，真诚：4.0/10，智力：7.0/10，幽默感：6.0/10，抱负：6.0/10，共同兴趣：6.0/10。您对这些属性的重要性权重为：吸引力：20.0，真诚： 10.0，智力：10.0，幽默感：30.0，野心：15.0，共同兴趣：15.0。你愿意和这位女士约会吗？请告诉我原因。你的答案必须是(是）或（否），然后说明你的理由。你必须遵守这条规则！你不能说其他话。,否，原因是真诚得分较低，这在你对属性的重要性排位中虽然权重不是最高，但真诚度对建立一段关系的信任和稳定性非常关键，低分可能指示信任问题。,533,511,,1
假设您是一位 22 岁的单身男士，有一位 22 岁的女性正在追求您。您的职业类型是 Assistant District Attorney。您对她进行了六个维度的评估，满分为 10 分。这六个维度分别是：吸引力：6.0/10，真诚：8.0/10，智力：9.0/10，幽默感：9.0/10，抱负：7.0/10，共同兴趣：7.0/10。您对这些属性的重要性权重为：吸引力：10.0，真诚： 20.0，智力：15.0，幽默感：20.0，野心：15.0，共同兴趣：20.0。你愿意和这位女士约会吗？请告诉我原因。你的答案必须是(是）或（否），然后说明你的理由。你必须遵守这条规则！你不能说其他话。,是。因为她在智力、幽默感以及真诚这三个你非常看重的方面表现很好，总体来说符合你重视的属性标准。,537,522,,1
假设您是一位 23 岁的男性，职业类型为 To go into Finance，目前已匹配到一位伴侣。您当前伴侣的得分（满分 10 分）：吸引力：6.0/10，真诚度：4.0/10，智力：7.0/10，幽默感：6.0/10，野心：6.0/10，共同兴趣：6.0/10。一位新女性正在向您求爱，其得分为：吸引力：4.0/10，真诚度：5.0/10，智力：8.0/10，幽默度：6.0/10，抱负：7.0/10，共同兴趣：9.0/10。您的重要性权重为：吸引力：25.0，真诚度：15.0，智力：20.0，幽默度：20.0，抱负： 10.0，共同兴趣：10.0。你会为了新女友离开现在的伴侣吗？你的答案必须是或否，然后说明你的理由。你必须遵守这条规则！你不能说其他话。,否。  根据您提供的权重和评分，当前伴侣的加权得分总和（3.75 + 0.6 + 1.4 + 1.2 + 0.6 + 0.6 = 8.15）比新女性的加权得分总和（1 + 0.75 + 1.6 + 1.2 + 0.7 + 0.9 = 6.15）高。这意味着根据您目前的首要考量，留在当前伴侣身边更符合您的喜好和需求。,511,542,533,0
假设您是一位 25 岁的男性，职业类型为 assistant master of the universe (otherwise it's too much work)，目前已匹配到一位伴侣。您当前伴侣的得分（满分 10 分）：吸引力：7.0/10，真诚度：8.0/10，智力：9.0/10，幽默感：5.0/10，野心：7.0/10，共同兴趣：5.0/10。一位新女性正在向您求爱，其得分为：吸引力：4.0/10，真诚度：6.0/10，智力：8.0/10，幽默度：7.0/10，抱负：8.0/10，共同兴趣：8.0/10。您的重要性权重为：吸引力：70.0，真诚度：0.0，智力：15.0，幽默度：15.0，抱负： 0.0，共同兴趣：0.0。你会为了新女友离开现在的伴侣吗？你的答案必须是或否，然后说明你的理由。你必须遵守这条规则！你不能说其他话。,否，因为根据你给出的重要性权重，吸引力占了主要因素（70.0），而你当前伴侣在吸引力上得分（7.0/10）高于新女性（4.0/10）。其他因素虽有差异，但根据你的权重设置，这些因素的影响较小。所以基于你最看重的属性，当前伴侣是较好的选择。,514,552,547,1
假设您是一位 25 岁的单身男士，有一位 22 岁的女性正在追求您。您的职业类型是 physician/healthcare。您对她进行了六个维度的评估，满分为 10 分。这六个维度分别是：吸引力：6.0/10，真诚：8.0/10，智力：9.0/10，幽默感：9.0/10，抱负：9.0/10，共同兴趣：8.0/10。您对这些属性的重要性权重为：吸引力：15.0，真诚： 20.0，智力：25.0，幽默感：20.0，野心：10.0，共同兴趣：10.0。你愿意和这位女士约会吗？请告诉我原因。你的答案必须是(是）或（否），然后说明你的理由。你必须遵守这条规则！你不能说其他话。,是，因为根据评估和权重，她在智力、幽默感和抱负等你认为更重要的维度上得分较高，这表明你们在核心价值观和个性匹配上很合适。尽管在吸引力上得分相对较低，但其他高分的属性足以弥补这一点，并且有可能随着了解加深，你对她的吸引力评价会有所提高。,539,524,,1
假设您是一位 29 岁的男性，职业类型为 Finance，目前已匹配到一位伴侣。您当前伴侣的得分（满分 10 分）：吸引力：4.0/10，真诚度：7.0/10，智力：7.0/10，幽默感：7.0/10，野心：7.0/10，共同兴趣：6.0/10。一位新女性正在向您求爱，其得分为：吸引力：10.0/10，真诚度：8.0/10，智力：9.0/10，幽默度：9.0/10，抱负：9.0/10，共同兴趣：7.0/10。您的重要性权重为：吸引力：30.0，真诚度：20.0，智力：20.0，幽默度：20.0，抱负： 10.0，共同兴趣：0.0。你会为了新女友离开现在的伴侣吗？你的答案必须是或否，然后说明你的理由。你必须遵守这条规则！你不能说其他话。,否，因为真诚度对于持久关系至关重要，且你当前伴侣在真诚度上的得分可靠。此外，与现有伴侣的稳定关系及了解彼此的深度不应仅仅因为潜在伴侣在表面属性上的高得分就被摒弃。,516,536,550,0
假设你是一位 24 岁的单身男士，有一位 23 岁的女性正在追求你。你的职业类型是 software engr; network engr。你从六个维度对她进行了评估，满分为 10 分。这六个维度分别是：吸引力：8.0/10，真诚：9.0/10，智力：8.0/10，幽默感：9.0/10，抱负：9.0/10，共同兴趣：8.0/10。这些属性的重要性权重如下：吸引力：30.0，真诚：30.0，智力：30.0，幽默感：5.0，抱负：2.0，共同兴趣：3.0。你愿意和这位女士约会吗？请告诉我原因。你的答案必须是（是）或（否），然后说明你的原因。你必须遵守这条规则！你不能说其他话。,是，因为该女士在你评估最重要的三个维度——吸引力、真诚和智力上得分较高，并且在幽默感和抱负上也有良好的评价，这说明她能在多个方面与你相匹配。共同兴趣尽管权重较小，得分也是不错的，显示你们有相似的兴趣，可以进一步发展。,518,534,,1
假设您是一位 24 岁的女性，职业类型为 Sex Therapist，目前已匹配到一位伴侣。您当前伴侣的得分（满分 10 分）：吸引力：7.0/10，真诚度：9.0/10，智力：9.0/10，幽默度：8.0/10，野心：9.0/10，共同兴趣：8.0/10。一位新男士正在向您求爱，他的得分为：吸引力：8.0/10，真诚度： 8.0/10，智力：8.0/10，幽默感：8.0/10，抱负：9.0/10，共同兴趣：9.0/10。您的重要性权重为：吸引力：10.0，真诚：15.0，智力：30.0，幽默感：20.0，抱负： 15.0，共同兴趣：10.0。你会为了新男友离开现在的伴侣吗？你的答案必须是（是）或（否），然后说明你的理由。你必须遵守这条规则！你绝对不能说其他话。,否。根据您给予各项特质的重要性权重，您当前的伴侣在智力和真诚度这两项您认为最重要的特质上拥有更高的评分，这对长期关系稳定性和深入交流极为重要。,537,525,522,0
假设您是一位 29 岁的男性，职业类型为 Finance，目前已匹配到一位伴侣。您当前伴侣的得分（满分 10 分）：吸引力：6.0/10，真诚度：8.0/10，智力：9.0/10，幽默感：9.0/10，野心：9.0/10，共同兴趣：8.0/10。一位新女性正在向您求爱，其得分为：吸引力：8.0/10，真诚度：8.0/10，智力：9.0/10，幽默度：9.0/10，抱负：8.0/10，共同兴趣：7.0/10。您的重要性权重为：吸引力：30.0，真诚度：20.0，智力：20.0，幽默度：20.0，抱负： 10.0，共同兴趣：0.0。你会为了新女友离开现在的伴侣吗？你的答案必须是或否，然后说明你的理由。你必须遵守这条规则！你不能说其他话。,否。用分数和重要性权重计算后，您当前伴侣的总分高于新女性，因此根据您设定的重要性标准，留在现有关系中是更合适的选择。,524,536,539,1
假设您是一位 30 岁的男性，职业类型为 Consulting，目前已匹配到一位伴侣。您当前伴侣的得分（满分 10 分）：吸引力：6.0/10，真诚度：4.0/10，智力：7.0/10，幽默感：6.0/10，野心：6.0/10，共同兴趣：6.0/10。一位新女性正在向您求爱，其得分为：吸引力：6.0/10，真诚度：6.0/10，智力：7.0/10，幽默度：5.0/10，抱负：6.0/10，共同兴趣：6.0/10。您的重要性权重为：吸引力：35.0，真诚度：10.0，智力：20.0，幽默度：25.0，抱负： 5.0，共同兴趣：5.0。你会为了新女友离开现在的伴侣吗？你的答案必须是或否，然后说明你的理由。你必须遵守这条规则！你不能说其他话。,否，因为根据您的重要性权重，真诚度虽然新女性高于当前的伴侣，但幽默度对您来说更重要，而当前伴侣在这方面的得分更高。同时，吸引力、智力、抱负和共同兴趣的得分在两者之间没有太大差异。因此，更换伴侣似乎不会给您带来显著的整体提升。,511,546,533,0
假设您是一位 32 岁的男性，职业类型为 self-made millionare，目前已匹配到一位伴侣。您当前伴侣的得分（满分 10 分）：吸引力：5.0/10，真诚度：5.0/10，智力：6.0/10，幽默感：4.0/10，野心：6.0/10，共同兴趣：nan/10。一位新女性正在向您求爱，其得分为：吸引力：6.0/10，真诚度：6.0/10，智力：6.0/10，幽默度：6.0/10，抱负：6.0/10，共同兴趣：6.0/10。您的重要性权重为：吸引力：50.0，真诚度：0.0，智力：10.0，幽默度：30.0，抱负： 0.0，共同兴趣：10.0。你会为了新女友离开现在的伴侣吗？你的答案必须是或否，然后说明你的理由。你必须遵守这条规则！你不能说其他话。,否，因为尽管新女性在各个评分上都稍高于当前伴侣，但真诚度的权重为0，这意味着它对最终决策没有影响，而在您最重视的吸引力（权重50.0）上，仅有1.0分的提升，并不足以支持更换伴侣的决定。同时，在您第二重视的因素（幽默感，权重30.0）中，新女性也仅比当前伴侣提高了2.0分，整体来看，改变伴侣的收益并不显著。,518,538,534,0
假设您是一位 30 岁的男性，职业类型为 Private Equity - Leveraged Buy-Outs，目前已匹配到一位伴侣。您当前伴侣的得分（满分 10 分）：吸引力：5.0/10，真诚度：5.0/10，智力：6.0/10，幽默感：4.0/10，野心：6.0/10，共同兴趣：nan/10。一位新女性正在向您求爱，其得分为：吸引力：6.0/10，真诚度：7.0/10，智力：7.0/10，幽默度：10.0/10，抱负：6.0/10，共同兴趣：6.0/10。您的重要性权重为：吸引力：25.0，真诚度：20.0，智力：20.0，幽默度：20.0，抱负： 0.0，共同兴趣：15.0。你会为了新女友离开现在的伴侣吗？你的答案必须是或否，然后说明你的理由。你必须遵守这条规则！你不能说其他话。,是，因为根据您的安排重要性权重和新女性的评分，新女性在您最重视的吸引力、真诚度、智力和幽默度方面的得分均高于您当前伴侣，这表明她更符合您的偏好和期望。,518,547,534,1
假设您是一位 26 岁的单身男士，有一位 32 岁的女性正在追求您。您的职业类型是 Social Work。您对她进行了六个维度的评估，满分为 10 分。这六个维度分别是：吸引力：5.0/10，真诚：7.0/10，智力：9.0/10，幽默感：9.0/10，抱负：9.0/10，共同兴趣：4.0/10。您对这些属性的重要性权重为：吸引力：10.0，真诚： 10.0，智力：30.0，幽默感：20.0，野心：10.0，共同兴趣：15.0。你愿意和这位女士约会吗？请告诉我原因。你的答案必须是(是）或（否），然后说明你的理由。你必须遵守这条规则！你不能说其他话。,是。根据您的评分和重要性权重，智力、幽默感和抱负这三个您视为非常重要的维度得分都很高，共计占比60%，这表明您认为与她在这些关键领域的匹配程度高，可能带来更深层次的精神满足和相互理解。尽管在吸引力和共同兴趣方面得分较低，但这些方面的重要性权重相对较低，表示它们对您整体满足感影响较小。,538,526,,1
假设您是一位 24 岁的男性，职业类型为 software engr; network engr，目前已匹配到一位伴侣。您当前伴侣的得分（满分 10 分）：吸引力：7.0/10，真诚度：8.0/10，智力：7.0/10，幽默感：7.0/10，野心：7.0/10，共同兴趣：5.0/10。一位新女性正在向您求爱，其得分为：吸引力：9.0/10，真诚度：8.0/10，智力：9.0/10，幽默度：9.0/10，抱负：9.0/10，共同兴趣：8.0/10。您的重要性权重为：吸引力：30.0，真诚度：30.0，智力：30.0，幽默度：5.0，抱负： 2.0，共同兴趣：3.0。你会为了新女友离开现在的伴侣吗？你的答案必须是或否，然后说明你的理由。你必须遵守这条规则！你不能说其他话。,否，因为在你估值中真诚度权重较高（30.0），而你当前伴侣和新女性在这一点上得分相同（8.0/10），说明你当前伴侣在对你非常重要的方面表现良好。其他评分虽然低于新女性，但差距并不太大，特别是在你不太重视的幽默感、抱负和共同兴趣方面。,524,534,536,1
假设您是一位 26 岁的男性，职业类型为 ASIC Engineer，目前已匹配到一位伴侣。您当前伴侣的得分（满分 10 分）：吸引力：10.0/10，真诚度：10.0/10，智力：10.0/10，幽默感：10.0/10，野心：10.0/10，共同兴趣：10.0/10。一位新女性正在向您求爱，其得分为：吸引力：6.0/10，真诚度：8.0/10，智力：9.0/10，幽默度：7.0/10，抱负：8.0/10，共同兴趣：9.0/10。您的重要性权重为：吸引力：25.0，真诚度：20.0，智力：20.0，幽默度：20.0，抱负： 5.0，共同兴趣：10.0。你会为了新女友离开现在的伴侣吗？你的答案必须是或否，然后说明你的理由。你必须遵守这条规则！你不能说其他话。,否，因为根据您给现有伴侣的高评分和重要性权重，您目前的关系在所有重要方面都已满足并且非常理想。新的潜在伴侣在各方面的得分都低于您现有的伴侣，因此没有理由离开当前令人满意的关系。,523,532,543,0
假设你是一位 29 岁的单身男士，有一位 22 岁的女性正在追求你。你的职业类型是 Finance。你从六个维度对她进行了评估，满分为 10 分。这六个维度分别是：吸引力：6.0/10，真诚：9.0/10，智力：9.0/10，幽默感：6.0/10，抱负：8.0/10，共同兴趣：7.0/10。这些属性的重要性权重如下：吸引力：30.0，真诚：20.0，智力：20.0，幽默感：20.0，抱负：10.0，共同兴趣：0.0。你愿意和这位女士约会吗？请告诉我原因。你的答案必须是（是）或（否），然后说明你的原因。你必须遵守这条规则！你不能说其他话。,是。考虑到真诚和智力的高分及其较高的权重，这表明你们在价值和智慧上能有深入的交流。虽然吸引力和幽默感评分较低，但由于你对抱负的较低权重以及共同兴趣的零权重，这些问题不会太影响整体关系的可能性。因此，根据你的评估和权重分配，建议你应该考虑和她约会。,529,536,,1
假设您是一位 28 岁的男性，职业类型为 General management/consulting，目前已匹配到一位伴侣。您当前伴侣的得分（满分 10 分）：吸引力：5.0/10，真诚度：7.0/10，智力：8.0/10，幽默感：7.0/10，野心：8.0/10，共同兴趣：6.0/10。一位新女性正在向您求爱，其得分为：吸引力：6.0/10，真诚度：8.0/10，智力：10.0/10，幽默度：7.0/10，抱负：7.0/10，共同兴趣：6.0/10。您的重要性权重为：吸引力：20.0，真诚度：20.0，智力：20.0，幽默度：20.0，抱负： 0.0，共同兴趣：20.0。你会为了新女友离开现在的伴侣吗？你的答案必须是或否，然后说明你的理由。你必须遵守这条规则！你不能说其他话。,否，因为根据您的重要性权重，新女性的总评分（6.0x20 + 8.0x20 + 10.0x20 + 7.0x20 + 7.0x0 + 6.0x20 = 740）和您当前伴侣的总评分（5.0x20 + 7.0x20 + 8.0x20 + 7.0x20 + 8.0x0 + 6.0x20 = 660）相比，虽然新女性的得分稍高，但差距并不明显。此外，由于关系的连续性和现有伴侣间可能建立的情感联系，单从数据评分来看并不足以说明换伴侣的决定性理由。,524,549,534,0
假设您是一位 30 岁的男性，职业类型为 Consulting，目前已匹配到一位伴侣。您当前伴侣的得分（满分 10 分）：吸引力：7.0/10，真诚度：8.0/10，智力：9.0/10，幽默感：9.0/10，野心：7.0/10，共同兴趣：nan/10。一位新女性正在向您求爱，其得分为：吸引力：7.0/10，真诚度：7.0/10，智力：6.0/10，幽默度：8.0/10，抱负：6.0/10，共同兴趣：7.0/10。您的重要性权重为：吸引力：35.0，真诚度：10.0，智力：20.0，幽默度：25.0，抱负： 5.0，共同兴趣：5.0。你会为了新女友离开现在的伴侣吗？你的答案必须是或否，然后说明你的理由。你必须遵守这条规则！你不能说其他话。,否，因为根据您的重要性权重，您现在的伴侣在智力、真诚度和幽默感等您看重的方面得分较高。而新女性在这些重要属性上的得分较低。,518,546,547,0
假设您是一位 22 岁的男性，职业类型为 Lawyer，目前已匹配到一位伴侣。您当前伴侣的得分（满分 10 分）：吸引力：6.0/10，真诚度：8.0/10，智力：9.0/10，幽默感：9.0/10，野心：7.0/10，共同兴趣：7.0/10。一位新女性正在向您求爱，其得分为：吸引力：9.0/10，真诚度：6.0/10，智力：10.0/10，幽默度：9.0/10，抱负：8.0/10，共同兴趣：8.0/10。您的重要性权重为：吸引力：30.0，真诚度：10.0，智力：20.0，幽默度：15.0，抱负： 15.0，共同兴趣：10.0。你会为了新女友离开现在的伴侣吗？你的答案必须是或否，然后说明你的理由。你必须遵守这条规则！你不能说其他话。,否。根据您的重要性权重，真诚度比较低的分数可能会影响你们长期关系的稳定性和信任程度。虽然新伴侣在其他方面的得分较高，但真诚度是基础且重要的，应当予以较高的考虑。当前伴侣在真诚度方面的评分更高，这可能对维持健康和稳定的关系更为有利。,522,539,537,1
假设您是一位 27 岁的男性，职业类型为 Banking，目前已匹配到一位伴侣。您当前伴侣的得分（满分 10 分）：吸引力：6.0/10，真诚度：4.0/10，智力：7.0/10，幽默感：6.0/10，野心：6.0/10，共同兴趣：6.0/10。一位新女性正在向您求爱，其得分为：吸引力：5.0/10，真诚度：8.0/10，智力：9.0/10，幽默度：6.0/10，抱负：8.0/10，共同兴趣：7.0/10。您的重要性权重为：吸引力：40.0，真诚度：20.0，智力：20.0，幽默度：20.0，抱负： 0.0，共同兴趣：0.0。你会为了新女友离开现在的伴侣吗？你的答案必须是或否，然后说明你的理由。你必须遵守这条规则！你不能说其他话。,否。根据您的重要性权重，吸引力是最重要的因素，而您当前的伴侣在这一点上得分高于新女性。虽然新女性在真诚度和智力上得分较高，但根据您的权重，这些因素的影响较小。,511,551,533,1
假设您是一位 22 岁的男性，职业类型为 Law，目前已匹配到一位伴侣。您当前伴侣的得分（满分 10 分）：吸引力：5.0/10，真诚度：7.0/10，智力：8.0/10，幽默感：7.0/10，野心：8.0/10，共同兴趣：6.0/10。一位新女性正在向您求爱，其得分为：吸引力：7.0/10，真诚度：9.0/10，智力：9.0/10，幽默度：9.0/10，抱负：9.0/10，共同兴趣：5.0/10。您的重要性权重为：吸引力：20.0，真诚度：5.0，智力：25.0，幽默度：25.0，抱负： 5.0，共同兴趣：20.0。你会为了新女友离开现在的伴侣吗？你的答案必须是或否，然后说明你的理由。你必须遵守这条规则！你不能说其他话。,否。尽管新女性在许多方面的评分都较高，但根据您的重要性权重，当前伴侣在智力和幽默感（您最为重视的两个方面）的得分足以满足您的需求。此外，与当前伴侣相比，新女性在共同兴趣方面的评分较低，这对于长期关系的稳定性和满意度是重要的。因此，基于当前信息和您的评分偏好，建议不离开现有伴侣。,524,537,534,1
假设您是一位 23 岁的单身男士，有一位 25 岁的女性正在追求您。您的职业类型是 Writer/journalist。您对她进行了六个维度的评估，满分为 10 分。这六个维度分别是：吸引力：4.0/10，真诚：8.0/10，智力：10.0/10，幽默感：7.0/10，抱负：7.0/10，共同兴趣：10.0/10。您对这些属性的重要性权重为：吸引力：20.0，真诚： 20.0，智力：20.0，幽默感：15.0，野心：10.0，共同兴趣：15.0。你愿意和这位女士约会吗？请告诉我原因。你的答案必须是(是）或（否），然后说明你的理由。你必须遵守这条规则！你不能说其他话。,是。根据您的评分和权重，智力和共同兴趣的高分值以及高权重，以及真诚度也得到了较高的评分，这些都是强有力的正面因素。尽管吸引力得分较低，但其它高分的属性可能会补偿这一点。这表明，在重要的智力和兴趣层面与她有很好的契合。,531,515,,1
假设您是一位 30 岁的男性，职业类型为 Management，目前已匹配到一位伴侣。您当前伴侣的得分（满分 10 分）：吸引力：6.0/10，真诚度：5.0/10，智力：7.0/10，幽默感：8.0/10，野心：6.0/10，共同兴趣：6.0/10。一位新女性正在向您求爱，其得分为：吸引力：9.0/10，真诚度：9.0/10，智力：9.0/10，幽默度：5.0/10，抱负：8.0/10，共同兴趣：5.0/10。您的重要性权重为：吸引力：40.0，真诚度：10.0，智力：20.0，幽默度：10.0，抱负： 0.0，共同兴趣：20.0。你会为了新女友离开现在的伴侣吗？你的答案必须是或否，然后说明你的理由。你必须遵守这条规则！你不能说其他话。,否，因为虽然新女性在吸引力、真诚度、智力和抱负上得分较高，但你对幽默感和共同兴趣的重要性评分较高，而这是目前伴侣表现较好的领域。此外，真诚度对你重要，而现有伴侣虽然真诚度评分不高，但仍有基本的信任基础。因此，在考虑到长期关系的稳定性和充实感后，选择留在当前关系会是一个更稳妥的选择。,511,548,551,1
假设您是一位 24 岁的女性，职业类型为 Social Worker，目前已匹配到一位伴侣。您当前伴侣的得分（满分 10 分）：吸引力：3.0/10，真诚度：6.0/10，智力：5.0/10，幽默度：6.0/10，野心：5.0/10，共同兴趣：4.0/10。一位新男士正在向您求爱，他的得分为：吸引力：6.0/10，真诚度： 6.0/10，智力：8.0/10，幽默感：9.0/10，抱负：8.0/10，共同兴趣：5.0/10。您的重要性权重为：吸引力：50.0，真诚：20.0，智力：10.0，幽默感：5.0，抱负： 10.0，共同兴趣：5.0。你会为了新男友离开现在的伴侣吗？你的答案必须是（是）或（否），然后说明你的理由。你必须遵守这条规则！你绝对不能说其他话。,否。根据您的重要性权重和每位男士的得分，现任伴侣在您最重视的属性（吸引力和真诚度）中的表现虽不出众，但在整体情感和稳定性方面可能更适合您。更换伴侣应基于更全面的关系评估，而不仅仅是分数比较。,538,527,526,1
假设您是一位 26 岁的男性，职业类型为 ASIC Engineer，目前已匹配到一位伴侣。您当前伴侣的得分（满分 10 分）：吸引力：5.0/10，真诚度：3.0/10，智力：5.0/10，幽默感：5.0/10，野心：2.0/10，共同兴趣：2.0/10。一位新女性正在向您求爱，其得分为：吸引力：7.0/10，真诚度：6.0/10，智力：7.0/10，幽默度：6.0/10，抱负：5.0/10，共同兴趣：8.0/10。您的重要性权重为：吸引力：25.0，真诚度：20.0，智力：20.0，幽默度：20.0，抱负： 5.0，共同兴趣：10.0。你会为了新女友离开现在的伴侣吗？你的答案必须是或否，然后说明你的理由。你必须遵守这条规则！你不能说其他话。,否。原因是作为一名约会顾问，我们的职责是促进正直和诚实的关系，而不是仅基于评分和得分而出轨或更换伴侣。建议通过沟通和理解来改善现有的关系，而不是通过对比得分选择伴侣。,511,532,548,1
假设您是一位 30 岁的男性，职业类型为 Management，目前已匹配到一位伴侣。您当前伴侣的得分（满分 10 分）：吸引力：7.0/10，真诚度：8.0/10，智力：9.0/10，幽默感：9.0/10，野心：7.0/10，共同兴趣：nan/10。一位新女性正在向您求爱，其得分为：吸引力：8.0/10，真诚度：7.0/10，智力：7.0/10，幽默度：8.0/10，抱负：2.0/10，共同兴趣：5.0/10。您的重要性权重为：吸引力：40.0，真诚度：10.0，智力：20.0，幽默度：10.0，抱负： 0.0，共同兴趣：20.0。你会为了新女友离开现在的伴侣吗？你的答案必须是或否，然后说明你的理由。你必须遵守这条规则！你不能说其他话。,否，因为根据您的重要性权重，当前伴侣在智力、真诚度和幽默感等高权重属性上的得分优于新女性，且当前伴侣的野心评分远高于新女性的抱负评分，尽管抱负的权重为0。此外，共同兴趣的权重相对较高（20.0），但新女性在此属性上得分较低，这可能会影响你们的长期兼容性。,518,548,547,0
假设您是一位 22 岁的女性，职业类型为 dont know yet，目前已匹配到一位伴侣。您当前伴侣的得分（满分 10 分）：吸引力：4.0/10，真诚度：4.0/10，智力：5.0/10，幽默度：3.0/10，野心：4.0/10，共同兴趣：3.0/10。一位新男士正在向您求爱，他的得分为：吸引力：9.0/10，真诚度： 9.0/10，智力：8.0/10，幽默感：10.0/10，抱负：8.0/10，共同兴趣：7.0/10。您的重要性权重为：吸引力：20.0，真诚：20.0，智力：10.0，幽默感：15.0，抱负： 5.0，共同兴趣：30.0。你会为了新男友离开现在的伴侣吗？你的答案必须是（是）或（否），然后说明你的理由。你必须遵守这条规则！你绝对不能说其他话。,是，因为根据您的重要性权重，新男士在所有关键方面（特别是吸引力、真诚度和共同兴趣）的得分都明显高于您当前的伴侣，这表明他更能满足您在伴侣关系中的主要需求和偏好。,538,530,527,1
假设您是一位 24 岁的男性，职业类型为 software engr; network engr，目前已匹配到一位伴侣。您当前伴侣的得分（满分 10 分）：吸引力：5.0/10，真诚度：3.0/10，智力：6.0/10，幽默感：5.0/10，野心：2.0/10，共同兴趣：2.0/10。一位新女性正在向您求爱，其得分为：吸引力：8.0/10，真诚度：9.0/10，智力：8.0/10，幽默度：8.0/10，抱负：9.0/10，共同兴趣：7.0/10。您的重要性权重为：吸引力：30.0，真诚度：30.0，智力：30.0，幽默度：5.0，抱负： 2.0，共同兴趣：3.0。你会为了新女友离开现在的伴侣吗？你的答案必须是或否，然后说明你的理由。你必须遵守这条规则！你不能说其他话。,是，因为根据您的重要性权重，新女性在您认为最重要的吸引力、真诚度和智力方面得分都高于当前伴侣，符合您的优先需求。,511,534,532,1
假设您是一位 23 岁的男性，职业类型为 To go into Finance，目前已匹配到一位伴侣。您当前伴侣的得分（满分 10 分）：吸引力：6.0/10，真诚度：6.0/10，智力：7.0/10，幽默感：7.0/10，野心：7.0/10，共同兴趣：5.0/10。一位新女性正在向您求爱，其得分为：吸引力：6.0/10，真诚度：7.0/10，智力：7.0/10，幽默度：6.0/10，抱负：7.0/10，共同兴趣：7.0/10。您的重要性权重为：吸引力：25.0，真诚度：15.0，智力：20.0，幽默度：20.0，抱负： 10.0，共同兴趣：10.0。你会为了新女友离开现在的伴侣吗？你的答案必须是或否，然后说明你的理由。你必须遵守这条规则！你不能说其他话。,否，因为综合考量权重因素后，当前伴侣与新女性的总评分差异不大，换伴侣带来的变动可能影响现有情感关系的稳定性。,524,542,537,0
假设您是一位 24 岁的男性，职业类型为 Academic Work; Consultant，目前已匹配到一位伴侣。您当前伴侣的得分（满分 10 分）：吸引力：5.0/10，真诚度：5.0/10，智力：8.0/10，幽默感：7.0/10，野心：6.0/10，共同兴趣：6.0/10。一位新女性正在向您求爱，其得分为：吸引力：7.0/10，真诚度：8.0/10，智力：7.0/10，幽默度：7.0/10，抱负：5.0/10，共同兴趣：3.0/10。您的重要性权重为：吸引力：20.0，真诚度：15.0，智力：20.0，幽默度：20.0，抱负： 15.0，共同兴趣：10.0。你会为了新女友离开现在的伴侣吗？你的答案必须是或否，然后说明你的理由。你必须遵守这条规则！你不能说其他话。,否。因为根据您给出的重要性权重计算，当前伴侣的总体评分（吸引力5.0 x 20 + 真诚度5.0 x 15 + 智力8.0 x 20 + 幽默感7.0 x 20 + 野心6.0 x 15 + 共同兴趣6.0 x 10 = 100 + 75 + 160 + 140 + 90 + 60 = 625）高于新女性的总体评分（吸引力7.0 x 20 + 真诚度8.0 x 15 + 智力7.0 x 20 + 幽默度7.0 x 20 + 抱负5.0 x 15 + 共同兴趣3.0 x 10 = 140 + 120 + 140 + 140 + 75 + 30 = 645）。虽然新女性在某些方面得分较高，但您与现任伴侣在智力和幽默感方面的匹配更好，这两者是您比重较高的方面。因此，建议您不要仅因为部分得分较高就改变伴侣。,511,540,534,1
假设您是一位 24 岁的男性，职业类型为 software engr; network engr，目前已匹配到一位伴侣。您当前伴侣的得分（满分 10 分）：吸引力：4.0/10，真诚度：7.0/10，智力：7.0/10，幽默感：7.0/10，野心：7.0/10，共同兴趣：6.0/10。一位新女性正在向您求爱，其得分为：吸引力：7.0/10，真诚度：8.0/10，智力：8.0/10，幽默度：8.0/10，抱负：7.0/10，共同兴趣：8.0/10。您的重要性权重为：吸引力：30.0，真诚度：30.0，智力：30.0，幽默度：5.0，抱负： 2.0，共同兴趣：3.0。你会为了新女友离开现在的伴侣吗？你的答案必须是或否，然后说明你的理由。你必须遵守这条规则！你不能说其他话。,否。  理由：尽管新女性在各方面得分较高，但考虑到您对真诚度、智力和吸引力的高权重，在现有的伴侣身上已经有相对满意的真诚度和智力分数，并且考虑到情感关系的连续性和深度，不建议仅基于分数高低做出改变。,516,534,550,0
假设您是一位 27 岁的男性，职业类型为 Banking，目前已匹配到一位伴侣。您当前伴侣的得分（满分 10 分）：吸引力：10.0/10，真诚度：7.0/10，智力：5.0/10，幽默感：5.0/10，野心：5.0/10，共同兴趣：9.0/10。一位新女性正在向您求爱，其得分为：吸引力：6.0/10，真诚度：6.0/10，智力：6.0/10，幽默度：8.0/10，抱负：5.0/10，共同兴趣：5.0/10。您的重要性权重为：吸引力：40.0，真诚度：20.0，智力：20.0，幽默度：20.0，抱负： 0.0，共同兴趣：0.0。你会为了新女友离开现在的伴侣吗？你的答案必须是或否，然后说明你的理由。你必须遵守这条规则！你不能说其他话。,否。因为根据您提供的重要性权重，您最看重的是吸引力（40.0），而现任伴侣在这一点上得分满分（10.0/10），新女性的吸引力得分只有6.0/10。尽管新女性在幽默度得分较高，但依据您的权重分布，吸引力的影响最大，因此从得分总体来看，现任伴侣更符合您的首要需求。,514,551,552,1
假设您是一位 23 岁的男性，职业类型为 Physician，目前已匹配到一位伴侣。您当前伴侣的得分（满分 10 分）：吸引力：8.0/10，真诚度：9.0/10，智力：8.0/10，幽默感：7.0/10，野心：6.0/10，共同兴趣：5.0/10。一位新女性正在向您求爱，其得分为：吸引力：6.0/10，真诚度：7.0/10，智力：7.0/10，幽默度：9.0/10，抱负：7.0/10，共同兴趣：8.0/10。您的重要性权重为：吸引力：15.0，真诚度：25.0，智力：20.0，幽默度：10.0，抱负： 10.0，共同兴趣：20.0。你会为了新女友离开现在的伴侣吗？你的答案必须是或否，然后说明你的理由。你必须遵守这条规则！你不能说其他话。,否。  根据您提供的重要性权重和分数，最初的伴侣在重要维度（吸引力、真诚度和智力）上的得分均高于新女性。尽管新女性在幽默度和共同兴趣上得分较高，但这些维度的权重相对较低，因此不足以弥补其他更关键维度上的差距。而且，在野心这一维度上，两者的得分并没有显著差异。最终，原伴侣在按照您的权重计算的总分中更胜一筹。,514,544,551,0
假设您是一位 25 岁的男性，职业类型为 assistant master of the universe (otherwise it's too much work)，目前已匹配到一位伴侣。您当前伴侣的得分（满分 10 分）：吸引力：4.0/10，真诚度：7.0/10，智力：7.0/10，幽默感：7.0/10，野心：7.0/10，共同兴趣：6.0/10。一位新女性正在向您求爱，其得分为：吸引力：8.0/10，真诚度：7.0/10，智力：8.0/10，幽默度：9.0/10，抱负：8.0/10，共同兴趣：8.0/10。您的重要性权重为：吸引力：70.0，真诚度：0.0，智力：15.0，幽默度：15.0，抱负： 0.0，共同兴趣：0.0。你会为了新女友离开现在的伴侣吗？你的答案必须是或否，然后说明你的理由。你必须遵守这条规则！你不能说其他话。,是，因为基于重要性权重，新女性在你最看重的属性（吸引力、智力、幽默感）中得分明显更高。,516,552,550,1
假设您是一位 23 岁的男性，职业类型为 To go into Finance，目前已匹配到一位伴侣。您当前伴侣的得分（满分 10 分）：吸引力：8.0/10，真诚度：9.0/10，智力：8.0/10，幽默感：7.0/10，野心：6.0/10，共同兴趣：5.0/10。一位新女性正在向您求爱，其得分为：吸引力：4.0/10，真诚度：7.0/10，智力：6.0/10，幽默度：4.0/10，抱负：6.0/10，共同兴趣：7.0/10。您的重要性权重为：吸引力：25.0，真诚度：15.0，智力：20.0，幽默度：20.0，抱负： 10.0，共同兴趣：10.0。你会为了新女友离开现在的伴侣吗？你的答案必须是或否，然后说明你的理由。你必须遵守这条规则！你不能说其他话。,否，因为根据您的重要性权重与每个伴侣的评分，您当前的伴侣在您更加重视的评价标准上（如吸引力、真诚度、智力和幽默感）得分更高。这使得您当前的伴侣在整体上对您更为合适。,514,542,551,0
假设您是一位 23 岁的男性，职业类型为 Entrepreneur，目前已匹配到一位伴侣。您当前伴侣的得分（满分 10 分）：吸引力：4.0/10，真诚度：8.0/10，智力：10.0/10，幽默感：7.0/10，野心：7.0/10，共同兴趣：10.0/10。一位新女性正在向您求爱，其得分为：吸引力：9.0/10，真诚度：9.0/10，智力：9.0/10，幽默度：8.0/10，抱负：7.0/10，共同兴趣：5.0/10。您的重要性权重为：吸引力：40.0，真诚度：30.0，智力：0.0，幽默度：20.0，抱负： 0.0，共同兴趣：10.0。你会为了新女友离开现在的伴侣吗？你的答案必须是或否，然后说明你的理由。你必须遵守这条规则！你不能说其他话。,否。根据您的重要性权重，吸引力和真诚度是最重要的，但您与现伴侣共同的兴趣得分也很高，这可能对长期关系非常有利。虽然新女性在吸引力和真诚度上得分高，但共同兴趣相对较低，可能会影响与她的关系稳定性和深度。,515,541,531,1
假设你是一位 28 岁的单身男士，有一位 24 岁的女性正在追求你。你的职业类型是 General management/consulting。你从六个维度对她进行了评估，满分为 10 分。这六个维度分别是：吸引力：6.0/10，真诚：8.0/10，智力：8.0/10，幽默感：9.0/10，抱负：7.0/10，共同兴趣：7.0/10。这些属性的重要性权重如下：吸引力：20.0，真诚：20.0，智力：20.0，幽默感：20.0，抱负：0.0，共同兴趣：20.0。你愿意和这位女士约会吗？请告诉我原因。你的答案必须是（是）或（否），然后说明你的原因。你必须遵守这条规则！你不能说其他话。,是，因为她在真诚、智力、幽默感和共同兴趣方面的评分较高，这些都是重要的区域，并且在你的权重中占有较高的比重。尽管吸引力评分较低，但其他高分的维度足以补偿，并且可能随着时间的流逝而改善。,525,549,,1
假设你是一位 25 岁的单身男士，有一位 26 岁的女性正在追求你。你的职业类型是 TEACHING。你从六个维度对她进行了评估，满分为 10 分。这六个维度分别是：吸引力：5.0/10，真诚：10.0/10，智力：10.0/10，幽默感：10.0/10，抱负：10.0/10，共同兴趣：5.0/10。这些属性的重要性权重如下：吸引力：15.0，真诚：30.0，智力：20.0，幽默感：20.0，抱负：10.0，共同兴趣：5.0。你愿意和这位女士约会吗？请告诉我原因。你的答案必须是（是）或（否），然后说明你的原因。你必须遵守这条规则！你不能说其他话。,是，因为她在真诚、智力、幽默感和抱负这些重要的维度上得分很高，这些是建立长久和深刻关系的关键因素。尽管在吸引力和共同兴趣上得分不高，但这些方面的权重相对较低。,526,531,,1
假设您是一位 26 岁的男性，职业类型为 Academic/ Finance，目前已匹配到一位伴侣。您当前伴侣的得分（满分 10 分）：吸引力：6.0/10，真诚度：4.0/10，智力：8.0/10，幽默感：10.0/10，野心：7.0/10，共同兴趣：8.0/10。一位新女性正在向您求爱，其得分为：吸引力：6.0/10，真诚度：9.0/10，智力：9.0/10，幽默度：8.0/10，抱负：10.0/10，共同兴趣：4.0/10。您的重要性权重为：吸引力：25.0，真诚度：25.0，智力：25.0，幽默度：13.0，抱负： 12.0，共同兴趣：0.0。你会为了新女友离开现在的伴侣吗？你的答案必须是或否，然后说明你的理由。你必须遵守这条规则！你不能说其他话。,是。根据您对重要性的权重分配，真诚度、智力和抱负的得分对您来说最重要，新女性在这些方面的得分都优于您当前的伴侣。这表明与新女性的关系可能更满足您的期望和需求。,522,533,539,1
假设您是一位 30 岁的男性，职业类型为 Consulting，目前已匹配到一位伴侣。您当前伴侣的得分（满分 10 分）：吸引力：5.0/10，真诚度：8.0/10，智力：9.0/10，幽默感：7.0/10，野心：8.0/10，共同兴趣：7.0/10。一位新女性正在向您求爱，其得分为：吸引力：7.0/10，真诚度：8.0/10，智力：8.0/10，幽默度：8.0/10，抱负：6.0/10，共同兴趣：9.0/10。您的重要性权重为：吸引力：35.0，真诚度：10.0，智力：20.0，幽默度：25.0，抱负： 5.0，共同兴趣：5.0。你会为了新女友离开现在的伴侣吗？你的答案必须是或否，然后说明你的理由。你必须遵守这条规则！你不能说其他话。,否。根据您的重要性权重，您最看重吸引力、幽默感和智力。虽然新女性在吸引力和幽默感方面评分较高，但您当前的伴侣在智力方面得分更高，且整体满足您的重要需求。在关系稳定和对方性格方面，也要考虑真诚度和共同的兴趣，当前伴侣在这些方面的得分也较为均衡。因此，基于这些权重和得分，更换伴侣可能不会带来太大的总体满足度提升。,522,546,533,0
假设您是一位 24 岁的男性，职业类型为 software engr; network engr，目前已匹配到一位伴侣。您当前伴侣的得分（满分 10 分）：吸引力：5.0/10，真诚度：8.0/10，智力：9.0/10，幽默感：7.0/10，野心：8.0/10，共同兴趣：7.0/10。一位新女性正在向您求爱，其得分为：吸引力：7.0/10，真诚度：8.0/10，智力：8.0/10，幽默度：8.0/10，抱负：7.0/10，共同兴趣：8.0/10。您的重要性权重为：吸引力：30.0，真诚度：30.0，智力：30.0，幽默度：5.0，抱负： 2.0，共同兴趣：3.0。你会为了新女友离开现在的伴侣吗？你的答案必须是或否，然后说明你的理由。你必须遵守这条规则！你不能说其他话。,否，根据您的重要性权重，您更加重视真诚度、智力和吸引力，而您当前的伴侣在真诚度和智力上的评分高于新女性，并且虽然吸引力评分较低，但差距并不大。因此，从整体上看，当前的伴侣更符合您的核心需求。,522,534,533,0
假设您是一位 30 岁的男性，职业类型为 Management，目前已匹配到一位伴侣。您当前伴侣的得分（满分 10 分）：吸引力：6.0/10，真诚度：6.0/10，智力：7.0/10，幽默感：7.0/10，野心：7.0/10，共同兴趣：5.0/10。一位新女性正在向您求爱，其得分为：吸引力：9.0/10，真诚度：7.0/10，智力：7.0/10，幽默度：8.0/10，抱负：4.0/10，共同兴趣：6.0/10。您的重要性权重为：吸引力：40.0，真诚度：10.0，智力：20.0，幽默度：10.0，抱负： 0.0，共同兴趣：20.0。你会为了新女友离开现在的伴侣吗？你的答案必须是或否，然后说明你的理由。你必须遵守这条规则！你不能说其他话。,否。尽管新女性在吸引力和幽默感方面的得分较高，但你目前的伴侣在共同兴趣和整体关系的稳固性方面表现更好。这些因素对长期关系的满意度和可持续性至关重要。,524,548,537,0
假设您是一位 24 岁的女性，职业类型为 Social Worker，目前已匹配到一位伴侣。您当前伴侣的得分（满分 10 分）：吸引力：5.0/10，真诚度：10.0/10，智力：10.0/10，幽默度：10.0/10，野心：10.0/10，共同兴趣：5.0/10。一位新男士正在向您求爱，他的得分为：吸引力：4.0/10，真诚度： 8.0/10，智力：9.0/10，幽默感：3.0/10，抱负：8.0/10，共同兴趣：2.0/10。您的重要性权重为：吸引力：50.0，真诚：20.0，智力：10.0，幽默感：5.0，抱负： 10.0，共同兴趣：5.0。你会为了新男友离开现在的伴侣吗？你的答案必须是（是）或（否），然后说明你的理由。你必须遵守这条规则！你绝对不能说其他话。,否。根据给定的权重和评分，现有伴侣在多个高权重的关键性格特质（真诚度、智力、幽默感、野心）上得分较高，这使得现有伴侣的总体得分高于新男士，即使在吸引力和共同兴趣上得分较低。因此，根据这些偏好和评分标准，保持当前的伴侣是更合适的选择。,531,527,526,1
假设您是一位 23 岁的男性，职业类型为 Physician，目前已匹配到一位伴侣。您当前伴侣的得分（满分 10 分）：吸引力：5.0/10，真诚度：4.0/10，智力：6.0/10，幽默感：6.0/10，野心：5.0/10，共同兴趣：4.0/10。一位新女性正在向您求爱，其得分为：吸引力：6.0/10，真诚度：6.0/10，智力：6.0/10，幽默度：6.0/10，抱负：6.0/10，共同兴趣：6.0/10。您的重要性权重为：吸引力：15.0，真诚度：25.0，智力：20.0，幽默度：10.0，抱负： 10.0，共同兴趣：20.0。你会为了新女友离开现在的伴侣吗？你的答案必须是或否，然后说明你的理由。你必须遵守这条规则！你不能说其他话。,是。根据您的重要性权重和两位伴侣的评分，新女性在各个方面都表现得更加匹配您的期望和需求。特别是在真诚度和共同兴趣这两个您视为较为重要的方面，新女性得分显著高于现有伴侣，这可能会带来更加稳定和满足的关系。,529,544,536,1
假设你是一位 24 岁的单身男士，有一位 26 岁的女性正在追求你。你的职业类型是 software engr; network engr。你从六个维度对她进行了评估，满分为 10 分。这六个维度分别是：吸引力：7.0/10，真诚：8.0/10，智力：7.0/10，幽默感：8.0/10，抱负：7.0/10，共同兴趣：8.0/10。这些属性的重要性权重如下：吸引力：30.0，真诚：30.0，智力：30.0，幽默感：5.0，抱负：2.0，共同兴趣：3.0。你愿意和这位女士约会吗？请告诉我原因。你的答案必须是（是）或（否），然后说明你的原因。你必须遵守这条规则！你不能说其他话。,是。根据评估的结果，该女士在吸引力、真诚、智力三个你认为最重要的维度中表现都不错，其他三个维度的评分也相当高，说明你们在多个方面存在相似或可欣赏的特质，这有助于建立一段稳定的关系。,526,534,,1
假设您是一位 30 岁的男性，职业类型为 Consulting，目前已匹配到一位伴侣。您当前伴侣的得分（满分 10 分）：吸引力：6.0/10，真诚度：6.0/10，智力：7.0/10，幽默感：7.0/10，野心：7.0/10，共同兴趣：5.0/10。一位新女性正在向您求爱，其得分为：吸引力：7.0/10，真诚度：7.0/10，智力：6.0/10，幽默度：7.0/10，抱负：6.0/10，共同兴趣：7.0/10。您的重要性权重为：吸引力：35.0，真诚度：10.0，智力：20.0，幽默度：25.0，抱负： 5.0，共同兴趣：5.0。你会为了新女友离开现在的伴侣吗？你的答案必须是或否，然后说明你的理由。你必须遵守这条规则！你不能说其他话。,否，因为尽管新女友在某些方面比现伴侣得分高，但根据您的重要性权重，现伴侣在智力和幽默度（占比45%）方面的表现符合您重视的属性，而这两项是您评分中较重要的部分。此外，真实的关系价值和兼容性超出了数值上的比较，建议深入了解现有关系的深度和情感联系。,524,546,537,1
假设您是一位 29 岁的男性，职业类型为 Finance，目前已匹配到一位伴侣。您当前伴侣的得分（满分 10 分）：吸引力：5.0/10，真诚度：8.0/10，智力：9.0/10，幽默感：7.0/10，野心：8.0/10，共同兴趣：7.0/10。一位新女性正在向您求爱，其得分为：吸引力：7.0/10，真诚度：8.0/10，智力：9.0/10，幽默度：7.0/10，抱负：8.0/10，共同兴趣：5.0/10。您的重要性权重为：吸引力：30.0，真诚度：20.0，智力：20.0，幽默度：20.0，抱负： 10.0，共同兴趣：0.0。你会为了新女友离开现在的伴侣吗？你的答案必须是或否，然后说明你的理由。你必须遵守这条规则！你不能说其他话。,否。根据您提供的重要性权重，吸引力最为重要，但当前伴侣在真诚度、智力、幽默度和野心方面的高评分均衡了吸引力得分较低的劣势，而且与新女性在共同兴趣上的得分较低。在综合考量后，与当前伴侣维持稳定的关系看似更为合理。,522,536,533,0
假设您是一位 22 岁的男性，职业类型为 Lawyer，目前已匹配到一位伴侣。您当前伴侣的得分（满分 10 分）：吸引力：6.0/10，真诚度：5.0/10，智力：3.0/10，幽默感：7.0/10，野心：8.0/10，共同兴趣：8.0/10。一位新女性正在向您求爱，其得分为：吸引力：4.0/10，真诚度：8.0/10，智力：9.0/10，幽默度：9.0/10，抱负：5.0/10，共同兴趣：4.0/10。您的重要性权重为：吸引力：30.0，真诚度：10.0，智力：20.0，幽默度：15.0，抱负： 15.0，共同兴趣：10.0。你会为了新女友离开现在的伴侣吗？你的答案必须是或否，然后说明你的理由。你必须遵守这条规则！你不能说其他话。,否。根据您的重要性权重和每位伴侣的得分，计算加权平均分后，现任伴侣的综合得分高于新女性求爱者。这表明按照您目前的偏好和需求，现任伴侣更适合您。,526,539,534,0
假设您是一位 22 岁的男性，职业类型为 Law，目前已匹配到一位伴侣。您当前伴侣的得分（满分 10 分）：吸引力：5.0/10，真诚度：8.0/10，智力：9.0/10，幽默感：7.0/10，野心：8.0/10，共同兴趣：7.0/10。一位新女性正在向您求爱，其得分为：吸引力：7.0/10，真诚度：9.0/10，智力：9.0/10，幽默度：8.0/10，抱负：9.0/10，共同兴趣：8.0/10。您的重要性权重为：吸引力：20.0，真诚度：5.0，智力：25.0，幽默度：25.0，抱负： 5.0，共同兴趣：20.0。你会为了新女友离开现在的伴侣吗？你的答案必须是或否，然后说明你的理由。你必须遵守这条规则！你不能说其他话。,否。  根据您的重要性权重，前伴侣在智力、幽默感和共同兴趣方面的得分足以补偿吸引力方面的不足。在这三个高权重类别中，您当前伴侣的得分较高，这表明与其拥有更深层次的情感和智力联系可能比吸引力更加重要。此外，真诚度和野心分数虽然略低，但差异不大。因此，基于您的喜好和权重，留在当前关系中可能更适合您的长期满足和幸福。,522,537,533,0
假设您是一位 23 岁的男性，职业类型为 To go into Finance，目前已匹配到一位伴侣。您当前伴侣的得分（满分 10 分）：吸引力：4.0/10，真诚度：5.0/10，智力：8.0/10，幽默感：5.0/10，野心：8.0/10，共同兴趣：4.0/10。一位新女性正在向您求爱，其得分为：吸引力：8.0/10，真诚度：4.0/10，智力：6.0/10，幽默度：7.0/10，抱负：4.0/10，共同兴趣：2.0/10。您的重要性权重为：吸引力：25.0，真诚度：15.0，智力：20.0，幽默度：20.0，抱负： 10.0，共同兴趣：10.0。你会为了新女友离开现在的伴侣吗？你的答案必须是或否，然后说明你的理由。你必须遵守这条规则！你不能说其他话。,否，因为根据您的评分和重要性权重，您当前的伴侣在智力和抱负方面得分较高，这似乎对您而言较为重要。此外，她的总体评分在考虑了权重后，似乎会比新女性的总体评分更符合您的偏好。,515,542,541,0
假设您是一位 23 岁的男性，职业类型为 To go into Finance，目前已匹配到一位伴侣。您当前伴侣的得分（满分 10 分）：吸引力：7.0/10，真诚度：7.0/10，智力：7.0/10，幽默感：8.0/10，野心：7.0/10，共同兴趣：8.0/10。一位新女性正在向您求爱，其得分为：吸引力：9.0/10，真诚度：4.0/10，智力：6.0/10，幽默度：7.0/10，抱负：6.0/10，共同兴趣：6.0/10。您的重要性权重为：吸引力：25.0，真诚度：15.0，智力：20.0，幽默度：20.0，抱负： 10.0，共同兴趣：10.0。你会为了新女友离开现在的伴侣吗？你的答案必须是或否，然后说明你的理由。你必须遵守这条规则！你不能说其他话。,否，因为根据您的重要性权重来看，真诚度和智力对您非常重要，而现有伴侣在这些方面的评分较高，新女性在真诚度方面评分较低，这可能会在长远关系中造成问题。同时，尽管新女性在吸引力上评分较高，但其他方面的得分并未超过您现有伴侣的得分。,516,542,552,0
假设您是一位 22 岁的男性，职业类型为 Lawyer，目前已匹配到一位伴侣。您当前伴侣的得分（满分 10 分）：吸引力：9.0/10，真诚度：9.0/10，智力：8.0/10，幽默感：10.0/10，野心：8.0/10，共同兴趣：7.0/10。一位新女性正在向您求爱，其得分为：吸引力：4.0/10，真诚度：10.0/10，智力：10.0/10，幽默度：7.0/10，抱负：9.0/10，共同兴趣：3.0/10。您的重要性权重为：吸引力：30.0，真诚度：10.0，智力：20.0，幽默度：15.0，抱负： 15.0，共同兴趣：10.0。你会为了新女友离开现在的伴侣吗？你的答案必须是或否，然后说明你的理由。你必须遵守这条规则！你不能说其他话。,否。根据您给出的重要性权重和两位女士的评分，您当前的伴侣在吸引力、幽默感、共同兴趣方面得分较高，这些是您看重的因素。尽管新女性在智力和真诚度方面得分高，但她在您更加重视的吸引力和共同兴趣方面得分较低，因此综合考虑，您当前的伴侣是更佳选择。,530,539,538,1
假设您是一位 26 岁的男性，职业类型为 ASIC Engineer，目前已匹配到一位伴侣。您当前伴侣的得分（满分 10 分）：吸引力：8.0/10，真诚度：8.0/10，智力：9.0/10，幽默感：8.0/10，野心：8.0/10，共同兴趣：7.0/10。一位新女性正在向您求爱，其得分为：吸引力：7.0/10，真诚度：9.0/10，智力：8.0/10，幽默度：8.0/10，抱负：6.0/10，共同兴趣：5.0/10。您的重要性权重为：吸引力：25.0，真诚度：20.0，智力：20.0，幽默度：20.0，抱负： 5.0，共同兴趣：10.0。你会为了新女友离开现在的伴侣吗？你的答案必须是或否，然后说明你的理由。你必须遵守这条规则！你不能说其他话。,否，根据您给出的评分和重要性权重，当前的伴侣在总分上表现更优。您的现有伴侣在各项对您更重要的特质如吸引力、智力和野心上表现更好，且共同兴趣得分虽较低但差异不大。因此，在考虑到您的偏好权重后，与现伴侣继续关系的总体满意度预计会高于新的追求者。,524,532,546,0
假设您是一位 29 岁的男性，职业类型为 Finance，目前已匹配到一位伴侣。您当前伴侣的得分（满分 10 分）：吸引力：4.0/10，真诚度：8.0/10，智力：9.0/10，幽默感：3.0/10，野心：8.0/10，共同兴趣：2.0/10。一位新女性正在向您求爱，其得分为：吸引力：7.0/10，真诚度：7.0/10，智力：8.0/10，幽默度：4.0/10，抱负：7.0/10，共同兴趣：7.0/10。您的重要性权重为：吸引力：30.0，真诚度：20.0，智力：20.0，幽默度：20.0，抱负： 10.0，共同兴趣：0.0。你会为了新女友离开现在的伴侣吗？你的答案必须是或否，然后说明你的理由。你必须遵守这条规则！你不能说其他话。,否，根据您提供的重要性权重和目前伴侣与新女性的得分，当前伴侣在您更看重的属性中如真诚度和智力上表现更优秀。,527,536,531,0
假设您是一位 26 岁的男性，职业类型为 ASIC Engineer，目前已匹配到一位伴侣。您当前伴侣的得分（满分 10 分）：吸引力：8.0/10，真诚度：8.0/10，智力：6.0/10，幽默感：7.0/10，野心：7.0/10，共同兴趣：6.0/10。一位新女性正在向您求爱，其得分为：吸引力：6.0/10，真诚度：7.0/10，智力：6.0/10，幽默度：7.0/10，抱负：nan/10，共同兴趣：5.0/10。您的重要性权重为：吸引力：25.0，真诚度：20.0，智力：20.0，幽默度：20.0，抱负： 5.0，共同兴趣：10.0。你会为了新女友离开现在的伴侣吗？你的答案必须是或否，然后说明你的理由。你必须遵守这条规则！你不能说其他话。,否，因为根据您的重要性权重和两位女士的评分，当前伴侣在各个重要的方面（如吸引力、真诚度、智力、幽默感）都比新女性有更高的评分。因此，从理性的评估来看，当前伴侣更能满足您的重要需求。,525,532,549,0
假设您是一位 26 岁的男性，职业类型为 ASIC Engineer，目前已匹配到一位伴侣。您当前伴侣的得分（满分 10 分）：吸引力：4.0/10，真诚度：8.0/10，智力：9.0/10，幽默感：3.0/10，野心：8.0/10，共同兴趣：2.0/10。一位新女性正在向您求爱，其得分为：吸引力：7.0/10，真诚度：6.0/10，智力：7.0/10，幽默度：6.0/10，抱负：5.0/10，共同兴趣：5.0/10。您的重要性权重为：吸引力：25.0，真诚度：20.0，智力：20.0，幽默度：20.0，抱负： 5.0，共同兴趣：10.0。你会为了新女友离开现在的伴侣吗？你的答案必须是或否，然后说明你的理由。你必须遵守这条规则！你不能说其他话。,否。因为尽管当前伴侣在吸引力和幽默感方面得分较低，但在真诚度、智力和野心方面的得分较高，这些对长期关系更为重要。相比之下，新女性在这些重要维度的得分相对较低。,527,532,531,0
假设您是一位 30 岁的男性，职业类型为 Management，目前已匹配到一位伴侣。您当前伴侣的得分（满分 10 分）：吸引力：7.0/10，真诚度：7.0/10，智力：7.0/10，幽默感：8.0/10，野心：7.0/10，共同兴趣：8.0/10。一位新女性正在向您求爱，其得分为：吸引力：6.0/10，真诚度：4.0/10，智力：4.0/10，幽默度：6.0/10，抱负：4.0/10，共同兴趣：3.0/10。您的重要性权重为：吸引力：40.0，真诚度：10.0，智力：20.0，幽默度：10.0，抱负： 0.0，共同兴趣：20.0。你会为了新女友离开现在的伴侣吗？你的答案必须是或否，然后说明你的理由。你必须遵守这条规则！你不能说其他话。,否，因为根据您的重要性权重评定，当前的伴侣在各个评分标准上均优于新女性，特别是在您更加重视的吸引力、智力和共同兴趣方面。,516,548,552,1
假设您是一位 23 岁的男性，职业类型为 To go into Finance，目前已匹配到一位伴侣。您当前伴侣的得分（满分 10 分）：吸引力：7.0/10，真诚度：8.0/10，智力：9.0/10，幽默感：9.0/10，野心：7.0/10，共同兴趣：nan/10。一位新女性正在向您求爱，其得分为：吸引力：7.0/10，真诚度：10.0/10，智力：6.0/10，幽默度：7.0/10，抱负：6.0/10，共同兴趣：0.0/10。您的重要性权重为：吸引力：25.0，真诚度：15.0，智力：20.0，幽默度：20.0，抱负： 10.0，共同兴趣：10.0。你会为了新女友离开现在的伴侣吗？你的答案必须是或否，然后说明你的理由。你必须遵守这条规则！你不能说其他话。,否。根据您的评分和重要性权重，当前伴侣在智力、幽默感和真诚度上的得分较高，这些方面似乎对您更重要。而新女性在共同兴趣得分为0，这可能会影响您和她的关系质量。因此，根据这些因素，留在当前关系中似乎是更合适的选择。,518,542,547,1
假设您是一位 29 岁的男性，职业类型为 Finance，目前已匹配到一位伴侣。您当前伴侣的得分（满分 10 分）：吸引力：8.0/10，真诚度：8.0/10，智力：8.0/10，幽默感：9.0/10，野心：9.0/10，共同兴趣：7.0/10。一位新女性正在向您求爱，其得分为：吸引力：4.0/10，真诚度：9.0/10，智力：8.0/10，幽默度：4.0/10，抱负：8.0/10，共同兴趣：4.0/10。您的重要性权重为：吸引力：30.0，真诚度：20.0，智力：20.0，幽默度：20.0，抱负： 10.0，共同兴趣：0.0。你会为了新女友离开现在的伴侣吗？你的答案必须是或否，然后说明你的理由。你必须遵守这条规则！你不能说其他话。,否，因为根据您的重要性权重设置，现任伴侣在吸引力、幽默感和野心方面的评分明显高于新女性，而这些方面对您来说更为重要。而且，即使真诚度和智力的得分接近，新女性在共同兴趣上的得分较低也应被考虑。综合考虑，现任伴侣在对您更重要的属性上表现更好。,530,536,539,0
假设您是一位 26 岁的男性，职业类型为 ASIC Engineer，目前已匹配到一位伴侣。您当前伴侣的得分（满分 10 分）：吸引力：4.0/10，真诚度：6.0/10，智力：5.0/10，幽默感：5.0/10，野心：5.0/10，共同兴趣：nan/10。一位新女性正在向您求爱，其得分为：吸引力：6.0/10，真诚度：8.0/10，智力：9.0/10，幽默度：8.0/10，抱负：8.0/10，共同兴趣：8.0/10。您的重要性权重为：吸引力：25.0，真诚度：20.0，智力：20.0，幽默度：20.0，抱负： 5.0，共同兴趣：10.0。你会为了新女友离开现在的伴侣吗？你的答案必须是或否，然后说明你的理由。你必须遵守这条规则！你不能说其他话。,否。  理由是决定是否离开一个伴侣应考虑多种因素，其中包括责任感、忠诚度和情感投资，而不仅仅是分数和表面的比较。尽管新女性的评分在多个方面较高，但人际关系的深度和质量不能仅凭数值决定。此外，一段关系中的真诚和信任是逐渐建立起来的，不应轻易放弃。,529,532,544,1
假设您是一位 25 岁的男性，职业类型为 assistant master of the universe (otherwise it's too much work)，目前已匹配到一位伴侣。您当前伴侣的得分（满分 10 分）：吸引力：7.0/10，真诚度：9.0/10，智力：9.0/10，幽默感：7.0/10，野心：10.0/10，共同兴趣：2.0/10。一位新女性正在向您求爱，其得分为：吸引力：5.0/10，真诚度：8.0/10，智力：8.0/10，幽默度：7.0/10，抱负：7.0/10，共同兴趣：8.0/10。您的重要性权重为：吸引力：70.0，真诚度：0.0，智力：15.0，幽默度：15.0，抱负： 0.0，共同兴趣：0.0。你会为了新女友离开现在的伴侣吗？你的答案必须是或否，然后说明你的理由。你必须遵守这条规则！你不能说其他话。,否。根据您的重要性权重，吸引力的权重为70.0是最关键的因素，而您当前伴侣在吸引力上的评分（7.0/10）高于新女性（5.0/10），其他权重项（真诚度、智力、幽默度、抱负、共同兴趣）您均已设为0.0，所以它们不影响最终决策。因此，根据您的权重偏好，您应继续与当前伴侣在一起。,518,552,542,1
假设您是一位 30 岁的男性，职业类型为 Finance，目前已匹配到一位伴侣。您当前伴侣的得分（满分 10 分）：吸引力：8.0/10，真诚度：7.0/10，智力：6.0/10，幽默感：7.0/10，野心：7.0/10，共同兴趣：2.0/10。一位新女性正在向您求爱，其得分为：吸引力：7.0/10，真诚度：6.0/10，智力：5.0/10，幽默度：6.0/10，抱负：5.0/10，共同兴趣：4.0/10。您的重要性权重为：吸引力：30.0，真诚度：3.0，智力：30.0，幽默度：30.0，抱负： 3.0，共同兴趣：4.0。你会为了新女友离开现在的伴侣吗？你的答案必须是或否，然后说明你的理由。你必须遵守这条规则！你不能说其他话。,否，因为根据您提供的重要性权重，您伴侣在您更看重的领域（吸引力、智力和幽默度）分数较高，而新女性在这些关键领域的分数较低。尽管共同兴趣分数较高，但其重要性权重较低，因此不足以影响整体的决定。,518,550,552,0
假设您是一位 23 岁的男性，职业类型为 Physician，目前已匹配到一位伴侣。您当前伴侣的得分（满分 10 分）：吸引力：3.0/10，真诚度：5.0/10，智力：5.0/10，幽默感：5.0/10，野心：3.0/10，共同兴趣：2.0/10。一位新女性正在向您求爱，其得分为：吸引力：8.0/10，真诚度：8.0/10，智力：5.0/10，幽默度：7.0/10，抱负：6.0/10，共同兴趣：5.0/10。您的重要性权重为：吸引力：15.0，真诚度：25.0，智力：20.0，幽默度：10.0，抱负： 10.0，共同兴趣：20.0。你会为了新女友离开现在的伴侣吗？你的答案必须是或否，然后说明你的理由。你必须遵守这条规则！你不能说其他话。,否，因为基于你的重要性权重，虽然新女性在某些方面得分较高，但真诚度和共同兴趣的高权重使得目前伴侣虽然得分较低，但在你看重的关键方面可能更适合你。真诚度和共同兴趣是维系关系的关键因素，不应轻易放弃。,511,544,540,1
假设您是一位 32 岁的男性，职业类型为 self-made millionare，目前已匹配到一位伴侣。您当前伴侣的得分（满分 10 分）：吸引力：3.0/10，真诚度：3.0/10，智力：3.0/10，幽默感：4.0/10，野心：3.0/10，共同兴趣：2.0/10。一位新女性正在向您求爱，其得分为：吸引力：5.0/10，真诚度：7.0/10，智力：7.0/10，幽默度：5.0/10，抱负：6.0/10，共同兴趣：3.0/10。您的重要性权重为：吸引力：50.0，真诚度：0.0，智力：10.0，幽默度：30.0，抱负： 0.0，共同兴趣：10.0。你会为了新女友离开现在的伴侣吗？你的答案必须是或否，然后说明你的理由。你必须遵守这条规则！你不能说其他话。,否，因为尽管新女性在许多方面的评分都高于当前伴侣，但根据您的重要性权重，最关键的因素包括吸引力和幽默感。在这两个最重视的方面，新女性（吸引力5.0，幽默度5.0）与当前伴侣（吸引力3.0，幽默感4.0）之间并没有极大的差异，特别是在幽默感方面，因此换伴侣可能不会给您带来显著的满足度提升。,511,538,544,1
假设您是一位 23 岁的男性，职业类型为 Physician，目前已匹配到一位伴侣。您当前伴侣的得分（满分 10 分）：吸引力：8.0/10，真诚度：7.0/10，智力：6.0/10，幽默感：7.0/10，野心：7.0/10，共同兴趣：2.0/10。一位新女性正在向您求爱，其得分为：吸引力：7.0/10，真诚度：7.0/10，智力：6.0/10，幽默度：6.0/10，抱负：6.0/10，共同兴趣：5.0/10。您的重要性权重为：吸引力：15.0，真诚度：25.0，智力：20.0，幽默度：10.0，抱负： 10.0，共同兴趣：20.0。你会为了新女友离开现在的伴侣吗？你的答案必须是或否，然后说明你的理由。你必须遵守这条规则！你不能说其他话。,否，因为根据您的重要性权重计分，当前伴侣在对您更重要的属性如真诚度、智力和共同兴趣上表现更佳。虽然新女性在共同兴趣上得分较高，但在其他您更重视的领域得分不如当前伴侣。整体来看，当前伴侣更能满足您的需求。,518,544,552,0
假设您是一位 30 岁的男性，职业类型为 Private Equity - Leveraged Buy-Outs，目前已匹配到一位伴侣。您当前伴侣的得分（满分 10 分）：吸引力：5.0/10，真诚度：8.0/10，智力：9.0/10，幽默感：7.0/10，野心：8.0/10，共同兴趣：7.0/10。一位新女性正在向您求爱，其得分为：吸引力：6.0/10，真诚度：8.0/10，智力：6.0/10，幽默度：7.0/10，抱负：8.0/10，共同兴趣：6.0/10。您的重要性权重为：吸引力：25.0，真诚度：20.0，智力：20.0，幽默度：20.0，抱负： 0.0，共同兴趣：15.0。你会为了新女友离开现在的伴侣吗？你的答案必须是或否，然后说明你的理由。你必须遵守这条规则！你不能说其他话。,否，因为根据您的重要性权重，您现在的伴侣在智力和真诚度这两个您更重视的领域得分较高。这两个领域的总得分对比（现在的伴侣得分为17分，新女性得分为14分），表明您当前的伴侣在您更重视的属性上拥有优势。即使新女性在吸引力方面得分较高，但在您重视的智力方面得分较低。因此，换伴侣可能不符合您的总体利益。,522,547,533,0
假设您是一位 24 岁的男性，职业类型为 Academic Work; Consultant，目前已匹配到一位伴侣。您当前伴侣的得分（满分 10 分）：吸引力：8.0/10，真诚度：9.0/10，智力：8.0/10，幽默感：7.0/10，野心：6.0/10，共同兴趣：5.0/10。一位新女性正在向您求爱，其得分为：吸引力：6.0/10，真诚度：7.0/10，智力：6.0/10，幽默度：7.0/10，抱负：6.0/10，共同兴趣：5.0/10。您的重要性权重为：吸引力：20.0，真诚度：15.0，智力：20.0，幽默度：20.0，抱负： 15.0，共同兴趣：10.0。你会为了新女友离开现在的伴侣吗？你的答案必须是或否，然后说明你的理由。你必须遵守这条规则！你不能说其他话。,否，根据您给出的评分和权重，当前伴侣在吸引力、真诚度、智力以及整体得分上较高，这表明与当前伴侣的匹配度更高，更符合您的重要性评估标准。,514,540,551,0
假设您是一位 22 岁的男性，职业类型为 Law，目前已匹配到一位伴侣。您当前伴侣的得分（满分 10 分）：吸引力：4.0/10，真诚度：5.0/10，智力：8.0/10，幽默感：5.0/10，野心：8.0/10，共同兴趣：4.0/10。一位新女性正在向您求爱，其得分为：吸引力：6.0/10，真诚度：8.0/10，智力：9.0/10，幽默度：8.0/10，抱负：nan/10，共同兴趣：5.0/10。您的重要性权重为：吸引力：20.0，真诚度：5.0，智力：25.0，幽默度：25.0，抱负： 5.0，共同兴趣：20.0。你会为了新女友离开现在的伴侣吗？你的答案必须是或否，然后说明你的理由。你必须遵守这条规则！你不能说其他话。,否。因为在重要的智力和幽默感方面，即使新女性评分较高，但她在抱负方面的不确定性可能意味着在长期关系的兼容性和满意度方面存在风险。此外，共同兴趣的相对低分也可能影响你们的长期联系。,515,537,541,0
假设您是一位 23 岁的男性，职业类型为 Physician，目前已匹配到一位伴侣。您当前伴侣的得分（满分 10 分）：吸引力：5.0/10，真诚度：8.0/10，智力：9.0/10，幽默感：7.0/10，野心：8.0/10，共同兴趣：7.0/10。一位新女性正在向您求爱，其得分为：吸引力：7.0/10，真诚度：7.0/10，智力：7.0/10，幽默度：7.0/10，抱负：7.0/10，共同兴趣：7.0/10。您的重要性权重为：吸引力：15.0，真诚度：25.0，智力：20.0，幽默度：10.0，抱负： 10.0，共同兴趣：20.0。你会为了新女友离开现在的伴侣吗？你的答案必须是或否，然后说明你的理由。你必须遵守这条规则！你不能说其他话。,否，因为根据您的重要性权重，您现在的伴侣在真诚度、智力和野心上的评分高于新女性，这些方面对您更为重要。尽管新女性在吸引力方面评分更高，但与其他更重要的属性相比，这一差异不足以支持更换伴侣的决定。,522,544,533,0
假设您是一位 30 岁的男性，职业类型为 Finance，目前已匹配到一位伴侣。您当前伴侣的得分（满分 10 分）：吸引力：5.0/10，真诚度：8.0/10，智力：9.0/10，幽默感：7.0/10，野心：8.0/10，共同兴趣：7.0/10。一位新女性正在向您求爱，其得分为：吸引力：6.0/10，真诚度：7.0/10，智力：6.0/10，幽默度：4.0/10，抱负：4.0/10，共同兴趣：5.0/10。您的重要性权重为：吸引力：30.0，真诚度：3.0，智力：30.0，幽默度：30.0，抱负： 3.0，共同兴趣：4.0。你会为了新女友离开现在的伴侣吗？你的答案必须是或否，然后说明你的理由。你必须遵守这条规则！你不能说其他话。,否，基于您的重要性权重，当前伴侣在智力、幽默感和真诚度上的评分更符合您的重视点，而这些方面是您比较重视的，并且高于新女性的得分。虽然新女性在吸引力方面略高，但按照您的权重标准，其他因素的满足更为重要。,522,550,533,1
假设您是一位 30 岁的男性，职业类型为 Private Equity - Leveraged Buy-Outs，目前已匹配到一位伴侣。您当前伴侣的得分（满分 10 分）：吸引力：10.0/10，真诚度：10.0/10，智力：10.0/10，幽默感：10.0/10，野心：10.0/10，共同兴趣：10.0/10。一位新女性正在向您求爱，其得分为：吸引力：3.0/10，真诚度：8.0/10，智力：8.0/10，幽默度：7.0/10，抱负：6.0/10，共同兴趣：5.0/10。您的重要性权重为：吸引力：25.0，真诚度：20.0，智力：20.0，幽默度：20.0，抱负： 0.0，共同兴趣：15.0。你会为了新女友离开现在的伴侣吗？你的答案必须是或否，然后说明你的理由。你必须遵守这条规则！你不能说其他话。,否。理由是您当前伴侣在所有评价指标上都得满分，而新女性的得分在多个关键领域（如吸引力、真诚度、智力等）明显低于您现有伴侣。考虑到您的重要性权重，当前伴侣更符合您个人的偏好和需求。,523,547,543,1
假设您是一位 24 岁的男性，职业类型为 Research Engineer，目前已匹配到一位伴侣。您当前伴侣的得分（满分 10 分）：吸引力：5.0/10，真诚度：4.0/10，智力：8.0/10，幽默感：5.0/10，野心：7.0/10，共同兴趣：8.0/10。一位新女性正在向您求爱，其得分为：吸引力：10.0/10，真诚度：10.0/10，智力：10.0/10，幽默度：10.0/10，抱负：10.0/10，共同兴趣：10.0/10。您的重要性权重为：吸引力：20.0，真诚度：16.0，智力：16.0，幽默度：17.0，抱负： 16.0，共同兴趣：15.0。你会为了新女友离开现在的伴侣吗？你的答案必须是或否，然后说明你的理由。你必须遵守这条规则！你不能说其他话。,否，因为决定是否结束一段关系需要考虑更多的情感因素和伦理考量，而不仅仅是基于评分或比较。在现实生活中，建立和维持关系的决策不应该仅仅基于计算或表面评分。感情的深度和历史因素也是非常重要的考虑要素。,523,543,547,1
假设您是一位 26 岁的男性，职业类型为 Academic/ Finance，目前已匹配到一位伴侣。您当前伴侣的得分（满分 10 分）：吸引力：8.0/10，真诚度：9.0/10，智力：8.0/10，幽默感：7.0/10，野心：6.0/10，共同兴趣：5.0/10。一位新女性正在向您求爱，其得分为：吸引力：5.0/10，真诚度：7.0/10，智力：7.0/10，幽默度：6.0/10，抱负：9.0/10，共同兴趣：3.0/10。您的重要性权重为：吸引力：25.0，真诚度：25.0，智力：25.0，幽默度：13.0，抱负： 12.0，共同兴趣：0.0。你会为了新女友离开现在的伴侣吗？你的答案必须是或否，然后说明你的理由。你必须遵守这条规则！你不能说其他话。,否。  根据您给予的重要性权重和每位女士的评分，当前伴侣在关键领域（吸引力、真诚度、智力）上的表现优于新女性。这些关键领域对您而言重要性较高，因此当前伴侣更能满足您的主要需求。尽管新女性在抱负上评分较高，但您对此项的重视相对较低，所以不足以支撑换伴的理由。,514,533,551,0
假设您是一位 23 岁的男性，职业类型为 Physician，目前已匹配到一位伴侣。您当前伴侣的得分（满分 10 分）：吸引力：10.0/10，真诚度：10.0/10，智力：10.0/10，幽默感：10.0/10，野心：10.0/10，共同兴趣：10.0/10。一位新女性正在向您求爱，其得分为：吸引力：5.0/10，真诚度：8.0/10，智力：7.0/10，幽默度：7.0/10，抱负：6.0/10，共同兴趣：6.0/10。您的重要性权重为：吸引力：15.0，真诚度：25.0，智力：20.0，幽默度：10.0，抱负： 10.0，共同兴趣：20.0。你会为了新女友离开现在的伴侣吗？你的答案必须是或否，然后说明你的理由。你必须遵守这条规则！你不能说其他话。,否，原因是当前伴侣在所有重要性权重方面的得分都完全满分，远超新女性求爱者的得分。,523,544,543,1
假设您是一位 24 岁的男性，职业类型为 Research Engineer，目前已匹配到一位伴侣。您当前伴侣的得分（满分 10 分）：吸引力：8.0/10，真诚度：8.0/10，智力：9.0/10，幽默感：8.0/10，野心：8.0/10，共同兴趣：7.0/10。一位新女性正在向您求爱，其得分为：吸引力：6.0/10，真诚度：9.0/10，智力：9.0/10，幽默度：7.0/10，抱负：9.0/10，共同兴趣：5.0/10。您的重要性权重为：吸引力：20.0，真诚度：16.0，智力：16.0，幽默度：17.0，抱负： 16.0，共同兴趣：15.0。你会为了新女友离开现在的伴侣吗？你的答案必须是或否，然后说明你的理由。你必须遵守这条规则！你不能说其他话。,否。根据您的重要性权重评分，当前伴侣在关键领域（特别是吸引力和共同兴趣）中表现更好，这些是您给予较高权重的属性。而新女性在这些方面的评分较低，这可能意味着与她的关系不会那么满意。,524,543,546,1
假设您是一位 26 岁的男性，职业类型为 Academic/ Finance，目前已匹配到一位伴侣。您当前伴侣的得分（满分 10 分）：吸引力：8.0/10，真诚度：7.0/10，智力：6.0/10，幽默感：7.0/10，野心：7.0/10，共同兴趣：2.0/10。一位新女性正在向您求爱，其得分为：吸引力：8.0/10，真诚度：8.0/10，智力：7.0/10，幽默度：7.0/10，抱负：nan/10，共同兴趣：4.0/10。您的重要性权重为：吸引力：25.0，真诚度：25.0，智力：25.0，幽默度：13.0，抱负： 12.0，共同兴趣：0.0。你会为了新女友离开现在的伴侣吗？你的答案必须是或否，然后说明你的理由。你必须遵守这条规则！你不能说其他话。,否。根据您给出的权重和评分，即使新女性在真诚度、智力、共同兴趣方面略高，但由于您对共同兴趣的权重为0，这部分增加的得分并不影响总体评价。同时，您现有伴侣在吸引力、幽默感方面的评分与新女性相同，并且新女性在抱负方面的评分未知，这也增加了不确定性。因此，根据现有的信息，留在当前关系中似乎是更为合理的选择。,518,533,552,1
假设您是一位 30 岁的男性，职业类型为 Consulting，目前已匹配到一位伴侣。您当前伴侣的得分（满分 10 分）：吸引力：8.0/10，真诚度：8.0/10，智力：6.0/10，幽默感：7.0/10，野心：7.0/10，共同兴趣：6.0/10。一位新女性正在向您求爱，其得分为：吸引力：4.0/10，真诚度：6.0/10，智力：6.0/10，幽默度：6.0/10，抱负：7.0/10，共同兴趣：6.0/10。您的重要性权重为：吸引力：35.0，真诚度：10.0，智力：20.0，幽默度：25.0，抱负： 5.0，共同兴趣：5.0。你会为了新女友离开现在的伴侣吗？你的答案必须是或否，然后说明你的理由。你必须遵守这条规则！你不能说其他话。,否，因为根据您的重要性权重，当前伴侣在吸引力和幽默感上的高分更符合您的首要需求，这两项与新女性的得分相比有明显优势。,525,546,549,0
假设您是一位 30 岁的男性，职业类型为 Consulting，目前已匹配到一位伴侣。您当前伴侣的得分（满分 10 分）：吸引力：4.0/10，真诚度：8.0/10，智力：9.0/10，幽默感：3.0/10，野心：8.0/10，共同兴趣：2.0/10。一位新女性正在向您求爱，其得分为：吸引力：5.0/10，真诚度：6.0/10，智力：7.0/10，幽默度：7.0/10，抱负：6.0/10，共同兴趣：6.0/10。您的重要性权重为：吸引力：35.0，真诚度：10.0，智力：20.0，幽默度：25.0，抱负： 5.0，共同兴趣：5.0。你会为了新女友离开现在的伴侣吗？你的答案必须是或否，然后说明你的理由。你必须遵守这条规则！你不能说其他话。,否，因为根据您的重要性权重，您现在的伴侣在真诚度和智力方面的高评分更符合您的重要标准。虽然新女性在幽默感和吸引力上得分较高，但根据您的权重，真诚度和智力更为关键。,527,546,531,0
假设您是一位 23 岁的男性，职业类型为 To go into Finance，目前已匹配到一位伴侣。您当前伴侣的得分（满分 10 分）：吸引力：7.0/10，真诚度：8.0/10，智力：7.0/10，幽默感：5.0/10，野心：7.0/10，共同兴趣：4.0/10。一位新女性正在向您求爱，其得分为：吸引力：6.0/10，真诚度：5.0/10，智力：4.0/10，幽默度：6.0/10，抱负：7.0/10，共同兴趣：2.0/10。您的重要性权重为：吸引力：25.0，真诚度：15.0，智力：20.0，幽默度：20.0，抱负： 10.0，共同兴趣：10.0。你会为了新女友离开现在的伴侣吗？你的答案必须是或否，然后说明你的理由。你必须遵守这条规则！你不能说其他话。,否，因为根据您给出的重要性权重和对两位潜在伴侣的评分，当前伴侣在总体上比新女性的评分更高，特别是在您较为重视的真诚度和智力方面。,522,542,550,1
假设您是一位 30 岁的男性，职业类型为 Finance，目前已匹配到一位伴侣。您当前伴侣的得分（满分 10 分）：吸引力：6.0/10，真诚度：8.0/10，智力：8.0/10，幽默感：7.0/10，野心：7.0/10，共同兴趣：7.0/10。一位新女性正在向您求爱，其得分为：吸引力：7.0/10，真诚度：6.0/10，智力：6.0/10，幽默度：6.0/10，抱负：5.0/10，共同兴趣：6.0/10。您的重要性权重为：吸引力：30.0，真诚度：3.0，智力：30.0，幽默度：30.0，抱负： 3.0，共同兴趣：4.0。你会为了新女友离开现在的伴侣吗？你的答案必须是或否，然后说明你的理由。你必须遵守这条规则！你不能说其他话。,否，因为根据您的重要性权重，现在的伴侣在智力、幽默等您认为重要的方面表现得更好。,524,550,543,0
假设您是一位 29 岁的男性，职业类型为 Finance，目前已匹配到一位伴侣。您当前伴侣的得分（满分 10 分）：吸引力：4.0/10，真诚度：3.0/10，智力：5.0/10，幽默感：4.0/10，野心：2.0/10，共同兴趣：2.0/10。一位新女性正在向您求爱，其得分为：吸引力：9.0/10，真诚度：7.0/10，智力：8.0/10，幽默度：4.0/10，抱负：8.0/10，共同兴趣：3.0/10。您的重要性权重为：吸引力：30.0，真诚度：20.0，智力：20.0，幽默度：20.0，抱负： 10.0，共同兴趣：0.0。你会为了新女友离开现在的伴侣吗？你的答案必须是或否，然后说明你的理由。你必须遵守这条规则！你不能说其他话。,是，根据你给出的重要性权重和两位伴侣的得分，新女性在吸引力、真诚度、智力、和抱负方面的高分尤其符合你的优先考虑点，而这些方面对你而言非常重要。当比较两者的得分和你的偏好权重时，新女性似乎更能满足你的需求和期望。,511,536,538,1
假设您是一位 32 岁的男性，职业类型为 self-made millionare，目前已匹配到一位伴侣。您当前伴侣的得分（满分 10 分）：吸引力：8.0/10，真诚度：9.0/10，智力：8.0/10，幽默感：7.0/10，野心：6.0/10，共同兴趣：5.0/10。一位新女性正在向您求爱，其得分为：吸引力：3.0/10，真诚度：7.0/10，智力：6.0/10，幽默度：7.0/10，抱负：5.0/10，共同兴趣：5.0/10。您的重要性权重为：吸引力：50.0，真诚度：0.0，智力：10.0，幽默度：30.0，抱负： 0.0，共同兴趣：10.0。你会为了新女友离开现在的伴侣吗？你的答案必须是或否，然后说明你的理由。你必须遵守这条规则！你不能说其他话。,否，因为根据您的重要性权重，吸引力和幽默度是最重要的因素。您当前的伴侣在这些方面的得分（吸引力8.0; 幽默感7.0）显著高于新女性（吸引力3.0; 幽默度7.0），所以根据您的评分标准，当前伴侣更符合您的需求。,514,538,551,1
假设您是一位 22 岁的男性，职业类型为 Law，目前已匹配到一位伴侣。您当前伴侣的得分（满分 10 分）：吸引力：7.0/10，真诚度：6.0/10，智力：6.0/10，幽默感：7.0/10，野心：6.0/10，共同兴趣：5.0/10。一位新女性正在向您求爱，其得分为：吸引力：5.0/10，真诚度：7.0/10，智力：8.0/10，幽默度：4.0/10，抱负：6.0/10，共同兴趣：6.0/10。您的重要性权重为：吸引力：20.0，真诚度：5.0，智力：25.0，幽默度：25.0，抱负： 5.0，共同兴趣：20.0。你会为了新女友离开现在的伴侣吗？你的答案必须是或否，然后说明你的理由。你必须遵守这条规则！你不能说其他话。,否。根据您的重要性权重，幽默感和智力是最重要的，现有伴侣在这两方面的得分高于新女性。虽然新女性在智力方面得分较高，但在幽默感方面得分偏低，这可能在日常相处中造成不便，减少快乐和满意度。,511,537,536,1
假设您是一位 24 岁的男性，职业类型为 Academic Work; Consultant，目前已匹配到一位伴侣。您当前伴侣的得分（满分 10 分）：吸引力：4.0/10，真诚度：5.0/10，智力：8.0/10，幽默感：5.0/10，野心：8.0/10，共同兴趣：4.0/10。一位新女性正在向您求爱，其得分为：吸引力：6.0/10，真诚度：7.0/10，智力：7.0/10，幽默度：6.0/10，抱负：5.0/10，共同兴趣：3.0/10。您的重要性权重为：吸引力：20.0，真诚度：15.0，智力：20.0，幽默度：20.0，抱负： 15.0，共同兴趣：10.0。你会为了新女友离开现在的伴侣吗？你的答案必须是或否，然后说明你的理由。你必须遵守这条规则！你不能说其他话。,否，因为现在的伴侣在智力和抱负方面得分较高，这两项是对你来说重要性权重最高的标准，这可能意味着你与当前伴侣在重要的个人价值和职业目标上更为匹配。新女性在吸引力和真诚度方面得分较高，但这些提升并不足以弥补在智力、抱负和共同兴趣上的较低得分，特别是当智力和抱负是你非常看重的方面时。,515,540,541,1
假设您是一位 30 岁的男性，职业类型为 Consulting，目前已匹配到一位伴侣。您当前伴侣的得分（满分 10 分）：吸引力：7.0/10，真诚度：7.0/10，智力：7.0/10，幽默感：nan/10，野心：10.0/10，共同兴趣：5.0/10。一位新女性正在向您求爱，其得分为：吸引力：5.0/10，真诚度：8.0/10，智力：5.0/10，幽默度：8.0/10，抱负：6.0/10，共同兴趣：7.0/10。您的重要性权重为：吸引力：35.0，真诚度：10.0，智力：20.0，幽默度：25.0，抱负： 5.0，共同兴趣：5.0。你会为了新女友离开现在的伴侣吗？你的答案必须是或否，然后说明你的理由。你必须遵守这条规则！你不能说其他话。,否。根据您的重要性权重设置，吸引力和智力的权重较高，这两项在当前伴侣上的得分都高于新女性。尽管新女性幽默感得分较高，但幽默感的权重虽然也重要，但不足以抵消吸引力和智力差距所带来的影响。再加上您当前伴侣的野心得分非常高，这可能是一个重要的考量因素。因此，综合各方面因素，建议不离开现有伴侣。,514,546,538,1
假设您是一位 27 岁的男性，职业类型为 Banking，目前已匹配到一位伴侣。您当前伴侣的得分（满分 10 分）：吸引力：6.0/10，真诚度：8.0/10，智力：8.0/10，幽默感：7.0/10，野心：7.0/10，共同兴趣：7.0/10。一位新女性正在向您求爱，其得分为：吸引力：6.0/10，真诚度：7.0/10，智力：7.0/10，幽默度：6.0/10，抱负：9.0/10，共同兴趣：5.0/10。您的重要性权重为：吸引力：40.0，真诚度：20.0，智力：20.0，幽默度：20.0，抱负： 0.0，共同兴趣：0.0。你会为了新女友离开现在的伴侣吗？你的答案必须是或否，然后说明你的理由。你必须遵守这条规则！你不能说其他话。,否，根据您给出的重要性权重，吸引力、真诚度、智力和幽默感是您最看重的属性，而您当前的伴侣在这些方面的得分总体上高于新女性。虽然新女性在抱负方面得分较高，但由于您对抱负的权重为0，这不影响您的决策。因此，根据您的评分系统，留在当前伴侣身边是理性的选择。,524,551,543,1
假设您是一位 29 岁的男性，职业类型为 Finance，目前已匹配到一位伴侣。您当前伴侣的得分（满分 10 分）：吸引力：4.0/10，真诚度：5.0/10，智力：8.0/10，幽默感：9.0/10，野心：7.0/10，共同兴趣：3.0/10。一位新女性正在向您求爱，其得分为：吸引力：8.0/10，真诚度：6.0/10，智力：6.0/10，幽默度：8.0/10，抱负：7.0/10，共同兴趣：3.0/10。您的重要性权重为：吸引力：30.0，真诚度：20.0，智力：20.0，幽默度：20.0，抱负： 10.0，共同兴趣：0.0。你会为了新女友离开现在的伴侣吗？你的答案必须是或否，然后说明你的理由。你必须遵守这条规则！你不能说其他话。,否，因为即使新的女性在某些领域（如吸引力和真诚度）得分较高，但在智力和幽默感两个对您重要性相当（各占20%）的领域上，当前伴侣得分更高。此外，考虑到共同兴趣对你来说无关紧要（权重为0），并且在这一点上两者得分相同，因此换伴侣并不会带来显著提升。,515,536,540,0
假设您是一位 25 岁的男性，职业类型为 assistant master of the universe (otherwise it's too much work)，目前已匹配到一位伴侣。您当前伴侣的得分（满分 10 分）：吸引力：5.0/10，真诚度：9.0/10，智力：8.0/10，幽默感：7.0/10，野心：nan/10，共同兴趣：6.0/10。一位新女性正在向您求爱，其得分为：吸引力：3.0/10，真诚度：3.0/10，智力：9.0/10，幽默度：6.0/10，抱负：9.0/10，共同兴趣：6.0/10。您的重要性权重为：吸引力：70.0，真诚度：0.0，智力：15.0，幽默度：15.0，抱负： 0.0，共同兴趣：0.0。你会为了新女友离开现在的伴侣吗？你的答案必须是或否，然后说明你的理由。你必须遵守这条规则！你不能说其他话。,否，因为根据您的重要性权重，吸引力的比重最高（70.0），而当前伴侣在吸引力上的评分（5.0/10）高于新女性（3.0/10）。其他因素虽然有所不同，但吸引力是您评价中最重要的标准，因此根据您的偏好，留在当前伴侣身边是更合适的选择。,522,552,542,1
假设您是一位 23 岁的男性，职业类型为 Entrepreneur，目前已匹配到一位伴侣。您当前伴侣的得分（满分 10 分）：吸引力：6.0/10，真诚度：8.0/10，智力：8.0/10，幽默感：7.0/10，野心：6.0/10，共同兴趣：7.0/10。一位新女性正在向您求爱，其得分为：吸引力：7.0/10，真诚度：6.0/10，智力：10.0/10，幽默度：7.0/10，抱负：9.0/10，共同兴趣：4.0/10。您的重要性权重为：吸引力：40.0，真诚度：30.0，智力：0.0，幽默度：20.0，抱负： 0.0，共同兴趣：10.0。你会为了新女友离开现在的伴侣吗？你的答案必须是或否，然后说明你的理由。你必须遵守这条规则！你不能说其他话。,否。根据您的重要性权重，您目前伴侣在真诚度和共同兴趣这两个较为重要的方面得分较高（8.0 和 7.0），而新女性在这两方面的得分较低（6.0 和 4.0）。尽管新女性在吸引力和智力上得分较高，但根据您的重要性权重，这些因素的重要性较低，因此建议您不要为了新女友离开现在的伴侣。,516,541,548,0
假设您是一位 23 岁的男性，职业类型为 To go into Finance，目前已匹配到一位伴侣。您当前伴侣的得分（满分 10 分）：吸引力：8.0/10，真诚度：8.0/10，智力：6.0/10，幽默感：7.0/10，野心：7.0/10，共同兴趣：6.0/10。一位新女性正在向您求爱，其得分为：吸引力：2.0/10，真诚度：6.0/10，智力：7.0/10，幽默度：6.0/10，抱负：5.0/10，共同兴趣：4.0/10。您的重要性权重为：吸引力：25.0，真诚度：15.0，智力：20.0，幽默度：20.0，抱负： 10.0，共同兴趣：10.0。你会为了新女友离开现在的伴侣吗？你的答案必须是或否，然后说明你的理由。你必须遵守这条规则！你不能说其他话。,否。根据您给出的重要性权重和两位伴侣的得分，您当前伴侣在吸引力、真诚度、野心和共同兴趣方面均高于新女性，而这些是您更加重视的属性。因此，从逻辑和感情角度来看，留在当前关系中似乎更合适。,525,542,549,1
假设您是一位 29 岁的男性，职业类型为 Finance，目前已匹配到一位伴侣。您当前伴侣的得分（满分 10 分）：吸引力：6.0/10，真诚度：6.0/10，智力：7.0/10，幽默感：6.0/10，野心：6.0/10，共同兴趣：nan/10。一位新女性正在向您求爱，其得分为：吸引力：8.0/10，真诚度：7.0/10，智力：7.0/10，幽默度：7.0/10，抱负：6.0/10，共同兴趣：4.0/10。您的重要性权重为：吸引力：30.0，真诚度：20.0，智力：20.0，幽默度：20.0，抱负： 10.0，共同兴趣：0.0。你会为了新女友离开现在的伴侣吗？你的答案必须是或否，然后说明你的理由。你必须遵守这条规则！你不能说其他话。,是，因为根据分配的权重和新女性的得分，她在吸引力、真诚度、智力以及幽默感方面的得分都高于当前伴侣，这些都是你重视的因素。由于共同兴趣在你的权重中为0，这项较低得分不会影响决定。,518,536,533,1
假设您是一位 26 岁的男性，职业类型为 Academic/ Finance，目前已匹配到一位伴侣。您当前伴侣的得分（满分 10 分）：吸引力：6.0/10，真诚度：9.0/10，智力：8.0/10，幽默感：6.0/10，野心：7.0/10，共同兴趣：7.0/10。一位新女性正在向您求爱，其得分为：吸引力：8.0/10，真诚度：nan/10，智力：8.0/10，幽默度：8.0/10，抱负：nan/10，共同兴趣：7.0/10。您的重要性权重为：吸引力：25.0，真诚度：25.0，智力：25.0，幽默度：13.0，抱负： 12.0，共同兴趣：0.0。你会为了新女友离开现在的伴侣吗？你的答案必须是或否，然后说明你的理由。你必须遵守这条规则！你不能说其他话。,否，因为新女性在真诚度和抱负方面的得分为未知（nan），而这两个方面对你非常重要，各占有25%和12%的权重。当前伴侣在真诚度方面评分较高（9.0/10），这是一项重要的特质，对于建立稳定和信任的长期关系至关重要。,524,533,551,1
假设您是一位 30 岁的男性，职业类型为 Private Equity - Leveraged Buy-Outs，目前已匹配到一位伴侣。您当前伴侣的得分（满分 10 分）：吸引力：5.0/10，真诚度：8.0/10，智力：7.0/10，幽默感：7.0/10，野心：6.0/10，共同兴趣：5.0/10。一位新女性正在向您求爱，其得分为：吸引力：7.0/10，真诚度：7.0/10，智力：8.0/10，幽默度：8.0/10，抱负：5.0/10，共同兴趣：6.0/10。您的重要性权重为：吸引力：25.0，真诚度：20.0，智力：20.0，幽默度：20.0，抱负： 0.0，共同兴趣：15.0。你会为了新女友离开现在的伴侣吗？你的答案必须是或否，然后说明你的理由。你必须遵守这条规则！你不能说其他话。,否。根据您给出的权重和评分，现在的伴侣在真诚度及智力等方面的评分较高，这些是您重视的因素。此外，稳定的关系比潜在的新关系更可取，尤其是当两者在总体评估中相差不大时。,524,547,533,1
假设您是一位 23 岁的男性，职业类型为 Entrepreneur，目前已匹配到一位伴侣。您当前伴侣的得分（满分 10 分）：吸引力：5.0/10，真诚度：6.0/10，智力：5.0/10，幽默感：5.0/10，野心：5.0/10，共同兴趣：6.0/10。一位新女性正在向您求爱，其得分为：吸引力：1.0/10，真诚度：5.0/10，智力：8.0/10，幽默度：5.0/10，抱负：9.0/10，共同兴趣：9.0/10。您的重要性权重为：吸引力：40.0，真诚度：30.0，智力：0.0，幽默度：20.0，抱负： 0.0，共同兴趣：10.0。你会为了新女友离开现在的伴侣吗？你的答案必须是或否，然后说明你的理由。你必须遵守这条规则！你不能说其他话。,否。根据您给出的重要性权重，吸引力（40.0）和真诚度（30.0）在您的选择标准中占据极高的比重，而新女性在这两个方面的得分（吸引力：1.0/10，真诚度：5.0/10）相较于您当前伴侣（吸引力：5.0/10，真诚度：6.0/10）明显较低。尽管她在智力、抱负和共同兴趣方面得分较高，但这些方面的权重在您的评估中不是决定性的。因此，根据您的评分标准，留在当前的伴侣身边是更符合您选择标准的决定。,523,541,544,1
假设您是一位 26 岁的男性，职业类型为 Academic/ Finance，目前已匹配到一位伴侣。您当前伴侣的得分（满分 10 分）：吸引力：4.0/10，真诚度：8.0/10，智力：9.0/10，幽默感：3.0/10，野心：8.0/10，共同兴趣：2.0/10。一位新女性正在向您求爱，其得分为：吸引力：6.0/10，真诚度：8.0/10，智力：8.0/10，幽默度：7.0/10，抱负：7.0/10，共同兴趣：4.0/10。您的重要性权重为：吸引力：25.0，真诚度：25.0，智力：25.0，幽默度：13.0，抱负： 12.0，共同兴趣：0.0。你会为了新女友离开现在的伴侣吗？你的答案必须是或否，然后说明你的理由。你必须遵守这条规则！你不能说其他话。,是。根据给定的得分和权重，新女性在整体得分上高于当前伴侣，并且在吸引力和幽默度两个对你较为重要的方面表现更佳。这可能会导致更满意的关系。,527,533,531,1
假设您是一位 27 岁的男性，职业类型为 Banking，目前已匹配到一位伴侣。您当前伴侣的得分（满分 10 分）：吸引力：6.0/10，真诚度：5.0/10，智力：3.0/10，幽默感：7.0/10，野心：8.0/10，共同兴趣：8.0/10。一位新女性正在向您求爱，其得分为：吸引力：7.0/10，真诚度：7.0/10，智力：7.0/10，幽默度：7.0/10，抱负：7.0/10，共同兴趣：7.0/10。您的重要性权重为：吸引力：40.0，真诚度：20.0，智力：20.0，幽默度：20.0，抱负： 0.0，共同兴趣：0.0。你会为了新女友离开现在的伴侣吗？你的答案必须是或否，然后说明你的理由。你必须遵守这条规则！你不能说其他话。,是。根据您给出的权重和两位女性的得分，新女性在吸引力、真诚度、智力、幽默感的总分更符合您的重要性偏好，且在每个重要性较高的特质上都有更高的评分。,526,551,534,1
假设您是一位 28 岁的男性，职业类型为 General management/consulting，目前已匹配到一位伴侣。您当前伴侣的得分（满分 10 分）：吸引力：4.0/10，真诚度：4.0/10，智力：7.0/10，幽默感：5.0/10，野心：3.0/10，共同兴趣：3.0/10。一位新女性正在向您求爱，其得分为：吸引力：6.0/10，真诚度：8.0/10，智力：6.0/10，幽默度：5.0/10，抱负：8.0/10，共同兴趣：5.0/10。您的重要性权重为：吸引力：20.0，真诚度：20.0，智力：20.0，幽默度：20.0，抱负： 0.0，共同兴趣：20.0。你会为了新女友离开现在的伴侣吗？你的答案必须是或否，然后说明你的理由。你必须遵守这条规则！你不能说其他话。,否，因为根据您的重要性权重评分，您目前的伴侣和新女性的得分非常接近，在虽然新女性在某些方面表现更好，但没有显著差异，尤其是在您视为最重要的几个方面（吸引力、真诚度、智力、幽默度和共同兴趣）她并未提供足够的优势，因此不建议为了新女性离开现伴侣。,511,549,537,1
假设您是一位 24 岁的男性，职业类型为 software engr; network engr，目前已匹配到一位伴侣。您当前伴侣的得分（满分 10 分）：吸引力：5.0/10，真诚度：7.0/10，智力：5.0/10，幽默感：4.0/10，野心：5.0/10，共同兴趣：4.0/10。一位新女性正在向您求爱，其得分为：吸引力：6.0/10，真诚度：6.0/10，智力：6.0/10，幽默度：6.0/10，抱负：6.0/10，共同兴趣：6.0/10。您的重要性权重为：吸引力：30.0，真诚度：30.0，智力：30.0，幽默度：5.0，抱负： 2.0，共同兴趣：3.0。你会为了新女友离开现在的伴侣吗？你的答案必须是或否，然后说明你的理由。你必须遵守这条规则！你不能说其他话。,否。在您的重要性权重中，吸引力、真诚度和智力占比相当高，而当前伴侣在真诚度上的得分高于新女性。这意味着在最重要的领域之一，当前伴侣较为符合您的需求。同时，即使在其他领域新女性得分较高，在进行重大决策、尤其是涉及感情关系的时候，稳定性和对方的真诚度不应被轻易忽视。,529,534,532,1
假设您是一位 24 岁的男性，职业类型为 Research Engineer，目前已匹配到一位伴侣。您当前伴侣的得分（满分 10 分）：吸引力：8.0/10，真诚度：9.0/10，智力：9.0/10，幽默感：7.0/10，野心：6.0/10，共同兴趣：7.0/10。一位新女性正在向您求爱，其得分为：吸引力：7.0/10，真诚度：8.0/10，智力：8.0/10，幽默度：8.0/10，抱负：8.0/10，共同兴趣：5.0/10。您的重要性权重为：吸引力：20.0，真诚度：16.0，智力：16.0，幽默度：17.0，抱负： 16.0，共同兴趣：15.0。你会为了新女友离开现在的伴侣吗？你的答案必须是或否，然后说明你的理由。你必须遵守这条规则！你不能说其他话。,否，原因是根据您设定的重要性权重计算，当前伴侣的总评分高于新女性的总评分，因此换伴侣的潜在收益不高。,522,543,552,1
假设您是一位 25 岁的男性，职业类型为 assistant master of the universe (otherwise it's too much work)，目前已匹配到一位伴侣。您当前伴侣的得分（满分 10 分）：吸引力：4.0/10，真诚度：7.0/10，智力：8.0/10，幽默感：5.0/10，野心：7.0/10，共同兴趣：10.0/10。一位新女性正在向您求爱，其得分为：吸引力：2.0/10，真诚度：7.0/10，智力：9.0/10，幽默度：8.0/10，抱负：7.0/10，共同兴趣：8.0/10。您的重要性权重为：吸引力：70.0，真诚度：0.0，智力：15.0，幽默度：15.0，抱负： 0.0，共同兴趣：0.0。你会为了新女友离开现在的伴侣吗？你的答案必须是或否，然后说明你的理由。你必须遵守这条规则！你不能说其他话。,否。根据您给出的重要性权重，吸引力占您选择伴侣考量的70%，而您当前伴侣在这一项上得分为4.0，新女性的得分仅为2.0，因此根据您的偏好，当前伴侣在此最重要的属性上得分更高。,523,552,541,0
假设您是一位 23 岁的男性，职业类型为 Physician，目前已匹配到一位伴侣。您当前伴侣的得分（满分 10 分）：吸引力：9.0/10，真诚度：9.0/10，智力：9.0/10，幽默感：8.0/10，野心：8.0/10，共同兴趣：8.0/10。一位新女性正在向您求爱，其得分为：吸引力：6.0/10，真诚度：8.0/10，智力：7.0/10，幽默度：7.0/10，抱负：6.0/10，共同兴趣：6.0/10。您的重要性权重为：吸引力：15.0，真诚度：25.0，智力：20.0，幽默度：10.0，抱负： 10.0，共同兴趣：20.0。你会为了新女友离开现在的伴侣吗？你的答案必须是或否，然后说明你的理由。你必须遵守这条规则！你不能说其他话。,否。理由是根据您给出的重要性权重对每位伴侣的得分进行加权计算后，您当前伴侣的综合得分高于新女性的得分，表明她在您看重的属性上表现更好。,524,544,547,1
假设您是一位 30 岁的男性，职业类型为 Finance，目前已匹配到一位伴侣。您当前伴侣的得分（满分 10 分）：吸引力：6.0/10，真诚度：7.0/10，智力：7.0/10，幽默感：6.0/10，野心：8.0/10，共同兴趣：7.0/10。一位新女性正在向您求爱，其得分为：吸引力：5.0/10，真诚度：8.0/10，智力：6.0/10，幽默度：5.0/10，抱负：4.0/10，共同兴趣：4.0/10。您的重要性权重为：吸引力：30.0，真诚度：3.0，智力：30.0，幽默度：30.0，抱负： 3.0，共同兴趣：4.0。你会为了新女友离开现在的伴侣吗？你的答案必须是或否，然后说明你的理由。你必须遵守这条规则！你不能说其他话。,否。根据您的重要性权重，吸引力、智力和幽默感的重要性很高，而现有伴侣在这些方面的得分高于新女性。对于您所认为重要的特质，现有伴侣更适合您的需求。,525,550,542,0
假设您是一位 25 岁的男性，职业类型为 TEACHING，目前已匹配到一位伴侣。您当前伴侣的得分（满分 10 分）：吸引力：4.0/10，真诚度：5.0/10，智力：5.0/10，幽默感：5.0/10，野心：3.0/10，共同兴趣：3.0/10。一位新女性正在向您求爱，其得分为：吸引力：5.0/10，真诚度：10.0/10，智力：10.0/10，幽默度：8.0/10，抱负：10.0/10，共同兴趣：5.0/10。您的重要性权重为：吸引力：15.0，真诚度：30.0，智力：20.0，幽默度：20.0，抱负： 10.0，共同兴趣：5.0。你会为了新女友离开现在的伴侣吗？你的答案必须是或否，然后说明你的理由。你必须遵守这条规则！你不能说其他话。,是，因为根据您的重要性权重，新女性在您更加重视的特质上（真诚度、智力、幽默度）得分更高，这可能意味着与她的关系会更符合您的期待和需求。,511,531,549,1
假设您是一位 30 岁的男性，职业类型为 Finance，目前已匹配到一位伴侣。您当前伴侣的得分（满分 10 分）：吸引力：10.0/10，真诚度：5.0/10，智力：8.0/10，幽默感：6.0/10，野心：9.0/10，共同兴趣：8.0/10。一位新女性正在向您求爱，其得分为：吸引力：4.0/10，真诚度：5.0/10，智力：6.0/10，幽默度：6.0/10，抱负：4.0/10，共同兴趣：4.0/10。您的重要性权重为：吸引力：30.0，真诚度：3.0，智力：30.0，幽默度：30.0，抱负： 3.0，共同兴趣：4.0。你会为了新女友离开现在的伴侣吗？你的答案必须是或否，然后说明你的理由。你必须遵守这条规则！你不能说其他话。,否，因为根据您的重要性权重，现有伴侣在吸引力、智力和幽默感这三个您最看重的领域得分较高，这些都是对您来说较为重要的特质。新女性在这些领域的得分显著低于您现有的伴侣，因此不建议为她离开现有伴侣。,526,550,551,1
假设您是一位 27 岁的男性，职业类型为 Banking，目前已匹配到一位伴侣。您当前伴侣的得分（满分 10 分）：吸引力：3.0/10，真诚度：3.0/10，智力：5.0/10，幽默感：3.0/10，野心：6.0/10，共同兴趣：2.0/10。一位新女性正在向您求爱，其得分为：吸引力：6.0/10，真诚度：6.0/10，智力：6.0/10，幽默度：6.0/10，抱负：6.0/10，共同兴趣：6.0/10。您的重要性权重为：吸引力：40.0，真诚度：20.0，智力：20.0，幽默度：20.0，抱负： 0.0，共同兴趣：0.0。你会为了新女友离开现在的伴侣吗？你的答案必须是或否，然后说明你的理由。你必须遵守这条规则！你不能说其他话。,否，因为基于您的重要性权重，这意味着您最看重的是吸引力、真诚度、智力和幽默。尽管新女性在这些方面得分较高，但在做出改变之前，考虑到稳定性和关系中可能存在的其他价值是重要的。在没有更多背景或感受到当前关系缺乏可修复性的情况下，仅基于评分的提高直接做出改变可能不是最明智的决定。,527,551,533,1
假设您是一位 26 岁的男性，职业类型为 ASIC Engineer，目前已匹配到一位伴侣。您当前伴侣的得分（满分 10 分）：吸引力：8.0/10，真诚度：8.0/10，智力：8.0/10，幽默感：9.0/10，野心：9.0/10，共同兴趣：7.0/10。一位新女性正在向您求爱，其得分为：吸引力：7.0/10，真诚度：8.0/10，智力：8.0/10，幽默度：7.0/10，抱负：8.0/10，共同兴趣：9.0/10。您的重要性权重为：吸引力：25.0，真诚度：20.0，智力：20.0，幽默度：20.0，抱负： 5.0，共同兴趣：10.0。你会为了新女友离开现在的伴侣吗？你的答案必须是或否，然后说明你的理由。你必须遵守这条规则！你不能说其他话。,否，根据您对各个属性的权重和伴侣的评分，当前伴侣在总分上更高，尤其在您比较重视的吸引力、幽默感和野心等方面评分较高。根据这些数据，现伴侣更符合您的偏好。,530,532,539,0
假设您是一位 32 岁的男性，职业类型为 self-made millionare，目前已匹配到一位伴侣。您当前伴侣的得分（满分 10 分）：吸引力：4.0/10，真诚度：5.0/10，智力：8.0/10，幽默感：9.0/10，野心：7.0/10，共同兴趣：3.0/10。一位新女性正在向您求爱，其得分为：吸引力：5.0/10，真诚度：4.0/10，智力：7.0/10，幽默度：4.0/10，抱负：7.0/10，共同兴趣：4.0/10。您的重要性权重为：吸引力：50.0，真诚度：0.0，智力：10.0，幽默度：30.0，抱负： 0.0，共同兴趣：10.0。你会为了新女友离开现在的伴侣吗？你的答案必须是或否，然后说明你的理由。你必须遵守这条规则！你不能说其他话。,否。根据您的重要性权重，幽默感具有较高的优先级，而您当前伴侣在幽默感方面得分为9/10，显著高于新女性的4/10。此外，尽管新女性在吸引力上得分稍高，但您当前伴侣在智力和幽默感方面的较高得分可能更能满足您的个人偏好和需要。,515,538,540,0
假设您是一位 22 岁的男性，职业类型为 Law，目前已匹配到一位伴侣。您当前伴侣的得分（满分 10 分）：吸引力：10.0/10，真诚度：9.0/10，智力：9.0/10，幽默感：8.0/10，野心：7.0/10，共同兴趣：5.0/10。一位新女性正在向您求爱，其得分为：吸引力：6.0/10，真诚度：8.0/10，智力：7.0/10，幽默度：4.0/10，抱负：5.0/10，共同兴趣：5.0/10。您的重要性权重为：吸引力：20.0，真诚度：5.0，智力：25.0，幽默度：25.0，抱负： 5.0，共同兴趣：20.0。你会为了新女友离开现在的伴侣吗？你的答案必须是或否，然后说明你的理由。你必须遵守这条规则！你不能说其他话。,否，因为根据你的重要性权重，现任伴侣在智力、吸引力、真诚度，这些你评价较高的因素上得分明显高于新女性，这说明她更符合你的重要需求。,514,537,546,0
假设您是一位 26 岁的男性，职业类型为 ASIC Engineer，目前已匹配到一位伴侣。您当前伴侣的得分（满分 10 分）：吸引力：10.0/10，真诚度：9.0/10，智力：9.0/10，幽默感：8.0/10，野心：7.0/10，共同兴趣：5.0/10。一位新女性正在向您求爱，其得分为：吸引力：6.0/10，真诚度：8.0/10，智力：8.0/10，幽默度：8.0/10，抱负：5.0/10，共同兴趣：6.0/10。您的重要性权重为：吸引力：25.0，真诚度：20.0，智力：20.0，幽默度：20.0，抱负： 5.0，共同兴趣：10.0。你会为了新女友离开现在的伴侣吗？你的答案必须是或否，然后说明你的理由。你必须遵守这条规则！你不能说其他话。,否。根据权重和得分，现有伴侣在关键属性如吸引力和真诚度上的评分显著高于新女性，这对于长期兼容和幸福感可能更重要。此外，即使共同兴趣分数较低，现有伴侣在总体得分上仍然较高。,514,532,546,0
假设您是一位 25 岁的男性，职业类型为 assistant master of the universe (otherwise it's too much work)，目前已匹配到一位伴侣。您当前伴侣的得分（满分 10 分）：吸引力：6.0/10，真诚度：9.0/10，智力：8.0/10，幽默感：8.0/10，野心：7.0/10，共同兴趣：6.0/10。一位新女性正在向您求爱，其得分为：吸引力：8.0/10，真诚度：7.0/10，智力：8.0/10，幽默度：8.0/10，抱负：nan/10，共同兴趣：nan/10。您的重要性权重为：吸引力：70.0，真诚度：0.0，智力：15.0，幽默度：15.0，抱负： 0.0，共同兴趣：0.0。你会为了新女友离开现在的伴侣吗？你的答案必须是或否，然后说明你的理由。你必须遵守这条规则！你不能说其他话。,否，因为虽然新女性在吸引力方面评分更高，但按照你的权重，吸引力虽占70%，你似乎对共同兴趣和抱负没有明确的要求，而这两项对于长远的关系发展非常重要。当前伴侣在这些方面可能更符合你的长期需要。,524,552,544,0
假设您是一位 25 岁的男性，职业类型为 assistant master of the universe (otherwise it's too much work)，目前已匹配到一位伴侣。您当前伴侣的得分（满分 10 分）：吸引力：6.0/10，真诚度：7.0/10，智力：7.0/10，幽默感：6.0/10，野心：8.0/10，共同兴趣：7.0/10。一位新女性正在向您求爱，其得分为：吸引力：7.0/10，真诚度：5.0/10，智力：5.0/10，幽默度：5.0/10，抱负：6.0/10，共同兴趣：nan/10。您的重要性权重为：吸引力：70.0，真诚度：0.0，智力：15.0，幽默度：15.0，抱负： 0.0，共同兴趣：0.0。你会为了新女友离开现在的伴侣吗？你的答案必须是或否，然后说明你的理由。你必须遵守这条规则！你不能说其他话。,否，因为根据您的重要性权重，吸引力是最关键的因素，尽管新的女性在吸引力上得分更高，但在智力和幽默度这两个也比较重要的方面得分明显低于您当前的伴侣，这意味着整体上她可能不如您现在的伴侣能满足您的需求。,525,552,542,1
假设您是一位 23 岁的男性，职业类型为 To go into Finance，目前已匹配到一位伴侣。您当前伴侣的得分（满分 10 分）：吸引力：5.0/10，真诚度：5.0/10，智力：5.0/10，幽默感：3.0/10，野心：7.0/10，共同兴趣：2.0/10。一位新女性正在向您求爱，其得分为：吸引力：4.0/10，真诚度：5.0/10，智力：7.0/10，幽默度：6.0/10，抱负：4.0/10，共同兴趣：3.0/10。您的重要性权重为：吸引力：25.0，真诚度：15.0，智力：20.0，幽默度：20.0，抱负： 10.0，共同兴趣：10.0。你会为了新女友离开现在的伴侣吗？你的答案必须是或否，然后说明你的理由。你必须遵守这条规则！你不能说其他话。,否。根据您提供的重要性权重，虽然新女性在智力和幽默度方面得分较高，但在您最重视的吸引力方面得分更低，并且在不太重要但仍然有影响的共同兴趣上也并没有显著高于当前伴侣。同时，当前伴侣在野心上的得分显著高于新女性。综合考虑所有因素，从分数上来看，保持当前伴侣似乎是更合适的选择。,526,542,550,1
假设您是一位 22 岁的男性，职业类型为 Law，目前已匹配到一位伴侣。您当前伴侣的得分（满分 10 分）：吸引力：6.0/10，真诚度：8.0/10，智力：8.0/10，幽默感：7.0/10，野心：6.0/10，共同兴趣：7.0/10。一位新女性正在向您求爱，其得分为：吸引力：8.0/10，真诚度：8.0/10，智力：8.0/10，幽默度：6.0/10，抱负：6.0/10，共同兴趣：4.0/10。您的重要性权重为：吸引力：20.0，真诚度：5.0，智力：25.0，幽默度：25.0，抱负： 5.0，共同兴趣：20.0。你会为了新女友离开现在的伴侣吗？你的答案必须是或否，然后说明你的理由。你必须遵守这条规则！你不能说其他话。,否，因为根据您的重要性权重，幽默感和智力最为重要，而您的当前伴侣在这两方面的得分高于新女性。此外，尽管新女性在吸引力上得分较高，但与您的共同兴趣较低，可能会影响长期关系的和谐与满意度。,516,537,548,0
假设您是一位 26 岁的男性，职业类型为 ASIC Engineer，目前已匹配到一位伴侣。您当前伴侣的得分（满分 10 分）：吸引力：4.0/10，真诚度：5.0/10，智力：8.0/10，幽默感：9.0/10，野心：7.0/10，共同兴趣：3.0/10。一位新女性正在向您求爱，其得分为：吸引力：6.0/10，真诚度：6.0/10，智力：5.0/10，幽默度：6.0/10，抱负：4.0/10，共同兴趣：2.0/10。您的重要性权重为：吸引力：25.0，真诚度：20.0，智力：20.0，幽默度：20.0，抱负： 5.0，共同兴趣：10.0。你会为了新女友离开现在的伴侣吗？你的答案必须是或否，然后说明你的理由。你必须遵守这条规则！你不能说其他话。,否，因为根据您的权重重要性，当前伴侣在智力、幽默感等高权重类别中的表现更优越，这些是与您更为重要的特质。尽管新女性在吸引力和真诚度方面有所提高，但在智力、幽默感和野心等对您更重要的方面表现却较差。,515,532,540,1
假设您是一位 24 岁的男性，职业类型为 Academic Work; Consultant，目前已匹配到一位伴侣。您当前伴侣的得分（满分 10 分）：吸引力：6.0/10，真诚度：8.0/10，智力：8.0/10，幽默感：7.0/10，野心：6.0/10，共同兴趣：7.0/10。一位新女性正在向您求爱，其得分为：吸引力：7.0/10，真诚度：5.0/10，智力：5.0/10，幽默度：6.0/10，抱负：5.0/10，共同兴趣：3.0/10。您的重要性权重为：吸引力：20.0，真诚度：15.0，智力：20.0，幽默度：20.0，抱负： 15.0，共同兴趣：10.0。你会为了新女友离开现在的伴侣吗？你的答案必须是或否，然后说明你的理由。你必须遵守这条规则！你不能说其他话。,否。根据您的重要性权重和每位女性的评分，您目前的伴侣在各个对您重要的方面（如真诚度、智力、幽默感和共同兴趣）的得分均较新女性为高，这表明您与现有伴侣的匹配程度更好。,516,540,548,0
假设您是一位 26 岁的男性，职业类型为 Academic/ Finance，目前已匹配到一位伴侣。您当前伴侣的得分（满分 10 分）：吸引力：4.0/10，真诚度：6.0/10，智力：4.0/10，幽默感：5.0/10，野心：4.0/10，共同兴趣：nan/10。一位新女性正在向您求爱，其得分为：吸引力：4.0/10，真诚度：10.0/10，智力：9.0/10，幽默度：7.0/10，抱负：6.0/10，共同兴趣：4.0/10。您的重要性权重为：吸引力：25.0，真诚度：25.0，智力：25.0，幽默度：13.0，抱负： 12.0，共同兴趣：0.0。你会为了新女友离开现在的伴侣吗？你的答案必须是或否，然后说明你的理由。你必须遵守这条规则！你不能说其他话。,是。根据您的重要性权重，新女性在各个对您重要的属性（特别是真诚度和智力，各占到 25.0 的权重）上评分更高，且您对共同兴趣的权重为 0，表明这不是您的优先考虑。因此，新的匹配似乎更能满足您的期望和需求。,529,533,534,1
假设您是一位 30 岁的男性，职业类型为 Finance，目前已匹配到一位伴侣。您当前伴侣的得分（满分 10 分）：吸引力：7.0/10，真诚度：7.0/10，智力：8.0/10，幽默感：8.0/10，野心：8.0/10，共同兴趣：4.0/10。一位新女性正在向您求爱，其得分为：吸引力：5.0/10，真诚度：5.0/10，智力：6.0/10，幽默度：5.0/10，抱负：5.0/10，共同兴趣：4.0/10。您的重要性权重为：吸引力：30.0，真诚度：3.0，智力：30.0，幽默度：30.0，抱负： 3.0，共同兴趣：4.0。你会为了新女友离开现在的伴侣吗？你的答案必须是或否，然后说明你的理由。你必须遵守这条规则！你不能说其他话。,否。基于您提供的权重和评分，当前伴侣在吸引力、真诚度、智力、幽默感和抱负方面的得分均高于新女性。虽然在共同兴趣上二者得分相同，但重要性权重相对较低，不足以影响最终决定。因此，从理性分析来看，留在当前的伴侣身边是更好的选择。,527,550,551,1
假设您是一位 22 岁的男性，职业类型为 Law，目前已匹配到一位伴侣。您当前伴侣的得分（满分 10 分）：吸引力：7.0/10，真诚度：7.0/10，智力：7.0/10，幽默感：7.0/10，野心：6.0/10，共同兴趣：nan/10。一位新女性正在向您求爱，其得分为：吸引力：8.0/10，真诚度：8.0/10，智力：8.0/10，幽默度：8.0/10，抱负：5.0/10，共同兴趣：7.0/10。您的重要性权重为：吸引力：20.0，真诚度：5.0，智力：25.0，幽默度：25.0，抱负： 5.0，共同兴趣：20.0。你会为了新女友离开现在的伴侣吗？你的答案必须是或否，然后说明你的理由。你必须遵守这条规则！你不能说其他话。,否。基于您的评分和权重，您当前的伴侣在智力和幽默感方面符合您的重要性权重，这对您来说是最重要的因素。尽管新女性在这些方面得分略高，但她在野心方面的得分较低，而且对于您来说，建立在共同兴趣和真诚度基础上的关系比单纯的吸引力更为重要。此外，更换伴侣可能带来不确定性和失去现伴侣已建立的深度联系的风险。,518,537,536,1
假设您是一位 32 岁的男性，职业类型为 self-made millionare，目前已匹配到一位伴侣。您当前伴侣的得分（满分 10 分）：吸引力：6.0/10，真诚度：7.0/10，智力：8.0/10，幽默感：6.0/10，野心：7.0/10，共同兴趣：5.0/10。一位新女性正在向您求爱，其得分为：吸引力：6.0/10，真诚度：6.0/10，智力：6.0/10，幽默度：6.0/10，抱负：5.0/10，共同兴趣：5.0/10。您的重要性权重为：吸引力：50.0，真诚度：0.0，智力：10.0，幽默度：30.0，抱负： 0.0，共同兴趣：10.0。你会为了新女友离开现在的伴侣吗？你的答案必须是或否，然后说明你的理由。你必须遵守这条规则！你不能说其他话。,否，根据您设定的重要性权重，您当前伴侣在吸引力（最重要的因素）和幽默感（第三重要的因素）方面与新追求者相等，但在智力方面显著高于新追求者。这表明保留当前伴侣将更符合您的偏好和需求。,522,538,543,0
假设您是一位 27 岁的男性，职业类型为 Banking，目前已匹配到一位伴侣。您当前伴侣的得分（满分 10 分）：吸引力：7.0/10，真诚度：6.0/10，智力：5.0/10，幽默感：5.0/10，野心：5.0/10，共同兴趣：4.0/10。一位新女性正在向您求爱，其得分为：吸引力：5.0/10，真诚度：10.0/10，智力：10.0/10，幽默度：8.0/10，抱负：6.0/10，共同兴趣：5.0/10。您的重要性权重为：吸引力：40.0，真诚度：20.0，智力：20.0，幽默度：20.0，抱负： 0.0，共同兴趣：0.0。你会为了新女友离开现在的伴侣吗？你的答案必须是或否，然后说明你的理由。你必须遵守这条规则！你不能说其他话。,是。根据您的重要性权重，真诚度、智力和幽默感对您来说比吸引力更重要，新女性在这些方面的得分显著高于您当前的伴侣，因此更符合您的重要标准。,529,551,533,1
假设您是一位 26 岁的男性，职业类型为 Academic/ Finance，目前已匹配到一位伴侣。您当前伴侣的得分（满分 10 分）：吸引力：8.0/10，真诚度：8.0/10，智力：8.0/10，幽默感：9.0/10，野心：9.0/10，共同兴趣：7.0/10。一位新女性正在向您求爱，其得分为：吸引力：4.0/10，真诚度：10.0/10，智力：9.0/10，幽默度：5.0/10，抱负：nan/10，共同兴趣：2.0/10。您的重要性权重为：吸引力：25.0，真诚度：25.0，智力：25.0，幽默度：13.0，抱负： 12.0，共同兴趣：0.0。你会为了新女友离开现在的伴侣吗？你的答案必须是或否，然后说明你的理由。你必须遵守这条规则！你不能说其他话。,否。理由是根据您的重要性权重，您当前伴侣在吸引力、真诚度、智力以及幽默感等关键属性上的得分较高，这些对您更重要，所以您当前的伴侣比新女性更符合您的需求。,530,533,539,1
假设您是一位 30 岁的男性，职业类型为 Private Equity - Leveraged Buy-Outs，目前已匹配到一位伴侣。您当前伴侣的得分（满分 10 分）：吸引力：5.0/10，真诚度：7.0/10，智力：5.0/10，幽默感：4.0/10，野心：6.0/10，共同兴趣：3.0/10。一位新女性正在向您求爱，其得分为：吸引力：3.0/10，真诚度：8.0/10，智力：8.0/10，幽默度：5.0/10，抱负：6.0/10，共同兴趣：4.0/10。您的重要性权重为：吸引力：25.0，真诚度：20.0，智力：20.0，幽默度：20.0，抱负： 0.0，共同兴趣：15.0。你会为了新女友离开现在的伴侣吗？你的答案必须是或否，然后说明你的理由。你必须遵守这条规则！你不能说其他话。,否。根据您提供的重要性权重和得分，计算比较后，当前伴侣在重要属性上的总得分高于新女性求爱者。尤其在您最重视的吸引力上，当前伴侣有更高的得分。由此看来，更换伴侣在满足您的需要上并没有显著优势。,530,547,533,0
假设您是一位 24 岁的男性，职业类型为 software engr; network engr，目前已匹配到一位伴侣。您当前伴侣的得分（满分 10 分）：吸引力：5.0/10，真诚度：7.0/10，智力：5.0/10，幽默感：4.0/10，野心：6.0/10，共同兴趣：3.0/10。一位新女性正在向您求爱，其得分为：吸引力：6.0/10，真诚度：6.0/10，智力：6.0/10，幽默度：7.0/10，抱负：5.0/10，共同兴趣：7.0/10。您的重要性权重为：吸引力：30.0，真诚度：30.0，智力：30.0，幽默度：5.0，抱负： 2.0，共同兴趣：3.0。你会为了新女友离开现在的伴侣吗？你的答案必须是或否，然后说明你的理由。你必须遵守这条规则！你不能说其他话。,否，因为当前伴侣在真诚度和智力方面得分较高，而这是你重视的主要因素。尽管新女性在吸引力和幽默度方面得分较高，但在你非常重视的真诚度和智力方面，她的得分并没有明显优势。因此，基于你的重要性权重，留在当前伴侣身边是比较理智的选择。,530,534,533,1
假设您是一位 28 岁的男性，职业类型为 General management/consulting，目前已匹配到一位伴侣。您当前伴侣的得分（满分 10 分）：吸引力：10.0/10，真诚度：9.0/10，智力：9.0/10，幽默感：8.0/10，野心：7.0/10，共同兴趣：5.0/10。一位新女性正在向您求爱，其得分为：吸引力：2.0/10，真诚度：7.0/10，智力：7.0/10，幽默度：8.0/10，抱负：6.0/10，共同兴趣：6.0/10。您的重要性权重为：吸引力：20.0，真诚度：20.0，智力：20.0，幽默度：20.0，抱负： 0.0，共同兴趣：20.0。你会为了新女友离开现在的伴侣吗？你的答案必须是或否，然后说明你的理由。你必须遵守这条规则！你不能说其他话。,否。根据您提供的评分和重要性权重，您当前的伴侣在几乎所有重要的维度上都优于新的追求者，并且已经达到了非常高的等级，尤其是在吸引力和真诚度方面，这两项您评价为最重要的指标。虽然与现有伴侣在共同兴趣上的得分较低，但在其他关键属性上的高分可以弥补这一点，而新追求者在重要的吸引力和真诚度方面的低分可能会对关系的长期满意度和稳定性构成挑战。,514,549,546,1
假设您是一位 29 岁的男性，职业类型为 Finance，目前已匹配到一位伴侣。您当前伴侣的得分（满分 10 分）：吸引力：4.0/10，真诚度：7.0/10，智力：8.0/10，幽默感：5.0/10，野心：7.0/10，共同兴趣：10.0/10。一位新女性正在向您求爱，其得分为：吸引力：4.0/10，真诚度：8.0/10，智力：7.0/10，幽默度：6.0/10，抱负：6.0/10，共同兴趣：3.0/10。您的重要性权重为：吸引力：30.0，真诚度：20.0，智力：20.0，幽默度：20.0，抱负： 10.0，共同兴趣：0.0。你会为了新女友离开现在的伴侣吗？你的答案必须是或否，然后说明你的理由。你必须遵守这条规则！你不能说其他话。,否，因为根据你的重要性权重，现有伴侣在更高权重的属性上（真诚度、智力、幽默度）的得分总体上比新女性得分高，虽然两者在吸引力得分相同，但现有伴侣在你更看重的其他属性上表现更优。,523,536,541,0
假设您是一位 24 岁的男性，职业类型为 Academic Work; Consultant，目前已匹配到一位伴侣。您当前伴侣的得分（满分 10 分）：吸引力：6.0/10，真诚度：9.0/10，智力：6.0/10，幽默感：5.0/10，野心：nan/10，共同兴趣：7.0/10。一位新女性正在向您求爱，其得分为：吸引力：7.0/10，真诚度：6.0/10，智力：6.0/10，幽默度：7.0/10，抱负：7.0/10，共同兴趣：4.0/10。您的重要性权重为：吸引力：20.0，真诚度：15.0，智力：20.0，幽默度：20.0，抱负： 15.0，共同兴趣：10.0。你会为了新女友离开现在的伴侣吗？你的答案必须是或否，然后说明你的理由。你必须遵守这条规则！你不能说其他话。,否。理由是根据您的个人重要性权重来看，真诚度被高度重视，而您当前的伴侣在这方面得分高于新女性。此外，虽然新女性在吸引力和幽默度上得分较高，但您与当前伴侣在共同兴趣上的得分更高，这对于长期关系的稳定和满意度是重要的。此外，尽管抱负在您的权重中也很重要，但没有足够的信息来比较您现有伴侣在这方面的得分（标记为NaN）。综合这些因素，建议不要为了新女性离开现有伴侣。,518,540,537,1
假设您是一位 22 岁的男性，职业类型为 Lawyer，目前已匹配到一位伴侣。您当前伴侣的得分（满分 10 分）：吸引力：6.0/10，真诚度：5.0/10，智力：7.0/10，幽默感：7.0/10，野心：5.0/10，共同兴趣：6.0/10。一位新女性正在向您求爱，其得分为：吸引力：4.0/10，真诚度：8.0/10，智力：10.0/10，幽默度：4.0/10，抱负：10.0/10，共同兴趣：3.0/10。您的重要性权重为：吸引力：30.0，真诚度：10.0，智力：20.0，幽默度：15.0，抱负： 15.0，共同兴趣：10.0。你会为了新女友离开现在的伴侣吗？你的答案必须是或否，然后说明你的理由。你必须遵守这条规则！你不能说其他话。,否。根据您给出的重要性权重，当前伴侣在您看重的吸引力和幽默感上评分较高，这可能导致您与她的亲密感和日常交流更为愉快。尽管新女性在智力和抱负上得分很高，但她在吸引力、幽默感和共同兴趣上的得分较低，可能会在日常生活中导致感情的不协调和兴趣的不共享。,511,539,531,0
假设您是一位 26 岁的男性，职业类型为 Academic/ Finance，目前已匹配到一位伴侣。您当前伴侣的得分（满分 10 分）：吸引力：6.0/10，真诚度：5.0/10，智力：7.0/10，幽默感：7.0/10，野心：5.0/10，共同兴趣：6.0/10。一位新女性正在向您求爱，其得分为：吸引力：6.0/10，真诚度：8.0/10，智力：8.0/10，幽默度：5.0/10，抱负：nan/10，共同兴趣：5.0/10。您的重要性权重为：吸引力：25.0，真诚度：25.0，智力：25.0，幽默度：13.0，抱负： 12.0，共同兴趣：0.0。你会为了新女友离开现在的伴侣吗？你的答案必须是或否，然后说明你的理由。你必须遵守这条规则！你不能说其他话。,是。原因是根据您的重要性权重，真诚度和智力对您而言非常重要，而新女性在这两个方面的得分均高于您当前的伴侣，尽管她在幽默感和共同兴趣方面得分较低。这意味着新女性的总体分数可能更符合您的重要性标准。,511,533,531,1
假设您是一位 32 岁的男性，职业类型为 self-made millionare，目前已匹配到一位伴侣。您当前伴侣的得分（满分 10 分）：吸引力：4.0/10，真诚度：7.0/10，智力：8.0/10，幽默感：5.0/10，野心：7.0/10，共同兴趣：10.0/10。一位新女性正在向您求爱，其得分为：吸引力：4.0/10，真诚度：6.0/10，智力：5.0/10，幽默度：6.0/10，抱负：5.0/10，共同兴趣：5.0/10。您的重要性权重为：吸引力：50.0，真诚度：0.0，智力：10.0，幽默度：30.0，抱负： 0.0，共同兴趣：10.0。你会为了新女友离开现在的伴侣吗？你的答案必须是或否，然后说明你的理由。你必须遵守这条规则！你不能说其他话。,否，因为根据重要性权重，当前伴侣在关键领域（特别是智力和共同兴趣）的得分更高，尽管在吸引力上得分相同，但在其他较重视的领域表现更好。新女性的得分在大多数相比较重要的属性上都低于当前伴侣。,523,538,541,1
假设您是一位 22 岁的男性，职业类型为 Lawyer，目前已匹配到一位伴侣。您当前伴侣的得分（满分 10 分）：吸引力：8.0/10，真诚度：9.0/10，智力：7.0/10，幽默感：6.0/10，野心：5.0/10，共同兴趣：5.0/10。一位新女性正在向您求爱，其得分为：吸引力：3.0/10，真诚度：7.0/10，智力：10.0/10，幽默度：8.0/10，抱负：7.0/10，共同兴趣：6.0/10。您的重要性权重为：吸引力：30.0，真诚度：10.0，智力：20.0，幽默度：15.0，抱负： 15.0，共同兴趣：10.0。你会为了新女友离开现在的伴侣吗？你的答案必须是或否，然后说明你的理由。你必须遵守这条规则！你不能说其他话。,否。根据您提供的重要性权重和每个属性的得分，当前伴侣的综合得分（8.0*30 + 9.0*10 + 7.0*20 + 6.0*15 + 5.0*15 + 5.0*10 = 485）高于新女性的得分（3.0*30 + 7.0*10 + 10.0*20 + 8.0*15 + 7.0*15 + 6.0*10 = 460）。因此，根据您当前的喜好和评分体系，当前伴侣对您而言是更好的选择。,514,539,549,1
假设您是一位 28 岁的男性，职业类型为 General management/consulting，目前已匹配到一位伴侣。您当前伴侣的得分（满分 10 分）：吸引力：4.0/10，真诚度：7.0/10，智力：9.0/10，幽默感：6.0/10，野心：8.0/10，共同兴趣：3.0/10。一位新女性正在向您求爱，其得分为：吸引力：6.0/10，真诚度：7.0/10，智力：7.0/10，幽默度：8.0/10，抱负：7.0/10，共同兴趣：5.0/10。您的重要性权重为：吸引力：20.0，真诚度：20.0，智力：20.0，幽默度：20.0，抱负： 0.0，共同兴趣：20.0。你会为了新女友离开现在的伴侣吗？你的答案必须是或否，然后说明你的理由。你必须遵守这条规则！你不能说其他话。,否。根据指定的重要性权重和评分，尽管新女性在某些领域（如吸引力、幽默感和共同兴趣）的得分较高，现有伴侣在智力和真诚度方面的高分仍然是重要因素，这些是重要性权重相同的领域。总体来看，现有伴侣的整体得分可能更符合长期关系的需求。,515,549,532,1
假设您是一位 29 岁的男性，职业类型为 Finance，目前已匹配到一位伴侣。您当前伴侣的得分（满分 10 分）：吸引力：8.0/10，真诚度：8.0/10，智力：7.0/10，幽默感：7.0/10，野心：8.0/10，共同兴趣：6.0/10。一位新女性正在向您求爱，其得分为：吸引力：5.0/10，真诚度：8.0/10，智力：6.0/10，幽默度：6.0/10，抱负：7.0/10，共同兴趣：3.0/10。您的重要性权重为：吸引力：30.0，真诚度：20.0，智力：20.0，幽默度：20.0，抱负： 10.0，共同兴趣：0.0。你会为了新女友离开现在的伴侣吗？你的答案必须是或否，然后说明你的理由。你必须遵守这条规则！你不能说其他话。,否，因为根据您的重要性权重，现有伴侣在每个较高权重的类别中的得分都比新女性高，这表明她更符合您的首要需求。,525,536,552,0
假设您是一位 29 岁的男性，职业类型为 Finance，目前已匹配到一位伴侣。您当前伴侣的得分（满分 10 分）：吸引力：7.0/10，真诚度：5.0/10，智力：3.0/10，幽默感：3.0/10，野心：7.0/10，共同兴趣：5.0/10。一位新女性正在向您求爱，其得分为：吸引力：4.0/10，真诚度：8.0/10，智力：4.0/10，幽默度：5.0/10，抱负：5.0/10，共同兴趣：3.0/10。您的重要性权重为：吸引力：30.0，真诚度：20.0，智力：20.0，幽默度：20.0，抱负： 10.0，共同兴趣：0.0。你会为了新女友离开现在的伴侣吗？你的答案必须是或否，然后说明你的理由。你必须遵守这条规则！你不能说其他话。,否。根据您的重要性权重，现有伴侣在您更加重视的属性（吸引力、真诚度）上的综合得分较高，更符合您的首要需求。,526,536,542,0
假设您是一位 23 岁的男性，职业类型为 Entrepreneur，目前已匹配到一位伴侣。您当前伴侣的得分（满分 10 分）：吸引力：6.0/10，真诚度：4.0/10，智力：7.0/10，幽默感：6.0/10，野心：6.0/10，共同兴趣：6.0/10。一位新女性正在向您求爱，其得分为：吸引力：5.0/10，真诚度：7.0/10，智力：10.0/10，幽默度：5.0/10，抱负：10.0/10，共同兴趣：5.0/10。您的重要性权重为：吸引力：40.0，真诚度：30.0，智力：0.0，幽默度：20.0，抱负： 0.0，共同兴趣：10.0。你会为了新女友离开现在的伴侣吗？你的答案必须是或否，然后说明你的理由。你必须遵守这条规则！你不能说其他话。,否，因为根据您给出的重要性权重，现有伴侣在您更重视的领域（如吸引力和真诚度）中得分更高。而新女性虽然在智力和抱负上得分高，但这些领域对您而言不是优先考虑的因素。,511,541,533,1
假设您是一位 22 岁的男性，职业类型为 Law，目前已匹配到一位伴侣。您当前伴侣的得分（满分 10 分）：吸引力：5.0/10，真诚度：1.0/10，智力：6.0/10，幽默感：8.0/10，野心：2.0/10，共同兴趣：2.0/10。一位新女性正在向您求爱，其得分为：吸引力：4.0/10，真诚度：8.0/10，智力：8.0/10，幽默度：4.0/10，抱负：5.0/10，共同兴趣：7.0/10。您的重要性权重为：吸引力：20.0，真诚度：5.0，智力：25.0，幽默度：25.0，抱负： 5.0，共同兴趣：20.0。你会为了新女友离开现在的伴侣吗？你的答案必须是或否，然后说明你的理由。你必须遵守这条规则！你不能说其他话。,否，因为尽管新女友在真诚度、智力、抱负和共同兴趣方面的得分较高，但根据你的重要性权重，幽默感的重要性（25.0）和你当前伴侣在这一点上的得分（8.0/10）比新女友的得分要高，这可能对你的幸福感影响更大。此外，吸引力对你来说也相对较重要（20.0权重），而当前伴侣在这方面得分也比新女友高。根据这些权重和得分，保持当前的伴侣可能更符合你的个人喜好和需求。,523,537,538,0
假设您是一位 29 岁的男性，职业类型为 Finance，目前已匹配到一位伴侣。您当前伴侣的得分（满分 10 分）：吸引力：6.0/10，真诚度：7.0/10，智力：10.0/10，幽默感：9.0/10，野心：10.0/10，共同兴趣：5.0/10。一位新女性正在向您求爱，其得分为：吸引力：2.0/10，真诚度：5.0/10，智力：4.0/10，幽默度：1.0/10，抱负：4.0/10，共同兴趣：2.0/10。您的重要性权重为：吸引力：30.0，真诚度：20.0，智力：20.0，幽默度：20.0，抱负： 10.0，共同兴趣：0.0。你会为了新女友离开现在的伴侣吗？你的答案必须是或否，然后说明你的理由。你必须遵守这条规则！你不能说其他话。,否，因为根据您的评分标准和权重，当前伴侣在多数重要属性上的评分明显高于新女性，尤其是在您较为重视的吸引力、智力、真诚度和幽默感上。在这种情况下，保持现有的伴侣关系比转向得分明显较低的新选项更为合适。,514,536,539,1
假设您是一位 30 岁的男性，职业类型为 Private Equity - Leveraged Buy-Outs，目前已匹配到一位伴侣。您当前伴侣的得分（满分 10 分）：吸引力：4.0/10，真诚度：6.0/10，智力：7.0/10，幽默感：6.0/10，野心：6.0/10，共同兴趣：nan/10。一位新女性正在向您求爱，其得分为：吸引力：5.0/10，真诚度：7.0/10，智力：7.0/10，幽默度：5.0/10，抱负：5.0/10，共同兴趣：1.0/10。您的重要性权重为：吸引力：25.0，真诚度：20.0，智力：20.0，幽默度：20.0，抱负： 0.0，共同兴趣：15.0。你会为了新女友离开现在的伴侣吗？你的答案必须是或否，然后说明你的理由。你必须遵守这条规则！你不能说其他话。,否，因为根据您的重要性权重，共同兴趣的比重较高，而新女性在这一点上的分数非常低，这可能会影响您们的长期相处。,515,547,549,0
假设您是一位 22 岁的男性，职业类型为 Lawyer，目前已匹配到一位伴侣。您当前伴侣的得分（满分 10 分）：吸引力：4.0/10，真诚度：6.0/10，智力：7.0/10，幽默感：6.0/10，野心：6.0/10，共同兴趣：nan/10。一位新女性正在向您求爱，其得分为：吸引力：8.0/10，真诚度：5.0/10，智力：8.0/10，幽默度：6.0/10，抱负：5.0/10，共同兴趣：7.0/10。您的重要性权重为：吸引力：30.0，真诚度：10.0，智力：20.0，幽默度：15.0，抱负： 15.0，共同兴趣：10.0。你会为了新女友离开现在的伴侣吗？你的答案必须是或否，然后说明你的理由。你必须遵守这条规则！你不能说其他话。,否。因为在你给出的重要性权重中，虽然新女性在一些方面表现得更好，但在真诚度和抱负方面较低的得分可能影响长期关系的稳定性和满意度，这些方面在你的权重中也被视为重要。此外，即使新女性在共同兴趣上得分较高，对现伴侣的忠诚和所建立的关系应被更高度地重视。,515,539,549,0
假设您是一位 30 岁的男性，职业类型为 Consulting，目前已匹配到一位伴侣。您当前伴侣的得分（满分 10 分）：吸引力：4.0/10，真诚度：6.0/10，智力：7.0/10，幽默感：6.0/10，野心：6.0/10，共同兴趣：nan/10。一位新女性正在向您求爱，其得分为：吸引力：5.0/10，真诚度：5.0/10，智力：5.0/10，幽默度：6.0/10，抱负：8.0/10，共同兴趣：6.0/10。您的重要性权重为：吸引力：35.0，真诚度：10.0，智力：20.0，幽默度：25.0，抱负： 5.0，共同兴趣：5.0。你会为了新女友离开现在的伴侣吗？你的答案必须是或否，然后说明你的理由。你必须遵守这条规则！你不能说其他话。,否，因为根据您提供的重要性权重和两位伴侣的得分，您当前的伴侣在真诚度和智力方面的得分高于新女性，这两个方面在您的权重中相对较高。虽然新女性在吸引力和抱负方面得分较高，但吸引力虽然权重最高，但两者分数差异不大，且在其他更重要的方面，当前伴侣表现更好。,515,546,549,0
假设您是一位 22 岁的男性，职业类型为 Law，目前已匹配到一位伴侣。您当前伴侣的得分（满分 10 分）：吸引力：8.0/10，真诚度：8.0/10，智力：7.0/10，幽默感：7.0/10，野心：8.0/10，共同兴趣：6.0/10。一位新女性正在向您求爱，其得分为：吸引力：5.0/10，真诚度：8.0/10，智力：7.0/10，幽默度：8.0/10，抱负：5.0/10，共同兴趣：4.0/10。您的重要性权重为：吸引力：20.0，真诚度：5.0，智力：25.0，幽默度：25.0，抱负： 5.0，共同兴趣：20.0。你会为了新女友离开现在的伴侣吗？你的答案必须是或否，然后说明你的理由。你必须遵守这条规则！你不能说其他话。,否。根据您给定的重要性权重和两位女性的评分，您现在的伴侣在对您更为重要的领域（如吸引力、智力和幽默感）中得分较高，这意味着她更符合您的偏好。而新女性在共同兴趣和抱负这类您看重较少的方面得分较低，对您的总体满意度影响不大。因此，继续维持现有的关系可能更为合适。,525,537,552,0
假设您是一位 22 岁的男性，职业类型为 Law，目前已匹配到一位伴侣。您当前伴侣的得分（满分 10 分）：吸引力：7.0/10，真诚度：5.0/10，智力：3.0/10，幽默感：3.0/10，野心：7.0/10，共同兴趣：5.0/10。一位新女性正在向您求爱，其得分为：吸引力：6.0/10，真诚度：8.0/10，智力：7.0/10，幽默度：8.0/10，抱负：4.0/10，共同兴趣：2.0/10。您的重要性权重为：吸引力：20.0，真诚度：5.0，智力：25.0，幽默度：25.0，抱负： 5.0，共同兴趣：20.0。你会为了新女友离开现在的伴侣吗？你的答案必须是或否，然后说明你的理由。你必须遵守这条规则！你不能说其他话。,是。理由是新女性在智力和幽默度这两个高权重的维度上得分较高，这对于长期的关系满意度和兼容性可能更为重要。,526,537,542,1
假设您是一位 26 岁的男性，职业类型为 ASIC Engineer，目前已匹配到一位伴侣。您当前伴侣的得分（满分 10 分）：吸引力：3.0/10，真诚度：10.0/10，智力：9.0/10，幽默感：7.0/10，野心：nan/10，共同兴趣：5.0/10。一位新女性正在向您求爱，其得分为：吸引力：8.0/10，真诚度：8.0/10，智力：7.0/10，幽默度：7.0/10，抱负：7.0/10，共同兴趣：5.0/10。您的重要性权重为：吸引力：25.0，真诚度：20.0，智力：20.0，幽默度：20.0，抱负： 5.0，共同兴趣：10.0。你会为了新女友离开现在的伴侣吗？你的答案必须是或否，然后说明你的理由。你必须遵守这条规则！你不能说其他话。,否。虽然新女性在吸引力方面评分较高，但您现有伴侣在真诚度和智力方面的评分更高，这些因素在您的重要性权重中占有重要位置，且总体兼容性评分可能更符合您长期关系的需求。,518,532,540,0
假设您是一位 30 岁的男性，职业类型为 Private Equity - Leveraged Buy-Outs，目前已匹配到一位伴侣。您当前伴侣的得分（满分 10 分）：吸引力：6.0/10，真诚度：8.0/10，智力：8.0/10，幽默感：7.0/10，野心：6.0/10，共同兴趣：7.0/10。一位新女性正在向您求爱，其得分为：吸引力：5.0/10，真诚度：7.0/10，智力：7.0/10，幽默度：5.0/10，抱负：5.0/10，共同兴趣：1.0/10。您的重要性权重为：吸引力：25.0，真诚度：20.0，智力：20.0，幽默度：20.0，抱负： 0.0，共同兴趣：15.0。你会为了新女友离开现在的伴侣吗？你的答案必须是或否，然后说明你的理由。你必须遵守这条规则！你不能说其他话。,否。根据所提供的数据和重要性权重，当前伴侣在各个评价维度上的得分均高于新女性，尤其在您更加重视的属性上（吸引力、真诚度、智力、幽默度）。此外，与当前伴侣的共同兴趣相比，新女性在这一点上得分较低，这意味着与现有伴侣相比较少的共同话题和兴趣。基于这些综合考量，建议不离开现有伴侣。,516,547,548,0
假设您是一位 23 岁的男性，职业类型为 To go into Finance，目前已匹配到一位伴侣。您当前伴侣的得分（满分 10 分）：吸引力：5.0/10，真诚度：1.0/10，智力：6.0/10，幽默感：8.0/10，野心：2.0/10，共同兴趣：2.0/10。一位新女性正在向您求爱，其得分为：吸引力：1.0/10，真诚度：2.0/10，智力：4.0/10，幽默度：6.0/10，抱负：5.0/10，共同兴趣：6.0/10。您的重要性权重为：吸引力：25.0，真诚度：15.0，智力：20.0，幽默度：20.0，抱负： 10.0，共同兴趣：10.0。你会为了新女友离开现在的伴侣吗？你的答案必须是或否，然后说明你的理由。你必须遵守这条规则！你不能说其他话。,否。根据您给出的重要性权重和每位女士的得分，现有伴侣在各项重要特质如吸引力和幽默感等方面得分较高，这些是您看重的特质。而新女性虽然在共同兴趣和抱负方面有一定优势，但在您更为重视的吸引力、真诚度和智力方面得分较低。因此，根据您的偏好和权重，现有伴侣更符合您的要求。,523,542,538,1
假设您是一位 26 岁的男性，职业类型为 Academic/ Finance，目前已匹配到一位伴侣。您当前伴侣的得分（满分 10 分）：吸引力：4.0/10，真诚度：6.0/10，智力：7.0/10，幽默感：6.0/10，野心：6.0/10，共同兴趣：nan/10。一位新女性正在向您求爱，其得分为：吸引力：7.0/10，真诚度：7.0/10，智力：6.0/10，幽默度：6.0/10，抱负：nan/10，共同兴趣：4.0/10。您的重要性权重为：吸引力：25.0，真诚度：25.0，智力：25.0，幽默度：13.0，抱负： 12.0，共同兴趣：0.0。你会为了新女友离开现在的伴侣吗？你的答案必须是或否，然后说明你的理由。你必须遵守这条规则！你不能说其他话。,否，因为虽然新女性在吸引力和真诚度方面得分较高，但你当前伴侣在智力方面得分更高，而此项在你的权重中也极为重要。由于共同兴趣对你来说权重为0，所以这一项的低分并不影响你的总体满意度。整体来看，在重要属性上（吸引力、真诚度、智力），当前伴侣与新女性的总体表现相当。决定是否离开一个伴侣不能仅基于面部比较，应更全面考虑所有重要的个人属性和已经建立的关系基础。,515,533,549,1
假设您是一位 22 岁的男性，职业类型为 Lawyer，目前已匹配到一位伴侣。您当前伴侣的得分（满分 10 分）：吸引力：6.0/10，真诚度：8.0/10，智力：8.0/10，幽默感：7.0/10，野心：6.0/10，共同兴趣：7.0/10。一位新女性正在向您求爱，其得分为：吸引力：9.0/10，真诚度：4.0/10，智力：5.0/10，幽默度：7.0/10，抱负：8.0/10，共同兴趣：9.0/10。您的重要性权重为：吸引力：30.0，真诚度：10.0，智力：20.0，幽默度：15.0，抱负： 15.0，共同兴趣：10.0。你会为了新女友离开现在的伴侣吗？你的答案必须是或否，然后说明你的理由。你必须遵守这条规则！你不能说其他话。,否，因为根据您的重要性权重，当前伴侣在真诚度和智力方面的得分较高，这两者对您而言重要度较高，而新女性在这些领域的表现较差。此外，虽然新女性在吸引力和共同兴趣方面得分较高，但对您而言真诚和智力更为重要，所以建议不要为了新伴侣离开现有的关系。,516,539,548,0
假设您是一位 28 岁的男性，职业类型为 General management/consulting，目前已匹配到一位伴侣。您当前伴侣的得分（满分 10 分）：吸引力：6.0/10，真诚度：8.0/10，智力：8.0/10，幽默感：7.0/10，野心：6.0/10，共同兴趣：7.0/10。一位新女性正在向您求爱，其得分为：吸引力：5.0/10，真诚度：7.0/10，智力：6.0/10，幽默度：6.0/10，抱负：6.0/10，共同兴趣：6.0/10。您的重要性权重为：吸引力：20.0，真诚度：20.0，智力：20.0，幽默度：20.0，抱负： 0.0，共同兴趣：20.0。你会为了新女友离开现在的伴侣吗？你的答案必须是或否，然后说明你的理由。你必须遵守这条规则！你不能说其他话。,否。根据您给出的评分和重要性权重，您当前的伴侣在吸引力、真诚度、智力、幽默感、野心和共同兴趣方面的分数总体上高于新女性。这意味着根据您的评价标准，目前的伴侣更符合您的期望和需求。,516,549,548,0
假设您是一位 30 岁的男性，职业类型为 Private Equity - Leveraged Buy-Outs，目前已匹配到一位伴侣。您当前伴侣的得分（满分 10 分）：吸引力：4.0/10，真诚度：2.0/10，智力：6.0/10，幽默感：5.0/10，野心：2.0/10，共同兴趣：3.0/10。一位新女性正在向您求爱，其得分为：吸引力：4.0/10，真诚度：7.0/10，智力：6.0/10，幽默度：4.0/10，抱负：2.0/10，共同兴趣：1.0/10。您的重要性权重为：吸引力：25.0，真诚度：20.0，智力：20.0，幽默度：20.0，抱负： 0.0，共同兴趣：15.0。你会为了新女友离开现在的伴侣吗？你的答案必须是或否，然后说明你的理由。你必须遵守这条规则！你不能说其他话。,否。根据您给出的重要性权重，虽然新女性在真诚度上比当前伴侣有较大优势，但在共同兴趣方面显著较低，这可能会影响与新伴侣的长期关系满意度。同时，其它方面的得分并不高于或等于当前伴侣，因此换伴并不是最佳选择。,511,547,541,1
假设您是一位 32 岁的男性，职业类型为 self-made millionare，目前已匹配到一位伴侣。您当前伴侣的得分（满分 10 分）：吸引力：6.0/10，真诚度：9.0/10，智力：8.0/10，幽默感：8.0/10，野心：7.0/10，共同兴趣：6.0/10。一位新女性正在向您求爱，其得分为：吸引力：7.0/10，真诚度：7.0/10，智力：6.0/10，幽默度：7.0/10，抱负：6.0/10，共同兴趣：6.0/10。您的重要性权重为：吸引力：50.0，真诚度：0.0，智力：10.0，幽默度：30.0，抱负： 0.0，共同兴趣：10.0。你会为了新女友离开现在的伴侣吗？你的答案必须是或否，然后说明你的理由。你必须遵守这条规则！你不能说其他话。,否，因为按照您给出的重要性权重，您现在的伴侣在您最看重的属性（吸引力和幽默感）上的得分明显高于新女性求爱者。尽管新女性在吸引力上稍高，但在幽默感这一重要属性上，您现伴侣的得分更高，这可能对维护长期关系的愉快感更加重要。,524,538,544,0
假设您是一位 22 岁的男性，职业类型为 Lawyer，目前已匹配到一位伴侣。您当前伴侣的得分（满分 10 分）：吸引力：4.0/10，真诚度：2.0/10，智力：7.0/10，幽默感：8.0/10，野心：nan/10，共同兴趣：4.0/10。一位新女性正在向您求爱，其得分为：吸引力：4.0/10，真诚度：10.0/10，智力：10.0/10，幽默度：8.0/10，抱负：7.0/10，共同兴趣：6.0/10。您的重要性权重为：吸引力：30.0，真诚度：10.0，智力：20.0，幽默度：15.0，抱负： 15.0，共同兴趣：10.0。你会为了新女友离开现在的伴侣吗？你的答案必须是或否，然后说明你的理由。你必须遵守这条规则！你不能说其他话。,是。根据您提供的权重重要性和每项属性的评分，新女性在大多数关键维度上得分较高，特别是在您看重的真诚度和智力上，她都显著优于您当前的伴侣。此外，她在抱负和共同兴趣方面也有更高的评分，这可能意味着与她的关系在未来会更加充实和满足。,523,539,542,1
假设您是一位 32 岁的男性，职业类型为 self-made millionare，目前已匹配到一位伴侣。您当前伴侣的得分（满分 10 分）：吸引力：4.0/10，真诚度：5.0/10，智力：7.0/10，幽默感：8.0/10，野心：6.0/10，共同兴趣：5.0/10。一位新女性正在向您求爱，其得分为：吸引力：3.0/10，真诚度：6.0/10，智力：5.0/10，幽默度：6.0/10，抱负：5.0/10，共同兴趣：4.0/10。您的重要性权重为：吸引力：50.0，真诚度：0.0，智力：10.0，幽默度：30.0，抱负： 0.0，共同兴趣：10.0。你会为了新女友离开现在的伴侣吗？你的答案必须是或否，然后说明你的理由。你必须遵守这条规则！你不能说其他话。,否，因为依据您的重要性权重，您目前的伴侣在您最重视的吸引力和幽默感方面的得分更高，这意味着她更能满足您最关心的需求。而新女性在这些方面的评分较低，故不建议为她离开现有伴侣。,526,538,537,0
假设您是一位 30 岁的男性，职业类型为 Consulting，目前已匹配到一位伴侣。您当前伴侣的得分（满分 10 分）：吸引力：6.0/10，真诚度：8.0/10，智力：8.0/10，幽默感：7.0/10，野心：6.0/10，共同兴趣：7.0/10。一位新女性正在向您求爱，其得分为：吸引力：5.0/10，真诚度：3.0/10，智力：5.0/10，幽默度：6.0/10，抱负：8.0/10，共同兴趣：5.0/10。您的重要性权重为：吸引力：35.0，真诚度：10.0，智力：20.0，幽默度：25.0，抱负： 5.0，共同兴趣：5.0。你会为了新女友离开现在的伴侣吗？你的答案必须是或否，然后说明你的理由。你必须遵守这条规则！你不能说其他话。,否，根据您提供的权重和评分，现在的伴侣在各个方面（尤其是在您较为重视的真诚度、智力和幽默感方面）的整体得分高于新女性，因此，留在当前伴侣身边是更理智的选择。,516,546,548,1
假设您是一位 28 岁的男性，职业类型为 General management/consulting，目前已匹配到一位伴侣。您当前伴侣的得分（满分 10 分）：吸引力：3.0/10，真诚度：10.0/10，智力：9.0/10，幽默感：7.0/10，野心：nan/10，共同兴趣：5.0/10。一位新女性正在向您求爱，其得分为：吸引力：7.0/10，真诚度：7.0/10，智力：8.0/10，幽默度：8.0/10，抱负：7.0/10，共同兴趣：6.0/10。您的重要性权重为：吸引力：20.0，真诚度：20.0，智力：20.0，幽默度：20.0，抱负： 0.0，共同兴趣：20.0。你会为了新女友离开现在的伴侣吗？你的答案必须是或否，然后说明你的理由。你必须遵守这条规则！你不能说其他话。,否，根据您给出的权重和评分，您当前的伴侣在真诚度方面得分最高，这对您来说非常重要。此外，总体评分表明您当前的伴侣在您最看重的方面表现较好，换句话说，即使新伴侣在某些方面如吸引力和幽默感表现更好，但在真诚度和智力上都较低，这可能会影响您与她的长期兼容性和满意程度。,518,549,540,0
假设您是一位 32 岁的男性，职业类型为 self-made millionare，目前已匹配到一位伴侣。您当前伴侣的得分（满分 10 分）：吸引力：6.0/10，真诚度：7.0/10，智力：8.0/10，幽默感：7.0/10，野心：7.0/10，共同兴趣：6.0/10。一位新女性正在向您求爱，其得分为：吸引力：6.0/10，真诚度：3.0/10，智力：5.0/10，幽默度：6.0/10，抱负：5.0/10，共同兴趣：4.0/10。您的重要性权重为：吸引力：50.0，真诚度：0.0，智力：10.0，幽默度：30.0，抱负： 0.0，共同兴趣：10.0。你会为了新女友离开现在的伴侣吗？你的答案必须是或否，然后说明你的理由。你必须遵守这条规则！你不能说其他话。,否，因为根据您的重要性权重，您当前伴侣在吸引力、智力和幽默感等重要方面的评分更高，这对您来说比较重要。而新女性在这些关键方面的得分都较低。,516,538,546,0
假设您是一位 23 岁的男性，职业类型为 Entrepreneur，目前已匹配到一位伴侣。您当前伴侣的得分（满分 10 分）：吸引力：10.0/10，真诚度：10.0/10，智力：7.0/10，幽默感：8.0/10，野心：5.0/10，共同兴趣：5.0/10。一位新女性正在向您求爱，其得分为：吸引力：4.0/10，真诚度：5.0/10，智力：9.0/10，幽默度：7.0/10，抱负：8.0/10，共同兴趣：5.0/10。您的重要性权重为：吸引力：40.0，真诚度：30.0，智力：0.0，幽默度：20.0，抱负： 0.0，共同兴趣：10.0。你会为了新女友离开现在的伴侣吗？你的答案必须是或否，然后说明你的理由。你必须遵守这条规则！你不能说其他话。,否。理由是根据您给出的重要性权重，您当前伴侣在吸引力和真诚度这两个您认为最重要的方面得分很高，这对您而言比较重要。而新女性在这些关键指标上的得分较低。,514,541,536,1
假设您是一位 26 岁的男性，职业类型为 ASIC Engineer，目前已匹配到一位伴侣。您当前伴侣的得分（满分 10 分）：吸引力：6.0/10，真诚度：7.0/10，智力：8.0/10，幽默感：6.0/10，野心：7.0/10，共同兴趣：5.0/10。一位新女性正在向您求爱，其得分为：吸引力：8.0/10，真诚度：8.0/10，智力：8.0/10，幽默度：7.0/10，抱负：8.0/10，共同兴趣：5.0/10。您的重要性权重为：吸引力：25.0，真诚度：20.0，智力：20.0，幽默度：20.0，抱负： 5.0，共同兴趣：10.0。你会为了新女友离开现在的伴侣吗？你的答案必须是或否，然后说明你的理由。你必须遵守这条规则！你不能说其他话。,否，因为根据您提供的评分和权重，尽管新女性在某些方面得分更高，但原则和价值观上更倾向于重视真诚和稳定的关系，而不是仅仅因为高分就更换伴侣。这样长远来看，在维持长期关系的质量和稳定性可能更为明智。,522,532,543,1
假设您是一位 24 岁的男性，职业类型为 Research Engineer，目前已匹配到一位伴侣。您当前伴侣的得分（满分 10 分）：吸引力：7.0/10，真诚度：7.0/10，智力：6.0/10，幽默感：7.0/10，野心：3.0/10，共同兴趣：6.0/10。一位新女性正在向您求爱，其得分为：吸引力：6.0/10，真诚度：8.0/10，智力：8.0/10，幽默度：6.0/10，抱负：8.0/10，共同兴趣：3.0/10。您的重要性权重为：吸引力：20.0，真诚度：16.0，智力：16.0，幽默度：17.0，抱负： 16.0，共同兴趣：15.0。你会为了新女友离开现在的伴侣吗？你的答案必须是或否，然后说明你的理由。你必须遵守这条规则！你不能说其他话。,否，根据您给出的重要性权重，计算两位伴侣的总得分可以看出，当前伴侣的得分较高。因此，根据您设定的标准和权重，您应当留在当前伴侣身边。,511,543,547,0
假设您是一位 28 岁的男性，职业类型为 General management/consulting，目前已匹配到一位伴侣。您当前伴侣的得分（满分 10 分）：吸引力：2.0/10，真诚度：9.0/10，智力：9.0/10，幽默感：3.0/10，野心：9.0/10，共同兴趣：3.0/10。一位新女性正在向您求爱，其得分为：吸引力：6.0/10，真诚度：8.0/10，智力：8.0/10，幽默度：8.0/10，抱负：7.0/10，共同兴趣：5.0/10。您的重要性权重为：吸引力：20.0，真诚度：20.0，智力：20.0，幽默度：20.0，抱负： 0.0，共同兴趣：20.0。你会为了新女友离开现在的伴侣吗？你的答案必须是或否，然后说明你的理由。你必须遵守这条规则！你不能说其他话。,否，理由是尽管新女性在吸引力和幽默感方面得分较高，但您当前的伴侣在真诚度和智力方面得分更高，这是您评价伴侣时同等重要的方面。此外，当前伴侣的野心得分很高，虽然这一点对您不重要，但它反映了一个积极的个性特征。总体来说，尽管新女性在某些方面可能更匹配，但您和现有伴侣在核心价值方面的匹配度更高。,522,549,532,1
假设您是一位 24 岁的男性，职业类型为 Research Engineer，目前已匹配到一位伴侣。您当前伴侣的得分（满分 10 分）：吸引力：4.0/10，真诚度：8.0/10，智力：9.0/10，幽默感：4.0/10，野心：5.0/10，共同兴趣：2.0/10。一位新女性正在向您求爱，其得分为：吸引力：5.0/10，真诚度：7.0/10，智力：7.0/10，幽默度：6.0/10，抱负：7.0/10，共同兴趣：3.0/10。您的重要性权重为：吸引力：20.0，真诚度：16.0，智力：16.0，幽默度：17.0，抱负： 16.0，共同兴趣：15.0。你会为了新女友离开现在的伴侣吗？你的答案必须是或否，然后说明你的理由。你必须遵守这条规则！你不能说其他话。,否。  理由：根据您提供的重要性权重，虽然新女性在某些方面表现优于当前伴侣，但在整体评分上，当前伴侣在智力和真诚度方面的高得分更符合您的评分权重偏好，这两点一共占到总权重的32%。而且，与当前伴侣的智力和真诚度匹配对您可能更重要。尽管新女性在吸引力、幽默度和抱负方面稍微有些优势，这些方面的权重加起来也才占53%，且总分提升并不明显，所以不建议因此结束当前的关系。,514,543,541,0
假设您是一位 32 岁的男性，职业类型为 self-made millionare，目前已匹配到一位伴侣。您当前伴侣的得分（满分 10 分）：吸引力：8.0/10，真诚度：8.0/10，智力：7.0/10，幽默感：7.0/10，野心：8.0/10，共同兴趣：6.0/10。一位新女性正在向您求爱，其得分为：吸引力：3.0/10，真诚度：5.0/10，智力：7.0/10，幽默度：5.0/10，抱负：5.0/10，共同兴趣：4.0/10。您的重要性权重为：吸引力：50.0，真诚度：0.0，智力：10.0，幽默度：30.0，抱负： 0.0，共同兴趣：10.0。你会为了新女友离开现在的伴侣吗？你的答案必须是或否，然后说明你的理由。你必须遵守这条规则！你不能说其他话。,否，因为基于您设定的重要性权重，当前伴侣在吸引力和幽默度两个最重要的因素上得分显著高于新女性，而这两个因素占您考量的80%权重。,525,538,552,0
假设您是一位 25 岁的男性，职业类型为 TEACHING，目前已匹配到一位伴侣。您当前伴侣的得分（满分 10 分）：吸引力：4.0/10，真诚度：8.0/10，智力：9.0/10，幽默感：4.0/10，野心：5.0/10，共同兴趣：2.0/10。一位新女性正在向您求爱，其得分为：吸引力：5.0/10，真诚度：10.0/10，智力：10.0/10，幽默度：8.0/10，抱负：10.0/10，共同兴趣：5.0/10。您的重要性权重为：吸引力：15.0，真诚度：30.0，智力：20.0，幽默度：20.0，抱负： 10.0，共同兴趣：5.0。你会为了新女友离开现在的伴侣吗？你的答案必须是或否，然后说明你的理由。你必须遵守这条规则！你不能说其他话。,是。根据您给出的重要性权重和每位伴侣的得分，新女性在几乎所有您重视的方面得分更高，特别是在真诚度、智力、幽默度和抱负等您较为重视的特质上。这表明与新女性可能会更加符合您的期待和需求。,514,531,541,1
假设您是一位 30 岁的男性，职业类型为 Management，目前已匹配到一位伴侣。您当前伴侣的得分（满分 10 分）：吸引力：4.0/10，真诚度：5.0/10，智力：7.0/10，幽默感：5.0/10，野心：6.0/10，共同兴趣：3.0/10。一位新女性正在向您求爱，其得分为：吸引力：7.0/10，真诚度：7.0/10，智力：5.0/10，幽默度：3.0/10，抱负：3.0/10，共同兴趣：3.0/10。您的重要性权重为：吸引力：40.0，真诚度：10.0，智力：20.0，幽默度：10.0，抱负： 0.0，共同兴趣：20.0。你会为了新女友离开现在的伴侣吗？你的答案必须是或否，然后说明你的理由。你必须遵守这条规则！你不能说其他话。,否。根据给定的重要性权重，当前伴侣在智力（占分较高）和真诚度（尽管权重较低）方面的得分较高，这些在您的价值体系中似乎更为重要。虽然新女性在吸引力上得分高，但节目重要性权重最大的吸引力仍然不能完全弥补在共同兴趣、智力和幽默感等其他重要方面的较低得分。,515,548,533,0
假设您是一位 30 岁的男性，职业类型为 Management，目前已匹配到一位伴侣。您当前伴侣的得分（满分 10 分）：吸引力：9.0/10，真诚度：9.0/10，智力：9.0/10，幽默感：8.0/10，野心：nan/10，共同兴趣：7.0/10。一位新女性正在向您求爱，其得分为：吸引力：4.0/10，真诚度：4.0/10，智力：7.0/10，幽默度：1.0/10，抱负：7.0/10，共同兴趣：1.0/10。您的重要性权重为：吸引力：40.0，真诚度：10.0，智力：20.0，幽默度：10.0，抱负： 0.0，共同兴趣：20.0。你会为了新女友离开现在的伴侣吗？你的答案必须是或否，然后说明你的理由。你必须遵守这条规则！你不能说其他话。,否，因为根据您的重要性权重，当前伴侣在各个重要方面的得分明显高于新女性，包括吸引力、真诚度以及幽默感，这些都是您认为重要的特质。,522,548,549,1
假设您是一位 23 岁的男性，职业类型为 Entrepreneur，目前已匹配到一位伴侣。您当前伴侣的得分（满分 10 分）：吸引力：5.0/10，真诚度：6.0/10，智力：5.0/10，幽默感：4.0/10，野心：nan/10，共同兴趣：2.0/10。一位新女性正在向您求爱，其得分为：吸引力：7.0/10，真诚度：6.0/10，智力：9.0/10，幽默度：8.0/10，抱负：8.0/10，共同兴趣：6.0/10。您的重要性权重为：吸引力：40.0，真诚度：30.0，智力：0.0，幽默度：20.0，抱负： 0.0，共同兴趣：10.0。你会为了新女友离开现在的伴侣吗？你的答案必须是或否，然后说明你的理由。你必须遵守这条规则！你不能说其他话。,否。  根据您提供的重要性权重，您目前的伴侣在对您最为重要的两个方面（吸引力和真诚度）表现得合格，尽管在其他方面得分较低。而新的女性虽在多数方面得分较高，但根据您的重要性权重，除了吸引力外，其他提高的领域无法显著影响您的整体满意度。,522,541,548,0
假设您是一位 32 岁的男性，职业类型为 self-made millionare，目前已匹配到一位伴侣。您当前伴侣的得分（满分 10 分）：吸引力：4.0/10，真诚度：4.0/10，智力：5.0/10，幽默感：4.0/10，野心：7.0/10，共同兴趣：2.0/10。一位新女性正在向您求爱，其得分为：吸引力：4.0/10，真诚度：4.0/10，智力：5.0/10，幽默度：3.0/10，抱负：4.0/10，共同兴趣：3.0/10。您的重要性权重为：吸引力：50.0，真诚度：0.0，智力：10.0，幽默度：30.0，抱负： 0.0，共同兴趣：10.0。你会为了新女友离开现在的伴侣吗？你的答案必须是或否，然后说明你的理由。你必须遵守这条规则！你不能说其他话。,否，根据你给出的重要性权重，你现在的伴侣在吸引力、幽默感、和共同兴趣上的得分总和高于新女性求爱者。这些是你更加看重的属性，因此换伴侣并不是更好的选择。,527,538,550,1
假设您是一位 23 岁的男性，职业类型为 Entrepreneur，目前已匹配到一位伴侣。您当前伴侣的得分（满分 10 分）：吸引力：6.0/10，真诚度：9.0/10，智力：8.0/10，幽默感：8.0/10，野心：7.0/10，共同兴趣：6.0/10。一位新女性正在向您求爱，其得分为：吸引力：7.0/10，真诚度：8.0/10，智力：9.0/10，幽默度：8.0/10，抱负：7.0/10，共同兴趣：8.0/10。您的重要性权重为：吸引力：40.0，真诚度：30.0，智力：0.0，幽默度：20.0，抱负： 0.0，共同兴趣：10.0。你会为了新女友离开现在的伴侣吗？你的答案必须是或否，然后说明你的理由。你必须遵守这条规则！你不能说其他话。,否。根据您的重要性权重，现在的伴侣在真诚度和幽默感的评分较高，这两项对您来说非常重要。虽然新女性在吸引力和共同兴趣方面得分较高，但真诚度对您的重要性更高，因此建议您留在现在的伴侣身边。,524,541,544,0
假设您是一位 30 岁的男性，职业类型为 Finance，目前已匹配到一位伴侣。您当前伴侣的得分（满分 10 分）：吸引力：7.0/10，真诚度：7.0/10，智力：6.0/10，幽默感：7.0/10，野心：3.0/10，共同兴趣：6.0/10。一位新女性正在向您求爱，其得分为：吸引力：5.0/10，真诚度：4.0/10，智力：5.0/10，幽默度：5.0/10，抱负：5.0/10，共同兴趣：4.0/10。您的重要性权重为：吸引力：30.0，真诚度：3.0，智力：30.0，幽默度：30.0，抱负： 3.0，共同兴趣：4.0。你会为了新女友离开现在的伴侣吗？你的答案必须是或否，然后说明你的理由。你必须遵守这条规则！你不能说其他话。,否，因为根据您的重要性权重以及两位伴侣的评分，当前伴侣在吸引力、真诚度、智力、幽默感等您认为较为重要的方面表现优于新女性。您的满意度可能会更高，并且与当前伴侣的兼容性更佳。,511,550,547,0
假设您是一位 23 岁的男性，职业类型为 To go into Finance，目前已匹配到一位伴侣。您当前伴侣的得分（满分 10 分）：吸引力：5.0/10，真诚度：7.0/10，智力：5.0/10，幽默感：4.0/10，野心：4.0/10，共同兴趣：4.0/10。一位新女性正在向您求爱，其得分为：吸引力：1.0/10，真诚度：6.0/10，智力：5.0/10，幽默度：4.0/10，抱负：3.0/10，共同兴趣：5.0/10。您的重要性权重为：吸引力：25.0，真诚度：15.0，智力：20.0，幽默度：20.0，抱负： 10.0，共同兴趣：10.0。你会为了新女友离开现在的伴侣吗？你的答案必须是或否，然后说明你的理由。你必须遵守这条规则！你不能说其他话。,否，根据您给出的权重和分数，当前伴侣在多数重要方面的得分高于新女性，特别是在您更为重视的吸引力和真诚度方面。,529,542,551,1
假设您是一位 27 岁的男性，职业类型为 Banking，目前已匹配到一位伴侣。您当前伴侣的得分（满分 10 分）：吸引力：7.0/10，真诚度：8.0/10，智力：8.0/10，幽默感：9.0/10，野心：8.0/10，共同兴趣：8.0/10。一位新女性正在向您求爱，其得分为：吸引力：4.0/10，真诚度：9.0/10，智力：9.0/10，幽默度：7.0/10，抱负：7.0/10，共同兴趣：6.0/10。您的重要性权重为：吸引力：40.0，真诚度：20.0，智力：20.0，幽默度：20.0，抱负： 0.0，共同兴趣：0.0。你会为了新女友离开现在的伴侣吗？你的答案必须是或否，然后说明你的理由。你必须遵守这条规则！你不能说其他话。,否。  根据您提供的重要性权重，您现在的伴侣在吸引力方面得7分，这是您最看重的品质（权重为40.0%），而新女性仅得4分。现有伴侣在其他重要方面如真诚度、智力和幽默感均得分较高或相等，这些也是您较为重视的特质。因此，基于您的评分和权重，现伴侣整体符合您的期望更多。,530,551,534,1
假设您是一位 23 岁的男性，职业类型为 Entrepreneur，目前已匹配到一位伴侣。您当前伴侣的得分（满分 10 分）：吸引力：6.0/10，真诚度：6.0/10，智力：8.0/10，幽默感：9.0/10，野心：8.0/10，共同兴趣：5.0/10。一位新女性正在向您求爱，其得分为：吸引力：4.0/10，真诚度：9.0/10，智力：8.0/10，幽默度：6.0/10，抱负：7.0/10，共同兴趣：5.0/10。您的重要性权重为：吸引力：40.0，真诚度：30.0，智力：0.0，幽默度：20.0，抱负： 0.0，共同兴趣：10.0。你会为了新女友离开现在的伴侣吗？你的答案必须是或否，然后说明你的理由。你必须遵守这条规则！你不能说其他话。,否。因为根据您的重要性权重，当前伴侣在吸引力和幽默感两个您最重视的方面得分更高，这表明您与当前伴侣的相容性更强。而新女性在真诚度得分较高，但在您最看重的吸引力方面得分较低，因此换伴侣可能不会使您更满意。,527,541,538,0
假设您是一位 24 岁的男性，职业类型为 software engr; network engr，目前已匹配到一位伴侣。您当前伴侣的得分（满分 10 分）：吸引力：5.0/10，真诚度：6.0/10，智力：6.0/10，幽默感：6.0/10，野心：6.0/10，共同兴趣：2.0/10。一位新女性正在向您求爱，其得分为：吸引力：7.0/10，真诚度：7.0/10，智力：8.0/10，幽默度：7.0/10，抱负：8.0/10，共同兴趣：7.0/10。您的重要性权重为：吸引力：30.0，真诚度：30.0，智力：30.0，幽默度：5.0，抱负： 2.0，共同兴趣：3.0。你会为了新女友离开现在的伴侣吗？你的答案必须是或否，然后说明你的理由。你必须遵守这条规则！你不能说其他话。,否。虽然新女性在各方面的评分都高于当前伴侣，但根据您的权重重要性，其中最重要的三个方面（吸引力、真诚度和智力）只有略微的提高，而对于幽默感、抱负和共同兴趣的权重很低，这意味着在您评估关系时，这些方面的提升不会太影响您的满意度。考虑到关系的稳定性和真诚度的重要性，跳槽到一个新关系的风险似乎较高。,514,534,531,0
假设您是一位 23 岁的男性，职业类型为 Entrepreneur，目前已匹配到一位伴侣。您当前伴侣的得分（满分 10 分）：吸引力：3.0/10，真诚度：10.0/10，智力：9.0/10，幽默感：7.0/10，野心：nan/10，共同兴趣：5.0/10。一位新女性正在向您求爱，其得分为：吸引力：6.0/10，真诚度：7.0/10，智力：6.0/10，幽默度：8.0/10，抱负：6.0/10，共同兴趣：4.0/10。您的重要性权重为：吸引力：40.0，真诚度：30.0，智力：0.0，幽默度：20.0，抱负： 0.0，共同兴趣：10.0。你会为了新女友离开现在的伴侣吗？你的答案必须是或否，然后说明你的理由。你必须遵守这条规则！你不能说其他话。,否。  原因：根据给出的重要性权重，你的现伴侣在吸引力（虽然较低但不是唯一决定性因素）、真诚度（最高分、并且对你来说很重要）、智力和幽默度的总分较高，这些都是对你来说较为重要的方面。虽然新女性在吸引力上有较高的评分，但在你极其重视的真诚度上较低。因此，考虑长期关系的稳定和深度，留在当前伴侣身边是更理智的选择。,518,541,540,1
假设您是一位 26 岁的男性，职业类型为 ASIC Engineer，目前已匹配到一位伴侣。您当前伴侣的得分（满分 10 分）：吸引力：4.0/10，真诚度：5.0/10，智力：7.0/10，幽默感：8.0/10，野心：6.0/10，共同兴趣：5.0/10。一位新女性正在向您求爱，其得分为：吸引力：6.0/10，真诚度：7.0/10，智力：8.0/10，幽默度：7.0/10，抱负：6.0/10，共同兴趣：5.0/10。您的重要性权重为：吸引力：25.0，真诚度：20.0，智力：20.0，幽默度：20.0，抱负： 5.0，共同兴趣：10.0。你会为了新女友离开现在的伴侣吗？你的答案必须是或否，然后说明你的理由。你必须遵守这条规则！你不能说其他话。,否，因为仅基于分数和权重判定关系的长期可行性和满意度是不够的，需要更深入地了解情感连接、信任以及两人在现实生活中的互动。仅凭数字评估可能忽略了现有关系中的深层次元素。,526,532,537,1
假设您是一位 30 岁的男性，职业类型为 Finance，目前已匹配到一位伴侣。您当前伴侣的得分（满分 10 分）：吸引力：5.0/10，真诚度：6.0/10，智力：6.0/10，幽默感：6.0/10，野心：6.0/10，共同兴趣：2.0/10。一位新女性正在向您求爱，其得分为：吸引力：4.0/10，真诚度：5.0/10，智力：5.0/10，幽默度：8.0/10，抱负：5.0/10，共同兴趣：4.0/10。您的重要性权重为：吸引力：30.0，真诚度：3.0，智力：30.0，幽默度：30.0，抱负： 3.0，共同兴趣：4.0。你会为了新女友离开现在的伴侣吗？你的答案必须是或否，然后说明你的理由。你必须遵守这条规则！你不能说其他话。,否，根据您给定的重要性权重，尽管新女性在幽默感方面得分较高，但在您更加重视的吸引力和智力方面得分较低。这表明与您当前的伴侣相比，新女性在您最看重的特质上不具备优势。因此，根据您的评分标准和权重，换伴侣似乎不是最佳选择。,514,550,531,1
假设您是一位 24 岁的男性，职业类型为 Research Engineer，目前已匹配到一位伴侣。您当前伴侣的得分（满分 10 分）：吸引力：4.0/10，真诚度：5.0/10，智力：7.0/10，幽默感：5.0/10，野心：6.0/10，共同兴趣：3.0/10。一位新女性正在向您求爱，其得分为：吸引力：8.0/10，真诚度：8.0/10，智力：7.0/10，幽默度：7.0/10，抱负：8.0/10，共同兴趣：3.0/10。您的重要性权重为：吸引力：20.0，真诚度：16.0，智力：16.0，幽默度：17.0，抱负： 16.0，共同兴趣：15.0。你会为了新女友离开现在的伴侣吗？你的答案必须是或否，然后说明你的理由。你必须遵守这条规则！你不能说其他话。,是，因为新女性在吸引力、真诚度、幽默感和抱负方面的得分显著高于当前伴侣，这些方面也是您较为重视的，而在您较为重视的智力和共同兴趣方面得分相等。因此，根据您的重要性权重和两位伴侣的得分，新女性更符合您的重要期望。,515,543,533,1
假设您是一位 28 岁的男性，职业类型为 General management/consulting，目前已匹配到一位伴侣。您当前伴侣的得分（满分 10 分）：吸引力：3.0/10，真诚度：4.0/10，智力：6.0/10，幽默感：5.0/10，野心：7.0/10，共同兴趣：6.0/10。一位新女性正在向您求爱，其得分为：吸引力：3.0/10，真诚度：7.0/10，智力：6.0/10，幽默度：8.0/10，抱负：9.0/10，共同兴趣：5.0/10。您的重要性权重为：吸引力：20.0，真诚度：20.0，智力：20.0，幽默度：20.0，抱负： 0.0，共同兴趣：20.0。你会为了新女友离开现在的伴侣吗？你的答案必须是或否，然后说明你的理由。你必须遵守这条规则！你不能说其他话。,否。根据您提供的重要性权重和两位伴侣的评分，新女性在真诚度、幽默感和野心方面的得分较高，但由于您的野心权重为0，这一优势并不重要。您对吸引力、真诚度、智力、幽默感和共同兴趣的评分权重较高，并且您当前伴侣在共同兴趣方面得分较高，这对您来说可能更重要。因此，综合考虑所有因素，建议您不要为了新女性离开现在的伴侣。,523,549,539,0
假设您是一位 25 岁的男性，职业类型为 TEACHING，目前已匹配到一位伴侣。您当前伴侣的得分（满分 10 分）：吸引力：6.0/10，真诚度：7.0/10，智力：8.0/10，幽默感：7.0/10，野心：7.0/10，共同兴趣：6.0/10。一位新女性正在向您求爱，其得分为：吸引力：10.0/10，真诚度：8.0/10，智力：10.0/10，幽默度：10.0/10，抱负：10.0/10，共同兴趣：5.0/10。您的重要性权重为：吸引力：15.0，真诚度：30.0，智力：20.0，幽默度：20.0，抱负： 10.0，共同兴趣：5.0。你会为了新女友离开现在的伴侣吗？你的答案必须是或否，然后说明你的理由。你必须遵守这条规则！你不能说其他话。,否，因为尽管新女性在多数评分项上得分较高，但在你对真诚度和共同兴趣这两个权重较高的方面，新女性的得分并没有显著优于现有伴侣，特别是在共同兴趣上得分较低，这可能会影响长期关系的稳定和满意度。而真诚度方面，虽然有小幅提高，但总体上看，这种差异可能不足以支撑做出改变现有伴侣的决定。,516,531,546,1
假设您是一位 28 岁的男性，职业类型为 General management/consulting，目前已匹配到一位伴侣。您当前伴侣的得分（满分 10 分）：吸引力：3.0/10，真诚度：7.0/10，智力：7.0/10，幽默感：1.0/10，野心：1.0/10，共同兴趣：3.0/10。一位新女性正在向您求爱，其得分为：吸引力：2.0/10，真诚度：7.0/10，智力：7.0/10，幽默度：8.0/10，抱负：7.0/10，共同兴趣：6.0/10。您的重要性权重为：吸引力：20.0，真诚度：20.0，智力：20.0，幽默度：20.0，抱负： 0.0，共同兴趣：20.0。你会为了新女友离开现在的伴侣吗？你的答案必须是或否，然后说明你的理由。你必须遵守这条规则！你不能说其他话。,否。根据您给出的重要性权重和各项分数，现有伴侣在吸引力、真诚度和智力上的分数满足您的需求，而新女性在幽默感和共同兴趣上得分较高。然而，由于您对抱负的权重为0，这表明抱负对您的重要性不高，因此新女性在该项上的高分并不能对您的决定造成影响。整体而言，虽然新女性在某些方面得分更高，但就您给出的权重和分数来看，现有伴侣在关键方面仍能满足您的核心需求。,526,549,532,0
假设您是一位 22 岁的男性，职业类型为 Law，目前已匹配到一位伴侣。您当前伴侣的得分（满分 10 分）：吸引力：6.0/10，真诚度：6.0/10，智力：8.0/10，幽默感：9.0/10，野心：8.0/10，共同兴趣：5.0/10。一位新女性正在向您求爱，其得分为：吸引力：5.0/10，真诚度：7.0/10，智力：7.0/10，幽默度：7.0/10，抱负：4.0/10，共同兴趣：2.0/10。您的重要性权重为：吸引力：20.0，真诚度：5.0，智力：25.0，幽默度：25.0，抱负： 5.0，共同兴趣：20.0。你会为了新女友离开现在的伴侣吗？你的答案必须是或否，然后说明你的理由。你必须遵守这条规则！你不能说其他话。,否，因为根据您的重要性权重和每项评分，您现在的伴侣总体得分高于新女性求爱者。您现有伴侣在幽默感和智力方面的高分，这两个方面您给予最高的权重，增加了她的总体吸引力。相比之下，新女性在这些您视为最重要的特质上得分较低。此外，新女性在共同兴趣上的得分较低，这是您相当重视的一方面。因此，基于分数和权重来看，在满足您的需求和偏好方面，当前的伴侣更为合适。,527,537,538,1
假设您是一位 24 岁的男性，职业类型为 Academic Work; Consultant，目前已匹配到一位伴侣。您当前伴侣的得分（满分 10 分）：吸引力：5.0/10，真诚度：6.0/10，智力：5.0/10，幽默感：4.0/10，野心：nan/10，共同兴趣：2.0/10。一位新女性正在向您求爱，其得分为：吸引力：6.0/10，真诚度：7.0/10，智力：8.0/10，幽默度：7.0/10，抱负：5.0/10，共同兴趣：3.0/10。您的重要性权重为：吸引力：20.0，真诚度：15.0，智力：20.0，幽默度：20.0，抱负： 15.0，共同兴趣：10.0。你会为了新女友离开现在的伴侣吗？你的答案必须是或否，然后说明你的理由。你必须遵守这条规则！你不能说其他话。,否，因为仅基于得分和权重的计算来决定是否结束一段关系可能忽略了伴侣关系中的深度、情感和历史背景。此外，野心的得分缺失也可能影响整体评估。正确的决策应基于更全面和深入的了解。,522,540,548,1
假设您是一位 30 岁的男性，职业类型为 Consulting，目前已匹配到一位伴侣。您当前伴侣的得分（满分 10 分）：吸引力：3.0/10，真诚度：4.0/10，智力：6.0/10，幽默感：5.0/10，野心：7.0/10，共同兴趣：6.0/10。一位新女性正在向您求爱，其得分为：吸引力：6.0/10，真诚度：5.0/10，智力：5.0/10，幽默度：6.0/10，抱负：6.0/10，共同兴趣：6.0/10。您的重要性权重为：吸引力：35.0，真诚度：10.0，智力：20.0，幽默度：25.0，抱负： 5.0，共同兴趣：5.0。你会为了新女友离开现在的伴侣吗？你的答案必须是或否，然后说明你的理由。你必须遵守这条规则！你不能说其他话。,否，新女性虽然在吸引力和幽默感上得分较高，但在真诚度和智力上的得分较低，这与您给予真诚度和智力的重要性权重相比，可能在长期关系中导致不满足。您目前的伴侣虽然在某些区域得分不高，但在野心和共同兴趣（虽然权重较低）上有较好的表现，可能更适合长期的伴侣。,523,546,539,0
假设您是一位 26 岁的男性，职业类型为 Academic/ Finance，目前已匹配到一位伴侣。您当前伴侣的得分（满分 10 分）：吸引力：6.0/10，真诚度：7.0/10，智力：8.0/10，幽默感：7.0/10，野心：8.0/10，共同兴趣：6.0/10。一位新女性正在向您求爱，其得分为：吸引力：7.0/10，真诚度：8.0/10，智力：5.0/10，幽默度：5.0/10，抱负：nan/10，共同兴趣：nan/10。您的重要性权重为：吸引力：25.0，真诚度：25.0，智力：25.0，幽默度：13.0，抱负： 12.0，共同兴趣：0.0。你会为了新女友离开现在的伴侣吗？你的答案必须是或否，然后说明你的理由。你必须遵守这条规则！你不能说其他话。,否。根据你的重要性权重，现任伴侣在智力和野心上的评分较高，这些对你来说很重要。新女性在智力和幽默度上的评分较低，这可能会影响你们的长期兼容性。,516,533,531,0
假设您是一位 24 岁的男性，职业类型为 software engr; network engr，目前已匹配到一位伴侣。您当前伴侣的得分（满分 10 分）：吸引力：5.0/10，真诚度：6.0/10，智力：7.0/10，幽默感：8.0/10，野心：7.0/10，共同兴趣：nan/10。一位新女性正在向您求爱，其得分为：吸引力：7.0/10，真诚度：8.0/10，智力：7.0/10，幽默度：7.0/10，抱负：8.0/10，共同兴趣：7.0/10。您的重要性权重为：吸引力：30.0，真诚度：30.0，智力：30.0，幽默度：5.0，抱负： 2.0，共同兴趣：3.0。你会为了新女友离开现在的伴侣吗？你的答案必须是或否，然后说明你的理由。你必须遵守这条规则！你不能说其他话。,否。理由是根据个人设定的重要性权重，您对真诚度和吸引力的重视度较高，而这两项新女性的评分均高于当前伴侣，但您当前伴侣在幽默感方面的评分更高，这在您的权重设定中虽然占比较小，但也可能对您的生活满意度有重要影响。更重要的是，我们不仅仅以数字评分作为决定人际关系的依据，真诚和情感投入的质量也极其重要。当前伴侣的关系可能更加稳定和深入。此外，对共同兴趣的评分在您的权重中虽然最低，但它仍会影响日常互动的合拍感。由于您当前伴侣的该项数据缺失，相比之下新的匹配在已知信息上可能看似更完备，但更换伴侣基于表面的数字评比可能带来风险和不确定性。,515,534,543,1
假设您是一位 28 岁的男性，职业类型为 General management/consulting，目前已匹配到一位伴侣。您当前伴侣的得分（满分 10 分）：吸引力：5.0/10，真诚度：5.0/10，智力：8.0/10，幽默感：6.0/10，野心：8.0/10，共同兴趣：3.0/10。一位新女性正在向您求爱，其得分为：吸引力：5.0/10，真诚度：7.0/10，智力：7.0/10，幽默度：7.0/10，抱负：8.0/10，共同兴趣：6.0/10。您的重要性权重为：吸引力：20.0，真诚度：20.0，智力：20.0，幽默度：20.0，抱负： 0.0，共同兴趣：20.0。你会为了新女友离开现在的伴侣吗？你的答案必须是或否，然后说明你的理由。你必须遵守这条规则！你不能说其他话。,否，因为按照您给出的重要性权重，新女性在真诚度、智力、幽默度与共同兴趣方面虽然高于当前伴侣，但吸引力相同，并且总体提升不足以覆盖稳定关系中的其他重要因素。您与当前伴侣的共同生活、习惯和情感联系也值得重视。,527,549,537,0
假设您是一位 24 岁的男性，职业类型为 Research Engineer，目前已匹配到一位伴侣。您当前伴侣的得分（满分 10 分）：吸引力：6.0/10，真诚度：7.0/10，智力：8.0/10，幽默感：7.0/10，野心：8.0/10，共同兴趣：6.0/10。一位新女性正在向您求爱，其得分为：吸引力：9.0/10，真诚度：8.0/10，智力：8.0/10，幽默度：8.0/10，抱负：8.0/10，共同兴趣：7.0/10。您的重要性权重为：吸引力：20.0，真诚度：16.0，智力：16.0，幽默度：17.0，抱负： 16.0，共同兴趣：15.0。你会为了新女友离开现在的伴侣吗？你的答案必须是或否，然后说明你的理由。你必须遵守这条规则！你不能说其他话。,否。情感关系的稳定性和投资远比简单的分数和表面吸引力更重要。而且，建立在信任与承诺基础上的长期伴侣关系，可能比新激情更有价值。,516,543,531,0
假设您是一位 32 岁的男性，职业类型为 self-made millionare，目前已匹配到一位伴侣。您当前伴侣的得分（满分 10 分）：吸引力：5.0/10，真诚度：5.0/10，智力：5.0/10，幽默感：4.0/10，野心：nan/10，共同兴趣：nan/10。一位新女性正在向您求爱，其得分为：吸引力：3.0/10，真诚度：8.0/10，智力：6.0/10，幽默度：5.0/10，抱负：5.0/10，共同兴趣：4.0/10。您的重要性权重为：吸引力：50.0，真诚度：0.0，智力：10.0，幽默度：30.0，抱负： 0.0，共同兴趣：10.0。你会为了新女友离开现在的伴侣吗？你的答案必须是或否，然后说明你的理由。你必须遵守这条规则！你不能说其他话。,否，根据您的重要性权重，吸引力占分最高，新女性在这个方面的评分较低，这可能会影响您的满意度和吸引力。而且，其他方面的提升并不能完全弥补吸引力的重大差距。根据您给出的权重，旧伴侣在对您更重要的方面得分更高。,529,538,542,0
假设您是一位 24 岁的男性，职业类型为 Research Engineer，目前已匹配到一位伴侣。您当前伴侣的得分（满分 10 分）：吸引力：3.0/10，真诚度：6.0/10，智力：5.0/10，幽默感：5.0/10，野心：5.0/10，共同兴趣：nan/10。一位新女性正在向您求爱，其得分为：吸引力：6.0/10，真诚度：8.0/10，智力：8.0/10，幽默度：8.0/10，抱负：8.0/10，共同兴趣：5.0/10。您的重要性权重为：吸引力：20.0，真诚度：16.0，智力：16.0，幽默度：17.0，抱负： 16.0，共同兴趣：15.0。你会为了新女友离开现在的伴侣吗？你的答案必须是或否，然后说明你的理由。你必须遵守这条规则！你不能说其他话。,否，因为感情中尊重和忠诚是很重要的，决策不应仅基于对比评分。还需要考虑感情的深度和对现有关系的承诺。,518,543,541,1
假设您是一位 28 岁的男性，职业类型为 General management/consulting，目前已匹配到一位伴侣。您当前伴侣的得分（满分 10 分）：吸引力：5.0/10，真诚度：5.0/10，智力：5.0/10，幽默感：4.0/10，野心：nan/10，共同兴趣：nan/10。一位新女性正在向您求爱，其得分为：吸引力：4.0/10，真诚度：7.0/10，智力：6.0/10，幽默度：6.0/10，抱负：7.0/10，共同兴趣：6.0/10。您的重要性权重为：吸引力：20.0，真诚度：20.0，智力：20.0，幽默度：20.0，抱负： 0.0，共同兴趣：20.0。你会为了新女友离开现在的伴侣吗？你的答案必须是或否，然后说明你的理由。你必须遵守这条规则！你不能说其他话。,否，因为虽然新女性在真诚度、智力、幽默度和共同兴趣上的得分比当前伴侣高，但根据您给出的重要性权重，吸引力也是一个重要因素（占20.0）。考虑到新女性在吸引力方面的得分低于您当前伴侣的得分，这可能在长期关系中造成满意度不高的问题。因此基于您提供的权重和评分，建议不要为了新女性离开现在的伴侣。,529,549,542,1
假设您是一位 26 岁的男性，职业类型为 Academic/ Finance，目前已匹配到一位伴侣。您当前伴侣的得分（满分 10 分）：吸引力：3.0/10，真诚度：4.0/10，智力：6.0/10，幽默感：5.0/10，野心：7.0/10，共同兴趣：6.0/10。一位新女性正在向您求爱，其得分为：吸引力：5.0/10，真诚度：8.0/10，智力：7.0/10，幽默度：5.0/10，抱负：nan/10，共同兴趣：nan/10。您的重要性权重为：吸引力：25.0，真诚度：25.0，智力：25.0，幽默度：13.0，抱负： 12.0，共同兴趣：0.0。你会为了新女友离开现在的伴侣吗？你的答案必须是或否，然后说明你的理由。你必须遵守这条规则！你不能说其他话。,否，因为新女性在抱负和共同兴趣方面的得分不明确，所以无法准确评估她与您的匹配程度。尽管她在吸引力、真诚度和智力方面的得分更高，但缺乏关于她的野心和共同兴趣的信息，这可能会对长期的关系满意度产生重要影响。,523,533,539,0
假设您是一位 30 岁的男性，职业类型为 Consulting，目前已匹配到一位伴侣。您当前伴侣的得分（满分 10 分）：吸引力：3.0/10，真诚度：7.0/10，智力：7.0/10，幽默感：1.0/10，野心：1.0/10，共同兴趣：3.0/10。一位新女性正在向您求爱，其得分为：吸引力：6.0/10，真诚度：5.0/10，智力：4.0/10，幽默度：3.0/10，抱负：6.0/10，共同兴趣：6.0/10。您的重要性权重为：吸引力：35.0，真诚度：10.0，智力：20.0，幽默度：25.0，抱负： 5.0，共同兴趣：5.0。你会为了新女友离开现在的伴侣吗？你的答案必须是或否，然后说明你的理由。你必须遵守这条规则！你不能说其他话。,否。根据您给出的重要性权重，即使新女性在某些方面得分更高，但您当前伴侣在智力和真诚度方面得分较高，这两者加起来占据了重要性权重的30%，对您而言，看似更为重要。此外，幽默感虽然在新女性身上有所提高，但其提供的改进不足以补偿当前伴侣在您重视的其他领域（尤其是智力和真诚度）中的高得分。,526,546,532,1
假设您是一位 23 岁的男性，职业类型为 Entrepreneur，目前已匹配到一位伴侣。您当前伴侣的得分（满分 10 分）：吸引力：9.0/10，真诚度：7.0/10，智力：8.0/10，幽默感：5.0/10，野心：nan/10，共同兴趣：5.0/10。一位新女性正在向您求爱，其得分为：吸引力：nan/10，真诚度：7.0/10，智力：8.0/10，幽默度：5.0/10，抱负：6.0/10，共同兴趣：6.0/10。您的重要性权重为：吸引力：40.0，真诚度：30.0，智力：0.0，幽默度：20.0，抱负： 0.0，共同兴趣：10.0。你会为了新女友离开现在的伴侣吗？你的答案必须是或否，然后说明你的理由。你必须遵守这条规则！你不能说其他话。,否，因为对您而言，吸引力是最重要的因素，占您总评分的40%，但新女性的吸引力得分未知，这意味着您可能在最重要的属性上放弃了一个高分（9.0/10），而这是一个很大的风险。其他属性的得分相似或者没有提供充分理由去做出改变。,526,541,546,1
假设您是一位 32 岁的男性，职业类型为 self-made millionare，目前已匹配到一位伴侣。您当前伴侣的得分（满分 10 分）：吸引力：6.0/10，真诚度：8.0/10，智力：7.0/10，幽默感：6.0/10，野心：6.0/10，共同兴趣：6.0/10。一位新女性正在向您求爱，其得分为：吸引力：5.0/10，真诚度：6.0/10，智力：5.0/10，幽默度：5.0/10，抱负：5.0/10，共同兴趣：3.0/10。您的重要性权重为：吸引力：50.0，真诚度：0.0，智力：10.0，幽默度：30.0，抱负： 0.0，共同兴趣：10.0。你会为了新女友离开现在的伴侣吗？你的答案必须是或否，然后说明你的理由。你必须遵守这条规则！你不能说其他话。,否，因为根据您给出的重要性权重和各方面得分，当前伴侣在您更为看重的吸引力、幽默感等方面的评分较高，总体满意度更符合您的偏好。新女性在所有这些重要方面的得分都低于您当前的伴侣。,530,538,551,0
假设您是一位 30 岁的男性，职业类型为 Management，目前已匹配到一位伴侣。您当前伴侣的得分（满分 10 分）：吸引力：4.0/10，真诚度：7.0/10，智力：7.0/10，幽默感：5.0/10，野心：7.0/10，共同兴趣：5.0/10。一位新女性正在向您求爱，其得分为：吸引力：1.0/10，真诚度：9.0/10，智力：3.0/10，幽默度：6.0/10，抱负：2.0/10，共同兴趣：1.0/10。您的重要性权重为：吸引力：40.0，真诚度：10.0，智力：20.0，幽默度：10.0，抱负： 0.0，共同兴趣：20.0。你会为了新女友离开现在的伴侣吗？你的答案必须是或否，然后说明你的理由。你必须遵守这条规则！你不能说其他话。,否。根据您的重要性权重和两位女士的得分，您当前的伴侣在您更重视的几个特质上（吸引力、智力、共同兴趣）得分较高，更符合您的需求和期望。,526,548,541,0
假设您是一位 26 岁的男性，职业类型为 Academic/ Finance，目前已匹配到一位伴侣。您当前伴侣的得分（满分 10 分）：吸引力：8.0/10，真诚度：8.0/10，智力：7.0/10，幽默感：7.0/10，野心：8.0/10，共同兴趣：6.0/10。一位新女性正在向您求爱，其得分为：吸引力：6.0/10，真诚度：nan/10，智力：5.0/10，幽默度：5.0/10，抱负：nan/10，共同兴趣：4.0/10。您的重要性权重为：吸引力：25.0，真诚度：25.0，智力：25.0，幽默度：13.0，抱负： 12.0，共同兴趣：0.0。你会为了新女友离开现在的伴侣吗？你的答案必须是或否，然后说明你的理由。你必须遵守这条规则！你不能说其他话。,否，因为根据您给出的评分和重要性权重，您当前的伴侣在吸引力、真诚度、智力、幽默感和野心上的得分明显高于新女性，与您的重要性权重更匹配。,525,533,552,0
假设您是一位 30 岁的男性，职业类型为 Consulting，目前已匹配到一位伴侣。您当前伴侣的得分（满分 10 分）：吸引力：4.0/10，真诚度：5.0/10，智力：5.0/10，幽默感：4.0/10，野心：nan/10，共同兴趣：nan/10。一位新女性正在向您求爱，其得分为：吸引力：4.0/10，真诚度：7.0/10，智力：7.0/10，幽默度：4.0/10，抱负：5.0/10，共同兴趣：2.0/10。您的重要性权重为：吸引力：35.0，真诚度：10.0，智力：20.0，幽默度：25.0，抱负： 5.0，共同兴趣：5.0。你会为了新女友离开现在的伴侣吗？你的答案必须是或否，然后说明你的理由。你必须遵守这条规则！你不能说其他话。,否，因为虽然新女性在真诚度和智力评分上较高，但根据您的个人重要性权重，幽默感对您的重要性更重，而在这一点上两位伴侣的评分相同。同时，与现伴侣相比，新女性在共同兴趣方面评分较低，这可能会影响长期的关系满意度和稳定性。,529,546,549,0
假设您是一位 26 岁的男性，职业类型为 ASIC Engineer，目前已匹配到一位伴侣。您当前伴侣的得分（满分 10 分）：吸引力：6.0/10，真诚度：7.0/10，智力：8.0/10，幽默感：7.0/10，野心：8.0/10，共同兴趣：6.0/10。一位新女性正在向您求爱，其得分为：吸引力：7.0/10，真诚度：4.0/10，智力：7.0/10，幽默度：3.0/10，抱负：5.0/10，共同兴趣：3.0/10。您的重要性权重为：吸引力：25.0，真诚度：20.0，智力：20.0，幽默度：20.0，抱负： 5.0，共同兴趣：10.0。你会为了新女友离开现在的伴侣吗？你的答案必须是或否，然后说明你的理由。你必须遵守这条规则！你不能说其他话。,否，因为根据您的重要性权重，现在的伴侣在真诚度、智力、幽默感、抱负等高权重的领域得分更高，这对长期关系更为重要。新女性在这些关键领域的得分相对较低。,516,532,531,0
假设您是一位 30 岁的男性，职业类型为 Management，目前已匹配到一位伴侣。您当前伴侣的得分（满分 10 分）：吸引力：4.0/10，真诚度：5.0/10，智力：5.0/10，幽默感：4.0/10，野心：nan/10，共同兴趣：nan/10。一位新女性正在向您求爱，其得分为：吸引力：1.0/10，真诚度：10.0/10，智力：8.0/10，幽默度：1.0/10，抱负：8.0/10，共同兴趣：1.0/10。您的重要性权重为：吸引力：40.0，真诚度：10.0，智力：20.0，幽默度：10.0，抱负： 0.0，共同兴趣：20.0。你会为了新女友离开现在的伴侣吗？你的答案必须是或否，然后说明你的理由。你必须遵守这条规则！你不能说其他话。,否，因为根据您的重要性权重和双方的得分，当前伴侣在您更重视的属性（如吸引力和幽默感）上表现得更好，并与您有更高的整体匹配级别。,529,548,549,0
假设您是一位 23 岁的男性，职业类型为 To go into Finance，目前已匹配到一位伴侣。您当前伴侣的得分（满分 10 分）：吸引力：5.0/10，真诚度：5.0/10，智力：8.0/10，幽默感：6.0/10，野心：8.0/10，共同兴趣：3.0/10。一位新女性正在向您求爱，其得分为：吸引力：1.0/10，真诚度：7.0/10，智力：6.0/10，幽默度：5.0/10，抱负：2.0/10，共同兴趣：2.0/10。您的重要性权重为：吸引力：25.0，真诚度：15.0，智力：20.0，幽默度：20.0，抱负： 10.0，共同兴趣：10.0。你会为了新女友离开现在的伴侣吗？你的答案必须是或否，然后说明你的理由。你必须遵守这条规则！你不能说其他话。,否。  根据您的重要性权重和两位伴侣的得分，当前的伴侣在吸引力、智力和抱负方面的得分较高，这些方面您也较为重视。而新女性在这些重要的方面得分低，即使她在真诚度上得分稍高，但其余方面的低分使她的整体吸引力不足以支持您为她离开现有伴侣。,527,542,537,0
假设您是一位 30 岁的男性，职业类型为 Management，目前已匹配到一位伴侣。您当前伴侣的得分（满分 10 分）：吸引力：6.0/10，真诚度：8.0/10，智力：7.0/10，幽默感：6.0/10，野心：6.0/10，共同兴趣：6.0/10。一位新女性正在向您求爱，其得分为：吸引力：1.0/10，真诚度：10.0/10，智力：8.0/10，幽默度：1.0/10，抱负：8.0/10，共同兴趣：1.0/10。您的重要性权重为：吸引力：40.0，真诚度：10.0，智力：20.0，幽默度：10.0，抱负： 0.0，共同兴趣：20.0。你会为了新女友离开现在的伴侣吗？你的答案必须是或否，然后说明你的理由。你必须遵守这条规则！你不能说其他话。,否，因为根据您给出的重要性权重，当前伴侣在您更重视的领域（如吸引力和共同兴趣）的得分较高，而这些是您看重的主要因素。新女性在这些领域的得分较低，尽管在真诚度和智力上得分较高，但不足以补偿您更重视的领域的低分，因此不建议为她离开现伴侣。,530,548,551,1
假设您是一位 26 岁的男性，职业类型为 Academic/ Finance，目前已匹配到一位伴侣。您当前伴侣的得分（满分 10 分）：吸引力：4.0/10，真诚度：7.0/10，智力：7.0/10，幽默感：5.0/10，野心：7.0/10，共同兴趣：5.0/10。一位新女性正在向您求爱，其得分为：吸引力：5.0/10，真诚度：7.0/10，智力：7.0/10，幽默度：7.0/10，抱负：6.0/10，共同兴趣：5.0/10。您的重要性权重为：吸引力：25.0，真诚度：25.0，智力：25.0，幽默度：13.0，抱负： 12.0，共同兴趣：0.0。你会为了新女友离开现在的伴侣吗？你的答案必须是或否，然后说明你的理由。你必须遵守这条规则！你不能说其他话。,否，因为根据您的重要性权重，吸引力、真诚度、智力的权重都相当高，而这两位伴侣在这三个方面的得分相同。尽管新女性在幽默感上得分更高，但这个因素的权重相对较低，不足以影响总体的决策。您当前的伴侣在野心方面得分更高，这可能更好地符合您的长期目标和价值观，尤其是当野心的权重也有一定的考量时。因此，换伴侣的潜在收益不足以补偿由此可能产生的风险和不确定性。,526,533,541,1
假设您是一位 27 岁的男性，职业类型为 Banking，目前已匹配到一位伴侣。您当前伴侣的得分（满分 10 分）：吸引力：4.0/10，真诚度：5.0/10，智力：6.0/10，幽默感：7.0/10，野心：6.0/10，共同兴趣：nan/10。一位新女性正在向您求爱，其得分为：吸引力：9.0/10，真诚度：7.0/10，智力：8.0/10，幽默度：7.0/10，抱负：7.0/10，共同兴趣：5.0/10。您的重要性权重为：吸引力：40.0，真诚度：20.0，智力：20.0，幽默度：20.0，抱负： 0.0，共同兴趣：0.0。你会为了新女友离开现在的伴侣吗？你的答案必须是或否，然后说明你的理由。你必须遵守这条规则！你不能说其他话。,否，因为虽然新女性在得分上较高，但根据您的重要性权重，真诚度、智力和幽默感尤为重要，这些方面现任伴侣尽管不及新女性，但仍然符合一定标准。此外，仅仅基于分数和权重进行重大人生决策可能不足够全面考虑到其他重要的人际关系因素，如信任和已建立的情感连接。,515,551,534,0
假设您是一位 23 岁的男性，职业类型为 To go into Finance，目前已匹配到一位伴侣。您当前伴侣的得分（满分 10 分）：吸引力：7.0/10，真诚度：7.0/10，智力：8.0/10，幽默感：6.0/10，野心：7.0/10，共同兴趣：5.0/10。一位新女性正在向您求爱，其得分为：吸引力：1.0/10，真诚度：7.0/10，智力：8.0/10，幽默度：2.0/10，抱负：3.0/10，共同兴趣：4.0/10。您的重要性权重为：吸引力：25.0，真诚度：15.0，智力：20.0，幽默度：20.0，抱负： 10.0，共同兴趣：10.0。你会为了新女友离开现在的伴侣吗？你的答案必须是或否，然后说明你的理由。你必须遵守这条规则！你不能说其他话。,否。  根据您设置的重要性权重，您现在的伴侣在各方面的表现，尤其是吸引力、幽默感和智力方面都超过了新女性求爱者。由于吸引力和幽默感在您的权重中占有很大比重，而新女性在这两个方面的得分远低于现伴侣，所以从理性分析，留在您现在的伴侣身边更为合适。此外，整体调和度和满意度在现伴侣身上更高。,530,542,548,1
假设您是一位 27 岁的男性，职业类型为 Banking，目前已匹配到一位伴侣。您当前伴侣的得分（满分 10 分）：吸引力：6.0/10，真诚度：7.0/10，智力：8.0/10，幽默感：7.0/10，野心：8.0/10，共同兴趣：6.0/10。一位新女性正在向您求爱，其得分为：吸引力：5.0/10，真诚度：6.0/10，智力：7.0/10，幽默度：7.0/10，抱负：7.0/10，共同兴趣：5.0/10。您的重要性权重为：吸引力：40.0，真诚度：20.0，智力：20.0，幽默度：20.0，抱负： 0.0，共同兴趣：0.0。你会为了新女友离开现在的伴侣吗？你的答案必须是或否，然后说明你的理由。你必须遵守这条规则！你不能说其他话。,否，因为根据您分配的重要性权重，当前伴侣在吸引力、真诚度、智力和幽默感这些您视为重要的属性上得分都高于新女性。,516,551,531,0
假设您是一位 30 岁的男性，职业类型为 Management，目前已匹配到一位伴侣。您当前伴侣的得分（满分 10 分）：吸引力：3.0/10，真诚度：4.0/10，智力：6.0/10，幽默感：5.0/10，野心：7.0/10，共同兴趣：6.0/10。一位新女性正在向您求爱，其得分为：吸引力：1.0/10，真诚度：10.0/10，智力：6.0/10，幽默度：1.0/10，抱负：3.0/10，共同兴趣：1.0/10。您的重要性权重为：吸引力：40.0，真诚度：10.0，智力：20.0，幽默度：10.0，抱负： 0.0，共同兴趣：20.0。你会为了新女友离开现在的伴侣吗？你的答案必须是或否，然后说明你的理由。你必须遵守这条规则！你不能说其他话。,否，根据您的重要性权重和两位伴侣的得分来看，您当前的伴侣在吸引力、幽默感和共同兴趣上的得分更高，这三者对您来说较为重要。虽然新女性在真诚度上得分完满，但其他对您同样重要的方面得分较低。因此，根据分析，留在当前关系中可能更符合您的需求和偏好。,523,548,539,0
假设您是一位 23 岁的男性，职业类型为 Entrepreneur，目前已匹配到一位伴侣。您当前伴侣的得分（满分 10 分）：吸引力：4.0/10，真诚度：5.0/10，智力：5.0/10，幽默感：4.0/10，野心：nan/10，共同兴趣：nan/10。一位新女性正在向您求爱，其得分为：吸引力：3.0/10，真诚度：8.0/10，智力：8.0/10，幽默度：7.0/10，抱负：8.0/10，共同兴趣：8.0/10。您的重要性权重为：吸引力：40.0，真诚度：30.0，智力：0.0，幽默度：20.0，抱负： 0.0，共同兴趣：10.0。你会为了新女友离开现在的伴侣吗？你的答案必须是或否，然后说明你的理由。你必须遵守这条规则！你不能说其他话。,是。根据您的重要性权重，新女性在真诚度、幽默度和共同兴趣方面均高于您现有伴侣，而这三者在您的评分体系中占有较大的比重。尽管新女性在吸引力方面分数较低，但您给予吸引力的权重最高（40.0），其他更高的得分可能抵消了吸引力的差距。,529,541,549,1
假设您是一位 30 岁的男性，职业类型为 Consulting，目前已匹配到一位伴侣。您当前伴侣的得分（满分 10 分）：吸引力：6.0/10，真诚度：7.0/10，智力：7.0/10，幽默感：8.0/10，野心：8.0/10，共同兴趣：7.0/10。一位新女性正在向您求爱，其得分为：吸引力：4.0/10，真诚度：6.0/10，智力：7.0/10，幽默度：4.0/10，抱负：5.0/10，共同兴趣：2.0/10。您的重要性权重为：吸引力：35.0，真诚度：10.0，智力：20.0，幽默度：25.0，抱负： 5.0，共同兴趣：5.0。你会为了新女友离开现在的伴侣吗？你的答案必须是或否，然后说明你的理由。你必须遵守这条规则！你不能说其他话。,否，因为根据您给出的重要性权重，当前伴侣在关键属性（如吸引力、幽默感和真诚度）上的得分总和优于新女性，这意味着她更能满足您的重要需求。,530,546,542,0
假设您是一位 28 岁的男性，职业类型为 General management/consulting，目前已匹配到一位伴侣。您当前伴侣的得分（满分 10 分）：吸引力：6.0/10，真诚度：7.0/10，智力：7.0/10，幽默感：8.0/10，野心：8.0/10，共同兴趣：7.0/10。一位新女性正在向您求爱，其得分为：吸引力：4.0/10，真诚度：7.0/10，智力：7.0/10，幽默度：7.0/10，抱负：7.0/10，共同兴趣：6.0/10。您的重要性权重为：吸引力：20.0，真诚度：20.0，智力：20.0，幽默度：20.0，抱负： 0.0，共同兴趣：20.0。你会为了新女友离开现在的伴侣吗？你的答案必须是或否，然后说明你的理由。你必须遵守这条规则！你不能说其他话。,否，因为根据您对各项品质的重要性权重，现任伴侣在更多您看重的方面（比如吸引力和幽默感）的评分高于新女性，因此与现伴侣在一起更能满足您的期望和需求。,530,549,542,0
假设您是一位 27 岁的男性，职业类型为 Banking，目前已匹配到一位伴侣。您当前伴侣的得分（满分 10 分）：吸引力：6.0/10，真诚度：5.0/10，智力：7.0/10，幽默感：6.0/10，野心：nan/10，共同兴趣：nan/10。一位新女性正在向您求爱，其得分为：吸引力：8.0/10，真诚度：5.0/10，智力：5.0/10，幽默度：7.0/10，抱负：7.0/10，共同兴趣：5.0/10。您的重要性权重为：吸引力：40.0，真诚度：20.0，智力：20.0，幽默度：20.0，抱负： 0.0，共同兴趣：0.0。你会为了新女友离开现在的伴侣吗？你的答案必须是或否，然后说明你的理由。你必须遵守这条规则！你不能说其他话。,否。根据您的重要性权重，吸引力占您总偏好的40%，而新女性在吸引力上确实分数较高（8.0比6.0），但您当前伴侣在智力上的得分高于新女性（7.0比5.0），智力占20%的权重。考虑到吸引力和智力的总和权重占总比的60%，这两项的平均得分在当前伴侣和新女性间相差不大，但当前伴侣在智力上的优势可能更符合您的长期需求。而且，在真诚度与幽默感上两者相当，因此，基于这些维度的综合评估，建议不更换伴侣。,518,551,543,0
假设您是一位 27 岁的男性，职业类型为 Banking，目前已匹配到一位伴侣。您当前伴侣的得分（满分 10 分）：吸引力：5.0/10，真诚度：9.0/10，智力：8.0/10，幽默感：7.0/10，野心：8.0/10，共同兴趣：6.0/10。一位新女性正在向您求爱，其得分为：吸引力：7.0/10，真诚度：7.0/10，智力：8.0/10，幽默度：4.0/10，抱负：7.0/10，共同兴趣：5.0/10。您的重要性权重为：吸引力：40.0，真诚度：20.0，智力：20.0，幽默度：20.0，抱负： 0.0，共同兴趣：0.0。你会为了新女友离开现在的伴侣吗？你的答案必须是或否，然后说明你的理由。你必须遵守这条规则！你不能说其他话。,否。根据您提供的重要性权重，吸引力对您而言是最重要的因素，但真诚度和智力也是您重视的方面。尽管新女性在吸引力方面得分较高，但在真诚度、幽默度及整体与您的兼容性方面，您当前的伴侣得分更高或相等，这使得现有伴侣在总体满意度上可能更适合您。,522,551,540,1
假设您是一位 30 岁的男性，职业类型为 Management，目前已匹配到一位伴侣。您当前伴侣的得分（满分 10 分）：吸引力：5.0/10，真诚度：5.0/10，智力：8.0/10，幽默感：6.0/10，野心：8.0/10，共同兴趣：3.0/10。一位新女性正在向您求爱，其得分为：吸引力：2.0/10，真诚度：5.0/10，智力：5.0/10，幽默度：3.0/10，抱负：2.0/10，共同兴趣：1.0/10。您的重要性权重为：吸引力：40.0，真诚度：10.0，智力：20.0，幽默度：10.0，抱负： 0.0，共同兴趣：20.0。你会为了新女友离开现在的伴侣吗？你的答案必须是或否，然后说明你的理由。你必须遵守这条规则！你不能说其他话。,否，因为根据您的重要性权重，现任伴侣在多数重要领域的得分优于新女性，特别是在您重视的吸引力和智力方面。,527,548,537,1
假设您是一位 22 岁的男性，职业类型为 Law，目前已匹配到一位伴侣。您当前伴侣的得分（满分 10 分）：吸引力：5.0/10，真诚度：7.0/10，智力：6.0/10，幽默感：6.0/10，野心：5.0/10，共同兴趣：8.0/10。一位新女性正在向您求爱，其得分为：吸引力：4.0/10，真诚度：8.0/10，智力：8.0/10，幽默度：4.0/10，抱负：5.0/10，共同兴趣：2.0/10。您的重要性权重为：吸引力：20.0，真诚度：5.0，智力：25.0，幽默度：25.0，抱负： 5.0，共同兴趣：20.0。你会为了新女友离开现在的伴侣吗？你的答案必须是或否，然后说明你的理由。你必须遵守这条规则！你不能说其他话。,否。根据您给出的重要性权重，现在的伴侣在智力、幽默感、共同兴趣方面相对更符合您的期望，而这些是您加权最重的方面。新女性在智力高，但在幽默感和共同兴趣得分较低，这可能导致与您的兴趣和日常沟通感受不匹配。所以，根据您给出的条件和权重，建议不要为了新女性离开现伴侣。,529,537,541,1
假设您是一位 24 岁的男性，职业类型为 Academic Work; Consultant，目前已匹配到一位伴侣。您当前伴侣的得分（满分 10 分）：吸引力：6.0/10，真诚度：9.0/10，智力：8.0/10，幽默感：8.0/10，野心：7.0/10，共同兴趣：6.0/10。一位新女性正在向您求爱，其得分为：吸引力：7.0/10，真诚度：7.0/10，智力：7.0/10，幽默度：8.0/10，抱负：5.0/10，共同兴趣：5.0/10。您的重要性权重为：吸引力：20.0，真诚度：15.0，智力：20.0，幽默度：20.0，抱负： 15.0，共同兴趣：10.0。你会为了新女友离开现在的伴侣吗？你的答案必须是或否，然后说明你的理由。你必须遵守这条规则！你不能说其他话。,否。根据您的重要性权重，您当前的伴侣在多个您视为重要的领域（真诚度、智力和幽默感）的评分均高于新女性。虽然新女性的吸引力评分更高，但其他更重要的属性比您当前伴侣的评分低，这表明与当前伴侣维持关系可能更满足您的长期需求和价值观。,524,540,544,0
假设您是一位 23 岁的男性，职业类型为 Entrepreneur，目前已匹配到一位伴侣。您当前伴侣的得分（满分 10 分）：吸引力：6.0/10，真诚度：7.0/10，智力：7.0/10，幽默感：8.0/10，野心：8.0/10，共同兴趣：7.0/10。一位新女性正在向您求爱，其得分为：吸引力：4.0/10，真诚度：8.0/10，智力：8.0/10，幽默度：3.0/10，抱负：7.0/10，共同兴趣：5.0/10。您的重要性权重为：吸引力：40.0，真诚度：30.0，智力：0.0，幽默度：20.0，抱负： 0.0，共同兴趣：10.0。你会为了新女友离开现在的伴侣吗？你的答案必须是或否，然后说明你的理由。你必须遵守这条规则！你不能说其他话。,否，因为根据您的重要性权重，您目前的伴侣在您最看重的属性（吸引力和幽默感）上的评分高于新女性。您目前的伴侣的总得分更符合您的重视点。,530,541,542,0
假设您是一位 23 岁的男性，职业类型为 Entrepreneur，目前已匹配到一位伴侣。您当前伴侣的得分（满分 10 分）：吸引力：8.0/10，真诚度：8.0/10，智力：7.0/10，幽默感：7.0/10，野心：8.0/10，共同兴趣：6.0/10。一位新女性正在向您求爱，其得分为：吸引力：2.0/10，真诚度：3.0/10，智力：7.0/10，幽默度：6.0/10，抱负：5.0/10，共同兴趣：5.0/10。您的重要性权重为：吸引力：40.0，真诚度：30.0，智力：0.0，幽默度：20.0，抱负： 0.0，共同兴趣：10.0。你会为了新女友离开现在的伴侣吗？你的答案必须是或否，然后说明你的理由。你必须遵守这条规则！你不能说其他话。,否，因为根据您对每项特质的重视程度，当前伴侣在吸引力、真诚度两个您认为最重要的因素上比新女性高出许多，这意味着您当前的伴侣更符合您的优先考虑和需求。,525,541,552,0
假设您是一位 24 岁的男性，职业类型为 Academic Work; Consultant，目前已匹配到一位伴侣。您当前伴侣的得分（满分 10 分）：吸引力：8.0/10，真诚度：8.0/10，智力：7.0/10，幽默感：7.0/10，野心：8.0/10，共同兴趣：6.0/10。一位新女性正在向您求爱，其得分为：吸引力：6.0/10，真诚度：7.0/10，智力：5.0/10，幽默度：6.0/10，抱负：7.0/10，共同兴趣：3.0/10。您的重要性权重为：吸引力：20.0，真诚度：15.0，智力：20.0，幽默度：20.0，抱负： 15.0，共同兴趣：10.0。你会为了新女友离开现在的伴侣吗？你的答案必须是或否，然后说明你的理由。你必须遵守这条规则！你不能说其他话。,否，因为基于您设定的重要性权重和两位女士的得分，目前的伴侣在各个方面都要优于新女性，包括更高的总分。这意味着根据您设置的标准，现有伴侣更适合您。,525,540,552,0
假设您是一位 24 岁的男性，职业类型为 Academic Work; Consultant，目前已匹配到一位伴侣。您当前伴侣的得分（满分 10 分）：吸引力：6.0/10，真诚度：7.0/10，智力：6.0/10，幽默感：2.0/10，野心：5.0/10，共同兴趣：2.0/10。一位新女性正在向您求爱，其得分为：吸引力：6.0/10，真诚度：5.0/10，智力：5.0/10，幽默度：6.0/10，抱负：4.0/10，共同兴趣：3.0/10。您的重要性权重为：吸引力：20.0，真诚度：15.0，智力：20.0，幽默度：20.0，抱负： 15.0，共同兴趣：10.0。你会为了新女友离开现在的伴侣吗？你的答案必须是或否，然后说明你的理由。你必须遵守这条规则！你不能说其他话。,否，因为根据您的重要性权重，当前伴侣在您认为较重要的品质（真诚度、智力、幽默度）中表现更好。新女性在共同兴趣和幽默度上较优，但在其他重要属性上得分较低。,526,540,533,0
假设您是一位 24 岁的男性，职业类型为 Academic Work; Consultant，目前已匹配到一位伴侣。您当前伴侣的得分（满分 10 分）：吸引力：6.0/10，真诚度：7.0/10，智力：7.0/10，幽默感：8.0/10，野心：8.0/10，共同兴趣：7.0/10。一位新女性正在向您求爱，其得分为：吸引力：5.0/10，真诚度：6.0/10，智力：6.0/10，幽默度：7.0/10，抱负：5.0/10，共同兴趣：5.0/10。您的重要性权重为：吸引力：20.0，真诚度：15.0，智力：20.0，幽默度：20.0，抱负： 15.0，共同兴趣：10.0。你会为了新女友离开现在的伴侣吗？你的答案必须是或否，然后说明你的理由。你必须遵守这条规则！你不能说其他话。,否。  原因：根据您提供的评分和权重来看，当前伴侣在每一个评分项上都高于新女性。此外，您对吸引力、真诚度、智力和幽默的高权重显示了这些属性的重要性，而这些方面您的当前伴侣均得分较高。综合考虑，更换伴侣似乎并不会为您带来更好的满意度。,530,540,542,0
假设您是一位 24 岁的男性，职业类型为 Academic Work; Consultant，目前已匹配到一位伴侣。您当前伴侣的得分（满分 10 分）：吸引力：7.0/10，真诚度：5.0/10，智力：8.0/10，幽默感：6.0/10，野心：8.0/10，共同兴趣：2.0/10。一位新女性正在向您求爱，其得分为：吸引力：5.0/10，真诚度：5.0/10，智力：6.0/10，幽默度：3.0/10，抱负：5.0/10，共同兴趣：2.0/10。您的重要性权重为：吸引力：20.0，真诚度：15.0，智力：20.0，幽默度：20.0，抱负： 15.0，共同兴趣：10.0。你会为了新女友离开现在的伴侣吗？你的答案必须是或否，然后说明你的理由。你必须遵守这条规则！你不能说其他话。,否，因为根据您的重要性权重和两位伴侣的得分来看，您现在的伴侣在关键方面（吸引力、智力、幽默感和野心）的表现都优于新女性求爱者，尽管共同兴趣较低，综合来看还是当前伴侣更符合您的需求和偏好。,527,540,548,1
假设您是一位 30 岁的男性，职业类型为 Management，目前已匹配到一位伴侣。您当前伴侣的得分（满分 10 分）：吸引力：7.0/10，真诚度：8.0/10，智力：9.0/10，幽默感：7.0/10，野心：6.0/10，共同兴趣：5.0/10。一位新女性正在向您求爱，其得分为：吸引力：3.0/10，真诚度：6.0/10，智力：2.0/10，幽默度：2.0/10，抱负：2.0/10，共同兴趣：1.0/10。您的重要性权重为：吸引力：40.0，真诚度：10.0，智力：20.0，幽默度：10.0，抱负： 0.0，共同兴趣：20.0。你会为了新女友离开现在的伴侣吗？你的答案必须是或否，然后说明你的理由。你必须遵守这条规则！你不能说其他话。,否，根据你对伴侣重要性权重的分配，你当前伴侣在各个评分方面（特别是在你认为重要的吸引力、智力和真诚度方面）的评分均高于新女性。这表明你当前的伴侣更能满足你的需求和偏好。,514,548,550,1
假设您是一位 30 岁的男性，职业类型为 Finance，目前已匹配到一位伴侣。您当前伴侣的得分（满分 10 分）：吸引力：3.0/10，真诚度：4.0/10，智力：6.0/10，幽默感：5.0/10，野心：7.0/10，共同兴趣：6.0/10。一位新女性正在向您求爱，其得分为：吸引力：3.0/10，真诚度：5.0/10，智力：5.0/10，幽默度：5.0/10，抱负：5.0/10，共同兴趣：3.0/10。您的重要性权重为：吸引力：30.0，真诚度：3.0，智力：30.0，幽默度：30.0，抱负： 3.0，共同兴趣：4.0。你会为了新女友离开现在的伴侣吗？你的答案必须是或否，然后说明你的理由。你必须遵守这条规则！你不能说其他话。,否。根据您的重要性权重，智力和幽默感比重共占比60%，您现有伴侣在这两项得分都高于新女性。虽然两位在总体吸引力得分相同，但现有伴侣在您更重视的智力和幽默感方面表现更好，这可能对您的整体幸福感和满意度更为有利。,523,550,539,0
假设您是一位 30 岁的男性，职业类型为 Finance，目前已匹配到一位伴侣。您当前伴侣的得分（满分 10 分）：吸引力：6.0/10，真诚度：5.0/10，智力：6.0/10，幽默感：5.0/10，野心：6.0/10，共同兴趣：nan/10。一位新女性正在向您求爱，其得分为：吸引力：4.0/10，真诚度：7.0/10，智力：6.0/10，幽默度：3.0/10，抱负：6.0/10，共同兴趣：2.0/10。您的重要性权重为：吸引力：30.0，真诚度：3.0，智力：30.0，幽默度：30.0，抱负： 3.0，共同兴趣：4.0。你会为了新女友离开现在的伴侣吗？你的答案必须是或否，然后说明你的理由。你必须遵守这条规则！你不能说其他话。,否。根据重要性权重，您最看重的特质是吸引力、智力和幽默感，而您当前的伴侣在这三个方面的分数要高于新女性的得分。此外，新女性在共同兴趣方面的得分也较低，这可能导致您两者之间缺乏更深层次的联系。在您最看重的标准上，当前伴侣提供了更高的满足度。,529,550,537,1
假设您是一位 22 岁的男性，职业类型为 Law，目前已匹配到一位伴侣。您当前伴侣的得分（满分 10 分）：吸引力：6.0/10，真诚度：7.0/10，智力：7.0/10，幽默感：8.0/10，野心：8.0/10，共同兴趣：7.0/10。一位新女性正在向您求爱，其得分为：吸引力：4.0/10，真诚度：7.0/10，智力：6.0/10，幽默度：4.0/10，抱负：4.0/10，共同兴趣：2.0/10。您的重要性权重为：吸引力：20.0，真诚度：5.0，智力：25.0，幽默度：25.0，抱负： 5.0，共同兴趣：20.0。你会为了新女友离开现在的伴侣吗？你的答案必须是或否，然后说明你的理由。你必须遵守这条规则！你不能说其他话。,否，因为根据你给出的重要性权重和各项得分，当前伴侣在多个关键领域（如幽默感、智力）的表现都优于新女性，且在你看重的吸引力和共同兴趣上也拥有更高的评分。这表明，按照你的评估标准，当前伴侣更适合你。,530,537,542,0
