Assume you are a 23-year-old single woman; and there is a 23-year-old man who is courting you. Your career type is IP Law. You evaluated him on six dimensions with scores out of 10. These are attractiveness: 10.0/10; sincerity: 9.0/10; intelligence: 9.0/10; being funny: 10.0/10; ambition: 10.0/10; shared interests: 10.0/10. Your importance weights for these attributes are: attractiveness: 17.31; sincerity: 13.46; intelligence: 17.31; being funny: 19.23; ambition: 19.23; shared interests: 13.46. Would you be willing to date this man? And also tell me the reason. Your answer must be (YES) or (NO) followed by your reason. You must FOLLOW THIS RULE! You MUST NOT SAY other words.,(YES) The man scores exceptionally high across all dimensions that are important to you; including attractiveness; being funny; ambition; and even shared interests. Given these high scores and the significant weights you place on each attribute; it would be reasonable to pursue a relationship with someone who aligns so closely with your values and preferences.,226,207,,1
Assume you are a 26-year-old single man; and there is a 27-year-old woman who is courting you. Your career type is Business. You evaluated her on six dimensions with scores out of 10. These are attractiveness: 7.0/10; sincerity: 8.0/10; intelligence: 7.0/10; being funny: 7.0/10; ambition: 4.0/10; shared interests: 7.0/10. Your importance weights for these attributes are: attractiveness: 16.28; sincerity: 16.28; intelligence: 18.6; being funny: 16.28; ambition: 16.28; shared interests: 16.28. Would you be willing to date this woman? And also tell me the reason. Your answer must be (YES) or (NO) followed by your reason. You must FOLLOW THIS RULE! You MUST NOT SAY other words.,(NO) The main reason is the low score in ambition; which is a significant factor for you; and it affects the overall compatibility and future goals alignment in a relationship.,195,219,,0
Assume you are a 22-year-old single woman; and there is a 26-year-old man who is courting you. Your career type is college professor. You evaluated him on six dimensions with scores out of 10. These are attractiveness: 10.0/10; sincerity: 7.0/10; intelligence: 9.0/10; being funny: 10.0/10; ambition: 10.0/10; shared interests: 7.0/10. Your importance weights for these attributes are: attractiveness: 16.0; sincerity: 20.0; intelligence: 18.0; being funny: 20.0; ambition: 18.0; shared interests: 8.0. Would you be willing to date this man? And also tell me the reason. Your answer must be (YES) or (NO) followed by your reason. You must FOLLOW THIS RULE! You MUST NOT SAY other words.,(YES) The weighted average score of the man based on your criteria is high; indicating a good match according to your priorities. Attractiveness; intelligence; being funny; and ambition are all rated very highly by you and are also given significant weight; which strongly supports a positive outcome. The lower scores in sincerity and shared interests; while important; are not weighted as heavily and thus do not significantly detract from the overall positive evaluation.,217,203,,1
Assume you are a 27-year-old single man; and there is a 25-year-old woman who is courting you. Your career type is Investment Banking. You evaluated her on six dimensions with scores out of 10. These are attractiveness: 7.0/10; sincerity: 6.0/10; intelligence: 7.0/10; being funny: 7.0/10; ambition: 6.0/10; shared interests: 5.0/10. Your importance weights for these attributes are: attractiveness: 15.56; sincerity: 17.78; intelligence: 17.78; being funny: 17.78; ambition: 17.78; shared interests: 13.33. Would you be willing to date this woman? And also tell me the reason. Your answer must be (YES) or (NO) followed by your reason. You must FOLLOW THIS RULE! You MUST NOT SAY other words.,(YES) The weighted scores for each attribute are calculated as follows: attractiveness (7.0 * 15.56 = 108.92); sincerity (6.0 * 17.78 = 106.68); intelligence (7.0 * 17.78 = 124.46); being funny (7.0 * 17.78 = 124.46); ambition (6.0 * 17.78 = 106.68); and shared interests (5.0 * 13.33 = 66.65). The total score is 637.85; which is above a reasonable threshold indicating that she has a good overall match with your preferences.,200,221,,1
Assume you are a 27-year-old single woman; and there is a 26-year-old man who is courting you. Your career type is professional student. You evaluated him on six dimensions with scores out of 10. These are attractiveness: 9.0/10; sincerity: 10.0/10; intelligence: 9.0/10; being funny: 9.0/10; ambition: 8.0/10; shared interests: 9.0/10. Your importance weights for these attributes are: attractiveness: 15.38; sincerity: 19.23; intelligence: 19.23; being funny: 19.23; ambition: 13.46; shared interests: 13.46. Would you be willing to date this man? And also tell me the reason. Your answer must be (YES) or (NO) followed by your reason. You must FOLLOW THIS RULE! You MUST NOT SAY other words.,(YES) The weighted scores for the man are highly favorable across all dimensions; particularly in areas that you value most; such as sincerity and intelligence. This indicates a strong compatibility and suggests that he meets your criteria for a potential partner.,219,195,,1
Assume you are a 28-year-old single man; and there is a 25-year-old woman who is courting you. Your career type is Consulting. You evaluated her on six dimensions with scores out of 10. These are attractiveness: 8.0/10; sincerity: 10.0/10; intelligence: 9.0/10; being funny: 9.0/10; ambition: 9.0/10; shared interests: 6.0/10. Your importance weights for these attributes are: attractiveness: 14.71; sincerity: 14.71; intelligence: 14.71; being funny: 14.71; ambition: 20.59; shared interests: 20.59. Would you be willing to date this woman? And also tell me the reason. Your answer must be (YES) or (NO) followed by your reason. You must FOLLOW THIS RULE! You MUST NOT SAY other words.,(YES) The weighted score for this woman is high; indicating a strong match based on the criteria and weights you've set for a potential partner.,208,225,,1
Assume you are a 22-year-old single woman; and there is a 28-year-old man who is courting you. Your career type is college professor. You evaluated him on six dimensions with scores out of 10. These are attractiveness: 9.0/10; sincerity: 9.0/10; intelligence: 9.0/10; being funny: 8.0/10; ambition: 9.0/10; shared interests: 4.0/10. Your importance weights for these attributes are: attractiveness: 15.38; sincerity: 19.23; intelligence: 19.23; being funny: 19.23; ambition: 15.38; shared interests: 11.54. Would you be willing to date this man? And also tell me the reason. Your answer must be (YES) or (NO) followed by your reason. You must FOLLOW THIS RULE! You MUST NOT SAY other words.,(YES) The weighted scores for the man are calculated as follows: attractiveness (9 * 15.38); sincerity (9 * 19.23); intelligence (9 * 19.23); being funny (8 * 19.23); ambition (9 * 15.38); and shared interests (4 * 11.54). The total weighted score is high; indicating a strong overall compatibility despite the lower score in shared interests.,229,202,,1
Assume you are a 28-year-old single woman; and there is a 31-year-old man who is courting you. Your career type is Humanitarian Affairs/Human Rights. You evaluated him on six dimensions with scores out of 10. These are attractiveness: 5.0/10; sincerity: 10.0/10; intelligence: 10.0/10; being funny: 10.0/10; ambition: 9.0/10; shared interests: 9.0/10. Your importance weights for these attributes are: attractiveness: 16.36; sincerity: 16.36; intelligence: 18.18; being funny: 18.18; ambition: 16.36; shared interests: 14.55. Would you be willing to date this man? And also tell me the reason. Your answer must be (YES) or (NO) followed by your reason. You must FOLLOW THIS RULE! You MUST NOT SAY other words.,(YES) The overall score; when weighted; is significantly high; showing strong alignment in important areas such as sincerity; intelligence; and being funny; which outweigh the lower score in attractiveness.,232,211,,1
Assume you are a 30-year-old woman with career type Historian; currently matched with a partner. Your current partner's scores (out of 10): attractiveness: 7.0/10; sincerity: 8.0/10; intelligence: 7.0/10; being funny: 7.0/10; ambition: 4.0/10; shared interests: 7.0/10. A new man is courting you with scores: attractiveness: 9.0/10; sincerity: 10.0/10; intelligence: 10.0/10; being funny: 10.0/10; ambition: 9.0/10; shared interests: 10.0/10. Your importance weights are: attractiveness: 17.5; sincerity: 17.5; intelligence: 20.0; being funny: 12.5; ambition: 20.0; shared interests: 12.5. Would you leave your current partner for the new man? Your answer must be (YES) or (NO) followed by your reason. You must FOLLOW THIS RULE! You MUST NOT SAY other words.,(YES) The new man scores higher in all categories that you value; especially in ambition and intelligence; which are weighted heavily in your decision-making criteria. This new relationship has the potential to bring you greater overall satisfaction and alignment with your personal values and goals.,219,199,195,1
Assume you are a 23-year-old man with career type Research Scientist; currently matched with a partner. Your current partner's scores (out of 10): attractiveness: 9.0/10; sincerity: 9.0/10; intelligence: 9.0/10; being funny: 8.0/10; ambition: 9.0/10; shared interests: 4.0/10. A new woman is courting you with scores: attractiveness: 9.0/10; sincerity: 8.0/10; intelligence: 9.0/10; being funny: 9.0/10; ambition: 9.0/10; shared interests: 6.0/10. Your importance weights are: attractiveness: 17.02; sincerity: 21.28; intelligence: 17.02; being funny: 21.28; ambition: 14.89; shared interests: 8.51. Would you leave your current partner for the new woman? Your answer must be (YES) or (NO) followed by your reason. You must FOLLOW THIS RULE! You MUST NOT SAY other words.,(NO) The current partner has a higher overall score when weighted by your importance criteria; especially in sincerity and shared interests; which are significant factors for you.,202,214,229,0
Assume you are a 24-year-old man with career type Researcher; currently matched with a partner. Your current partner's scores (out of 10): attractiveness: 7.0/10; sincerity: 9.0/10; intelligence: 8.0/10; being funny: nan/10; ambition: 7.0/10; shared interests: nan/10. A new woman is courting you with scores: attractiveness: 7.0/10; sincerity: 6.0/10; intelligence: 7.0/10; being funny: 6.0/10; ambition: 6.0/10; shared interests: 6.0/10. Your importance weights are: attractiveness: 20.51; sincerity: 5.13; intelligence: 23.08; being funny: 12.82; ambition: 17.95; shared interests: 20.51. Would you leave your current partner for the new woman? Your answer must be (YES) or (NO) followed by your reason. You must FOLLOW THIS RULE! You MUST NOT SAY other words.,(NO) The current partner has higher scores in sincerity and intelligence; which are significant factors in the importance weights. The new woman; while having shared interests; does not outweigh the value of the current relationship in terms of the weighted attributes.,200,218,221,0
Assume you are a 27-year-old single woman; and there is a 30-year-old man who is courting you. Your career type is professional student. You evaluated him on six dimensions with scores out of 10. These are attractiveness: 6.0/10; sincerity: 10.0/10; intelligence: 9.0/10; being funny: 8.0/10; ambition: 10.0/10; shared interests: 9.0/10. Your importance weights for these attributes are: attractiveness: 15.38; sincerity: 19.23; intelligence: 19.23; being funny: 19.23; ambition: 13.46; shared interests: 13.46. Would you be willing to date this man? And also tell me the reason. Your answer must be (YES) or (NO) followed by your reason. You must FOLLOW THIS RULE! You MUST NOT SAY other words.,(YES) The weighted scores for each attribute are calculated as follows: attractiveness (6.0 * 15.38/100 = 0.92); sincerity (10.0 * 19.23/100 = 1.92); intelligence (9.0 * 19.23/100 = 1.73); being funny (8.0 * 19.23/100 = 1.54); ambition (10.0 * 13.46/100 = 1.35); and shared interests (9.0 * 13.46/100 = 1.21). The total score is 8.67; indicating a strong match based on your criteria.,231,195,,1
Assume you are a 27-year-old woman with career type Finance; currently matched with a partner. Your current partner's scores (out of 10): attractiveness: 6.0/10; sincerity: 8.0/10; intelligence: 9.0/10; being funny: 6.0/10; ambition: 9.0/10; shared interests: 8.0/10. A new man is courting you with scores: attractiveness: 7.0/10; sincerity: 10.0/10; intelligence: 10.0/10; being funny: 7.0/10; ambition: 10.0/10; shared interests: 5.0/10. Your importance weights are: attractiveness: 14.29; sincerity: 18.37; intelligence: 18.37; being funny: 16.33; ambition: 18.37; shared interests: 14.29. Would you leave your current partner for the new man? Your answer must be (YES) or (NO) followed by your reason. You must FOLLOW THIS RULE! You MUST NOT SAY other words.,(NO) The current partner has a higher weighted score when calculated based on the importance weights provided (current partner's score = 170.01; new man's score = 167.34). Therefore; staying with the current partner is a better fit according to your values and weights.,217,212,203,0
Assume you are a 27-year-old woman with career type Finance; currently matched with a partner. Your current partner's scores (out of 10): attractiveness: 6.0/10; sincerity: 6.0/10; intelligence: 6.0/10; being funny: 6.0/10; ambition: 5.0/10; shared interests: 5.0/10. A new man is courting you with scores: attractiveness: 8.0/10; sincerity: 8.0/10; intelligence: 9.0/10; being funny: 8.0/10; ambition: 9.0/10; shared interests: 6.0/10. Your importance weights are: attractiveness: 14.29; sincerity: 18.37; intelligence: 18.37; being funny: 16.33; ambition: 18.37; shared interests: 14.29. Would you leave your current partner for the new man? Your answer must be (YES) or (NO) followed by your reason. You must FOLLOW THIS RULE! You MUST NOT SAY other words.,(YES) The new man scores significantly higher in most categories that are important to you; especially in intelligence and ambition; which you value highly. This suggests that the new man aligns more closely with your preferences and could potentially provide a more fulfilling relationship.,219,212,199,1
Assume you are a 26-year-old man with career type Finance; currently matched with a partner. Your current partner's scores (out of 10): attractiveness: 6.0/10; sincerity: 10.0/10; intelligence: 9.0/10; being funny: 8.0/10; ambition: 10.0/10; shared interests: 9.0/10. A new woman is courting you with scores: attractiveness: 5.0/10; sincerity: 9.0/10; intelligence: 8.0/10; being funny: 9.0/10; ambition: 7.0/10; shared interests: 9.0/10. Your importance weights are: attractiveness: 14.89; sincerity: 19.15; intelligence: 21.28; being funny: 19.15; ambition: 14.89; shared interests: 10.64. Would you leave your current partner for the new woman? Your answer must be (YES) or (NO) followed by your reason. You must FOLLOW THIS RULE! You MUST NOT SAY other words.,(NO) The current partner has a higher overall score based on the given weights and individual scores.,195,215,231,0
Assume you are a 27-year-old man with career type Consulting; currently matched with a partner. Your current partner's scores (out of 10): attractiveness: 9.0/10; sincerity: 9.0/10; intelligence: 9.0/10; being funny: 8.0/10; ambition: 9.0/10; shared interests: 4.0/10. A new woman is courting you with scores: attractiveness: 9.0/10; sincerity: 9.0/10; intelligence: 9.0/10; being funny: 9.0/10; ambition: 9.0/10; shared interests: 9.0/10. Your importance weights are: attractiveness: 7.5; sincerity: 17.5; intelligence: 20.0; being funny: 22.5; ambition: 12.5; shared interests: 20.0. Would you leave your current partner for the new woman? Your answer must be (YES) or (NO) followed by your reason. You must FOLLOW THIS RULE! You MUST NOT SAY other words.,(YES) The new woman has a higher overall compatibility score based on your importance weights; particularly in the areas of being funny and shared interests; which you value highly.,202,216,229,1
Assume you are a 25-year-old single woman; and there is a 26-year-old man who is courting you. Your career type is International Business. You evaluated him on six dimensions with scores out of 10. These are attractiveness: 6.0/10; sincerity: 9.0/10; intelligence: 9.0/10; being funny: 7.0/10; ambition: 9.0/10; shared interests: 6.0/10. Your importance weights for these attributes are: attractiveness: 15.52; sincerity: 17.24; intelligence: 17.24; being funny: 17.24; ambition: 17.24; shared interests: 15.52. Would you be willing to date this man? And also tell me the reason. Your answer must be (YES) or (NO) followed by your reason. You must FOLLOW THIS RULE! You MUST NOT SAY other words.,(YES) The weighted score for the man is 8.27; which is relatively high; indicating that he aligns well with your prioritized attributes; especially in sincerity; intelligence; and ambition.,215,213,,1
Assume you are a 24-year-old woman with career type Development work; currently matched with a partner. Your current partner's scores (out of 10): attractiveness: 6.0/10; sincerity: 8.0/10; intelligence: 8.0/10; being funny: 8.0/10; ambition: 4.0/10; shared interests: 6.0/10. A new man is courting you with scores: attractiveness: 10.0/10; sincerity: 10.0/10; intelligence: 10.0/10; being funny: 10.0/10; ambition: 10.0/10; shared interests: 10.0/10. Your importance weights are: attractiveness: 14.0; sincerity: 18.0; intelligence: 20.0; being funny: 18.0; ambition: 16.0; shared interests: 14.0. Would you leave your current partner for the new man? Your answer must be (YES) or (NO) followed by your reason. You must FOLLOW THIS RULE! You MUST NOT SAY other words.,(YES) The new man scores perfectly in all categories that are important to you; significantly outweighing the current partner's scores; which suggests a better match based on your values and preferences.,231,197,195,1
Assume you are a 28-year-old man with career type History Professor; currently matched with a partner. Your current partner's scores (out of 10): attractiveness: 10.0/10; sincerity: 7.0/10; intelligence: 9.0/10; being funny: 10.0/10; ambition: 10.0/10; shared interests: 7.0/10. A new woman is courting you with scores: attractiveness: 9.0/10; sincerity: 9.0/10; intelligence: 9.0/10; being funny: 8.0/10; ambition: 8.0/10; shared interests: 7.0/10. Your importance weights are: attractiveness: 17.39; sincerity: 17.39; intelligence: 19.57; being funny: 19.57; ambition: 10.87; shared interests: 15.22. Would you leave your current partner for the new woman? Your answer must be (YES) or (NO) followed by your reason. You must FOLLOW THIS RULE! You MUST NOT SAY other words.,(NO) The current partner scores higher in the weighted attributes; especially in attractiveness and ambition; which are highly valued. The current partner's high scores in being funny and ambition; which have significant weight; also contribute to a stronger overall match according to the given importance weights.,203,223,217,0
Assume you are a 24-year-old single man; and there is a 27-year-old woman who is courting you. Your career type is professor. You evaluated her on six dimensions with scores out of 10. These are attractiveness: 6.0/10; sincerity: 6.0/10; intelligence: 6.0/10; being funny: 7.0/10; ambition: 6.0/10; shared interests: 5.0/10. Your importance weights for these attributes are: attractiveness: 13.51; sincerity: 18.92; intelligence: 21.62; being funny: 13.51; ambition: 13.51; shared interests: 18.92. Would you be willing to date this woman? And also tell me the reason. Your answer must be (YES) or (NO) followed by your reason. You must FOLLOW THIS RULE! You MUST NOT SAY other words.,(NO) The weighted score calculation (6*13.51 + 6*18.92 + 6*21.62 + 7*13.51 + 6*13.51 + 5*18.92) / (13.51+18.92+21.62+13.51+13.51+18.92) results in an average score that does not meet a sufficient threshold for willingness to date; considering the importance weights assigned to each attribute and the scores given.,195,228,,0
Assume you are a 31-year-old single woman; and there is a 25-year-old man who is courting you. Your career type is UN Civil Servant. You evaluated him on six dimensions with scores out of 10. These are attractiveness: 9.0/10; sincerity: 10.0/10; intelligence: 10.0/10; being funny: 10.0/10; ambition: 9.0/10; shared interests: 9.0/10. Your importance weights for these attributes are: attractiveness: 14.58; sincerity: 16.67; intelligence: 20.83; being funny: 18.75; ambition: 16.67; shared interests: 12.5. Would you be willing to date this man? And also tell me the reason. Your answer must be (YES) or (NO) followed by your reason. You must FOLLOW THIS RULE! You MUST NOT SAY other words.,(YES) The man scores highly across all dimensions you value; especially in intelligence; sincerity; and being funny; which are weighted heavily in your evaluation. His scores align well with your preferences and priorities; making him a suitable match for you.,220,206,,1
Assume you are a 27-year-old single woman; and there is a 23-year-old man who is courting you. Your career type is professional student. You evaluated him on six dimensions with scores out of 10. These are attractiveness: 8.0/10; sincerity: 7.0/10; intelligence: 10.0/10; being funny: 8.0/10; ambition: 9.0/10; shared interests: 9.0/10. Your importance weights for these attributes are: attractiveness: 15.38; sincerity: 19.23; intelligence: 19.23; being funny: 19.23; ambition: 13.46; shared interests: 13.46. Would you be willing to date this man? And also tell me the reason. Your answer must be (YES) or (NO) followed by your reason. You must FOLLOW THIS RULE! You MUST NOT SAY other words.,(YES) The weighted scores for each attribute are calculated as follows: attractiveness (8.0 * 15.38/100 = 1.23); sincerity (7.0 * 19.23/100 = 1.35); intelligence (10.0 * 19.23/100 = 1.92); being funny (8.0 * 19.23/100 = 1.54); ambition (9.0 * 13.46/100 = 1.21); and shared interests (9.0 * 13.46/100 = 1.21). The total weighted score is 8.46; which is quite high; indicating a strong compatibility and positive evaluation based on your criteria. Therefore; dating him seems to be a good choice.,214,195,,1
Assume you are a 24-year-old woman with career type Psychologist; currently matched with a partner. Your current partner's scores (out of 10): attractiveness: 4.0/10; sincerity: 8.0/10; intelligence: 4.0/10; being funny: 5.0/10; ambition: 4.0/10; shared interests: 6.0/10. A new man is courting you with scores: attractiveness: 9.0/10; sincerity: 9.0/10; intelligence: 9.0/10; being funny: 9.0/10; ambition: 9.0/10; shared interests: 7.0/10. Your importance weights are: attractiveness: 16.0; sincerity: 16.0; intelligence: 20.0; being funny: 16.0; ambition: 18.0; shared interests: 14.0. Would you leave your current partner for the new man? Your answer must be (YES) or (NO) followed by your reason. You must FOLLOW THIS RULE! You MUST NOT SAY other words.,(YES) The new man's scores align much more closely with your importance weights; offering a significantly higher total weighted score; which suggests a better match in terms of your priorities.,215,194,213,1
Assume you are a 23-year-old single woman; and there is a 32-year-old man who is courting you. Your career type is academic. You evaluated him on six dimensions with scores out of 10. These are attractiveness: 10.0/10; sincerity: 10.0/10; intelligence: 10.0/10; being funny: 7.0/10; ambition: 7.0/10; shared interests: 9.0/10. Your importance weights for these attributes are: attractiveness: 15.38; sincerity: 17.31; intelligence: 19.23; being funny: 19.23; ambition: 11.54; shared interests: 17.31. Would you be willing to date this man? And also tell me the reason. Your answer must be (YES) or (NO) followed by your reason. You must FOLLOW THIS RULE! You MUST NOT SAY other words.,(YES) The weighted scores for each attribute are calculated as follows: attractiveness (10.0 * 15.38) = 153.8; sincerity (10.0 * 17.31) = 173.1; intelligence (10.0 * 19.23) = 192.3; being funny (7.0 * 19.23) = 134.61; ambition (7.0 * 11.54) = 80.78; shared interests (9.0 * 17.31) = 155.79. The total weighted score is 890.38; which is a very high overall score indicating a strong compatibility and positive alignment with your values and preferences.,224,205,,1
Assume you are a 30-year-old woman with career type Historian; currently matched with a partner. Your current partner's scores (out of 10): attractiveness: 6.0/10; sincerity: 8.0/10; intelligence: 9.0/10; being funny: 6.0/10; ambition: 9.0/10; shared interests: 8.0/10. A new man is courting you with scores: attractiveness: 9.0/10; sincerity: 9.0/10; intelligence: 9.0/10; being funny: 8.0/10; ambition: 9.0/10; shared interests: 8.0/10. Your importance weights are: attractiveness: 17.5; sincerity: 17.5; intelligence: 20.0; being funny: 12.5; ambition: 20.0; shared interests: 12.5. Would you leave your current partner for the new man? Your answer must be (YES) or (NO) followed by your reason. You must FOLLOW THIS RULE! You MUST NOT SAY other words.,(YES) The new man has a higher overall score based on your importance weights; making him a better match according to your criteria.,217,199,203,1
Assume you are a 24-year-old man with career type Researcher; currently matched with a partner. Your current partner's scores (out of 10): attractiveness: 10.0/10; sincerity: 10.0/10; intelligence: 10.0/10; being funny: 7.0/10; ambition: 7.0/10; shared interests: 9.0/10. A new woman is courting you with scores: attractiveness: 6.0/10; sincerity: 6.0/10; intelligence: 7.0/10; being funny: 6.0/10; ambition: 6.0/10; shared interests: 7.0/10. Your importance weights are: attractiveness: 20.51; sincerity: 5.13; intelligence: 23.08; being funny: 12.82; ambition: 17.95; shared interests: 20.51. Would you leave your current partner for the new woman? Your answer must be (YES) or (NO) followed by your reason. You must FOLLOW THIS RULE! You MUST NOT SAY other words.,(NO) Your current partner significantly outperforms the new woman in the weighted criteria you value most; particularly in attractiveness; sincerity; intelligence; and shared interests.,205,218,224,0
Assume you are a 27-year-old man with career type Professor or Consultant; currently matched with a partner. Your current partner's scores (out of 10): attractiveness: 9.0/10; sincerity: 9.0/10; intelligence: 9.0/10; being funny: 8.0/10; ambition: 9.0/10; shared interests: 8.0/10. A new woman is courting you with scores: attractiveness: 10.0/10; sincerity: 7.0/10; intelligence: 9.0/10; being funny: 8.0/10; ambition: 6.0/10; shared interests: 7.0/10. Your importance weights are: attractiveness: 9.52; sincerity: 19.05; intelligence: 23.81; being funny: 19.05; ambition: 4.76; shared interests: 23.81. Would you leave your current partner for the new woman? Your answer must be (YES) or (NO) followed by your reason. You must FOLLOW THIS RULE! You MUST NOT SAY other words.,(NO) Your current partner closely matches your values and preferences; especially in sincerity and shared interests; which you highly prioritize. The new woman; despite being more attractive; does not align as well with your important criteria such as sincerity and ambition.,199,222,217,0
Assume you are a 22-year-old single woman; and there is a 24-year-old man who is courting you. Your career type is college professor. You evaluated him on six dimensions with scores out of 10. These are attractiveness: 7.0/10; sincerity: 5.0/10; intelligence: 10.0/10; being funny: 7.0/10; ambition: 10.0/10; shared interests: nan/10. Your importance weights for these attributes are: attractiveness: 16.0; sincerity: 20.0; intelligence: 18.0; being funny: 20.0; ambition: 18.0; shared interests: 8.0. Would you be willing to date this man? And also tell me the reason. Your answer must be (YES) or (NO) followed by your reason. You must FOLLOW THIS RULE! You MUST NOT SAY other words.,(NO) The lack of shared interests; which is an important factor in building a strong and lasting relationship; especially for someone in an academic and intellectually engaging profession like a college professor; is a significant drawback. Additionally; the sincerity score is below average; which is highly weighted in your criteria; suggesting a potential lack of genuine connection or commitment.,218,203,,0
Assume you are a 25-year-old woman with career type education; currently matched with a partner. Your current partner's scores (out of 10): attractiveness: 9.0/10; sincerity: 8.0/10; intelligence: 7.0/10; being funny: 7.0/10; ambition: 7.0/10; shared interests: 5.0/10. A new man is courting you with scores: attractiveness: 5.0/10; sincerity: 8.0/10; intelligence: 7.0/10; being funny: 9.0/10; ambition: 8.0/10; shared interests: 5.0/10. Your importance weights are: attractiveness: 17.65; sincerity: 17.65; intelligence: 17.65; being funny: 15.69; ambition: 15.69; shared interests: 15.69. Would you leave your current partner for the new man? Your answer must be (YES) or (NO) followed by your reason. You must FOLLOW THIS RULE! You MUST NOT SAY other words.,(NO) Your current partner has a higher score in the most heavily weighted category; attractiveness; and overall slightly higher compatibility based on your importance weights.,214,196,195,0
Assume you are a 26-year-old man with career type corporate finance; currently matched with a partner. Your current partner's scores (out of 10): attractiveness: 10.0/10; sincerity: 10.0/10; intelligence: 10.0/10; being funny: 10.0/10; ambition: 10.0/10; shared interests: 10.0/10. A new woman is courting you with scores: attractiveness: 7.0/10; sincerity: 7.0/10; intelligence: 7.0/10; being funny: 7.0/10; ambition: 7.0/10; shared interests: 7.0/10. Your importance weights are: attractiveness: 20.0; sincerity: 16.0; intelligence: 18.0; being funny: 16.0; ambition: 16.0; shared interests: 14.0. Would you leave your current partner for the new woman? Your answer must be (YES) or (NO) followed by your reason. You must FOLLOW THIS RULE! You MUST NOT SAY other words.,(NO) The weighted score for your current partner is significantly higher in all categories; indicating a much stronger overall match based on your preferences and the importance you place on each attribute. Leaving a partner who perfectly matches your criteria for someone who does not would not be a wise choice.,197,227,231,0
Assume you are a 42-year-old man with career type consulting; currently matched with a partner. Your current partner's scores (out of 10): attractiveness: 8.0/10; sincerity: 7.0/10; intelligence: 10.0/10; being funny: 8.0/10; ambition: 9.0/10; shared interests: 9.0/10. A new woman is courting you with scores: attractiveness: 8.0/10; sincerity: 7.0/10; intelligence: 7.0/10; being funny: 7.0/10; ambition: 6.0/10; shared interests: 5.0/10. Your importance weights are: attractiveness: 23.81; sincerity: 23.81; intelligence: 23.81; being funny: 23.81; ambition: 2.38; shared interests: 2.38. Would you leave your current partner for the new woman? Your answer must be (YES) or (NO) followed by your reason. You must FOLLOW THIS RULE! You MUST NOT SAY other words.,(NO) The new woman scores lower in intelligence; ambition; and shared interests; which; despite the lower importance weights for ambition and shared interests; still contribute to a less favorable overall score when applying the importance weights.,195,230,214,0
Assume you are a 25-year-old woman with career type education; currently matched with a partner. Your current partner's scores (out of 10): attractiveness: 3.0/10; sincerity: 4.0/10; intelligence: 4.0/10; being funny: 3.0/10; ambition: 3.0/10; shared interests: 4.0/10. A new man is courting you with scores: attractiveness: 5.0/10; sincerity: 6.0/10; intelligence: 7.0/10; being funny: 6.0/10; ambition: 7.0/10; shared interests: 5.0/10. Your importance weights are: attractiveness: 17.65; sincerity: 17.65; intelligence: 17.65; being funny: 15.69; ambition: 15.69; shared interests: 15.69. Would you leave your current partner for the new man? Your answer must be (YES) or (NO) followed by your reason. You must FOLLOW THIS RULE! You MUST NOT SAY other words.,(YES) because the weighted score of the new man (60.69) is higher than your current partner's (34.00); suggesting a better match based on your priorities.,215,196,194,1
Assume you are a 25-year-old woman with career type International Business; currently matched with a partner. Your current partner's scores (out of 10): attractiveness: 9.0/10; sincerity: 6.0/10; intelligence: 7.0/10; being funny: 5.0/10; ambition: 6.0/10; shared interests: 7.0/10. A new man is courting you with scores: attractiveness: 8.0/10; sincerity: 8.0/10; intelligence: 9.0/10; being funny: 8.0/10; ambition: 10.0/10; shared interests: 8.0/10. Your importance weights are: attractiveness: 15.52; sincerity: 17.24; intelligence: 17.24; being funny: 17.24; ambition: 17.24; shared interests: 15.52. Would you leave your current partner for the new man? Your answer must be (YES) or (NO) followed by your reason. You must FOLLOW THIS RULE! You MUST NOT SAY other words.,(YES) The new man scores higher in most categories that are important to you; especially in intelligence; being funny; ambition; and sincerity. The weighted scores indicate a stronger overall match with the new man; suggesting he aligns more closely with your values and priorities.,217,213,199,1
Assume you are a 28-year-old man with career type CEO in For Profit Biomedical Organization; currently matched with a partner. Your current partner's scores (out of 10): attractiveness: 8.0/10; sincerity: 7.0/10; intelligence: 10.0/10; being funny: 8.0/10; ambition: 9.0/10; shared interests: 9.0/10. A new woman is courting you with scores: attractiveness: 8.0/10; sincerity: 9.0/10; intelligence: 7.0/10; being funny: 9.0/10; ambition: 5.0/10; shared interests: 5.0/10. Your importance weights are: attractiveness: 21.43; sincerity: 16.67; intelligence: 21.43; being funny: 16.67; ambition: 11.9; shared interests: 11.9. Would you leave your current partner for the new woman? Your answer must be (YES) or (NO) followed by your reason. You must FOLLOW THIS RULE! You MUST NOT SAY other words.,(NO) The new woman scores lower in intelligence and ambition; which are more heavily weighted in your criteria; making your current partner a better match according to your importance weights.,195,229,214,0
Assume you are a 26-year-old woman with career type marketing / brand management; currently matched with a partner. Your current partner's scores (out of 10): attractiveness: 7.0/10; sincerity: 6.0/10; intelligence: 7.0/10; being funny: 5.0/10; ambition: 6.0/10; shared interests: 6.0/10. A new man is courting you with scores: attractiveness: 9.0/10; sincerity: 8.0/10; intelligence: 10.0/10; being funny: 8.0/10; ambition: 10.0/10; shared interests: 7.0/10. Your importance weights are: attractiveness: 19.61; sincerity: 15.69; intelligence: 17.65; being funny: 15.69; ambition: 17.65; shared interests: 13.73. Would you leave your current partner for the new man? Your answer must be (YES) or (NO) followed by your reason. You must FOLLOW THIS RULE! You MUST NOT SAY other words.,(YES) The new man scores higher in all categories that are important to you; especially in intelligence and ambition; which are weighted heavily. This suggests that the new man aligns more closely with your preferences and would likely provide a more fulfilling relationship.,217,204,213,1
Assume you are a 23-year-old single woman; and there is a 28-year-old man who is courting you. Your career type is investment banking. You evaluated him on six dimensions with scores out of 10. These are attractiveness: 6.0/10; sincerity: 6.0/10; intelligence: 8.0/10; being funny: 6.0/10; ambition: 6.0/10; shared interests: 5.0/10. Your importance weights for these attributes are: attractiveness: 15.38; sincerity: 19.23; intelligence: 17.31; being funny: 19.23; ambition: 9.62; shared interests: 19.23. Would you be willing to date this man? And also tell me the reason. Your answer must be (YES) or (NO) followed by your reason. You must FOLLOW THIS RULE! You MUST NOT SAY other words.,(YES) Because after calculating the weighted scores; the overall score is 6.67; which suggests a positive inclination towards dating him; considering the importance you place on intelligence and being funny; which he scores well in.,229,198,,1
Assume you are a 30-year-old single woman; and there is a 24-year-old man who is courting you. Your career type is Historian. You evaluated him on six dimensions with scores out of 10. These are attractiveness: 4.0/10; sincerity: 9.0/10; intelligence: 9.0/10; being funny: 4.0/10; ambition: 9.0/10; shared interests: 4.0/10. Your importance weights for these attributes are: attractiveness: 17.5; sincerity: 17.5; intelligence: 20.0; being funny: 12.5; ambition: 20.0; shared interests: 12.5. Would you be willing to date this man? And also tell me the reason. Your answer must be (YES) or (NO) followed by your reason. You must FOLLOW THIS RULE! You MUST NOT SAY other words.,(NO) The weighted score is low due to the lower ratings in attractiveness; being funny; and shared interests; which despite his high scores in sincerity; intelligence; and ambition; do not compensate enough to meet the threshold for willingness to date.,218,199,,0
Assume you are a 24-year-old woman with career type Psychologist; currently matched with a partner. Your current partner's scores (out of 10): attractiveness: 10.0/10; sincerity: 10.0/10; intelligence: 10.0/10; being funny: 10.0/10; ambition: 10.0/10; shared interests: 10.0/10. A new man is courting you with scores: attractiveness: 6.0/10; sincerity: 10.0/10; intelligence: 10.0/10; being funny: 9.0/10; ambition: 10.0/10; shared interests: 7.0/10. Your importance weights are: attractiveness: 16.0; sincerity: 16.0; intelligence: 20.0; being funny: 16.0; ambition: 18.0; shared interests: 14.0. Would you leave your current partner for the new man? Your answer must be (YES) or (NO) followed by your reason. You must FOLLOW THIS RULE! You MUST NOT SAY other words.,(NO) Your current partner matches your preferences perfectly across all categories; which is highly rare and valuable in a relationship. The new man; while still a good match in many areas; does not score as highly; especially in attractiveness and shared interests; which are important to you. Leaving a perfect match for a good but not perfect one is not advisable.,220,194,206,0
Assume you are a 26-year-old man with career type corporate finance; currently matched with a partner. Your current partner's scores (out of 10): attractiveness: 10.0/10; sincerity: 9.0/10; intelligence: 9.0/10; being funny: 10.0/10; ambition: 10.0/10; shared interests: 10.0/10. A new woman is courting you with scores: attractiveness: 8.0/10; sincerity: 8.0/10; intelligence: 7.0/10; being funny: 9.0/10; ambition: 8.0/10; shared interests: 8.0/10. Your importance weights are: attractiveness: 20.0; sincerity: 16.0; intelligence: 18.0; being funny: 16.0; ambition: 16.0; shared interests: 14.0. Would you leave your current partner for the new woman? Your answer must be (YES) or (NO) followed by your reason. You must FOLLOW THIS RULE! You MUST NOT SAY other words.,(NO) The weighted score for your current partner is significantly higher (350) compared to the new woman (280); indicating a much stronger match with your current partner based on your values and criteria.,207,227,226,0
Assume you are a 30-year-old woman with career type Historian; currently matched with a partner. Your current partner's scores (out of 10): attractiveness: 7.0/10; sincerity: 6.0/10; intelligence: 7.0/10; being funny: 7.0/10; ambition: 6.0/10; shared interests: 5.0/10. A new man is courting you with scores: attractiveness: 5.0/10; sincerity: 10.0/10; intelligence: 9.0/10; being funny: 6.0/10; ambition: 9.0/10; shared interests: 2.0/10. Your importance weights are: attractiveness: 17.5; sincerity: 17.5; intelligence: 20.0; being funny: 12.5; ambition: 20.0; shared interests: 12.5. Would you leave your current partner for the new man? Your answer must be (YES) or (NO) followed by your reason. You must FOLLOW THIS RULE! You MUST NOT SAY other words.,(NO) The weighted scores for your current partner are higher in most areas that you value; especially in ambition and intelligence; which are high priority for you. Despite the new man's high sincerity and ambition; the lack of shared interests and lower attractiveness do not sufficiently offset the overall value you receive from your current relationship.,221,199,200,0
Assume you are a 28-year-old man with career type History Professor; currently matched with a partner. Your current partner's scores (out of 10): attractiveness: 9.0/10; sincerity: 10.0/10; intelligence: 10.0/10; being funny: 10.0/10; ambition: 9.0/10; shared interests: 9.0/10. A new woman is courting you with scores: attractiveness: 10.0/10; sincerity: 9.0/10; intelligence: 10.0/10; being funny: 8.0/10; ambition: 9.0/10; shared interests: 6.0/10. Your importance weights are: attractiveness: 17.39; sincerity: 17.39; intelligence: 19.57; being funny: 19.57; ambition: 10.87; shared interests: 15.22. Would you leave your current partner for the new woman? Your answer must be (YES) or (NO) followed by your reason. You must FOLLOW THIS RULE! You MUST NOT SAY other words.,(NO) The new woman; while very attractive; has significantly lower shared interests; which is important for a lasting relationship; especially considering the high weight you place on shared interests. Additionally; the current partner scores perfectly in many aspects that are crucial for a deep and meaningful connection.,206,223,220,0
Assume you are a 22-year-old woman with career type college professor; currently matched with a partner. Your current partner's scores (out of 10): attractiveness: 10.0/10; sincerity: 10.0/10; intelligence: 10.0/10; being funny: 10.0/10; ambition: 10.0/10; shared interests: 10.0/10. A new man is courting you with scores: attractiveness: 3.0/10; sincerity: 9.0/10; intelligence: 9.0/10; being funny: 7.0/10; ambition: 9.0/10; shared interests: 6.0/10. Your importance weights are: attractiveness: 16.0; sincerity: 20.0; intelligence: 18.0; being funny: 20.0; ambition: 18.0; shared interests: 8.0. Would you leave your current partner for the new man? Your answer must be (YES) or (NO) followed by your reason. You must FOLLOW THIS RULE! You MUST NOT SAY other words.,(NO) because even though the new man scores highly in sincerity; intelligence; and ambition; the current partner scores perfectly in all categories; including the highly weighted attractiveness and being funny; which significantly outweighs the new man's scores.,220,203,206,0
Assume you are a 26-year-old single man; and there is a 24-year-old woman who is courting you. Your career type is corporate finance. You evaluated her on six dimensions with scores out of 10. These are attractiveness: 4.0/10; sincerity: 6.0/10; intelligence: 6.0/10; being funny: 5.0/10; ambition: 5.0/10; shared interests: 5.0/10. Your importance weights for these attributes are: attractiveness: 20.0; sincerity: 16.0; intelligence: 18.0; being funny: 16.0; ambition: 16.0; shared interests: 14.0. Would you be willing to date this woman? And also tell me the reason. Your answer must be (YES) or (NO) followed by your reason. You must FOLLOW THIS RULE! You MUST NOT SAY other words.,(NO) The weighted score calculation results in a low overall score; reflecting that the woman does not meet a significant threshold in the dimensions you value; particularly in attractiveness which holds a high weight for you.,194,227,,0
Assume you are a 24-year-old man with career type Researcher; currently matched with a partner. Your current partner's scores (out of 10): attractiveness: 8.0/10; sincerity: 7.0/10; intelligence: 10.0/10; being funny: 8.0/10; ambition: 9.0/10; shared interests: 9.0/10. A new woman is courting you with scores: attractiveness: 6.0/10; sincerity: 7.0/10; intelligence: 7.0/10; being funny: 5.0/10; ambition: 6.0/10; shared interests: 6.0/10. Your importance weights are: attractiveness: 20.51; sincerity: 5.13; intelligence: 23.08; being funny: 12.82; ambition: 17.95; shared interests: 20.51. Would you leave your current partner for the new woman? Your answer must be (YES) or (NO) followed by your reason. You must FOLLOW THIS RULE! You MUST NOT SAY other words.,(NO) The weighted score for the current partner (577.56) is higher than the weighted score for the new woman (371.26); indicating a better overall match with the current partner.,195,218,214,0
Assume you are a 30-year-old single woman; and there is a 28-year-old man who is courting you. Your career type is Historian. You evaluated him on six dimensions with scores out of 10. These are attractiveness: 2.0/10; sincerity: 10.0/10; intelligence: 10.0/10; being funny: 5.0/10; ambition: 10.0/10; shared interests: 10.0/10. Your importance weights for these attributes are: attractiveness: 17.5; sincerity: 17.5; intelligence: 20.0; being funny: 12.5; ambition: 20.0; shared interests: 12.5. Would you be willing to date this man? And also tell me the reason. Your answer must be (YES) or (NO) followed by your reason. You must FOLLOW THIS RULE! You MUST NOT SAY other words.,(YES) The weighted score calculation shows a high overall compatibility. Despite the low attractiveness score; the high scores in sincerity; intelligence; ambition; and shared interests; which are heavily weighted; strongly outweigh this factor.,223,199,,1
Assume you are a 24-year-old man with career type professor; currently matched with a partner. Your current partner's scores (out of 10): attractiveness: 9.0/10; sincerity: 10.0/10; intelligence: 10.0/10; being funny: 10.0/10; ambition: 9.0/10; shared interests: 9.0/10. A new woman is courting you with scores: attractiveness: 7.0/10; sincerity: 7.0/10; intelligence: 7.0/10; being funny: 7.0/10; ambition: 7.0/10; shared interests: 5.0/10. Your importance weights are: attractiveness: 13.51; sincerity: 18.92; intelligence: 21.62; being funny: 13.51; ambition: 13.51; shared interests: 18.92. Would you leave your current partner for the new woman? Your answer must be (YES) or (NO) followed by your reason. You must FOLLOW THIS RULE! You MUST NOT SAY other words.,(NO) The current partner's weighted score is significantly higher due to higher ratings in all categories; especially in intelligence; sincerity; and shared interests; which are highly valued.,206,228,220,0
Assume you are a 42-year-old man with career type consulting; currently matched with a partner. Your current partner's scores (out of 10): attractiveness: 10.0/10; sincerity: 10.0/10; intelligence: 10.0/10; being funny: 10.0/10; ambition: 10.0/10; shared interests: 10.0/10. A new woman is courting you with scores: attractiveness: 7.0/10; sincerity: 6.0/10; intelligence: 7.0/10; being funny: 6.0/10; ambition: 5.0/10; shared interests: 5.0/10. Your importance weights are: attractiveness: 23.81; sincerity: 23.81; intelligence: 23.81; being funny: 23.81; ambition: 2.38; shared interests: 2.38. Would you leave your current partner for the new woman? Your answer must be (YES) or (NO) followed by your reason. You must FOLLOW THIS RULE! You MUST NOT SAY other words.,(NO) The weighted score for your current partner is significantly higher across all categories; and the difference in scores; especially in the highly weighted categories of attractiveness; sincerity; and intelligence; makes it clear that staying with your current partner is the more satisfying choice based on your values.,197,230,231,0
Assume you are a 24-year-old man with career type Researcher; currently matched with a partner. Your current partner's scores (out of 10): attractiveness: 2.0/10; sincerity: 10.0/10; intelligence: 10.0/10; being funny: 5.0/10; ambition: 10.0/10; shared interests: 10.0/10. A new woman is courting you with scores: attractiveness: 4.0/10; sincerity: 4.0/10; intelligence: 6.0/10; being funny: 6.0/10; ambition: 6.0/10; shared interests: 5.0/10. Your importance weights are: attractiveness: 20.51; sincerity: 5.13; intelligence: 23.08; being funny: 12.82; ambition: 17.95; shared interests: 20.51. Would you leave your current partner for the new woman? Your answer must be (YES) or (NO) followed by your reason. You must FOLLOW THIS RULE! You MUST NOT SAY other words.,(NO) The current partner has a much higher score in the most important areas for you; such as intelligence; sincerity; ambition; and shared interests; which outweigh the slight increase in attractiveness and being funny from the new woman.,199,218,223,0
Assume you are a 27-year-old single man; and there is a 24-year-old woman who is courting you. Your career type is Professor or Consultant. You evaluated her on six dimensions with scores out of 10. These are attractiveness: 7.0/10; sincerity: 4.0/10; intelligence: 4.0/10; being funny: 4.0/10; ambition: 7.0/10; shared interests: 2.0/10. Your importance weights for these attributes are: attractiveness: 9.52; sincerity: 19.05; intelligence: 23.81; being funny: 19.05; ambition: 4.76; shared interests: 23.81. Would you be willing to date this woman? And also tell me the reason. Your answer must be (YES) or (NO) followed by your reason. You must FOLLOW THIS RULE! You MUST NOT SAY other words.,(NO) The weighted scores indicate that the key attributes you value; such as sincerity; intelligence; and shared interests; are not strongly present in her profile. While her attractiveness and ambition align with your preferences; the low scores in other critical areas; especially intelligence and shared interests; suggest a potential mismatch in values and life goals; which are important for a fulfilling relationship.,194,222,,0
Assume you are a 24-year-old man with career type Researcher; currently matched with a partner. Your current partner's scores (out of 10): attractiveness: 5.0/10; sincerity: 8.0/10; intelligence: 7.0/10; being funny: 8.0/10; ambition: 9.0/10; shared interests: 7.0/10. A new woman is courting you with scores: attractiveness: 6.0/10; sincerity: 6.0/10; intelligence: 8.0/10; being funny: 5.0/10; ambition: 5.0/10; shared interests: 6.0/10. Your importance weights are: attractiveness: 20.51; sincerity: 5.13; intelligence: 23.08; being funny: 12.82; ambition: 17.95; shared interests: 20.51. Would you leave your current partner for the new woman? Your answer must be (YES) or (NO) followed by your reason. You must FOLLOW THIS RULE! You MUST NOT SAY other words.,(NO) The weighted score for the current partner is higher; reflecting a better match according to the importance weights given.,202,218,216,0
Assume you are a 27-year-old man with career type Professor or Consultant; currently matched with a partner. Your current partner's scores (out of 10): attractiveness: 10.0/10; sincerity: 10.0/10; intelligence: 10.0/10; being funny: 10.0/10; ambition: 10.0/10; shared interests: 10.0/10. A new woman is courting you with scores: attractiveness: 8.0/10; sincerity: 4.0/10; intelligence: 7.0/10; being funny: 6.0/10; ambition: 7.0/10; shared interests: 5.0/10. Your importance weights are: attractiveness: 9.52; sincerity: 19.05; intelligence: 23.81; being funny: 19.05; ambition: 4.76; shared interests: 23.81. Would you leave your current partner for the new woman? Your answer must be (YES) or (NO) followed by your reason. You must FOLLOW THIS RULE! You MUST NOT SAY other words.,(NO) The current partner scores perfectly in all categories; which; when weighted; far exceeds the new woman's scores. Despite the new woman's attractiveness; the significant disparity in sincerity; intelligence; being funny; and shared interests; especially given their high weights; makes it clear that the current partner is a much better match.,197,222,231,0
Assume you are a 26-year-old man with career type corporate finance; currently matched with a partner. Your current partner's scores (out of 10): attractiveness: 8.0/10; sincerity: 7.0/10; intelligence: 10.0/10; being funny: 8.0/10; ambition: 9.0/10; shared interests: 9.0/10. A new woman is courting you with scores: attractiveness: 6.0/10; sincerity: 4.0/10; intelligence: 8.0/10; being funny: 8.0/10; ambition: 5.0/10; shared interests: 6.0/10. Your importance weights are: attractiveness: 20.0; sincerity: 16.0; intelligence: 18.0; being funny: 16.0; ambition: 16.0; shared interests: 14.0. Would you leave your current partner for the new woman? Your answer must be (YES) or (NO) followed by your reason. You must FOLLOW THIS RULE! You MUST NOT SAY other words.,(NO) Your current partner has a significantly higher weighted score based on your importance weights; making the relationship with your current partner more valuable according to your criteria.,195,227,214,0
Assume you are a 24-year-old woman with career type Psychologist; currently matched with a partner. Your current partner's scores (out of 10): attractiveness: 9.0/10; sincerity: 8.0/10; intelligence: 7.0/10; being funny: 7.0/10; ambition: 7.0/10; shared interests: 5.0/10. A new man is courting you with scores: attractiveness: 7.0/10; sincerity: 8.0/10; intelligence: 10.0/10; being funny: 8.0/10; ambition: 10.0/10; shared interests: 7.0/10. Your importance weights are: attractiveness: 16.0; sincerity: 16.0; intelligence: 20.0; being funny: 16.0; ambition: 18.0; shared interests: 14.0. Would you leave your current partner for the new man? Your answer must be (YES) or (NO) followed by your reason. You must FOLLOW THIS RULE! You MUST NOT SAY other words.,(YES) The new man scores higher in intelligence and ambition; which are crucial for a psychologist; and has better compatibility in shared interests; which can enhance your personal and professional life.,214,194,195,1
Assume you are a 27-year-old woman with career type professional student; currently matched with a partner. Your current partner's scores (out of 10): attractiveness: 5.0/10; sincerity: 8.0/10; intelligence: 5.0/10; being funny: 3.0/10; ambition: 3.0/10; shared interests: 3.0/10. A new man is courting you with scores: attractiveness: 7.0/10; sincerity: 8.0/10; intelligence: 9.0/10; being funny: 9.0/10; ambition: 8.0/10; shared interests: 9.0/10. Your importance weights are: attractiveness: 15.38; sincerity: 19.23; intelligence: 19.23; being funny: 19.23; ambition: 13.46; shared interests: 13.46. Would you leave your current partner for the new man? Your answer must be (YES) or (NO) followed by your reason. You must FOLLOW THIS RULE! You MUST NOT SAY other words.,(YES) The new man scores significantly higher in most categories that are important to you; especially in intelligence; being funny; ambition; and shared interests; which would likely lead to a more fulfilling relationship.,215,195,196,1
Assume you are a 27-year-old man with career type Professor or Consultant; currently matched with a partner. Your current partner's scores (out of 10): attractiveness: 6.0/10; sincerity: 6.0/10; intelligence: 8.0/10; being funny: 6.0/10; ambition: 6.0/10; shared interests: 5.0/10. A new woman is courting you with scores: attractiveness: 4.0/10; sincerity: 7.0/10; intelligence: 8.0/10; being funny: 5.0/10; ambition: 6.0/10; shared interests: 2.0/10. Your importance weights are: attractiveness: 9.52; sincerity: 19.05; intelligence: 23.81; being funny: 19.05; ambition: 4.76; shared interests: 23.81. Would you leave your current partner for the new woman? Your answer must be (YES) or (NO) followed by your reason. You must FOLLOW THIS RULE! You MUST NOT SAY other words.,(NO) The weighted score for the current partner is higher than that of the new woman; indicating a better overall match according to the given weights.,198,222,229,0
Assume you are a 25-year-old woman with career type education; currently matched with a partner. Your current partner's scores (out of 10): attractiveness: 4.0/10; sincerity: 6.0/10; intelligence: 7.0/10; being funny: 7.0/10; ambition: 7.0/10; shared interests: 5.0/10. A new man is courting you with scores: attractiveness: 6.0/10; sincerity: 8.0/10; intelligence: 7.0/10; being funny: 6.0/10; ambition: 7.0/10; shared interests: 9.0/10. Your importance weights are: attractiveness: 17.65; sincerity: 17.65; intelligence: 17.65; being funny: 15.69; ambition: 15.69; shared interests: 15.69. Would you leave your current partner for the new man? Your answer must be (YES) or (NO) followed by your reason. You must FOLLOW THIS RULE! You MUST NOT SAY other words.,(YES) The new man scores higher in most of the important criteria; especially in sincerity and shared interests; which significantly enhances the overall relationship quality and compatibility.,217,196,204,1
Assume you are a 27-year-old man with career type Professor or Consultant; currently matched with a partner. Your current partner's scores (out of 10): attractiveness: 7.0/10; sincerity: 9.0/10; intelligence: 8.0/10; being funny: nan/10; ambition: 7.0/10; shared interests: nan/10. A new woman is courting you with scores: attractiveness: 8.0/10; sincerity: 6.0/10; intelligence: 4.0/10; being funny: 6.0/10; ambition: 8.0/10; shared interests: 4.0/10. Your importance weights are: attractiveness: 9.52; sincerity: 19.05; intelligence: 23.81; being funny: 19.05; ambition: 4.76; shared interests: 23.81. Would you leave your current partner for the new woman? Your answer must be (YES) or (NO) followed by your reason. You must FOLLOW THIS RULE! You MUST NOT SAY other words.,(NO) The current partner has a higher weighted score based on the provided attributes and importance weights.,200,222,221,0
Assume you are a 26-year-old woman with career type marketing / brand management; currently matched with a partner. Your current partner's scores (out of 10): attractiveness: 9.0/10; sincerity: 7.0/10; intelligence: 7.0/10; being funny: 9.0/10; ambition: 7.0/10; shared interests: 7.0/10. A new man is courting you with scores: attractiveness: 9.0/10; sincerity: 9.0/10; intelligence: 8.0/10; being funny: 9.0/10; ambition: 7.0/10; shared interests: 8.0/10. Your importance weights are: attractiveness: 19.61; sincerity: 15.69; intelligence: 17.65; being funny: 15.69; ambition: 17.65; shared interests: 13.73. Would you leave your current partner for the new man? Your answer must be (YES) or (NO) followed by your reason. You must FOLLOW THIS RULE! You MUST NOT SAY other words.,(NO) The new man has a higher score in sincerity and shared interests; which are important; but the overall increase in these areas does not outweigh the value of the existing relationship. The current partner's scores are relatively high; and the differences in the weighted scores between the two men are not significant enough to justify ending a relationship.,226,204,207,0
Assume you are a 26-year-old woman with career type marketing / brand management; currently matched with a partner. Your current partner's scores (out of 10): attractiveness: 5.0/10; sincerity: 9.0/10; intelligence: 8.0/10; being funny: 9.0/10; ambition: 7.0/10; shared interests: 9.0/10. A new man is courting you with scores: attractiveness: 7.0/10; sincerity: 7.0/10; intelligence: 9.0/10; being funny: 8.0/10; ambition: 8.0/10; shared interests: 6.0/10. Your importance weights are: attractiveness: 19.61; sincerity: 15.69; intelligence: 17.65; being funny: 15.69; ambition: 17.65; shared interests: 13.73. Would you leave your current partner for the new man? Your answer must be (YES) or (NO) followed by your reason. You must FOLLOW THIS RULE! You MUST NOT SAY other words.,(NO) The weighted score of your current partner is higher in sincerity; being funny; and shared interests; which are also relatively important to you. The new man; although more attractive and slightly more intelligent and ambitious; does not outweigh the strong emotional and interest connection you have with your current partner.,215,204,195,0
Assume you are a 24-year-old single man; and there is a 22-year-old woman who is courting you. Your career type is Researcher. You evaluated her on six dimensions with scores out of 10. These are attractiveness: 6.0/10; sincerity: 6.0/10; intelligence: 8.0/10; being funny: 6.0/10; ambition: 6.0/10; shared interests: 6.0/10. Your importance weights for these attributes are: attractiveness: 20.51; sincerity: 5.13; intelligence: 23.08; being funny: 12.82; ambition: 17.95; shared interests: 20.51. Would you be willing to date this woman? And also tell me the reason. Your answer must be (YES) or (NO) followed by your reason. You must FOLLOW THIS RULE! You MUST NOT SAY other words.,(YES) The weighted evaluation of the attributes; particularly with a high importance on intelligence; shared interests; and attractiveness; suggests a balanced and overall positive compatibility. The scores indicate that the woman meets a satisfactory level across all dimensions; which supports the decision to date her.,203,218,,1
Assume you are a 26-year-old woman with career type marketing / brand management; currently matched with a partner. Your current partner's scores (out of 10): attractiveness: 9.0/10; sincerity: 9.0/10; intelligence: 9.0/10; being funny: 9.0/10; ambition: 9.0/10; shared interests: 9.0/10. A new man is courting you with scores: attractiveness: 3.0/10; sincerity: 8.0/10; intelligence: 10.0/10; being funny: 6.0/10; ambition: 10.0/10; shared interests: 7.0/10. Your importance weights are: attractiveness: 19.61; sincerity: 15.69; intelligence: 17.65; being funny: 15.69; ambition: 17.65; shared interests: 13.73. Would you leave your current partner for the new man? Your answer must be (YES) or (NO) followed by your reason. You must FOLLOW THIS RULE! You MUST NOT SAY other words.,(NO) The weighted score for the current partner is significantly higher across all categories; especially in attractiveness; which is highly weighted for you. The new man does not match up in the areas you value most.,216,204,202,0
Assume you are a 25-year-old woman with career type International Business; currently matched with a partner. Your current partner's scores (out of 10): attractiveness: 6.0/10; sincerity: 6.0/10; intelligence: 8.0/10; being funny: 6.0/10; ambition: 6.0/10; shared interests: 6.0/10. A new man is courting you with scores: attractiveness: 7.0/10; sincerity: 8.0/10; intelligence: 9.0/10; being funny: 6.0/10; ambition: 9.0/10; shared interests: 5.0/10. Your importance weights are: attractiveness: 15.52; sincerity: 17.24; intelligence: 17.24; being funny: 17.24; ambition: 17.24; shared interests: 15.52. Would you leave your current partner for the new man? Your answer must be (YES) or (NO) followed by your reason. You must FOLLOW THIS RULE! You MUST NOT SAY other words.,(YES) The new man scores higher in most categories that are important to you; especially intelligence and ambition; which are equally weighted and highly valued. The slight decrease in shared interests is outweighed by the overall increase in other important factors.,218,213,203,1
Assume you are a 26-year-old woman with career type marketing / brand management; currently matched with a partner. Your current partner's scores (out of 10): attractiveness: 6.0/10; sincerity: 6.0/10; intelligence: 6.0/10; being funny: 5.0/10; ambition: 6.0/10; shared interests: 5.0/10. A new man is courting you with scores: attractiveness: 5.0/10; sincerity: 7.0/10; intelligence: 9.0/10; being funny: 5.0/10; ambition: 9.0/10; shared interests: 5.0/10. Your importance weights are: attractiveness: 19.61; sincerity: 15.69; intelligence: 17.65; being funny: 15.69; ambition: 17.65; shared interests: 13.73. Would you leave your current partner for the new man? Your answer must be (YES) or (NO) followed by your reason. You must FOLLOW THIS RULE! You MUST NOT SAY other words.,(NO) The current partner's overall score is slightly higher when weighted by your importance; and the difference in scores does not justify ending an established relationship.,218,204,213,0
Assume you are a 26-year-old man with career type corporate finance; currently matched with a partner. Your current partner's scores (out of 10): attractiveness: 6.0/10; sincerity: 8.0/10; intelligence: 7.0/10; being funny: 6.0/10; ambition: 7.0/10; shared interests: 9.0/10. A new woman is courting you with scores: attractiveness: 5.0/10; sincerity: 7.0/10; intelligence: 7.0/10; being funny: 6.0/10; ambition: 5.0/10; shared interests: 3.0/10. Your importance weights are: attractiveness: 20.0; sincerity: 16.0; intelligence: 18.0; being funny: 16.0; ambition: 16.0; shared interests: 14.0. Would you leave your current partner for the new woman? Your answer must be (YES) or (NO) followed by your reason. You must FOLLOW THIS RULE! You MUST NOT SAY other words.,(NO) The new woman's lower scores in attractiveness; ambition; and especially shared interests; make her a less suitable match based on your importance weights. Your current partner aligns more closely with what you value; including significantly higher shared interests; which is crucial for a fulfilling relationship.,196,227,217,0
Assume you are a 26-year-old man with career type corporate finance; currently matched with a partner. Your current partner's scores (out of 10): attractiveness: 2.0/10; sincerity: 10.0/10; intelligence: 10.0/10; being funny: 5.0/10; ambition: 10.0/10; shared interests: 10.0/10. A new woman is courting you with scores: attractiveness: 8.0/10; sincerity: 8.0/10; intelligence: 8.0/10; being funny: 8.0/10; ambition: 8.0/10; shared interests: 8.0/10. Your importance weights are: attractiveness: 20.0; sincerity: 16.0; intelligence: 18.0; being funny: 16.0; ambition: 16.0; shared interests: 14.0. Would you leave your current partner for the new woman? Your answer must be (YES) or (NO) followed by your reason. You must FOLLOW THIS RULE! You MUST NOT SAY other words.,(NO) Your current partner aligns very well with your high priorities in sincerity; intelligence; ambition; and shared interests; which are crucial for a deep and lasting connection; despite the lower score in attractiveness. The new woman; while more attractive; does not significantly outscore your current partner in the other important aspects; and the difference in attractiveness might not justify the emotional and relational value you have with your current partner.,199,227,223,0
Assume you are a 26-year-old man with career type corporate finance; currently matched with a partner. Your current partner's scores (out of 10): attractiveness: 7.0/10; sincerity: 9.0/10; intelligence: 8.0/10; being funny: nan/10; ambition: 7.0/10; shared interests: nan/10. A new woman is courting you with scores: attractiveness: 8.0/10; sincerity: 7.0/10; intelligence: 8.0/10; being funny: 7.0/10; ambition: 8.0/10; shared interests: 8.0/10. Your importance weights are: attractiveness: 20.0; sincerity: 16.0; intelligence: 18.0; being funny: 16.0; ambition: 16.0; shared interests: 14.0. Would you leave your current partner for the new woman? Your answer must be (YES) or (NO) followed by your reason. You must FOLLOW THIS RULE! You MUST NOT SAY other words.,(NO) The current partner has a higher score in sincerity; which is a highly weighted attribute; and the new woman does not significantly outperform in other areas to justify a change.,200,227,221,0
Assume you are a 26-year-old man with career type corporate finance; currently matched with a partner. Your current partner's scores (out of 10): attractiveness: 5.0/10; sincerity: 8.0/10; intelligence: 7.0/10; being funny: 8.0/10; ambition: 9.0/10; shared interests: 7.0/10. A new woman is courting you with scores: attractiveness: 4.0/10; sincerity: 6.0/10; intelligence: 7.0/10; being funny: 4.0/10; ambition: 5.0/10; shared interests: 4.0/10. Your importance weights are: attractiveness: 20.0; sincerity: 16.0; intelligence: 18.0; being funny: 16.0; ambition: 16.0; shared interests: 14.0. Would you leave your current partner for the new woman? Your answer must be (YES) or (NO) followed by your reason. You must FOLLOW THIS RULE! You MUST NOT SAY other words.,(NO) The weighted score for the current partner is higher (20*5 + 16*8 + 18*7 + 16*8 + 16*9 + 14*7 = 502) compared to the new woman (20*4 + 16*6 + 18*7 + 16*4 + 16*5 + 14*4 = 372). The current relationship has a stronger match based on the given weights and scores.,202,227,216,0
Assume you are a 26-year-old single man; and there is a 22-year-old woman who is courting you. Your career type is corporate finance. You evaluated her on six dimensions with scores out of 10. These are attractiveness: 5.0/10; sincerity: 7.0/10; intelligence: 7.0/10; being funny: 5.0/10; ambition: 6.0/10; shared interests: 5.0/10. Your importance weights for these attributes are: attractiveness: 20.0; sincerity: 16.0; intelligence: 18.0; being funny: 16.0; ambition: 16.0; shared interests: 14.0. Would you be willing to date this woman? And also tell me the reason. Your answer must be (YES) or (NO) followed by your reason. You must FOLLOW THIS RULE! You MUST NOT SAY other words.,(NO) The weighted score calculation results in a total score of 5.8; which is below average; indicating a mismatch in what you are looking for in a partner.,203,227,,0
Assume you are a 24-year-old man with career type professor; currently matched with a partner. Your current partner's scores (out of 10): attractiveness: 5.0/10; sincerity: 10.0/10; intelligence: 10.0/10; being funny: 10.0/10; ambition: 9.0/10; shared interests: 9.0/10. A new woman is courting you with scores: attractiveness: 6.0/10; sincerity: 6.0/10; intelligence: 6.0/10; being funny: 5.0/10; ambition: 6.0/10; shared interests: 5.0/10. Your importance weights are: attractiveness: 13.51; sincerity: 18.92; intelligence: 21.62; being funny: 13.51; ambition: 13.51; shared interests: 18.92. Would you leave your current partner for the new woman? Your answer must be (YES) or (NO) followed by your reason. You must FOLLOW THIS RULE! You MUST NOT SAY other words.,(NO) The current partner scores significantly higher in most important aspects such as sincerity; intelligence; being funny; and shared interests; which align closely with your importance weights.,211,228,232,0
Assume you are a 26-year-old woman with career type marketing / brand management; currently matched with a partner. Your current partner's scores (out of 10): attractiveness: 8.0/10; sincerity: 8.0/10; intelligence: 8.0/10; being funny: 8.0/10; ambition: 6.0/10; shared interests: 7.0/10. A new man is courting you with scores: attractiveness: 7.0/10; sincerity: 8.0/10; intelligence: 9.0/10; being funny: 8.0/10; ambition: 8.0/10; shared interests: 8.0/10. Your importance weights are: attractiveness: 19.61; sincerity: 15.69; intelligence: 17.65; being funny: 15.69; ambition: 17.65; shared interests: 13.73. Would you leave your current partner for the new man? Your answer must be (YES) or (NO) followed by your reason. You must FOLLOW THIS RULE! You MUST NOT SAY other words.,(NO) The weighted score for the current partner is slightly higher; with a total of 76.92 compared to the new man's 76.8; indicating a closer match with the current partner based on your priorities.,219,204,212,0
Assume you are a 22-year-old woman with career type college professor; currently matched with a partner. Your current partner's scores (out of 10): attractiveness: 9.0/10; sincerity: 7.0/10; intelligence: 7.0/10; being funny: 9.0/10; ambition: 7.0/10; shared interests: 7.0/10. A new man is courting you with scores: attractiveness: 10.0/10; sincerity: 8.0/10; intelligence: 8.0/10; being funny: 10.0/10; ambition: 9.0/10; shared interests: 9.0/10. Your importance weights are: attractiveness: 16.0; sincerity: 20.0; intelligence: 18.0; being funny: 20.0; ambition: 18.0; shared interests: 8.0. Would you leave your current partner for the new man? Your answer must be (YES) or (NO) followed by your reason. You must FOLLOW THIS RULE! You MUST NOT SAY other words.,(YES) The new man scores higher in most of the weighted categories; especially in being funny; ambition; and attractiveness; which are important to you. The overall weighted score for the new man is significantly higher; making him a more compatible match based on your preferences.,226,203,207,1
Assume you are a 24-year-old man with career type professor; currently matched with a partner. Your current partner's scores (out of 10): attractiveness: 8.0/10; sincerity: 8.0/10; intelligence: 9.0/10; being funny: 8.0/10; ambition: 9.0/10; shared interests: 6.0/10. A new woman is courting you with scores: attractiveness: 7.0/10; sincerity: 6.0/10; intelligence: 7.0/10; being funny: 7.0/10; ambition: 6.0/10; shared interests: 6.0/10. Your importance weights are: attractiveness: 13.51; sincerity: 18.92; intelligence: 21.62; being funny: 13.51; ambition: 13.51; shared interests: 18.92. Would you leave your current partner for the new woman? Your answer must be (YES) or (NO) followed by your reason. You must FOLLOW THIS RULE! You MUST NOT SAY other words.,(NO) Your current partner has higher or equal scores in all categories; and the shared interests are equally weighted as important to you. The new woman does not offer a significant improvement in any area that you value; and she scores lower in several key areas.,212,228,219,0
Assume you are a 24-year-old man with career type professor; currently matched with a partner. Your current partner's scores (out of 10): attractiveness: 7.0/10; sincerity: 8.0/10; intelligence: 10.0/10; being funny: 8.0/10; ambition: 10.0/10; shared interests: 7.0/10. A new woman is courting you with scores: attractiveness: 6.0/10; sincerity: 7.0/10; intelligence: 6.0/10; being funny: 4.0/10; ambition: 6.0/10; shared interests: 5.0/10. Your importance weights are: attractiveness: 13.51; sincerity: 18.92; intelligence: 21.62; being funny: 13.51; ambition: 13.51; shared interests: 18.92. Would you leave your current partner for the new woman? Your answer must be (YES) or (NO) followed by your reason. You must FOLLOW THIS RULE! You MUST NOT SAY other words.,(NO) The current partner has higher scores in all categories except being funny; and the difference in scores is significant in intelligence and ambition; which are highly weighted. The new woman's scores do not justify leaving a stable and intellectually stimulating relationship.,194,228,214,0
Assume you are a 26-year-old woman with career type marketing / brand management; currently matched with a partner. Your current partner's scores (out of 10): attractiveness: 10.0/10; sincerity: 10.0/10; intelligence: 10.0/10; being funny: 10.0/10; ambition: 10.0/10; shared interests: 10.0/10. A new man is courting you with scores: attractiveness: 4.0/10; sincerity: 7.0/10; intelligence: 9.0/10; being funny: 6.0/10; ambition: 8.0/10; shared interests: 8.0/10. Your importance weights are: attractiveness: 19.61; sincerity: 15.69; intelligence: 17.65; being funny: 15.69; ambition: 17.65; shared interests: 13.73. Would you leave your current partner for the new man? Your answer must be (YES) or (NO) followed by your reason. You must FOLLOW THIS RULE! You MUST NOT SAY other words.,(NO) Your current partner scores perfectly in all aspects that you value; which is an extremely rare and valuable match. The new man; despite having some positive qualities; does not come close to matching the完美度 of your current relationship in terms of your weighted importance. Therefore; it would not be wise to leave your current partner for the new man.,220,204,206,0
Assume you are a 24-year-old man with career type professor; currently matched with a partner. Your current partner's scores (out of 10): attractiveness: 6.0/10; sincerity: 8.0/10; intelligence: 7.0/10; being funny: 6.0/10; ambition: 7.0/10; shared interests: 9.0/10. A new woman is courting you with scores: attractiveness: 6.0/10; sincerity: 7.0/10; intelligence: 6.0/10; being funny: 4.0/10; ambition: 5.0/10; shared interests: 6.0/10. Your importance weights are: attractiveness: 13.51; sincerity: 18.92; intelligence: 21.62; being funny: 13.51; ambition: 13.51; shared interests: 18.92. Would you leave your current partner for the new woman? Your answer must be (YES) or (NO) followed by your reason. You must FOLLOW THIS RULE! You MUST NOT SAY other words.,(NO) The new woman does not score as highly in the weighted attributes compared to your current partner; especially in intelligence; ambition; and shared interests; which are weighted more heavily in your criteria.,196,228,217,0
Assume you are a 27-year-old man with career type Professor or Consultant; currently matched with a partner. Your current partner's scores (out of 10): attractiveness: 5.0/10; sincerity: 8.0/10; intelligence: 7.0/10; being funny: 8.0/10; ambition: 9.0/10; shared interests: 7.0/10. A new woman is courting you with scores: attractiveness: 6.0/10; sincerity: 4.0/10; intelligence: 7.0/10; being funny: 7.0/10; ambition: 8.0/10; shared interests: 2.0/10. Your importance weights are: attractiveness: 9.52; sincerity: 19.05; intelligence: 23.81; being funny: 19.05; ambition: 4.76; shared interests: 23.81. Would you leave your current partner for the new woman? Your answer must be (YES) or (NO) followed by your reason. You must FOLLOW THIS RULE! You MUST NOT SAY other words.,(NO) Your current partner scores higher in sincerity; being funny; and shared interests; which are highly weighted in your importance scale. Despite the new woman having a slightly higher attractiveness score and being marginally more ambitious; the significant differences in sincerity and shared interests make your current partner a better match according to your values.,202,222,216,0
Assume you are a 42-year-old man with career type consulting; currently matched with a partner. Your current partner's scores (out of 10): attractiveness: 9.0/10; sincerity: 10.0/10; intelligence: 10.0/10; being funny: 10.0/10; ambition: 9.0/10; shared interests: 9.0/10. A new woman is courting you with scores: attractiveness: 6.0/10; sincerity: 8.0/10; intelligence: 9.0/10; being funny: 8.0/10; ambition: 7.0/10; shared interests: 7.0/10. Your importance weights are: attractiveness: 23.81; sincerity: 23.81; intelligence: 23.81; being funny: 23.81; ambition: 2.38; shared interests: 2.38. Would you leave your current partner for the new woman? Your answer must be (YES) or (NO) followed by your reason. You must FOLLOW THIS RULE! You MUST NOT SAY other words.,(NO) The weighted score for your current partner is significantly higher across most attributes that are highly important to you; especially in terms of attractiveness; sincerity; being funny; and intelligence. Leaving them for the new woman does not align with your stated preferences.,206,230,220,0
Assume you are a 26-year-old woman with career type marketing / brand management; currently matched with a partner. Your current partner's scores (out of 10): attractiveness: 7.0/10; sincerity: 6.0/10; intelligence: 7.0/10; being funny: 7.0/10; ambition: 6.0/10; shared interests: 5.0/10. A new man is courting you with scores: attractiveness: 4.0/10; sincerity: 7.0/10; intelligence: 9.0/10; being funny: 5.0/10; ambition: 6.0/10; shared interests: 6.0/10. Your importance weights are: attractiveness: 19.61; sincerity: 15.69; intelligence: 17.65; being funny: 15.69; ambition: 17.65; shared interests: 13.73. Would you leave your current partner for the new man? Your answer must be (YES) or (NO) followed by your reason. You must FOLLOW THIS RULE! You MUST NOT SAY other words.,(NO) The weighted score of your current partner is higher in every significant category except for sincerity and shared interests; and the differences in those categories are not enough to outweigh the higher scores in attractiveness; intelligence; and being funny. Therefore; it would not be advisable to leave your current partner for the new man.,221,204,200,0
Assume you are a 26-year-old man with career type corporate finance; currently matched with a partner. Your current partner's scores (out of 10): attractiveness: 9.0/10; sincerity: 10.0/10; intelligence: 10.0/10; being funny: 10.0/10; ambition: 9.0/10; shared interests: 9.0/10. A new woman is courting you with scores: attractiveness: 4.0/10; sincerity: 5.0/10; intelligence: 6.0/10; being funny: 4.0/10; ambition: 5.0/10; shared interests: 3.0/10. Your importance weights are: attractiveness: 20.0; sincerity: 16.0; intelligence: 18.0; being funny: 16.0; ambition: 16.0; shared interests: 14.0. Would you leave your current partner for the new woman? Your answer must be (YES) or (NO) followed by your reason. You must FOLLOW THIS RULE! You MUST NOT SAY other words.,(NO) The weighted score for your current partner is significantly higher; indicating a much stronger match based on your priorities.,206,227,220,0
Assume you are a 23-year-old woman with career type IP Law; currently matched with a partner. Your current partner's scores (out of 10): attractiveness: 8.0/10; sincerity: 8.0/10; intelligence: 8.0/10; being funny: 8.0/10; ambition: 6.0/10; shared interests: 7.0/10. A new man is courting you with scores: attractiveness: 9.0/10; sincerity: 9.0/10; intelligence: 9.0/10; being funny: 10.0/10; ambition: 9.0/10; shared interests: 8.0/10. Your importance weights are: attractiveness: 17.31; sincerity: 13.46; intelligence: 17.31; being funny: 19.23; ambition: 19.23; shared interests: 13.46. Would you leave your current partner for the new man? Your answer must be (YES) or (NO) followed by your reason. You must FOLLOW THIS RULE! You MUST NOT SAY other words.,(YES) The new man scores higher in all categories and aligns more closely with your importance weights; especially in being funny and ambition; which you value highly.,219,207,212,1
Assume you are a 26-year-old man with career type corporate finance; currently matched with a partner. Your current partner's scores (out of 10): attractiveness: 5.0/10; sincerity: 8.0/10; intelligence: 8.0/10; being funny: 9.0/10; ambition: 9.0/10; shared interests: 5.0/10. A new woman is courting you with scores: attractiveness: 8.0/10; sincerity: 8.0/10; intelligence: 8.0/10; being funny: 8.0/10; ambition: 8.0/10; shared interests: 7.0/10. Your importance weights are: attractiveness: 20.0; sincerity: 16.0; intelligence: 18.0; being funny: 16.0; ambition: 16.0; shared interests: 14.0. Would you leave your current partner for the new woman? Your answer must be (YES) or (NO) followed by your reason. You must FOLLOW THIS RULE! You MUST NOT SAY other words.,(NO) The current partner scores higher in shared interests; which is important for a lasting relationship; and the overall weighted score is slightly higher for the current partner.,208,227,225,0
Assume you are a 42-year-old man with career type consulting; currently matched with a partner. Your current partner's scores (out of 10): attractiveness: 9.0/10; sincerity: 9.0/10; intelligence: 9.0/10; being funny: 10.0/10; ambition: 9.0/10; shared interests: 8.0/10. A new woman is courting you with scores: attractiveness: 9.0/10; sincerity: 7.0/10; intelligence: 7.0/10; being funny: 7.0/10; ambition: 6.0/10; shared interests: 7.0/10. Your importance weights are: attractiveness: 23.81; sincerity: 23.81; intelligence: 23.81; being funny: 23.81; ambition: 2.38; shared interests: 2.38. Would you leave your current partner for the new woman? Your answer must be (YES) or (NO) followed by your reason. You must FOLLOW THIS RULE! You MUST NOT SAY other words.,(NO) The current partner has higher or equal scores in all categories; and the weights for attractiveness; sincerity; intelligence; and being funny are very high; which makes staying with the current partner the better choice.,207,230,219,0
Assume you are a 27-year-old single woman; and there is a 24-year-old man who is courting you. Your career type is Finance. You evaluated him on six dimensions with scores out of 10. These are attractiveness: 6.0/10; sincerity: 10.0/10; intelligence: 10.0/10; being funny: 6.0/10; ambition: 10.0/10; shared interests: 6.0/10. Your importance weights for these attributes are: attractiveness: 14.29; sincerity: 18.37; intelligence: 18.37; being funny: 16.33; ambition: 18.37; shared interests: 14.29. Would you be willing to date this man? And also tell me the reason. Your answer must be (YES) or (NO) followed by your reason. You must FOLLOW THIS RULE! You MUST NOT SAY other words.,(YES) The weighted average of the scores is above a reasonable threshold; indicating he aligns well with your values and preferences.,228,212,,1
Assume you are a 27-year-old man with career type Professor or Consultant; currently matched with a partner. Your current partner's scores (out of 10): attractiveness: 10.0/10; sincerity: 8.0/10; intelligence: 8.0/10; being funny: 10.0/10; ambition: 9.0/10; shared interests: 9.0/10. A new woman is courting you with scores: attractiveness: 8.0/10; sincerity: 5.0/10; intelligence: 6.0/10; being funny: 7.0/10; ambition: 6.0/10; shared interests: 3.0/10. Your importance weights are: attractiveness: 9.52; sincerity: 19.05; intelligence: 23.81; being funny: 19.05; ambition: 4.76; shared interests: 23.81. Would you leave your current partner for the new woman? Your answer must be (YES) or (NO) followed by your reason. You must FOLLOW THIS RULE! You MUST NOT SAY other words.,(NO) The current partner has significantly higher scores in nearly all categories that are weighted as important; such as attractiveness; sincerity; intelligence; being funny; and shared interests. Leaving for the new woman would not align with the values and preferences indicated by your importance weights.,203,222,226,0
Assume you are a 27-year-old man with career type Professor or Consultant; currently matched with a partner. Your current partner's scores (out of 10): attractiveness: 10.0/10; sincerity: 10.0/10; intelligence: 10.0/10; being funny: 7.0/10; ambition: 7.0/10; shared interests: 9.0/10. A new woman is courting you with scores: attractiveness: 7.0/10; sincerity: 5.0/10; intelligence: 6.0/10; being funny: 8.0/10; ambition: 2.0/10; shared interests: 4.0/10. Your importance weights are: attractiveness: 9.52; sincerity: 19.05; intelligence: 23.81; being funny: 19.05; ambition: 4.76; shared interests: 23.81. Would you leave your current partner for the new woman? Your answer must be (YES) or (NO) followed by your reason. You must FOLLOW THIS RULE! You MUST NOT SAY other words.,(NO) Your current partner aligns much more closely with your importance weights; especially in sincerity; intelligence; and shared interests; which are highly valued by you. The new woman does not match up in these critical areas.,205,222,224,0
Assume you are a 26-year-old man with career type corporate finance; currently matched with a partner. Your current partner's scores (out of 10): attractiveness: 5.0/10; sincerity: 10.0/10; intelligence: 10.0/10; being funny: 10.0/10; ambition: 9.0/10; shared interests: 9.0/10. A new woman is courting you with scores: attractiveness: 6.0/10; sincerity: 6.0/10; intelligence: 6.0/10; being funny: 5.0/10; ambition: 5.0/10; shared interests: 5.0/10. Your importance weights are: attractiveness: 20.0; sincerity: 16.0; intelligence: 18.0; being funny: 16.0; ambition: 16.0; shared interests: 14.0. Would you leave your current partner for the new woman? Your answer must be (YES) or (NO) followed by your reason. You must FOLLOW THIS RULE! You MUST NOT SAY other words.,(NO) The current partner has a significantly higher overall score in the weighted attributes; especially in sincerity; intelligence; being funny; and shared interests; which are valued highly. The new woman does not offer a substantial improvement in any area and falls short in several important attributes.,211,227,232,0
Assume you are a 26-year-old woman with career type marketing / brand management; currently matched with a partner. Your current partner's scores (out of 10): attractiveness: 9.0/10; sincerity: 7.0/10; intelligence: 8.0/10; being funny: 7.0/10; ambition: 5.0/10; shared interests: 8.0/10. A new man is courting you with scores: attractiveness: 6.0/10; sincerity: 6.0/10; intelligence: 7.0/10; being funny: 6.0/10; ambition: 7.0/10; shared interests: 6.0/10. Your importance weights are: attractiveness: 19.61; sincerity: 15.69; intelligence: 17.65; being funny: 15.69; ambition: 17.65; shared interests: 13.73. Would you leave your current partner for the new man? Your answer must be (YES) or (NO) followed by your reason. You must FOLLOW THIS RULE! You MUST NOT SAY other words.,(NO) The weighted score for the current partner is higher based on the given importance weights and scores; indicating a stronger overall compatibility.,223,204,199,0
Assume you are a 26-year-old woman with career type marketing / brand management; currently matched with a partner. Your current partner's scores (out of 10): attractiveness: 8.0/10; sincerity: 10.0/10; intelligence: 9.0/10; being funny: 9.0/10; ambition: 9.0/10; shared interests: 6.0/10. A new man is courting you with scores: attractiveness: 7.0/10; sincerity: 9.0/10; intelligence: 8.0/10; being funny: 7.0/10; ambition: 7.0/10; shared interests: 8.0/10. Your importance weights are: attractiveness: 19.61; sincerity: 15.69; intelligence: 17.65; being funny: 15.69; ambition: 17.65; shared interests: 13.73. Would you leave your current partner for the new man? Your answer must be (YES) or (NO) followed by your reason. You must FOLLOW THIS RULE! You MUST NOT SAY other words.,(NO) The weighted score calculation shows that your current partner's total score (9.02) is higher than the new man's total score (7.85); indicating a better match according to your importance weights.,225,204,208,0
Assume you are a 26-year-old man with career type corporate finance; currently matched with a partner. Your current partner's scores (out of 10): attractiveness: 6.0/10; sincerity: 10.0/10; intelligence: 10.0/10; being funny: 6.0/10; ambition: 10.0/10; shared interests: 6.0/10. A new woman is courting you with scores: attractiveness: 6.0/10; sincerity: 8.0/10; intelligence: 8.0/10; being funny: 6.0/10; ambition: 6.0/10; shared interests: 6.0/10. Your importance weights are: attractiveness: 20.0; sincerity: 16.0; intelligence: 18.0; being funny: 16.0; ambition: 16.0; shared interests: 14.0. Would you leave your current partner for the new woman? Your answer must be (YES) or (NO) followed by your reason. You must FOLLOW THIS RULE! You MUST NOT SAY other words.,(NO) The current partner has a higher overall score when applying the importance weights (206) compared to the new woman (176).,212,227,228,0
Assume you are a 26-year-old woman with career type marketing / brand management; currently matched with a partner. Your current partner's scores (out of 10): attractiveness: 3.0/10; sincerity: 4.0/10; intelligence: 5.0/10; being funny: 2.0/10; ambition: 2.0/10; shared interests: 2.0/10. A new man is courting you with scores: attractiveness: 8.0/10; sincerity: 7.0/10; intelligence: 8.0/10; being funny: 9.0/10; ambition: 8.0/10; shared interests: 7.0/10. Your importance weights are: attractiveness: 19.61; sincerity: 15.69; intelligence: 17.65; being funny: 15.69; ambition: 17.65; shared interests: 13.73. Would you leave your current partner for the new man? Your answer must be (YES) or (NO) followed by your reason. You must FOLLOW THIS RULE! You MUST NOT SAY other words.,(YES) The new man's scores are significantly higher in all attributes; especially in areas you value most such as attractiveness; intelligence; and being funny. The compatibility based on your importance weights clearly favors the new man.,229,204,198,1
Assume you are a 27-year-old man with career type Professor or Consultant; currently matched with a partner. Your current partner's scores (out of 10): attractiveness: 9.0/10; sincerity: 10.0/10; intelligence: 10.0/10; being funny: 10.0/10; ambition: 9.0/10; shared interests: 9.0/10. A new woman is courting you with scores: attractiveness: 6.0/10; sincerity: 5.0/10; intelligence: 6.0/10; being funny: 2.0/10; ambition: 5.0/10; shared interests: 4.0/10. Your importance weights are: attractiveness: 9.52; sincerity: 19.05; intelligence: 23.81; being funny: 19.05; ambition: 4.76; shared interests: 23.81. Would you leave your current partner for the new woman? Your answer must be (YES) or (NO) followed by your reason. You must FOLLOW THIS RULE! You MUST NOT SAY other words.,(NO) The weighted score for the current partner is significantly higher; indicating a better match in terms of values and preferences. Leaving the current partner for the new woman; who scores much lower in most important categories; does not make sense.,206,222,220,0
Assume you are a 26-year-old man with career type corporate finance; currently matched with a partner. Your current partner's scores (out of 10): attractiveness: 7.0/10; sincerity: 8.0/10; intelligence: 9.0/10; being funny: 6.0/10; ambition: 9.0/10; shared interests: 5.0/10. A new woman is courting you with scores: attractiveness: 6.0/10; sincerity: 8.0/10; intelligence: 8.0/10; being funny: 7.0/10; ambition: 7.0/10; shared interests: 7.0/10. Your importance weights are: attractiveness: 20.0; sincerity: 16.0; intelligence: 18.0; being funny: 16.0; ambition: 16.0; shared interests: 14.0. Would you leave your current partner for the new woman? Your answer must be (YES) or (NO) followed by your reason. You must FOLLOW THIS RULE! You MUST NOT SAY other words.,(NO) The weighted score for the current partner is higher (190) compared to the new woman (182).,213,227,218,0
Assume you are a 27-year-old man with career type Professor or Consultant; currently matched with a partner. Your current partner's scores (out of 10): attractiveness: 9.0/10; sincerity: 9.0/10; intelligence: 9.0/10; being funny: 10.0/10; ambition: 9.0/10; shared interests: 8.0/10. A new woman is courting you with scores: attractiveness: 8.0/10; sincerity: 4.0/10; intelligence: 8.0/10; being funny: 6.0/10; ambition: 4.0/10; shared interests: 4.0/10. Your importance weights are: attractiveness: 9.52; sincerity: 19.05; intelligence: 23.81; being funny: 19.05; ambition: 4.76; shared interests: 23.81. Would you leave your current partner for the new woman? Your answer must be (YES) or (NO) followed by your reason. You must FOLLOW THIS RULE! You MUST NOT SAY other words.,(NO) Your current partner has significantly higher scores in sincerity; ambition; and shared interests; which are highly weighted in your criteria. Despite the new woman having a slightly higher score in attractiveness and intelligence; the overall compatibility and satisfaction would likely be much greater with your current partner.,207,222,219,0
Assume you are a 42-year-old man with career type consulting; currently matched with a partner. Your current partner's scores (out of 10): attractiveness: 5.0/10; sincerity: 10.0/10; intelligence: 10.0/10; being funny: 10.0/10; ambition: 9.0/10; shared interests: 9.0/10. A new woman is courting you with scores: attractiveness: 9.0/10; sincerity: 7.0/10; intelligence: 7.0/10; being funny: 7.0/10; ambition: 5.0/10; shared interests: 7.0/10. Your importance weights are: attractiveness: 23.81; sincerity: 23.81; intelligence: 23.81; being funny: 23.81; ambition: 2.38; shared interests: 2.38. Would you leave your current partner for the new woman? Your answer must be (YES) or (NO) followed by your reason. You must FOLLOW THIS RULE! You MUST NOT SAY other words.,(NO) The current partner has a higher weighted score based on your importance weights; especially in the highly weighted attributes of sincerity; intelligence; and being funny.,211,230,232,0
Assume you are a 26-year-old man with career type corporate finance; currently matched with a partner. Your current partner's scores (out of 10): attractiveness: 8.0/10; sincerity: 7.0/10; intelligence: 8.0/10; being funny: 9.0/10; ambition: 8.0/10; shared interests: 7.0/10. A new woman is courting you with scores: attractiveness: 4.0/10; sincerity: 4.0/10; intelligence: 5.0/10; being funny: 5.0/10; ambition: 5.0/10; shared interests: 5.0/10. Your importance weights are: attractiveness: 20.0; sincerity: 16.0; intelligence: 18.0; being funny: 16.0; ambition: 16.0; shared interests: 14.0. Would you leave your current partner for the new woman? Your answer must be (YES) or (NO) followed by your reason. You must FOLLOW THIS RULE! You MUST NOT SAY other words.,(NO) The weighted score for your current partner is 124.8; while the weighted score for the new woman is 62.0; indicating a significantly higher compatibility and satisfaction level with your current partner.,204,227,229,0
Assume you are a 27-year-old man with career type Professor or Consultant; currently matched with a partner. Your current partner's scores (out of 10): attractiveness: 5.0/10; sincerity: 8.0/10; intelligence: 8.0/10; being funny: 9.0/10; ambition: 9.0/10; shared interests: 5.0/10. A new woman is courting you with scores: attractiveness: 8.0/10; sincerity: 7.0/10; intelligence: 7.0/10; being funny: 8.0/10; ambition: 2.0/10; shared interests: 5.0/10. Your importance weights are: attractiveness: 9.52; sincerity: 19.05; intelligence: 23.81; being funny: 19.05; ambition: 4.76; shared interests: 23.81. Would you leave your current partner for the new woman? Your answer must be (YES) or (NO) followed by your reason. You must FOLLOW THIS RULE! You MUST NOT SAY other words.,(NO) Your current partner scores higher in sincerity; intelligence; and being funny; which are weighted more heavily in your criteria. Despite the new woman's higher attractiveness; the significant drop in ambition and similar level of shared interests do not justify leaving your current partner.,208,222,225,0
Assume you are a 23-year-old woman with career type investment banking; currently matched with a partner. Your current partner's scores (out of 10): attractiveness: 5.0/10; sincerity: 9.0/10; intelligence: 8.0/10; being funny: 9.0/10; ambition: 7.0/10; shared interests: 9.0/10. A new man is courting you with scores: attractiveness: 4.0/10; sincerity: 5.0/10; intelligence: 5.0/10; being funny: 6.0/10; ambition: 6.0/10; shared interests: 5.0/10. Your importance weights are: attractiveness: 15.38; sincerity: 19.23; intelligence: 17.31; being funny: 19.23; ambition: 9.62; shared interests: 19.23. Would you leave your current partner for the new man? Your answer must be (YES) or (NO) followed by your reason. You must FOLLOW THIS RULE! You MUST NOT SAY other words.,(NO) The new man's scores in all categories are significantly lower compared to your current partner; especially in sincerity; intelligence; being funny; and shared interests; which are highly weighted in your criteria.,215,198,195,0
Assume you are a 26-year-old man with career type corporate finance; currently matched with a partner. Your current partner's scores (out of 10): attractiveness: 10.0/10; sincerity: 10.0/10; intelligence: 10.0/10; being funny: 7.0/10; ambition: 7.0/10; shared interests: 9.0/10. A new woman is courting you with scores: attractiveness: 3.0/10; sincerity: 5.0/10; intelligence: 6.0/10; being funny: 5.0/10; ambition: 5.0/10; shared interests: 3.0/10. Your importance weights are: attractiveness: 20.0; sincerity: 16.0; intelligence: 18.0; being funny: 16.0; ambition: 16.0; shared interests: 14.0. Would you leave your current partner for the new woman? Your answer must be (YES) or (NO) followed by your reason. You must FOLLOW THIS RULE! You MUST NOT SAY other words.,(NO) The current partner scores significantly higher in almost all categories; especially in the highly weighted attributes like attractiveness; sincerity; and intelligence. The new woman does not offer a comparable level of compatibility and alignment with your values and preferences.,205,227,224,0
Assume you are a 42-year-old man with career type consulting; currently matched with a partner. Your current partner's scores (out of 10): attractiveness: 6.0/10; sincerity: 10.0/10; intelligence: 10.0/10; being funny: 6.0/10; ambition: 10.0/10; shared interests: 6.0/10. A new woman is courting you with scores: attractiveness: 7.0/10; sincerity: 6.0/10; intelligence: 6.0/10; being funny: 6.0/10; ambition: 6.0/10; shared interests: 7.0/10. Your importance weights are: attractiveness: 23.81; sincerity: 23.81; intelligence: 23.81; being funny: 23.81; ambition: 2.38; shared interests: 2.38. Would you leave your current partner for the new woman? Your answer must be (YES) or (NO) followed by your reason. You must FOLLOW THIS RULE! You MUST NOT SAY other words.,(NO) The current partner has significantly higher scores in sincerity; intelligence; and ambition; which are important traits; while the differences in attractiveness and shared interests are minor. The current relationship appears more aligned with your values and long-term satisfaction.,212,230,228,0
Assume you are a 23-year-old woman with career type investment banking; currently matched with a partner. Your current partner's scores (out of 10): attractiveness: 9.0/10; sincerity: 9.0/10; intelligence: 9.0/10; being funny: 9.0/10; ambition: 9.0/10; shared interests: 9.0/10. A new man is courting you with scores: attractiveness: 3.0/10; sincerity: 4.0/10; intelligence: 5.0/10; being funny: 6.0/10; ambition: 6.0/10; shared interests: 7.0/10. Your importance weights are: attractiveness: 15.38; sincerity: 19.23; intelligence: 17.31; being funny: 19.23; ambition: 9.62; shared interests: 19.23. Would you leave your current partner for the new man? Your answer must be (YES) or (NO) followed by your reason. You must FOLLOW THIS RULE! You MUST NOT SAY other words.,(NO) The new man's scores are significantly lower in most categories compared to your current partner; especially in areas you value highly like attractiveness; sincerity; and intelligence. The current relationship is much better aligned with your preferences and values.,216,198,202,0
Assume you are a 23-year-old woman with career type investment banking; currently matched with a partner. Your current partner's scores (out of 10): attractiveness: 4.0/10; sincerity: 7.0/10; intelligence: 8.0/10; being funny: 5.0/10; ambition: 4.0/10; shared interests: 6.0/10. A new man is courting you with scores: attractiveness: 6.0/10; sincerity: 5.0/10; intelligence: 7.0/10; being funny: 5.0/10; ambition: 5.0/10; shared interests: 6.0/10. Your importance weights are: attractiveness: 15.38; sincerity: 19.23; intelligence: 17.31; being funny: 19.23; ambition: 9.62; shared interests: 19.23. Would you leave your current partner for the new man? Your answer must be (YES) or (NO) followed by your reason. You must FOLLOW THIS RULE! You MUST NOT SAY other words.,(NO) The weighted score for the current partner is slightly higher (56.73) compared to the new man (54.62); so it's better to stay with the current partner.,217,198,196,0
Assume you are a 42-year-old man with career type consulting; currently matched with a partner. Your current partner's scores (out of 10): attractiveness: 7.0/10; sincerity: 8.0/10; intelligence: 9.0/10; being funny: 6.0/10; ambition: 9.0/10; shared interests: 5.0/10. A new woman is courting you with scores: attractiveness: 9.0/10; sincerity: 8.0/10; intelligence: 8.0/10; being funny: 8.0/10; ambition: 6.0/10; shared interests: 8.0/10. Your importance weights are: attractiveness: 23.81; sincerity: 23.81; intelligence: 23.81; being funny: 23.81; ambition: 2.38; shared interests: 2.38. Would you leave your current partner for the new woman? Your answer must be (YES) or (NO) followed by your reason. You must FOLLOW THIS RULE! You MUST NOT SAY other words.,(NO) The weighted score of the current partner is slightly higher when considering the importance weights you have assigned; especially with the high weight on intelligence and the current partner's high score in that area.,213,230,218,0
Assume you are a 42-year-old man with career type consulting; currently matched with a partner. Your current partner's scores (out of 10): attractiveness: 6.0/10; sincerity: 8.0/10; intelligence: 7.0/10; being funny: 6.0/10; ambition: 7.0/10; shared interests: 9.0/10. A new woman is courting you with scores: attractiveness: 8.0/10; sincerity: 7.0/10; intelligence: 8.0/10; being funny: 5.0/10; ambition: 5.0/10; shared interests: 6.0/10. Your importance weights are: attractiveness: 23.81; sincerity: 23.81; intelligence: 23.81; being funny: 23.81; ambition: 2.38; shared interests: 2.38. Would you leave your current partner for the new woman? Your answer must be (YES) or (NO) followed by your reason. You must FOLLOW THIS RULE! You MUST NOT SAY other words.,(NO) The current partner has a higher overall score based on the given weights and scores. The current partner's weighted score is higher in sincerity; intelligence; and shared interests; which collectively outweigh the new woman's higher attractiveness score.,196,230,217,0
Assume you are a 26-year-old single man; and there is a 23-year-old woman who is courting you. Your career type is corporate finance. You evaluated her on six dimensions with scores out of 10. These are attractiveness: 3.0/10; sincerity: 3.0/10; intelligence: 5.0/10; being funny: 4.0/10; ambition: 4.0/10; shared interests: 2.0/10. Your importance weights for these attributes are: attractiveness: 20.0; sincerity: 16.0; intelligence: 18.0; being funny: 16.0; ambition: 16.0; shared interests: 14.0. Would you be willing to date this woman? And also tell me the reason. Your answer must be (YES) or (NO) followed by your reason. You must FOLLOW THIS RULE! You MUST NOT SAY other words.,(NO) The weighted scores for each attribute are as follows: attractiveness (3.0 * 20.0 = 60); sincerity (3.0 * 16.0 = 48); intelligence (5.0 * 18.0 = 90); being funny (4.0 * 16.0 = 64); ambition (4.0 * 16.0 = 64); and shared interests (2.0 * 14.0 = 28). The total weighted score is 354 out of a possible 700. Given the low overall score and particularly low scores in attractiveness; sincerity; and shared interests; which are weighted more heavily; it does not seem like a good match.,198,227,,0
Assume you are a 42-year-old single man; and there is a 23-year-old woman who is courting you. Your career type is consulting. You evaluated her on six dimensions with scores out of 10. These are attractiveness: 9.0/10; sincerity: 8.0/10; intelligence: 8.0/10; being funny: 7.0/10; ambition: 5.0/10; shared interests: 6.0/10. Your importance weights for these attributes are: attractiveness: 23.81; sincerity: 23.81; intelligence: 23.81; being funny: 23.81; ambition: 2.38; shared interests: 2.38. Would you be willing to date this woman? And also tell me the reason. Your answer must be (YES) or (NO) followed by your reason. You must FOLLOW THIS RULE! You MUST NOT SAY other words.,(YES) The weighted score calculation leads to a high overall score; indicating a strong compatibility based on your valued attributes. Attractiveness; sincerity; and intelligence; which you heavily weigh; are all rated highly by you; supporting a positive inclination towards dating her.,198,230,,1
Assume you are a 27-year-old man with career type Professor or Consultant; currently matched with a partner. Your current partner's scores (out of 10): attractiveness: 5.0/10; sincerity: 10.0/10; intelligence: 10.0/10; being funny: 10.0/10; ambition: 9.0/10; shared interests: 9.0/10. A new woman is courting you with scores: attractiveness: 8.0/10; sincerity: 5.0/10; intelligence: 7.0/10; being funny: 5.0/10; ambition: 6.0/10; shared interests: 5.0/10. Your importance weights are: attractiveness: 9.52; sincerity: 19.05; intelligence: 23.81; being funny: 19.05; ambition: 4.76; shared interests: 23.81. Would you leave your current partner for the new woman? Your answer must be (YES) or (NO) followed by your reason. You must FOLLOW THIS RULE! You MUST NOT SAY other words.,(NO) Your current partner aligns much more closely with your values and preferences; particularly in sincerity; intelligence; being funny; and shared interests; which together account for a significant portion of your importance weights. Despite the new woman's higher attractiveness score; the overall compatibility and value alignment with your current partner are substantially higher.,211,222,232,0
Assume you are a 27-year-old man with career type Professor or Consultant; currently matched with a partner. Your current partner's scores (out of 10): attractiveness: 6.0/10; sincerity: 10.0/10; intelligence: 10.0/10; being funny: 6.0/10; ambition: 10.0/10; shared interests: 6.0/10. A new woman is courting you with scores: attractiveness: 8.0/10; sincerity: 6.0/10; intelligence: 6.0/10; being funny: 8.0/10; ambition: 5.0/10; shared interests: 6.0/10. Your importance weights are: attractiveness: 9.52; sincerity: 19.05; intelligence: 23.81; being funny: 19.05; ambition: 4.76; shared interests: 23.81. Would you leave your current partner for the new woman? Your answer must be (YES) or (NO) followed by your reason. You must FOLLOW THIS RULE! You MUST NOT SAY other words.,(NO) Your current partner highly matches your values; especially in sincerity; intelligence; and shared interests; which are weighted more heavily in your preferences. The new woman; while more attractive and funnier; does not match as well in the areas you prioritize most.,212,222,228,0
Assume you are a 27-year-old man with career type Professor or Consultant; currently matched with a partner. Your current partner's scores (out of 10): attractiveness: 7.0/10; sincerity: 8.0/10; intelligence: 9.0/10; being funny: 6.0/10; ambition: 9.0/10; shared interests: 5.0/10. A new woman is courting you with scores: attractiveness: 6.0/10; sincerity: 5.0/10; intelligence: 5.0/10; being funny: 4.0/10; ambition: 6.0/10; shared interests: 5.0/10. Your importance weights are: attractiveness: 9.52; sincerity: 19.05; intelligence: 23.81; being funny: 19.05; ambition: 4.76; shared interests: 23.81. Would you leave your current partner for the new woman? Your answer must be (YES) or (NO) followed by your reason. You must FOLLOW THIS RULE! You MUST NOT SAY other words.,(NO) The current partner scores higher in every category that is highly valued; such as sincerity; intelligence; and shared interests; making the current relationship more aligned with your priorities.,213,222,218,0
Assume you are a 27-year-old man with career type Professor or Consultant; currently matched with a partner. Your current partner's scores (out of 10): attractiveness: 6.0/10; sincerity: 8.0/10; intelligence: 7.0/10; being funny: 6.0/10; ambition: 7.0/10; shared interests: 9.0/10. A new woman is courting you with scores: attractiveness: 7.0/10; sincerity: 6.0/10; intelligence: 5.0/10; being funny: 3.0/10; ambition: 4.0/10; shared interests: 5.0/10. Your importance weights are: attractiveness: 9.52; sincerity: 19.05; intelligence: 23.81; being funny: 19.05; ambition: 4.76; shared interests: 23.81. Would you leave your current partner for the new woman? Your answer must be (YES) or (NO) followed by your reason. You must FOLLOW THIS RULE! You MUST NOT SAY other words.,(NO) The current partner has a higher weighted score based on the given criteria and importance weights.,196,222,217,0
Assume you are a 27-year-old man with career type Professor or Consultant; currently matched with a partner. Your current partner's scores (out of 10): attractiveness: 7.0/10; sincerity: 8.0/10; intelligence: 9.0/10; being funny: 9.0/10; ambition: 8.0/10; shared interests: 9.0/10. A new woman is courting you with scores: attractiveness: 6.0/10; sincerity: 3.0/10; intelligence: 8.0/10; being funny: 3.0/10; ambition: 3.0/10; shared interests: 2.0/10. Your importance weights are: attractiveness: 9.52; sincerity: 19.05; intelligence: 23.81; being funny: 19.05; ambition: 4.76; shared interests: 23.81. Would you leave your current partner for the new woman? Your answer must be (YES) or (NO) followed by your reason. You must FOLLOW THIS RULE! You MUST NOT SAY other words.,(NO) The calculated weighted score for the current partner is significantly higher; indicating a much better match according to the given importance weights.,195,222,215,0
Assume you are a 27-year-old man with career type Professor or Consultant; currently matched with a partner. Your current partner's scores (out of 10): attractiveness: 8.0/10; sincerity: 7.0/10; intelligence: 8.0/10; being funny: 9.0/10; ambition: 8.0/10; shared interests: 7.0/10. A new woman is courting you with scores: attractiveness: 7.0/10; sincerity: 6.0/10; intelligence: 2.0/10; being funny: 2.0/10; ambition: 8.0/10; shared interests: 3.0/10. Your importance weights are: attractiveness: 9.52; sincerity: 19.05; intelligence: 23.81; being funny: 19.05; ambition: 4.76; shared interests: 23.81. Would you leave your current partner for the new woman? Your answer must be (YES) or (NO) followed by your reason. You must FOLLOW THIS RULE! You MUST NOT SAY other words.,(NO) The current partner has a much higher overall weighted score based on the importance weights provided. The new woman's lower scores in intelligence; being funny; and shared interests; which are highly weighted; make her a less suitable match.,204,222,229,0
