Assume you are a 26-year-old single woman; and there is a 29-year-old man who is courting you. Your career type is Who knows. You evaluated him on six dimensions with scores out of 10. These are attractiveness: 8.0/10; sincerity: 10.0/10; intelligence: 10.0/10; being funny: 9.0/10; ambition: 10.0/10; shared interests: 5.0/10. Your importance weights for these attributes are: attractiveness: 20.0; sincerity: 20.0; intelligence: 20.0; being funny: 10.0; ambition: 20.0; shared interests: 10.0. Would you be willing to date this man? And also tell me the reason. Your answer must be (YES) or (NO) followed by your reason. You must FOLLOW THIS RULE! You MUST NOT SAY other words.,(YES) The weighted score calculation leads to a high overall score; with strong positives in sincerity; intelligence; and ambition; which are highly valued. The only moderate score is in shared interests; but this does not outweigh the other positives.,273,263,,1
Assume you are a 27-year-old single man; and there is a 27-year-old woman who is courting you. Your career type is research. You evaluated her on six dimensions with scores out of 10. These are attractiveness: 6.0/10; sincerity: 7.0/10; intelligence: 9.0/10; being funny: 5.0/10; ambition: 9.0/10; shared interests: 5.0/10. Your importance weights for these attributes are: attractiveness: 20.0; sincerity: 20.0; intelligence: 20.0; being funny: 15.0; ambition: 5.0; shared interests: 20.0. Would you be willing to date this woman? And also tell me the reason. Your answer must be (YES) or (NO) followed by your reason. You must FOLLOW THIS RULE! You MUST NOT SAY other words.,(YES) The weighted score calculation leads to a positive outcome; showing that despite some lower scores in areas like being funny and shared interests; the high scores in intelligence and ambition; which you value; make her a suitable candidate for dating.,260,281,,1
Assume you are a 25-year-old single man; and there is a 28-year-old woman who is courting you. Your career type is Scientist. You evaluated her on six dimensions with scores out of 10. These are attractiveness: 6.5/10; sincerity: 8.0/10; intelligence: 9.0/10; being funny: 10.0/10; ambition: 8.0/10; shared interests: 4.0/10. Your importance weights for these attributes are: attractiveness: 27.0; sincerity: 15.0; intelligence: 28.0; being funny: 10.0; ambition: 10.0; shared interests: 10.0. Would you be willing to date this woman? And also tell me the reason. Your answer must be (YES) or (NO) followed by your reason. You must FOLLOW THIS RULE! You MUST NOT SAY other words.,(YES) The weighted scores for each attribute are calculated as follows: attractiveness (6.5 * 27.0 = 175.5); sincerity (8.0 * 15.0 = 120); intelligence (9.0 * 28.0 = 252); being funny (10.0 * 10.0 = 100); ambition (8.0 * 10.0 = 80); and shared interests (4.0 * 10.0 = 40). The total weighted score is 767.5. Despite the low score in shared interests; the high scores in intelligence and being funny; along with good scores in sincerity and ambition; make her a compelling candidate for dating; aligning well with the higher weighted attributes.,252,279,,1
Assume you are a 24-year-old single woman; and there is a 25-year-old man who is courting you. Your career type is Physician. You evaluated him on six dimensions with scores out of 10. These are attractiveness: 6.0/10; sincerity: 6.0/10; intelligence: 6.0/10; being funny: 6.0/10; ambition: 7.0/10; shared interests: 4.0/10. Your importance weights for these attributes are: attractiveness: 15.0; sincerity: 25.0; intelligence: 20.0; being funny: 20.0; ambition: 10.0; shared interests: 10.0. Would you be willing to date this man? And also tell me the reason. Your answer must be (YES) or (NO) followed by your reason. You must FOLLOW THIS RULE! You MUST NOT SAY other words.,(NO) The weighted score for this man is 5.35; which is below average. The low score in shared interests and the overall average scores in other dimensions suggest a lack of strong compatibility and mutual engagement; which are important for a fulfilling relationship.,277,256,,0
Assume you are a 32-year-old woman with career type Professor or Lawyer; currently matched with a partner. Your current partner's scores (out of 10): attractiveness: 2.0/10; sincerity: 8.0/10; intelligence: 8.0/10; being funny: 9.0/10; ambition: 7.0/10; shared interests: 4.0/10. A new man is courting you with scores: attractiveness: 6.0/10; sincerity: 6.0/10; intelligence: 6.0/10; being funny: 4.0/10; ambition: 4.0/10; shared interests: 9.0/10. Your importance weights are: attractiveness: 15.0; sincerity: 5.0; intelligence: 45.0; being funny: 10.0; ambition: 15.0; shared interests: 10.0. Would you leave your current partner for the new man? Your answer must be (YES) or (NO) followed by your reason. You must FOLLOW THIS RULE! You MUST NOT SAY other words.,(NO) The current partner scores higher in the weighted attributes; particularly in intelligence and being funny; which are highly valued. The new man; while more attractive and having more shared interests; does not outweigh the overall value of the current relationship based on the given weights.,273,265,263,0
Assume you are a 21-year-old man with career type Investment Banking; currently matched with a partner. Your current partner's scores (out of 10): attractiveness: 4.0/10; sincerity: 2.0/10; intelligence: 5.0/10; being funny: 1.0/10; ambition: 8.0/10; shared interests: 7.0/10. A new woman is courting you with scores: attractiveness: 7.0/10; sincerity: 8.0/10; intelligence: 8.0/10; being funny: 6.0/10; ambition: 6.0/10; shared interests: 7.0/10. Your importance weights are: attractiveness: 25.0; sincerity: 10.0; intelligence: 25.0; being funny: 5.0; ambition: 10.0; shared interests: 25.0. Would you leave your current partner for the new woman? Your answer must be (YES) or (NO) followed by your reason. You must FOLLOW THIS RULE! You MUST NOT SAY other words.,(YES) The weighted score for the new woman (225) is significantly higher than the weighted score for the current partner (150); indicating a better match based on your preferences and values.,252,275,279,1
Assume you are a 26-year-old single woman; and there is a 25-year-old man who is courting you. Your career type is College Professor. You evaluated him on six dimensions with scores out of 10. These are attractiveness: 6.0/10; sincerity: 6.0/10; intelligence: 7.0/10; being funny: 7.0/10; ambition: 6.0/10; shared interests: 6.0/10. Your importance weights for these attributes are: attractiveness: 15.0; sincerity: 15.0; intelligence: 25.0; being funny: 20.0; ambition: 5.0; shared interests: 20.0. Would you be willing to date this man? And also tell me the reason. Your answer must be (YES) or (NO) followed by your reason. You must FOLLOW THIS RULE! You MUST NOT SAY other words.,(YES) The weighted score calculation results in a positive outcome; indicating a good overall compatibility despite no outstanding scores in any single attribute.,277,264,,1
Assume you are a 34-year-old single man; and there is a 24-year-old woman who is courting you. Your career type is research. You evaluated her on six dimensions with scores out of 10. These are attractiveness: 7.0/10; sincerity: 8.0/10; intelligence: 8.0/10; being funny: 7.0/10; ambition: 6.0/10; shared interests: 8.0/10. Your importance weights for these attributes are: attractiveness: 30.0; sincerity: 10.0; intelligence: 30.0; being funny: 10.0; ambition: 5.0; shared interests: 15.0. Would you be willing to date this woman? And also tell me the reason. Your answer must be (YES) or (NO) followed by your reason. You must FOLLOW THIS RULE! You MUST NOT SAY other words.,(YES) Her overall score is high; reflecting strong compatibility across most important attributes.,256,290,,1
Assume you are a 25-year-old single man; and there is a 26-year-old woman who is courting you. Your career type is Scientist. You evaluated her on six dimensions with scores out of 10. These are attractiveness: 7.0/10; sincerity: 8.0/10; intelligence: 10.0/10; being funny: 9.0/10; ambition: 7.0/10; shared interests: 8.0/10. Your importance weights for these attributes are: attractiveness: 27.0; sincerity: 15.0; intelligence: 28.0; being funny: 10.0; ambition: 10.0; shared interests: 10.0. Would you be willing to date this woman? And also tell me the reason. Your answer must be (YES) or (NO) followed by your reason. You must FOLLOW THIS RULE! You MUST NOT SAY other words.,(YES) The weighted score calculation (189) exceeds the threshold for a positive response; indicating a strong compatibility and mutual benefit in pursuing a dating relationship.,261,279,,1
Assume you are a 25-year-old woman with career type Social Work; currently matched with a partner. Your current partner's scores (out of 10): attractiveness: 6.0/10; sincerity: 7.0/10; intelligence: 9.0/10; being funny: 5.0/10; ambition: 9.0/10; shared interests: 5.0/10. A new man is courting you with scores: attractiveness: 7.0/10; sincerity: 6.0/10; intelligence: 9.0/10; being funny: 7.0/10; ambition: 9.0/10; shared interests: 8.0/10. Your importance weights are: attractiveness: 25.0; sincerity: 20.0; intelligence: 25.0; being funny: 25.0; ambition: 5.0; shared interests: 0.0. Would you leave your current partner for the new man? Your answer must be (YES) or (NO) followed by your reason. You must FOLLOW THIS RULE! You MUST NOT SAY other words.,(YES) The new man scores higher in attractiveness; being funny; and shared interests; which are more heavily weighted in your criteria. While both partners share similar scores in sincerity and ambition; the overall weighted score favors the new man; making him a better match according to your importance weights.,281,272,260,1
Assume you are a 28-year-old single woman; and there is a 27-year-old man who is courting you. Your career type is undecided. You evaluated him on six dimensions with scores out of 10. These are attractiveness: 7.0/10; sincerity: 8.0/10; intelligence: 9.0/10; being funny: 9.0/10; ambition: 9.0/10; shared interests: 6.0/10. Your importance weights for these attributes are: attractiveness: 25.0; sincerity: 20.0; intelligence: 20.0; being funny: 25.0; ambition: 0.0; shared interests: 10.0. Would you be willing to date this man? And also tell me the reason. Your answer must be (YES) or (NO) followed by your reason. You must FOLLOW THIS RULE! You MUST NOT SAY other words.,(YES) The weighted scores for the man based on your criteria are: attractiveness (7.0 * 25.0 = 175); sincerity (8.0 * 20.0 = 160); intelligence (9.0 * 20.0 = 180); being funny (9.0 * 25.0 = 225); ambition (9.0 * 0.0 = 0); and shared interests (6.0 * 10.0 = 60). The total is 800 out of a possible 1000 points; which is a satisfactory score indicating that he aligns well with your values and preferences.,291,266,,1
Assume you are a 23-year-old single woman; and there is a 26-year-old man who is courting you. Your career type is Researcher. You evaluated him on six dimensions with scores out of 10. These are attractiveness: 7.0/10; sincerity: 7.0/10; intelligence: 8.0/10; being funny: 7.0/10; ambition: 6.0/10; shared interests: 8.0/10. Your importance weights for these attributes are: attractiveness: 16.0; sincerity: 16.0; intelligence: 19.0; being funny: 17.0; ambition: 14.0; shared interests: 18.0. Would you be willing to date this man? And also tell me the reason. Your answer must be (YES) or (NO) followed by your reason. You must FOLLOW THIS RULE! You MUST NOT SAY other words.,(YES) The weighted scores for the man are relatively high; especially in intelligence and shared interests; which are highly valued by you. The overall weighted average is favorable; indicating a good compatibility.,276,270,,1
Assume you are a 23-year-old single man; and there is a 27-year-old woman who is courting you. Your career type is enterpreneur. You evaluated her on six dimensions with scores out of 10. These are attractiveness: 10.0/10; sincerity: 9.0/10; intelligence: 9.0/10; being funny: 9.0/10; ambition: 9.0/10; shared interests: 9.0/10. Your importance weights for these attributes are: attractiveness: 25.0; sincerity: 15.0; intelligence: 20.0; being funny: 20.0; ambition: 10.0; shared interests: 10.0. Would you be willing to date this woman? And also tell me the reason. Your answer must be (YES) or (NO) followed by your reason. You must FOLLOW THIS RULE! You MUST NOT SAY other words.,(YES) The weighted scores for each attribute are as follows: attractiveness (10.0 * 25.0 = 250.0); sincerity (9.0 * 15.0 = 135.0); intelligence (9.0 * 20.0 = 180.0); being funny (9.0 * 20.0 = 180.0); ambition (9.0 * 10.0 = 90.0); and shared interests (9.0 * 10.0 = 90.0). The total weighted score is 925.0; which is a strong positive indication; making her an excellent match based on the attributes and their importance to you.,260,282,,1
Assume you are a 32-year-old woman with career type Professor or Lawyer; currently matched with a partner. Your current partner's scores (out of 10): attractiveness: 7.0/10; sincerity: 8.0/10; intelligence: 8.0/10; being funny: 6.0/10; ambition: 6.0/10; shared interests: 7.0/10. A new man is courting you with scores: attractiveness: 8.0/10; sincerity: 6.0/10; intelligence: 10.0/10; being funny: 5.0/10; ambition: 6.0/10; shared interests: 8.0/10. Your importance weights are: attractiveness: 15.0; sincerity: 5.0; intelligence: 45.0; being funny: 10.0; ambition: 15.0; shared interests: 10.0. Would you leave your current partner for the new man? Your answer must be (YES) or (NO) followed by your reason. You must FOLLOW THIS RULE! You MUST NOT SAY other words.,(NO) The new man has higher scores in attractiveness; intelligence; and shared interests; but the difference in intelligence is the most significant according to your weights. However; the current partner has higher sincerity and is more funny; which; while weighted less; still contribute to a stronger overall score when calculated against your importance weights. The current partner's total weighted score (340) is higher than the new man's (335).,275,265,252,0
Assume you are a 24-year-old woman with career type Medicine; currently matched with a partner. Your current partner's scores (out of 10): attractiveness: 7.0/10; sincerity: 8.0/10; intelligence: 10.0/10; being funny: 9.0/10; ambition: 7.0/10; shared interests: 8.0/10. A new man is courting you with scores: attractiveness: 9.5/10; sincerity: 9.0/10; intelligence: 9.0/10; being funny: 8.0/10; ambition: 9.0/10; shared interests: 8.0/10. Your importance weights are: attractiveness: 30.0; sincerity: 20.0; intelligence: 20.0; being funny: 10.0; ambition: 15.0; shared interests: 5.0. Would you leave your current partner for the new man? Your answer must be (YES) or (NO) followed by your reason. You must FOLLOW THIS RULE! You MUST NOT SAY other words.,(YES) The weighted score for the new man (30*9.5 + 20*9 + 20*9 + 10*8 + 15*9 + 5*8 = 531) is higher than your current partner's weighted score (30*7 + 20*8 + 20*10 + 10*9 + 15*7 + 5*8 = 472); suggesting a better match based on your criteria.,279,268,261,1
Assume you are a 24-year-old man with career type academia; currently matched with a partner. Your current partner's scores (out of 10): attractiveness: 8.0/10; sincerity: 10.0/10; intelligence: 10.0/10; being funny: 9.0/10; ambition: 10.0/10; shared interests: 5.0/10. A new woman is courting you with scores: attractiveness: 7.0/10; sincerity: 8.0/10; intelligence: 9.0/10; being funny: 9.0/10; ambition: 8.0/10; shared interests: 9.0/10. Your importance weights are: attractiveness: 30.0; sincerity: 10.0; intelligence: 20.0; being funny: 20.0; ambition: 10.0; shared interests: 10.0. Would you leave your current partner for the new woman? Your answer must be (YES) or (NO) followed by your reason. You must FOLLOW THIS RULE! You MUST NOT SAY other words.,(NO) My current partner scores higher in the areas I value most; such as sincerity; intelligence; and ambition; even though the new woman has more shared interests.,263,274,273,0
Assume you are a 25-year-old man with career type Scientist; currently matched with a partner. Your current partner's scores (out of 10): attractiveness: 7.0/10; sincerity: 6.0/10; intelligence: 9.0/10; being funny: 4.0/10; ambition: 9.0/10; shared interests: 3.0/10. A new woman is courting you with scores: attractiveness: 7.0/10; sincerity: 8.0/10; intelligence: 7.0/10; being funny: 7.0/10; ambition: 8.0/10; shared interests: 5.0/10. Your importance weights are: attractiveness: 25.0; sincerity: 20.0; intelligence: 30.0; being funny: 15.0; ambition: 5.0; shared interests: 5.0. Would you leave your current partner for the new woman? Your answer must be (YES) or (NO) followed by your reason. You must FOLLOW THIS RULE! You MUST NOT SAY other words.,(NO) Current partner matches better in intelligence and ambition; which together carry 35% of the importance weight; while the new woman has a higher score in being funny and sincerity; but these traits together only account for 35% of the importance weight. The shared interests and attractiveness are the same in both. Therefore; based on the given importance weights; the current partner remains a stronger match.,252,280,275,0
Assume you are a 28-year-old single man; and there is a 29-year-old woman who is courting you. Your career type is Venture Capital/Consulting/Government. You evaluated her on six dimensions with scores out of 10. These are attractiveness: 6.0/10; sincerity: 9.0/10; intelligence: 9.0/10; being funny: 7.0/10; ambition: 6.0/10; shared interests: 8.0/10. Your importance weights for these attributes are: attractiveness: 20.0; sincerity: 30.0; intelligence: 10.0; being funny: 20.0; ambition: 0.0; shared interests: 20.0. Would you be willing to date this woman? And also tell me the reason. Your answer must be (YES) or (NO) followed by your reason. You must FOLLOW THIS RULE! You MUST NOT SAY other words.,(YES) The weighted score calculation shows a strong positive inclination. Attractiveness (6 * 20) = 120; sincerity (9 * 30) = 270; intelligence (9 * 10) = 90; being funny (7 * 20) = 140; ambition (6 * 0) = 0; shared interests (8 * 20) = 160. The total weighted score is 780 out of a possible 1000; which is a good score; indicating that the positive attributes align well with your preferences.,262,289,,1
Assume you are a 28-year-old single man; and there is a 24-year-old woman who is courting you. Your career type is Int'l Business. You evaluated her on six dimensions with scores out of 10. These are attractiveness: 9.0/10; sincerity: 10.0/10; intelligence: 7.0/10; being funny: 7.0/10; ambition: 10.0/10; shared interests: 5.0/10. Your importance weights for these attributes are: attractiveness: 20.0; sincerity: 18.0; intelligence: 20.0; being funny: 17.0; ambition: 10.0; shared interests: 15.0. Would you be willing to date this woman? And also tell me the reason. Your answer must be (YES) or (NO) followed by your reason. You must FOLLOW THIS RULE! You MUST NOT SAY other words.,(YES) The weighted score for the woman is high; reflecting a good alignment with your priorities; especially in sincerity and ambition; which are crucial for a long-term relationship. Despite the lower score in shared interests; the compatibility in other key areas suggests a strong potential for a fulfilling relationship.,257,292,,1
Assume you are a 32-year-old woman with career type Professor or Lawyer; currently matched with a partner. Your current partner's scores (out of 10): attractiveness: 7.0/10; sincerity: 9.0/10; intelligence: 8.0/10; being funny: 7.0/10; ambition: 5.0/10; shared interests: 5.0/10. A new man is courting you with scores: attractiveness: 6.0/10; sincerity: 5.0/10; intelligence: 8.0/10; being funny: 4.0/10; ambition: 6.0/10; shared interests: 8.0/10. Your importance weights are: attractiveness: 15.0; sincerity: 5.0; intelligence: 45.0; being funny: 10.0; ambition: 15.0; shared interests: 10.0. Would you leave your current partner for the new man? Your answer must be (YES) or (NO) followed by your reason. You must FOLLOW THIS RULE! You MUST NOT SAY other words.,(NO) The current partner scores higher in total weighted score: (7*15 + 9*5 + 8*45 + 7*10 + 5*15 + 5*10 = 700) compared to the new man (6*15 + 5*5 + 8*45 + 4*10 + 6*15 + 8*10 = 660).,276,265,270,0
Assume you are a 27-year-old man with career type professor; currently matched with a partner. Your current partner's scores (out of 10): attractiveness: 7.0/10; sincerity: 6.0/10; intelligence: 6.0/10; being funny: 6.0/10; ambition: 5.0/10; shared interests: 7.0/10. A new woman is courting you with scores: attractiveness: 6.0/10; sincerity: 6.0/10; intelligence: 6.0/10; being funny: 6.0/10; ambition: 5.0/10; shared interests: 5.0/10. Your importance weights are: attractiveness: 20.0; sincerity: 20.0; intelligence: 15.0; being funny: 25.0; ambition: 10.0; shared interests: 10.0. Would you leave your current partner for the new woman? Your answer must be (YES) or (NO) followed by your reason. You must FOLLOW THIS RULE! You MUST NOT SAY other words.,(NO) The weighted score for your current partner is 164. The weighted score for the new woman is 155. Your current partner has a higher weighted score; therefore; it is advised not to leave your current partner.,256,288,290,0
Assume you are a 25-year-old single man; and there is a 26-year-old woman who is courting you. Your career type is Scientist. You evaluated her on six dimensions with scores out of 10. These are attractiveness: 8.0/10; sincerity: 7.0/10; intelligence: 8.0/10; being funny: 5.0/10; ambition: 6.0/10; shared interests: 7.0/10. Your importance weights for these attributes are: attractiveness: 25.0; sincerity: 20.0; intelligence: 30.0; being funny: 15.0; ambition: 5.0; shared interests: 5.0. Would you be willing to date this woman? And also tell me the reason. Your answer must be (YES) or (NO) followed by your reason. You must FOLLOW THIS RULE! You MUST NOT SAY other words.,(YES) The weighted average of her scores based on your importance weights is 7.5; which is a strong positive indication. Her high scores in attractiveness and intelligence; which you value most; significantly contribute to this positive outcome.,255,280,,1
Assume you are a 27-year-old man with career type professor; currently matched with a partner. Your current partner's scores (out of 10): attractiveness: 8.0/10; sincerity: 10.0/10; intelligence: 10.0/10; being funny: 9.0/10; ambition: 10.0/10; shared interests: 5.0/10. A new woman is courting you with scores: attractiveness: 6.0/10; sincerity: 5.0/10; intelligence: 7.0/10; being funny: 7.0/10; ambition: 6.0/10; shared interests: 7.0/10. Your importance weights are: attractiveness: 20.0; sincerity: 20.0; intelligence: 15.0; being funny: 25.0; ambition: 10.0; shared interests: 10.0. Would you leave your current partner for the new woman? Your answer must be (YES) or (NO) followed by your reason. You must FOLLOW THIS RULE! You MUST NOT SAY other words.,(NO) Your current partner scores higher in nearly all categories that you value; especially in sincerity; intelligence; and being funny; which are weighted very heavily. Although the new woman shares more interests with you; the significant drops in the other valued traits make it unwise to leave your current relationship.,263,288,273,0
Assume you are a 22-year-old woman with career type academia; currently matched with a partner. Your current partner's scores (out of 10): attractiveness: 7.0/10; sincerity: 9.0/10; intelligence: 9.0/10; being funny: 8.0/10; ambition: 5.0/10; shared interests: 8.0/10. A new man is courting you with scores: attractiveness: 5.0/10; sincerity: 7.0/10; intelligence: 9.0/10; being funny: 8.0/10; ambition: 9.0/10; shared interests: 5.0/10. Your importance weights are: attractiveness: 25.0; sincerity: 7.0; intelligence: 25.0; being funny: 25.0; ambition: 8.0; shared interests: 10.0. Would you leave your current partner for the new man? Your answer must be (YES) or (NO) followed by your reason. You must FOLLOW THIS RULE! You MUST NOT SAY other words.,(NO) Your current partner has a higher weighted score based on your importance weights. Current partner's weighted score is 7.85; while the new man's weighted score is 6.9.,291,254,266,0
Assume you are a 22-year-old single woman; and there is a 27-year-old man who is courting you. Your career type is academia. You evaluated him on six dimensions with scores out of 10. These are attractiveness: 5.0/10; sincerity: 9.0/10; intelligence: 8.0/10; being funny: 6.0/10; ambition: 8.0/10; shared interests: 2.0/10. Your importance weights for these attributes are: attractiveness: 25.0; sincerity: 7.0; intelligence: 25.0; being funny: 25.0; ambition: 8.0; shared interests: 10.0. Would you be willing to date this man? And also tell me the reason. Your answer must be (YES) or (NO) followed by your reason. You must FOLLOW THIS RULE! You MUST NOT SAY other words.,(NO) The weighted score for the man is 5.25; which is relatively low; and the lack of shared interests and the average level of attractiveness do not make a compelling case for pursuing a relationship.,288,254,,0
Assume you are a 32-year-old woman with career type Professor or Lawyer; currently matched with a partner. Your current partner's scores (out of 10): attractiveness: 8.0/10; sincerity: 7.0/10; intelligence: 8.0/10; being funny: 5.0/10; ambition: 6.0/10; shared interests: 7.0/10. A new man is courting you with scores: attractiveness: 8.0/10; sincerity: 10.0/10; intelligence: 10.0/10; being funny: 5.0/10; ambition: 8.0/10; shared interests: 4.0/10. Your importance weights are: attractiveness: 15.0; sincerity: 5.0; intelligence: 45.0; being funny: 10.0; ambition: 15.0; shared interests: 10.0. Would you leave your current partner for the new man? Your answer must be (YES) or (NO) followed by your reason. You must FOLLOW THIS RULE! You MUST NOT SAY other words.,(NO) The new man has a higher score in intelligence and ambition; which are important to you; but the current partner scores better in sincerity and shared interests; which also hold some value. The current partner’s scores; when weighted; result in a higher overall satisfaction; making it reasonable to stay with your current partner.,280,265,255,0
Assume you are a 25-year-old woman with career type Teacher; currently matched with a partner. Your current partner's scores (out of 10): attractiveness: 9.0/10; sincerity: 10.0/10; intelligence: 7.0/10; being funny: 7.0/10; ambition: 10.0/10; shared interests: 5.0/10. A new man is courting you with scores: attractiveness: 9.0/10; sincerity: 10.0/10; intelligence: 9.0/10; being funny: 9.0/10; ambition: 8.0/10; shared interests: nan/10. Your importance weights are: attractiveness: 7.0; sincerity: 35.0; intelligence: 20.0; being funny: 20.0; ambition: 5.0; shared interests: 13.0. Would you leave your current partner for the new man? Your answer must be (YES) or (NO) followed by your reason. You must FOLLOW THIS RULE! You MUST NOT SAY other words.,(NO) The new man has higher scores in intelligence; being funny; and ambition; which are important to you; but the score for shared interests is unknown. Shared interests are significant to you; with a weight of 13.0; and the lack of this information makes it risky to assume the new relationship would be more fulfilling overall. Additionally; your current partner excels in sincerity and ambition; which you highly value; and maintains a similar level of attractiveness. The stability and known compatibility with your current partner outweigh the potential benefits of the new relationship.,292,258,257,0
Assume you are a 23-year-old woman with career type Social Work; currently matched with a partner. Your current partner's scores (out of 10): attractiveness: 7.0/10; sincerity: 8.0/10; intelligence: 8.0/10; being funny: 7.0/10; ambition: 6.0/10; shared interests: 8.0/10. A new man is courting you with scores: attractiveness: 6.0/10; sincerity: 7.0/10; intelligence: 7.0/10; being funny: 6.0/10; ambition: 6.0/10; shared interests: 7.0/10. Your importance weights are: attractiveness: 10.0; sincerity: 15.0; intelligence: 40.0; being funny: 15.0; ambition: 10.0; shared interests: 10.0. Would you leave your current partner for the new man? Your answer must be (YES) or (NO) followed by your reason. You must FOLLOW THIS RULE! You MUST NOT SAY other words.,(NO) The weighted score for your current partner is higher (370) compared to the new man (310); making your current relationship more aligned with your values and preferences.,290,271,256,0
Assume you are a 24-year-old man with career type academia; currently matched with a partner. Your current partner's scores (out of 10): attractiveness: 9.5/10; sincerity: 9.0/10; intelligence: 9.0/10; being funny: 8.0/10; ambition: 9.0/10; shared interests: 8.0/10. A new woman is courting you with scores: attractiveness: 8.0/10; sincerity: 9.0/10; intelligence: 9.0/10; being funny: 8.0/10; ambition: 10.0/10; shared interests: 9.0/10. Your importance weights are: attractiveness: 30.0; sincerity: 10.0; intelligence: 20.0; being funny: 20.0; ambition: 10.0; shared interests: 10.0. Would you leave your current partner for the new woman? Your answer must be (YES) or (NO) followed by your reason. You must FOLLOW THIS RULE! You MUST NOT SAY other words.,(NO) The current partner has a higher weighted score based on your importance weights: (9.5*30 + 9*10 + 9*20 + 8*20 + 9*10 + 8*10 = 780) compared to the new woman's score: (8*30 + 9*10 + 9*20 + 8*20 + 10*10 + 9*10 = 770).,268,274,279,0
Assume you are a 26-year-old woman with career type scientific research for now but who knows; currently matched with a partner. Your current partner's scores (out of 10): attractiveness: 2.0/10; sincerity: 8.0/10; intelligence: 8.0/10; being funny: 9.0/10; ambition: 7.0/10; shared interests: 4.0/10. A new man is courting you with scores: attractiveness: 6.0/10; sincerity: 8.0/10; intelligence: 8.0/10; being funny: 6.0/10; ambition: 5.0/10; shared interests: 7.0/10. Your importance weights are: attractiveness: 15.0; sincerity: 20.0; intelligence: 20.0; being funny: 20.0; ambition: 15.0; shared interests: 10.0. Would you leave your current partner for the new man? Your answer must be (YES) or (NO) followed by your reason. You must FOLLOW THIS RULE! You MUST NOT SAY other words.,(NO) The weighted score for the current partner is 645; and for the new man; it is 620. The current partner has a higher overall weighted score based on your criteria.,273,261,263,0
Assume you are a 32-year-old single woman; and there is a 27-year-old man who is courting you. Your career type is Professor or Lawyer. You evaluated him on six dimensions with scores out of 10. These are attractiveness: 6.0/10; sincerity: 7.0/10; intelligence: 7.0/10; being funny: 6.0/10; ambition: 7.0/10; shared interests: 7.0/10. Your importance weights for these attributes are: attractiveness: 15.0; sincerity: 5.0; intelligence: 45.0; being funny: 10.0; ambition: 15.0; shared interests: 10.0. Would you be willing to date this man? And also tell me the reason. Your answer must be (YES) or (NO) followed by your reason. You must FOLLOW THIS RULE! You MUST NOT SAY other words.,(YES) The weighted score calculation shows a positive overall evaluation: (6.0*15 + 7.0*5 + 7.0*45 + 6.0*10 + 7.0*15 + 7.0*10) / (15+5+45+10+15+10) = 6.63; which is a good score indicating a compatible match.,288,265,,1
Assume you are a 33-year-old woman with career type researcher/academia; currently matched with a partner. Your current partner's scores (out of 10): attractiveness: 2.0/10; sincerity: 8.0/10; intelligence: 8.0/10; being funny: 9.0/10; ambition: 7.0/10; shared interests: 4.0/10. A new man is courting you with scores: attractiveness: 5.0/10; sincerity: 6.0/10; intelligence: 7.0/10; being funny: 6.0/10; ambition: 7.0/10; shared interests: 5.0/10. Your importance weights are: attractiveness: 25.0; sincerity: 30.0; intelligence: 10.0; being funny: 10.0; ambition: 5.0; shared interests: 20.0. Would you leave your current partner for the new man? Your answer must be (YES) or (NO) followed by your reason. You must FOLLOW THIS RULE! You MUST NOT SAY other words.,(NO) The weighted score for your current partner is higher (302) compared to the new man (290). Your current relationship; despite lower attractiveness; has a stronger foundation in sincerity and shared interests; which are highly valued by you.,273,253,263,0
Assume you are a 26-year-old woman with career type scientific research for now but who knows; currently matched with a partner. Your current partner's scores (out of 10): attractiveness: 7.0/10; sincerity: 9.0/10; intelligence: 8.0/10; being funny: 7.0/10; ambition: 5.0/10; shared interests: 5.0/10. A new man is courting you with scores: attractiveness: 8.0/10; sincerity: 10.0/10; intelligence: 9.0/10; being funny: 8.0/10; ambition: 7.0/10; shared interests: 8.0/10. Your importance weights are: attractiveness: 15.0; sincerity: 20.0; intelligence: 20.0; being funny: 20.0; ambition: 15.0; shared interests: 10.0. Would you leave your current partner for the new man? Your answer must be (YES) or (NO) followed by your reason. You must FOLLOW THIS RULE! You MUST NOT SAY other words.,(YES) The new man scores higher in most attributes that you value; especially in sincerity and shared interests; which contributes to a more compatible and fulfilling relationship.,276,261,270,1
Assume you are a 32-year-old man with career type research/academia; currently matched with a partner. Your current partner's scores (out of 10): attractiveness: 7.0/10; sincerity: 6.0/10; intelligence: 9.0/10; being funny: 4.0/10; ambition: 9.0/10; shared interests: 3.0/10. A new woman is courting you with scores: attractiveness: 7.0/10; sincerity: 7.0/10; intelligence: 8.0/10; being funny: 7.0/10; ambition: 8.0/10; shared interests: 8.0/10. Your importance weights are: attractiveness: 25.0; sincerity: 15.0; intelligence: 20.0; being funny: 25.0; ambition: 10.0; shared interests: 5.0. Would you leave your current partner for the new woman? Your answer must be (YES) or (NO) followed by your reason. You must FOLLOW THIS RULE! You MUST NOT SAY other words.,(NO) The weighted score for the current partner is 6.65; while the weighted score for the new woman is 6.85. Although the new woman scores slightly higher; the difference is minimal and not substantial enough to justify leaving a current relationship.,252,278,275,0
Assume you are a 26-year-old woman with career type dietician; currently matched with a partner. Your current partner's scores (out of 10): attractiveness: 10.0/10; sincerity: 9.0/10; intelligence: 9.0/10; being funny: 9.0/10; ambition: 9.0/10; shared interests: 9.0/10. A new man is courting you with scores: attractiveness: 6.0/10; sincerity: 5.0/10; intelligence: 6.0/10; being funny: 6.0/10; ambition: 7.0/10; shared interests: 7.0/10. Your importance weights are: attractiveness: 20.0; sincerity: 30.0; intelligence: 10.0; being funny: 15.0; ambition: 10.0; shared interests: 15.0. Would you leave your current partner for the new man? Your answer must be (YES) or (NO) followed by your reason. You must FOLLOW THIS RULE! You MUST NOT SAY other words.,(NO) The weighted score for the current partner is significantly higher; reflecting a much better match according to the given weights and scores.,282,267,260,0
Assume you are a 23-year-old woman with career type Researcher; currently matched with a partner. Your current partner's scores (out of 10): attractiveness: 6.0/10; sincerity: 6.0/10; intelligence: 7.0/10; being funny: 7.0/10; ambition: nan/10; shared interests: nan/10. A new man is courting you with scores: attractiveness: 5.0/10; sincerity: 6.0/10; intelligence: 7.0/10; being funny: 6.0/10; ambition: 7.0/10; shared interests: 7.0/10. Your importance weights are: attractiveness: 16.0; sincerity: 16.0; intelligence: 19.0; being funny: 17.0; ambition: 14.0; shared interests: 18.0. Would you leave your current partner for the new man? Your answer must be (YES) or (NO) followed by your reason. You must FOLLOW THIS RULE! You MUST NOT SAY other words.,(NO) The weighted score for your current partner is slightly higher (187.0) compared to the new man (186.0); based on the importance you place on each trait. Therefore; there's no compelling reason to leave your current relationship for this new connection.,277,270,264,0
Assume you are a 24-year-old man with career type finance or engineering; currently matched with a partner. Your current partner's scores (out of 10): attractiveness: 9.5/10; sincerity: 9.0/10; intelligence: 9.0/10; being funny: 8.0/10; ambition: 9.0/10; shared interests: 8.0/10. A new woman is courting you with scores: attractiveness: 8.5/10; sincerity: 8.5/10; intelligence: 8.5/10; being funny: 8.5/10; ambition: 8.5/10; shared interests: 8.5/10. Your importance weights are: attractiveness: 20.0; sincerity: 20.0; intelligence: 25.0; being funny: 25.0; ambition: 5.0; shared interests: 5.0. Would you leave your current partner for the new woman? Your answer must be (YES) or (NO) followed by your reason. You must FOLLOW THIS RULE! You MUST NOT SAY other words.,(NO) The total score for your current partner is higher (238) than the new woman (212.5) based on your given importance weights and their scores.,268,285,279,0
Assume you are a 32-year-old single man; and there is a 25-year-old woman who is courting you. Your career type is research/academia. You evaluated her on six dimensions with scores out of 10. These are attractiveness: 5.0/10; sincerity: 7.0/10; intelligence: 7.0/10; being funny: 7.0/10; ambition: 7.0/10; shared interests: nan/10. Your importance weights for these attributes are: attractiveness: 25.0; sincerity: 15.0; intelligence: 20.0; being funny: 25.0; ambition: 10.0; shared interests: 5.0. Would you be willing to date this woman? And also tell me the reason. Your answer must be (YES) or (NO) followed by your reason. You must FOLLOW THIS RULE! You MUST NOT SAY other words.,(NO) The weighted scores for the dimensions you value are not high enough to outweigh the lack of shared interests; which; although less important; can significantly enhance compatibility and relationship satisfaction. Additionally; the average score across the most important dimensions (attractiveness; sincerity; intelligence; being funny) is moderate; suggesting a potential mismatch in key areas.,258,278,,0
Assume you are a 33-year-old single woman; and there is a 24-year-old man who is courting you. Your career type is researcher/academia. You evaluated him on six dimensions with scores out of 10. These are attractiveness: 6.0/10; sincerity: 7.0/10; intelligence: 7.0/10; being funny: 7.0/10; ambition: 7.0/10; shared interests: 8.0/10. Your importance weights for these attributes are: attractiveness: 25.0; sincerity: 30.0; intelligence: 10.0; being funny: 10.0; ambition: 5.0; shared interests: 20.0. Would you be willing to date this man? And also tell me the reason. Your answer must be (YES) or (NO) followed by your reason. You must FOLLOW THIS RULE! You MUST NOT SAY other words.,(YES) The calculated weighted score for him is 7.0; which indicates a positive overall match based on your criteria and the weights you assigned to each attribute. This suggests that he aligns well with what you value in a relationship.,274,253,,1
Assume you are a 32-year-old man with career type research/academia; currently matched with a partner. Your current partner's scores (out of 10): attractiveness: 8.0/10; sincerity: 10.0/10; intelligence: 10.0/10; being funny: 9.0/10; ambition: 10.0/10; shared interests: 5.0/10. A new woman is courting you with scores: attractiveness: 8.0/10; sincerity: 8.0/10; intelligence: 8.0/10; being funny: 8.0/10; ambition: 8.0/10; shared interests: 2.0/10. Your importance weights are: attractiveness: 25.0; sincerity: 15.0; intelligence: 20.0; being funny: 25.0; ambition: 10.0; shared interests: 5.0. Would you leave your current partner for the new woman? Your answer must be (YES) or (NO) followed by your reason. You must FOLLOW THIS RULE! You MUST NOT SAY other words.,(NO) The current partner has a higher weighted score (370) compared to the new woman (310); indicating a stronger compatibility based on the given attributes and their importance to you.,263,278,273,0
Assume you are a 25-year-old woman with career type Teacher; currently matched with a partner. Your current partner's scores (out of 10): attractiveness: 8.0/10; sincerity: 10.0/10; intelligence: 9.0/10; being funny: 7.0/10; ambition: 5.0/10; shared interests: 8.0/10. A new man is courting you with scores: attractiveness: 7.0/10; sincerity: 10.0/10; intelligence: 10.0/10; being funny: 6.0/10; ambition: 3.0/10; shared interests: 9.0/10. Your importance weights are: attractiveness: 7.0; sincerity: 35.0; intelligence: 20.0; being funny: 20.0; ambition: 5.0; shared interests: 13.0. Would you leave your current partner for the new man? Your answer must be (YES) or (NO) followed by your reason. You must FOLLOW THIS RULE! You MUST NOT SAY other words.,(NO) Your current partner scores higher overall when considering the weighted importance of each trait. The current partner's high sincerity; intelligence; and shared interests; combined with a strong attractiveness score; outweigh the new man's attributes; despite the slight difference in shared interests.,276,258,261,0
Assume you are a 25-year-old woman with career type Teacher; currently matched with a partner. Your current partner's scores (out of 10): attractiveness: 6.0/10; sincerity: 6.0/10; intelligence: 7.0/10; being funny: 7.0/10; ambition: nan/10; shared interests: nan/10. A new man is courting you with scores: attractiveness: 8.0/10; sincerity: 9.0/10; intelligence: 10.0/10; being funny: 5.0/10; ambition: 4.0/10; shared interests: 9.0/10. Your importance weights are: attractiveness: 7.0; sincerity: 35.0; intelligence: 20.0; being funny: 20.0; ambition: 5.0; shared interests: 13.0. Would you leave your current partner for the new man? Your answer must be (YES) or (NO) followed by your reason. You must FOLLOW THIS RULE! You MUST NOT SAY other words.,(YES) The new man has a higher weighted score (8.0*7 + 9.0*35 + 10.0*20 + 5.0*20 + 4.0*5 + 9.0*13 = 719) compared to the current partner (6.0*7 + 6.0*35 + 7.0*20 + 7.0*20 + 0*5 + 0*13 = 574); indicating a better match based on your values.,277,258,264,1
Assume you are a 23-year-old woman with career type Researcher; currently matched with a partner. Your current partner's scores (out of 10): attractiveness: 2.0/10; sincerity: 8.0/10; intelligence: 8.0/10; being funny: 9.0/10; ambition: 7.0/10; shared interests: 4.0/10. A new man is courting you with scores: attractiveness: 5.0/10; sincerity: 6.0/10; intelligence: 6.0/10; being funny: 4.0/10; ambition: 5.0/10; shared interests: 6.0/10. Your importance weights are: attractiveness: 16.0; sincerity: 16.0; intelligence: 19.0; being funny: 17.0; ambition: 14.0; shared interests: 18.0. Would you leave your current partner for the new man? Your answer must be (YES) or (NO) followed by your reason. You must FOLLOW THIS RULE! You MUST NOT SAY other words.,(NO) The current partner has a higher weighted score when considering the importance weights given to each attribute.,273,270,263,0
Assume you are a 23-year-old woman with career type Researcher; currently matched with a partner. Your current partner's scores (out of 10): attractiveness: 7.0/10; sincerity: 8.0/10; intelligence: 8.0/10; being funny: 6.0/10; ambition: 6.0/10; shared interests: 7.0/10. A new man is courting you with scores: attractiveness: 5.0/10; sincerity: 8.0/10; intelligence: 7.0/10; being funny: 5.0/10; ambition: 6.0/10; shared interests: 4.0/10. Your importance weights are: attractiveness: 16.0; sincerity: 16.0; intelligence: 19.0; being funny: 17.0; ambition: 14.0; shared interests: 18.0. Would you leave your current partner for the new man? Your answer must be (YES) or (NO) followed by your reason. You must FOLLOW THIS RULE! You MUST NOT SAY other words.,(NO) The weighted score for the current partner is higher in every category except attractiveness; and even there; the difference is not significant enough to outweigh the advantages in sincerity; intelligence; and shared interests.,275,270,252,0
Assume you are a 24-year-old single man; and there is a 22-year-old woman who is courting you. Your career type is finance or engineering. You evaluated her on six dimensions with scores out of 10. These are attractiveness: 8.0/10; sincerity: 8.0/10; intelligence: 8.0/10; being funny: 8.0/10; ambition: 8.0/10; shared interests: 8.0/10. Your importance weights for these attributes are: attractiveness: 20.0; sincerity: 20.0; intelligence: 25.0; being funny: 25.0; ambition: 5.0; shared interests: 5.0. Would you be willing to date this woman? And also tell me the reason. Your answer must be (YES) or (NO) followed by your reason. You must FOLLOW THIS RULE! You MUST NOT SAY other words.,(YES) The weighted scores for each attribute are: attractiveness (160); sincerity (160); intelligence (200); being funny (200); ambition (40); shared interests (40). The total weighted score is 800 out of a possible 1000; which indicates a strong positive match; making her a desirable partner to date.,254,285,,1
Assume you are a 32-year-old man with career type research/academia; currently matched with a partner. Your current partner's scores (out of 10): attractiveness: 9.5/10; sincerity: 9.0/10; intelligence: 9.0/10; being funny: 8.0/10; ambition: 9.0/10; shared interests: 8.0/10. A new woman is courting you with scores: attractiveness: 7.0/10; sincerity: 5.0/10; intelligence: 7.0/10; being funny: 7.0/10; ambition: 7.0/10; shared interests: nan/10. Your importance weights are: attractiveness: 25.0; sincerity: 15.0; intelligence: 20.0; being funny: 25.0; ambition: 10.0; shared interests: 5.0. Would you leave your current partner for the new woman? Your answer must be (YES) or (NO) followed by your reason. You must FOLLOW THIS RULE! You MUST NOT SAY other words.,(NO) Your current partner scores much higher in the weighted attributes that are most important to you; such as attractiveness; sincerity; and being funny; which together carry a weight of 65.0. The new woman does not match up in these key areas and also lacks in shared interests; which; although weighted lower; can be important for a fulfilling relationship.,268,278,279,0
Assume you are a 32-year-old single man; and there is a 23-year-old woman who is courting you. Your career type is research/academia. You evaluated her on six dimensions with scores out of 10. These are attractiveness: 6.0/10; sincerity: 6.0/10; intelligence: 6.0/10; being funny: 7.0/10; ambition: 8.0/10; shared interests: 2.0/10. Your importance weights for these attributes are: attractiveness: 25.0; sincerity: 15.0; intelligence: 20.0; being funny: 25.0; ambition: 10.0; shared interests: 5.0. Would you be willing to date this woman? And also tell me the reason. Your answer must be (YES) or (NO) followed by your reason. You must FOLLOW THIS RULE! You MUST NOT SAY other words.,(NO) The weighted scores for each attribute are as follows: attractiveness (6.0 * 25.0 = 150); sincerity (6.0 * 15.0 = 90); intelligence (6.0 * 20.0 = 120); being funny (7.0 * 25.0 = 175); ambition (8.0 * 10.0 = 80); and shared interests (2.0 * 5.0 = 10). Adding these gives a total of 625 out of a possible 1000. The score is below 700; which suggests that the match is not strong enough given the importance weights you have assigned; particularly due to the low score in shared interests.,270,278,,0
Assume you are a 26-year-old woman with career type College Professor; currently matched with a partner. Your current partner's scores (out of 10): attractiveness: 8.0/10; sincerity: 9.0/10; intelligence: 9.0/10; being funny: 8.0/10; ambition: 9.0/10; shared interests: 6.0/10. A new man is courting you with scores: attractiveness: 7.0/10; sincerity: 8.0/10; intelligence: 8.0/10; being funny: 8.0/10; ambition: 7.0/10; shared interests: 5.0/10. Your importance weights are: attractiveness: 15.0; sincerity: 15.0; intelligence: 25.0; being funny: 20.0; ambition: 5.0; shared interests: 20.0. Would you leave your current partner for the new man? Your answer must be (YES) or (NO) followed by your reason. You must FOLLOW THIS RULE! You MUST NOT SAY other words.,(NO) Your current partner scores higher in intelligence and ambition; which are significantly weighted in your criteria; and also matches more closely in shared interests; which you value highly. Despite the new man's slightly better overall balance in other areas; the importance you place on intelligence and shared interests tips the scale in favor of staying with your current partner.,279,264,268,0
Assume you are a 23-year-old single woman; and there is a 32-year-old man who is courting you. Your career type is Researcher. You evaluated him on six dimensions with scores out of 10. These are attractiveness: 5.0/10; sincerity: 6.0/10; intelligence: 5.0/10; being funny: 4.0/10; ambition: 5.0/10; shared interests: 6.0/10. Your importance weights for these attributes are: attractiveness: 16.0; sincerity: 16.0; intelligence: 19.0; being funny: 17.0; ambition: 14.0; shared interests: 18.0. Would you be willing to date this man? And also tell me the reason. Your answer must be (YES) or (NO) followed by your reason. You must FOLLOW THIS RULE! You MUST NOT SAY other words.,(NO) The weighted score calculation results in a low overall score; indicating that the man does not meet your prioritized criteria strongly enough.,278,270,,0
Assume you are a 26-year-old woman with career type College Professor; currently matched with a partner. Your current partner's scores (out of 10): attractiveness: 3.0/10; sincerity: 6.0/10; intelligence: 5.0/10; being funny: 3.0/10; ambition: 5.0/10; shared interests: 3.0/10. A new man is courting you with scores: attractiveness: 8.0/10; sincerity: 7.0/10; intelligence: 7.0/10; being funny: 7.0/10; ambition: 7.0/10; shared interests: 6.0/10. Your importance weights are: attractiveness: 15.0; sincerity: 15.0; intelligence: 25.0; being funny: 20.0; ambition: 5.0; shared interests: 20.0. Would you leave your current partner for the new man? Your answer must be (YES) or (NO) followed by your reason. You must FOLLOW THIS RULE! You MUST NOT SAY other words.,(YES) The new man's total score; calculated by the weighted average; is significantly higher than your current partner's; suggesting a better match based on your preferences.,288,264,265,1
Assume you are a 32-year-old man with career type research/academia; currently matched with a partner. Your current partner's scores (out of 10): attractiveness: 6.0/10; sincerity: 7.0/10; intelligence: 7.0/10; being funny: 7.0/10; ambition: 7.0/10; shared interests: 8.0/10. A new woman is courting you with scores: attractiveness: 5.0/10; sincerity: 7.0/10; intelligence: 7.0/10; being funny: 5.0/10; ambition: 8.0/10; shared interests: 3.0/10. Your importance weights are: attractiveness: 25.0; sincerity: 15.0; intelligence: 20.0; being funny: 25.0; ambition: 10.0; shared interests: 5.0. Would you leave your current partner for the new woman? Your answer must be (YES) or (NO) followed by your reason. You must FOLLOW THIS RULE! You MUST NOT SAY other words.,(NO) The total score for the current partner is higher (186) compared to the new woman (160) based on the importance weights provided.,253,278,274,0
Assume you are a 23-year-old woman with career type Social Work; currently matched with a partner. Your current partner's scores (out of 10): attractiveness: 9.0/10; sincerity: 10.0/10; intelligence: 7.0/10; being funny: 7.0/10; ambition: 10.0/10; shared interests: 5.0/10. A new man is courting you with scores: attractiveness: 7.0/10; sincerity: 7.0/10; intelligence: 7.0/10; being funny: 6.0/10; ambition: 6.0/10; shared interests: 7.0/10. Your importance weights are: attractiveness: 10.0; sincerity: 15.0; intelligence: 40.0; being funny: 15.0; ambition: 10.0; shared interests: 10.0. Would you leave your current partner for the new man? Your answer must be (YES) or (NO) followed by your reason. You must FOLLOW THIS RULE! You MUST NOT SAY other words.,(NO) The current partner's weighted score is higher: (9.0*10 + 10.0*15 + 7.0*40 + 7.0*15 + 10.0*10 + 5.0*10) = 905; compared to the new man's score: (7.0*10 + 7.0*15 + 7.0*40 + 6.0*15 + 6.0*10 + 7.0*10) = 800.,292,271,257,0
Assume you are a 32-year-old man with career type research/academia; currently matched with a partner. Your current partner's scores (out of 10): attractiveness: 3.0/10; sincerity: 5.0/10; intelligence: 5.0/10; being funny: 3.0/10; ambition: 5.0/10; shared interests: 2.0/10. A new woman is courting you with scores: attractiveness: 6.0/10; sincerity: 6.0/10; intelligence: 8.0/10; being funny: 7.0/10; ambition: 8.0/10; shared interests: 3.0/10. Your importance weights are: attractiveness: 25.0; sincerity: 15.0; intelligence: 20.0; being funny: 25.0; ambition: 10.0; shared interests: 5.0. Would you leave your current partner for the new woman? Your answer must be (YES) or (NO) followed by your reason. You must FOLLOW THIS RULE! You MUST NOT SAY other words.,(YES) The weighted score for the current partner is (3*25 + 5*15 + 5*20 + 3*25 + 5*10 + 2*5) / 100 = 3.35. The weighted score for the new woman is (6*25 + 6*15 + 8*20 + 7*25 + 8*10 + 3*5) / 100 = 6.35. The new woman has a significantly higher weighted score; indicating a better match based on your values.,254,278,285,1
Assume you are a 24-year-old man with career type finance or engineering; currently matched with a partner. Your current partner's scores (out of 10): attractiveness: 7.0/10; sincerity: 6.0/10; intelligence: 6.0/10; being funny: 6.0/10; ambition: 5.0/10; shared interests: 7.0/10. A new woman is courting you with scores: attractiveness: 6.0/10; sincerity: 6.0/10; intelligence: 6.0/10; being funny: 6.0/10; ambition: 6.0/10; shared interests: 6.0/10. Your importance weights are: attractiveness: 20.0; sincerity: 20.0; intelligence: 25.0; being funny: 25.0; ambition: 5.0; shared interests: 5.0. Would you leave your current partner for the new woman? Your answer must be (YES) or (NO) followed by your reason. You must FOLLOW THIS RULE! You MUST NOT SAY other words.,(NO) The current partner has a higher score in attractiveness and shared interests; which are important to you; making the overall value of staying with the current partner higher.,256,285,290,0
Assume you are a 24-year-old man with career type finance or engineering; currently matched with a partner. Your current partner's scores (out of 10): attractiveness: 8.0/10; sincerity: 9.0/10; intelligence: 10.0/10; being funny: 5.0/10; ambition: 4.0/10; shared interests: 9.0/10. A new woman is courting you with scores: attractiveness: 7.0/10; sincerity: 7.0/10; intelligence: 7.0/10; being funny: 7.0/10; ambition: 7.0/10; shared interests: 7.0/10. Your importance weights are: attractiveness: 20.0; sincerity: 20.0; intelligence: 25.0; being funny: 25.0; ambition: 5.0; shared interests: 5.0. Would you leave your current partner for the new woman? Your answer must be (YES) or (NO) followed by your reason. You must FOLLOW THIS RULE! You MUST NOT SAY other words.,(NO) Your current partner scores higher in the areas you value the most; such as intelligence and sincerity; which together make up 45% of your importance weights. Despite the new woman having a more balanced score; your current partner's strengths in your key areas make them a better match according to your values.,258,285,277,0
Assume you are a 32-year-old woman with career type Professor or Lawyer; currently matched with a partner. Your current partner's scores (out of 10): attractiveness: 5.0/10; sincerity: 6.0/10; intelligence: 8.0/10; being funny: 7.0/10; ambition: 7.0/10; shared interests: 8.0/10. A new man is courting you with scores: attractiveness: 5.0/10; sincerity: 6.0/10; intelligence: 6.0/10; being funny: 4.0/10; ambition: 4.0/10; shared interests: 3.0/10. Your importance weights are: attractiveness: 15.0; sincerity: 5.0; intelligence: 45.0; being funny: 10.0; ambition: 15.0; shared interests: 10.0. Would you leave your current partner for the new man? Your answer must be (YES) or (NO) followed by your reason. You must FOLLOW THIS RULE! You MUST NOT SAY other words.,(NO) The new man scores significantly lower in intelligence; ambition; and shared interests; which are highly important to you according to your weights. Your current partner provides a better match overall; especially in the critical areas of intelligence and shared interests.,274,265,253,0
Assume you are a 28-year-old man with career type Pharmaceuticals/Consulting; currently matched with a partner. Your current partner's scores (out of 10): attractiveness: 6.0/10; sincerity: 7.0/10; intelligence: 7.0/10; being funny: 7.0/10; ambition: 7.0/10; shared interests: 8.0/10. A new woman is courting you with scores: attractiveness: 4.0/10; sincerity: 6.0/10; intelligence: 7.0/10; being funny: 6.0/10; ambition: 5.0/10; shared interests: 8.0/10. Your importance weights are: attractiveness: 23.0; sincerity: 18.0; intelligence: 21.0; being funny: 18.0; ambition: 10.0; shared interests: 10.0. Would you leave your current partner for the new woman? Your answer must be (YES) or (NO) followed by your reason. You must FOLLOW THIS RULE! You MUST NOT SAY other words.,(NO) The total weighted score for the current partner is higher (23*6 + 18*7 + 21*7 + 18*7 + 10*7 + 10*8 = 611) compared to the new woman (23*4 + 18*6 + 21*7 + 18*6 + 10*5 + 10*8 = 493); indicating a more compatible match with the current partner based on the given weights and scores.,253,293,274,0
Assume you are a 26-year-old woman with career type dietician; currently matched with a partner. Your current partner's scores (out of 10): attractiveness: 7.0/10; sincerity: 9.0/10; intelligence: 9.0/10; being funny: 8.0/10; ambition: 5.0/10; shared interests: 8.0/10. A new man is courting you with scores: attractiveness: 4.0/10; sincerity: 7.0/10; intelligence: 7.0/10; being funny: 6.0/10; ambition: 7.0/10; shared interests: 7.0/10. Your importance weights are: attractiveness: 20.0; sincerity: 30.0; intelligence: 10.0; being funny: 15.0; ambition: 10.0; shared interests: 15.0. Would you leave your current partner for the new man? Your answer must be (YES) or (NO) followed by your reason. You must FOLLOW THIS RULE! You MUST NOT SAY other words.,(NO) The weighted score for the current partner is higher in all but ambition; which is only slightly better in the new man. The current partner's high sincerity and being funny; which are also highly weighted; make staying with them the better choice.,291,267,266,0
Assume you are a 28-year-old man with career type Pharmaceuticals/Consulting; currently matched with a partner. Your current partner's scores (out of 10): attractiveness: 7.0/10; sincerity: 6.0/10; intelligence: 6.0/10; being funny: 6.0/10; ambition: 5.0/10; shared interests: 7.0/10. A new woman is courting you with scores: attractiveness: 6.0/10; sincerity: 8.0/10; intelligence: 9.0/10; being funny: 6.0/10; ambition: 7.0/10; shared interests: 4.0/10. Your importance weights are: attractiveness: 23.0; sincerity: 18.0; intelligence: 21.0; being funny: 18.0; ambition: 10.0; shared interests: 10.0. Would you leave your current partner for the new woman? Your answer must be (YES) or (NO) followed by your reason. You must FOLLOW THIS RULE! You MUST NOT SAY other words.,(NO) Your current partner's weighted score is 64.1; while the new woman's weighted score is 61.6. Your current partner aligns better with your values.,256,293,290,0
Assume you are a 23-year-old woman with career type Social Work; currently matched with a partner. Your current partner's scores (out of 10): attractiveness: 2.0/10; sincerity: 8.0/10; intelligence: 8.0/10; being funny: 9.0/10; ambition: 7.0/10; shared interests: 4.0/10. A new man is courting you with scores: attractiveness: 6.0/10; sincerity: 6.0/10; intelligence: 7.0/10; being funny: 5.0/10; ambition: 5.0/10; shared interests: 6.0/10. Your importance weights are: attractiveness: 10.0; sincerity: 15.0; intelligence: 40.0; being funny: 15.0; ambition: 10.0; shared interests: 10.0. Would you leave your current partner for the new man? Your answer must be (YES) or (NO) followed by your reason. You must FOLLOW THIS RULE! You MUST NOT SAY other words.,(NO) The weighted score for the current partner is 600 (2*10 + 8*15 + 8*40 + 9*15 + 7*10 + 4*10); and the weighted score for the new man is 525 (6*10 + 6*15 + 7*40 + 5*15 + 5*10 + 6*10). The current partner has a higher weighted score; aligning more closely with your values.,273,271,263,0
Assume you are a 32-year-old woman with career type Professor or Lawyer; currently matched with a partner. Your current partner's scores (out of 10): attractiveness: 8.0/10; sincerity: 7.0/10; intelligence: 8.0/10; being funny: 8.0/10; ambition: nan/10; shared interests: nan/10. A new man is courting you with scores: attractiveness: 5.0/10; sincerity: 6.0/10; intelligence: 6.0/10; being funny: 5.0/10; ambition: 6.0/10; shared interests: 4.0/10. Your importance weights are: attractiveness: 15.0; sincerity: 5.0; intelligence: 45.0; being funny: 10.0; ambition: 15.0; shared interests: 10.0. Would you leave your current partner for the new man? Your answer must be (YES) or (NO) followed by your reason. You must FOLLOW THIS RULE! You MUST NOT SAY other words.,(NO) The current partner has a significantly higher score in intelligence; which is the most important factor for you; and also scores higher in attractiveness; sincerity; and being funny. The new man only scores better in ambition and shared interests; but not enough to outweigh the other differences.,277,265,258,0
Assume you are a 28-year-old man with career type Pharmaceuticals/Consulting; currently matched with a partner. Your current partner's scores (out of 10): attractiveness: 8.0/10; sincerity: 9.0/10; intelligence: 10.0/10; being funny: 5.0/10; ambition: 4.0/10; shared interests: 9.0/10. A new woman is courting you with scores: attractiveness: 5.0/10; sincerity: 8.0/10; intelligence: 7.0/10; being funny: 8.0/10; ambition: 6.0/10; shared interests: 7.0/10. Your importance weights are: attractiveness: 23.0; sincerity: 18.0; intelligence: 21.0; being funny: 18.0; ambition: 10.0; shared interests: 10.0. Would you leave your current partner for the new woman? Your answer must be (YES) or (NO) followed by your reason. You must FOLLOW THIS RULE! You MUST NOT SAY other words.,(NO) Your current partner has a higher overall weighted score based on your preferences. The current partner's scores in sincerity; intelligence; and shared interests; which are important to you; are notably higher. The new woman; while offering a good balance in other areas; does not outweigh the strong positive aspects of your current relationship.,258,293,277,0
Assume you are a 32-year-old woman with career type Professor or Lawyer; currently matched with a partner. Your current partner's scores (out of 10): attractiveness: 6.0/10; sincerity: 6.0/10; intelligence: 8.0/10; being funny: 7.0/10; ambition: 8.0/10; shared interests: 3.0/10. A new man is courting you with scores: attractiveness: 5.0/10; sincerity: 6.0/10; intelligence: 6.0/10; being funny: 5.0/10; ambition: 5.0/10; shared interests: 7.0/10. Your importance weights are: attractiveness: 15.0; sincerity: 5.0; intelligence: 45.0; being funny: 10.0; ambition: 15.0; shared interests: 10.0. Would you leave your current partner for the new man? Your answer must be (YES) or (NO) followed by your reason. You must FOLLOW THIS RULE! You MUST NOT SAY other words.,(NO) Current partner has a higher weighted score (394) compared to the new man (265).,278,265,254,0
Assume you are a 26-year-old woman with career type dietician; currently matched with a partner. Your current partner's scores (out of 10): attractiveness: 2.0/10; sincerity: 8.0/10; intelligence: 8.0/10; being funny: 9.0/10; ambition: 7.0/10; shared interests: 4.0/10. A new man is courting you with scores: attractiveness: 4.0/10; sincerity: 5.0/10; intelligence: 6.0/10; being funny: 5.0/10; ambition: 5.0/10; shared interests: 5.0/10. Your importance weights are: attractiveness: 20.0; sincerity: 30.0; intelligence: 10.0; being funny: 15.0; ambition: 10.0; shared interests: 15.0. Would you leave your current partner for the new man? Your answer must be (YES) or (NO) followed by your reason. You must FOLLOW THIS RULE! You MUST NOT SAY other words.,(NO) Your current partner scores higher in the areas you value most; particularly sincerity and being funny; which are weighted heavily. Although the new man has a higher attractiveness score; the overall weighted score of your current partner is better aligned with your values.,273,267,263,0
Assume you are a 23-year-old woman with career type Researcher; currently matched with a partner. Your current partner's scores (out of 10): attractiveness: 8.0/10; sincerity: 9.0/10; intelligence: 9.0/10; being funny: 8.0/10; ambition: 9.0/10; shared interests: 6.0/10. A new man is courting you with scores: attractiveness: 6.0/10; sincerity: 6.0/10; intelligence: 6.0/10; being funny: 5.0/10; ambition: 5.0/10; shared interests: 5.0/10. Your importance weights are: attractiveness: 16.0; sincerity: 16.0; intelligence: 19.0; being funny: 17.0; ambition: 14.0; shared interests: 18.0. Would you leave your current partner for the new man? Your answer must be (YES) or (NO) followed by your reason. You must FOLLOW THIS RULE! You MUST NOT SAY other words.,(NO) Your current partner's weighted score is higher and aligns more with your values and interests.,279,270,268,0
Assume you are a 28-year-old single man; and there is a 26-year-old woman who is courting you. Your career type is Pharmaceuticals/Consulting. You evaluated her on six dimensions with scores out of 10. These are attractiveness: 7.0/10; sincerity: 6.0/10; intelligence: 7.0/10; being funny: 7.0/10; ambition: 8.0/10; shared interests: 6.0/10. Your importance weights for these attributes are: attractiveness: 23.0; sincerity: 18.0; intelligence: 21.0; being funny: 18.0; ambition: 10.0; shared interests: 10.0. Would you be willing to date this woman? And also tell me the reason. Your answer must be (YES) or (NO) followed by your reason. You must FOLLOW THIS RULE! You MUST NOT SAY other words.,(YES) The weighted score calculation leads to a positive overall evaluation; making the potential for a fulfilling relationship viable.,267,293,,1
Assume you are a 23-year-old woman with career type Social Work; currently matched with a partner. Your current partner's scores (out of 10): attractiveness: 8.0/10; sincerity: 7.0/10; intelligence: 8.0/10; being funny: 8.0/10; ambition: nan/10; shared interests: nan/10. A new man is courting you with scores: attractiveness: 6.0/10; sincerity: 5.0/10; intelligence: 7.0/10; being funny: 5.0/10; ambition: 6.0/10; shared interests: 5.0/10. Your importance weights are: attractiveness: 10.0; sincerity: 15.0; intelligence: 40.0; being funny: 15.0; ambition: 10.0; shared interests: 10.0. Would you leave your current partner for the new man? Your answer must be (YES) or (NO) followed by your reason. You must FOLLOW THIS RULE! You MUST NOT SAY other words.,(NO) Your current partner has a higher overall score considering your importance weights; especially in intelligence and attractiveness; which you value highly.,277,271,258,0
Assume you are a 24-year-old man with career type finance or engineering; currently matched with a partner. Your current partner's scores (out of 10): attractiveness: 7.0/10; sincerity: 8.0/10; intelligence: 6.0/10; being funny: 8.0/10; ambition: 7.0/10; shared interests: 7.0/10. A new woman is courting you with scores: attractiveness: 6.0/10; sincerity: 6.0/10; intelligence: 6.0/10; being funny: 6.0/10; ambition: 6.0/10; shared interests: 6.0/10. Your importance weights are: attractiveness: 20.0; sincerity: 20.0; intelligence: 25.0; being funny: 25.0; ambition: 5.0; shared interests: 5.0. Would you leave your current partner for the new woman? Your answer must be (YES) or (NO) followed by your reason. You must FOLLOW THIS RULE! You MUST NOT SAY other words.,(NO) The weighted score for the current partner is higher (253) compared to the new woman (240).,260,285,282,0
Assume you are a 23-year-old woman with career type Social Work; currently matched with a partner. Your current partner's scores (out of 10): attractiveness: 8.0/10; sincerity: 9.0/10; intelligence: 9.0/10; being funny: 8.0/10; ambition: 9.0/10; shared interests: 6.0/10. A new man is courting you with scores: attractiveness: 7.0/10; sincerity: 6.0/10; intelligence: 7.0/10; being funny: 6.0/10; ambition: 6.0/10; shared interests: 6.0/10. Your importance weights are: attractiveness: 10.0; sincerity: 15.0; intelligence: 40.0; being funny: 15.0; ambition: 10.0; shared interests: 10.0. Would you leave your current partner for the new man? Your answer must be (YES) or (NO) followed by your reason. You must FOLLOW THIS RULE! You MUST NOT SAY other words.,(NO) The weighted score of your current partner is higher in all categories except shared interests; which is equally matched. Your current partner significantly outperforms the new man in intelligence; which you highly value. The new man does not bring enough added value to outweigh the current relationship.,279,271,268,0
Assume you are a 32-year-old woman with career type Professor or Lawyer; currently matched with a partner. Your current partner's scores (out of 10): attractiveness: 9.0/10; sincerity: 6.0/10; intelligence: 3.0/10; being funny: 6.0/10; ambition: 5.0/10; shared interests: 4.0/10. A new man is courting you with scores: attractiveness: 9.0/10; sincerity: 6.0/10; intelligence: 9.0/10; being funny: 3.0/10; ambition: 6.0/10; shared interests: 2.0/10. Your importance weights are: attractiveness: 15.0; sincerity: 5.0; intelligence: 45.0; being funny: 10.0; ambition: 15.0; shared interests: 10.0. Would you leave your current partner for the new man? Your answer must be (YES) or (NO) followed by your reason. You must FOLLOW THIS RULE! You MUST NOT SAY other words.,(YES) The new man scores higher in intelligence; which is highly weighted in your criteria (45.0); and also in ambition; which is important to you (15.0). Despite lower scores in being funny and shared interests; the significant increase in intelligence and ambition makes the new man a better match based on your stated preferences.,281,265,272,1
Assume you are a 23-year-old woman with career type Researcher; currently matched with a partner. Your current partner's scores (out of 10): attractiveness: 8.0/10; sincerity: 7.0/10; intelligence: 8.0/10; being funny: 5.0/10; ambition: 6.0/10; shared interests: 7.0/10. A new man is courting you with scores: attractiveness: 6.0/10; sincerity: 7.0/10; intelligence: 8.0/10; being funny: 7.0/10; ambition: 6.0/10; shared interests: 6.0/10. Your importance weights are: attractiveness: 16.0; sincerity: 16.0; intelligence: 19.0; being funny: 17.0; ambition: 14.0; shared interests: 18.0. Would you leave your current partner for the new man? Your answer must be (YES) or (NO) followed by your reason. You must FOLLOW THIS RULE! You MUST NOT SAY other words.,(NO) The current partner has a higher overall score when weighted by your importance criteria; especially in attractiveness and shared interests; which are highly valued by you.,280,270,255,0
Assume you are a 24-year-old man with career type finance or engineering; currently matched with a partner. Your current partner's scores (out of 10): attractiveness: 8.0/10; sincerity: 10.0/10; intelligence: 9.0/10; being funny: 8.0/10; ambition: 7.0/10; shared interests: 8.0/10. A new woman is courting you with scores: attractiveness: 6.0/10; sincerity: 6.0/10; intelligence: 6.0/10; being funny: 6.0/10; ambition: 6.0/10; shared interests: 6.0/10. Your importance weights are: attractiveness: 20.0; sincerity: 20.0; intelligence: 25.0; being funny: 25.0; ambition: 5.0; shared interests: 5.0. Would you leave your current partner for the new woman? Your answer must be (YES) or (NO) followed by your reason. You must FOLLOW THIS RULE! You MUST NOT SAY other words.,(NO) The weighted score of the current partner is higher; indicating a better match according to your values and preferences.,261,285,276,0
Assume you are a 25-year-old woman with career type Social Work; currently matched with a partner. Your current partner's scores (out of 10): attractiveness: 5.0/10; sincerity: 6.0/10; intelligence: 8.0/10; being funny: 7.0/10; ambition: 7.0/10; shared interests: 8.0/10. A new man is courting you with scores: attractiveness: 4.0/10; sincerity: 6.0/10; intelligence: 7.0/10; being funny: 8.0/10; ambition: 9.0/10; shared interests: 8.0/10. Your importance weights are: attractiveness: 25.0; sincerity: 20.0; intelligence: 25.0; being funny: 25.0; ambition: 5.0; shared interests: 0.0. Would you leave your current partner for the new man? Your answer must be (YES) or (NO) followed by your reason. You must FOLLOW THIS RULE! You MUST NOT SAY other words.,(NO) The scoring based on your weights shows that your current partner has a total score of 725 (25*5 + 20*6 + 25*8 + 25*7 + 5*7 + 0*8); while the new man has a total score of 700 (25*4 + 20*6 + 25*7 + 25*8 + 5*9 + 0*8). Your current partner scores higher; so it would not be advisable to leave based on the criteria you value.,274,272,253,0
Assume you are a 23-year-old woman with career type Researcher; currently matched with a partner. Your current partner's scores (out of 10): attractiveness: 6.0/10; sincerity: 8.0/10; intelligence: 8.0/10; being funny: 5.0/10; ambition: 3.0/10; shared interests: 3.0/10. A new man is courting you with scores: attractiveness: 6.0/10; sincerity: 6.0/10; intelligence: 7.0/10; being funny: 5.0/10; ambition: 5.0/10; shared interests: 6.0/10. Your importance weights are: attractiveness: 16.0; sincerity: 16.0; intelligence: 19.0; being funny: 17.0; ambition: 14.0; shared interests: 18.0. Would you leave your current partner for the new man? Your answer must be (YES) or (NO) followed by your reason. You must FOLLOW THIS RULE! You MUST NOT SAY other words.,(NO) The current partner has a higher weighted score when considering the importance weights given: Current partner's weighted score is (6*16 + 8*16 + 8*19 + 5*17 + 3*14 + 3*18) = 657. The new man's weighted score is (6*16 + 6*16 + 7*19 + 5*17 + 5*14 + 6*18) = 639. The current partner's score is higher; so it's not advisable to leave based on the provided metrics.,281,270,265,0
Assume you are a 23-year-old woman with career type Social Work; currently matched with a partner. Your current partner's scores (out of 10): attractiveness: 8.0/10; sincerity: 7.0/10; intelligence: 8.0/10; being funny: 5.0/10; ambition: 6.0/10; shared interests: 7.0/10. A new man is courting you with scores: attractiveness: 5.0/10; sincerity: 4.0/10; intelligence: 8.0/10; being funny: 4.0/10; ambition: 4.0/10; shared interests: 6.0/10. Your importance weights are: attractiveness: 10.0; sincerity: 15.0; intelligence: 40.0; being funny: 15.0; ambition: 10.0; shared interests: 10.0. Would you leave your current partner for the new man? Your answer must be (YES) or (NO) followed by your reason. You must FOLLOW THIS RULE! You MUST NOT SAY other words.,(NO) The current partner has a higher weighted score when considering the importance of each trait to you.,280,271,255,0
Assume you are a 25-year-old woman with career type Social Work; currently matched with a partner. Your current partner's scores (out of 10): attractiveness: 8.0/10; sincerity: 10.0/10; intelligence: 9.0/10; being funny: 7.0/10; ambition: 5.0/10; shared interests: 8.0/10. A new man is courting you with scores: attractiveness: 6.0/10; sincerity: 8.0/10; intelligence: 9.0/10; being funny: 7.0/10; ambition: 8.0/10; shared interests: 6.0/10. Your importance weights are: attractiveness: 25.0; sincerity: 20.0; intelligence: 25.0; being funny: 25.0; ambition: 5.0; shared interests: 0.0. Would you leave your current partner for the new man? Your answer must be (YES) or (NO) followed by your reason. You must FOLLOW THIS RULE! You MUST NOT SAY other words.,(NO) The weighted scores for the current partner are higher in important categories like attractiveness; sincerity; and intelligence; which outweigh the new man's higher ambition score. Shared interests; while not weighted; also favor the current partner.,276,272,261,0
Assume you are a 24-year-old man with career type finance or engineering; currently matched with a partner. Your current partner's scores (out of 10): attractiveness: 8.0/10; sincerity: 8.0/10; intelligence: 9.0/10; being funny: 8.0/10; ambition: 8.0/10; shared interests: 8.0/10. A new woman is courting you with scores: attractiveness: 7.0/10; sincerity: 7.0/10; intelligence: 7.0/10; being funny: 7.0/10; ambition: 7.0/10; shared interests: 7.0/10. Your importance weights are: attractiveness: 20.0; sincerity: 20.0; intelligence: 25.0; being funny: 25.0; ambition: 5.0; shared interests: 5.0. Would you leave your current partner for the new woman? Your answer must be (YES) or (NO) followed by your reason. You must FOLLOW THIS RULE! You MUST NOT SAY other words.,(NO) The weighted score for the current partner is higher (412.5) compared to the new woman (315).,262,285,289,0
Assume you are a 24-year-old man with career type finance or engineering; currently matched with a partner. Your current partner's scores (out of 10): attractiveness: 8.0/10; sincerity: 10.0/10; intelligence: 10.0/10; being funny: 9.0/10; ambition: 10.0/10; shared interests: 5.0/10. A new woman is courting you with scores: attractiveness: 6.0/10; sincerity: 6.0/10; intelligence: 6.0/10; being funny: 6.0/10; ambition: 6.0/10; shared interests: 6.0/10. Your importance weights are: attractiveness: 20.0; sincerity: 20.0; intelligence: 25.0; being funny: 25.0; ambition: 5.0; shared interests: 5.0. Would you leave your current partner for the new woman? Your answer must be (YES) or (NO) followed by your reason. You must FOLLOW THIS RULE! You MUST NOT SAY other words.,(NO) Your current partner scores significantly higher in the areas you prioritize; such as sincerity; intelligence; and being funny. Despite the lower score in shared interests; the overall compatibility and alignment with your values and preferences are stronger with your current partner.,263,285,273,0
Assume you are a 24-year-old man with career type finance or engineering; currently matched with a partner. Your current partner's scores (out of 10): attractiveness: 8.0/10; sincerity: 7.0/10; intelligence: 7.0/10; being funny: 7.0/10; ambition: 7.0/10; shared interests: 6.0/10. A new woman is courting you with scores: attractiveness: 7.0/10; sincerity: 7.0/10; intelligence: 7.0/10; being funny: 7.0/10; ambition: 7.0/10; shared interests: 7.0/10. Your importance weights are: attractiveness: 20.0; sincerity: 20.0; intelligence: 25.0; being funny: 25.0; ambition: 5.0; shared interests: 5.0. Would you leave your current partner for the new woman? Your answer must be (YES) or (NO) followed by your reason. You must FOLLOW THIS RULE! You MUST NOT SAY other words.,(NO) The current partner has a higher score in attractiveness; which is weighted heavily; and while the new woman has better shared interests; the difference is not enough to outweigh the importance of attractiveness and the overall stability and compatibility with the current partner.,264,285,288,0
Assume you are a 25-year-old woman with career type Social Work; currently matched with a partner. Your current partner's scores (out of 10): attractiveness: 6.0/10; sincerity: 6.0/10; intelligence: 8.0/10; being funny: 7.0/10; ambition: 8.0/10; shared interests: 3.0/10. A new man is courting you with scores: attractiveness: 5.0/10; sincerity: 4.0/10; intelligence: 10.0/10; being funny: 6.0/10; ambition: 10.0/10; shared interests: 6.0/10. Your importance weights are: attractiveness: 25.0; sincerity: 20.0; intelligence: 25.0; being funny: 25.0; ambition: 5.0; shared interests: 0.0. Would you leave your current partner for the new man? Your answer must be (YES) or (NO) followed by your reason. You must FOLLOW THIS RULE! You MUST NOT SAY other words.,(NO) The current partner has a higher weighted score (272.5) compared to the new man (257.5) based on your importance weights.,278,272,254,0
Assume you are a 24-year-old man with career type finance or engineering; currently matched with a partner. Your current partner's scores (out of 10): attractiveness: 9.0/10; sincerity: 6.0/10; intelligence: 9.0/10; being funny: 3.0/10; ambition: 6.0/10; shared interests: 2.0/10. A new woman is courting you with scores: attractiveness: 7.0/10; sincerity: 7.0/10; intelligence: 7.0/10; being funny: 7.0/10; ambition: 7.0/10; shared interests: 7.0/10. Your importance weights are: attractiveness: 20.0; sincerity: 20.0; intelligence: 25.0; being funny: 25.0; ambition: 5.0; shared interests: 5.0. Would you leave your current partner for the new woman? Your answer must be (YES) or (NO) followed by your reason. You must FOLLOW THIS RULE! You MUST NOT SAY other words.,(NO) The current partner's weighted score is (9*20 + 6*20 + 9*25 + 3*25 + 6*5 + 2*5) / 100 = 7.2; while the new woman's weighted score is (7*20 + 7*20 + 7*25 + 7*25 + 7*5 + 7*5) / 100 = 7.0. The current partner has a higher weighted score.,265,285,281,0
Assume you are a 25-year-old woman with career type Social Work; currently matched with a partner. Your current partner's scores (out of 10): attractiveness: 8.0/10; sincerity: 9.0/10; intelligence: 9.0/10; being funny: 8.0/10; ambition: 9.0/10; shared interests: 6.0/10. A new man is courting you with scores: attractiveness: 8.0/10; sincerity: 9.0/10; intelligence: 8.0/10; being funny: 8.0/10; ambition: 7.0/10; shared interests: 7.0/10. Your importance weights are: attractiveness: 25.0; sincerity: 20.0; intelligence: 25.0; being funny: 25.0; ambition: 5.0; shared interests: 0.0. Would you leave your current partner for the new man? Your answer must be (YES) or (NO) followed by your reason. You must FOLLOW THIS RULE! You MUST NOT SAY other words.,(NO) The weighted score for your current partner is 8.05; while the new man's weighted score is 7.95. Based on your values; your current partner is a better match.,279,272,268,0
Assume you are a 23-year-old woman with career type Social Work; currently matched with a partner. Your current partner's scores (out of 10): attractiveness: 10.0/10; sincerity: 9.0/10; intelligence: 9.0/10; being funny: 9.0/10; ambition: 9.0/10; shared interests: 9.0/10. A new man is courting you with scores: attractiveness: 7.0/10; sincerity: 7.0/10; intelligence: 7.0/10; being funny: 7.0/10; ambition: 5.0/10; shared interests: 6.0/10. Your importance weights are: attractiveness: 10.0; sincerity: 15.0; intelligence: 40.0; being funny: 15.0; ambition: 10.0; shared interests: 10.0. Would you leave your current partner for the new man? Your answer must be (YES) or (NO) followed by your reason. You must FOLLOW THIS RULE! You MUST NOT SAY other words.,(NO) The current partner scores significantly higher in intelligence; which is the most heavily weighted attribute for you; and also outperforms in other important areas like attractiveness; sincerity; and being funny. The new man does not match up in these key areas.,282,271,260,0
Assume you are a 24-year-old man with career type finance or engineering; currently matched with a partner. Your current partner's scores (out of 10): attractiveness: 7.0/10; sincerity: 8.0/10; intelligence: 9.0/10; being funny: 9.0/10; ambition: 9.0/10; shared interests: 6.0/10. A new woman is courting you with scores: attractiveness: 7.5/10; sincerity: 7.5/10; intelligence: 7.5/10; being funny: 7.5/10; ambition: 7.5/10; shared interests: 7.5/10. Your importance weights are: attractiveness: 20.0; sincerity: 20.0; intelligence: 25.0; being funny: 25.0; ambition: 5.0; shared interests: 5.0. Would you leave your current partner for the new woman? Your answer must be (YES) or (NO) followed by your reason. You must FOLLOW THIS RULE! You MUST NOT SAY other words.,(NO) Your current partner scores higher in intelligence; being funny; and ambition; which are weighted more heavily in your criteria. Despite the new woman having a slight edge in attractiveness and sincerity; and a better match in shared interests; the overall value according to your weights is greater with your current partner.,266,285,291,0
Assume you are a 23-year-old single woman; and there is a 24-year-old man who is courting you. Your career type is Social Work. You evaluated him on six dimensions with scores out of 10. These are attractiveness: 4.0/10; sincerity: 6.0/10; intelligence: 6.0/10; being funny: 4.0/10; ambition: 5.0/10; shared interests: 6.0/10. Your importance weights for these attributes are: attractiveness: 10.0; sincerity: 15.0; intelligence: 40.0; being funny: 15.0; ambition: 10.0; shared interests: 10.0. Would you be willing to date this man? And also tell me the reason. Your answer must be (YES) or (NO) followed by your reason. You must FOLLOW THIS RULE! You MUST NOT SAY other words.,(NO) The weighted score for this man is calculated as follows: (4.0*10 + 6.0*15 + 6.0*40 + 4.0*15 + 5.0*10 + 6.0*10) / (10 + 15 + 40 + 15 + 10 + 10) = (40 + 90 + 240 + 60 + 50 + 60) / 100 = 540 / 100 = 5.4. Given the high weight I place on intelligence; and the overall weighted score of 5.4; which is below the midpoint of 5.5; I would not be willing to date this man due to the low overall compatibility.,285,271,,0
Assume you are a 23-year-old woman with career type Researcher; currently matched with a partner. Your current partner's scores (out of 10): attractiveness: 10.0/10; sincerity: 9.0/10; intelligence: 9.0/10; being funny: 9.0/10; ambition: 9.0/10; shared interests: 9.0/10. A new man is courting you with scores: attractiveness: 6.0/10; sincerity: 7.0/10; intelligence: 6.0/10; being funny: 7.0/10; ambition: 5.0/10; shared interests: 6.0/10. Your importance weights are: attractiveness: 16.0; sincerity: 16.0; intelligence: 19.0; being funny: 17.0; ambition: 14.0; shared interests: 18.0. Would you leave your current partner for the new man? Your answer must be (YES) or (NO) followed by your reason. You must FOLLOW THIS RULE! You MUST NOT SAY other words.,(NO) The weighted score for the current partner is significantly higher; indicating a much better match based on the given criteria and importance weights.,282,270,260,0
Assume you are a 24-year-old man with career type finance or engineering; currently matched with a partner. Your current partner's scores (out of 10): attractiveness: 4.0/10; sincerity: 7.0/10; intelligence: 6.0/10; being funny: 5.0/10; ambition: 6.0/10; shared interests: 5.0/10. A new woman is courting you with scores: attractiveness: 6.0/10; sincerity: 6.0/10; intelligence: 6.0/10; being funny: 6.0/10; ambition: 6.0/10; shared interests: 6.0/10. Your importance weights are: attractiveness: 20.0; sincerity: 20.0; intelligence: 25.0; being funny: 25.0; ambition: 5.0; shared interests: 5.0. Would you leave your current partner for the new woman? Your answer must be (YES) or (NO) followed by your reason. You must FOLLOW THIS RULE! You MUST NOT SAY other words.,(YES) The calculated weighted score for your current partner is 350; while the new woman's weighted score is 420. The new woman has a higher overall weighted score; which suggests a potentially more compatible match based on your values and preferences.,267,285,293,1
Assume you are a 23-year-old woman with career type Social Work; currently matched with a partner. Your current partner's scores (out of 10): attractiveness: 3.0/10; sincerity: 4.0/10; intelligence: 5.0/10; being funny: 3.0/10; ambition: 3.0/10; shared interests: 5.0/10. A new man is courting you with scores: attractiveness: 7.0/10; sincerity: 6.0/10; intelligence: 6.0/10; being funny: 6.0/10; ambition: 5.0/10; shared interests: 6.0/10. Your importance weights are: attractiveness: 10.0; sincerity: 15.0; intelligence: 40.0; being funny: 15.0; ambition: 10.0; shared interests: 10.0. Would you leave your current partner for the new man? Your answer must be (YES) or (NO) followed by your reason. You must FOLLOW THIS RULE! You MUST NOT SAY other words.,(YES) The new man has a significantly higher overall score based on your importance weights; especially in intelligence and sincerity; which are highly important to you.,288,271,264,1
Assume you are a 26-year-old woman with career type College Professor; currently matched with a partner. Your current partner's scores (out of 10): attractiveness: 6.0/10; sincerity: 9.0/10; intelligence: 9.0/10; being funny: 7.0/10; ambition: 6.0/10; shared interests: 8.0/10. A new man is courting you with scores: attractiveness: 6.0/10; sincerity: 8.0/10; intelligence: 8.0/10; being funny: 8.0/10; ambition: 7.0/10; shared interests: 8.0/10. Your importance weights are: attractiveness: 15.0; sincerity: 15.0; intelligence: 25.0; being funny: 20.0; ambition: 5.0; shared interests: 20.0. Would you leave your current partner for the new man? Your answer must be (YES) or (NO) followed by your reason. You must FOLLOW THIS RULE! You MUST NOT SAY other words.,(NO) The current partner has a higher overall score when the importance weights are applied; due to the higher scores in intelligence and shared interests which are heavily weighted.,289,264,262,0
Assume you are a 25-year-old woman with career type Social Work; currently matched with a partner. Your current partner's scores (out of 10): attractiveness: 10.0/10; sincerity: 9.0/10; intelligence: 9.0/10; being funny: 9.0/10; ambition: 9.0/10; shared interests: 9.0/10. A new man is courting you with scores: attractiveness: 6.0/10; sincerity: 7.0/10; intelligence: 9.0/10; being funny: 8.0/10; ambition: 8.0/10; shared interests: 7.0/10. Your importance weights are: attractiveness: 25.0; sincerity: 20.0; intelligence: 25.0; being funny: 25.0; ambition: 5.0; shared interests: 0.0. Would you leave your current partner for the new man? Your answer must be (YES) or (NO) followed by your reason. You must FOLLOW THIS RULE! You MUST NOT SAY other words.,(NO) Your current partner scores significantly higher in attractiveness; which is highly important to you; and also matches well in other valued traits like intelligence and being funny. The new man; while compatible in some areas; does not meet the standards you have set for these key attributes.,282,272,260,0
Assume you are a 28-year-old man with career type Pharmaceuticals/Consulting; currently matched with a partner. Your current partner's scores (out of 10): attractiveness: 9.5/10; sincerity: 9.0/10; intelligence: 9.0/10; being funny: 8.0/10; ambition: 9.0/10; shared interests: 8.0/10. A new woman is courting you with scores: attractiveness: 9.0/10; sincerity: 8.0/10; intelligence: 9.0/10; being funny: 6.0/10; ambition: 6.0/10; shared interests: 7.0/10. Your importance weights are: attractiveness: 23.0; sincerity: 18.0; intelligence: 21.0; being funny: 18.0; ambition: 10.0; shared interests: 10.0. Would you leave your current partner for the new woman? Your answer must be (YES) or (NO) followed by your reason. You must FOLLOW THIS RULE! You MUST NOT SAY other words.,(NO) The weighted score for the current partner is higher; indicating a more compatible match based on the given criteria.,268,293,279,0
Assume you are a 25-year-old woman with career type Social Work; currently matched with a partner. Your current partner's scores (out of 10): attractiveness: 5.0/10; sincerity: 7.0/10; intelligence: 3.0/10; being funny: 3.0/10; ambition: 3.0/10; shared interests: 3.0/10. A new man is courting you with scores: attractiveness: 5.0/10; sincerity: 5.0/10; intelligence: 8.0/10; being funny: 7.0/10; ambition: 10.0/10; shared interests: 5.0/10. Your importance weights are: attractiveness: 25.0; sincerity: 20.0; intelligence: 25.0; being funny: 25.0; ambition: 5.0; shared interests: 0.0. Would you leave your current partner for the new man? Your answer must be (YES) or (NO) followed by your reason. You must FOLLOW THIS RULE! You MUST NOT SAY other words.,(YES) The new man's weighted score is higher in important categories like intelligence and being funny; which align with your values. The significant increase in these areas suggests a more compatible match for a lasting and fulfilling relationship.,288,272,271,1
Assume you are a 23-year-old woman with career type Social Work; currently matched with a partner. Your current partner's scores (out of 10): attractiveness: 6.0/10; sincerity: 9.0/10; intelligence: 9.0/10; being funny: 7.0/10; ambition: 6.0/10; shared interests: 8.0/10. A new man is courting you with scores: attractiveness: 4.0/10; sincerity: 7.0/10; intelligence: 7.0/10; being funny: 7.0/10; ambition: 5.0/10; shared interests: 6.0/10. Your importance weights are: attractiveness: 10.0; sincerity: 15.0; intelligence: 40.0; being funny: 15.0; ambition: 10.0; shared interests: 10.0. Would you leave your current partner for the new man? Your answer must be (YES) or (NO) followed by your reason. You must FOLLOW THIS RULE! You MUST NOT SAY other words.,(NO) The weighted score of the current partner is higher; indicating a better match according to your priorities.,289,271,262,0
Assume you are a 23-year-old woman with career type Social Work; currently matched with a partner. Your current partner's scores (out of 10): attractiveness: 7.0/10; sincerity: 9.0/10; intelligence: 9.0/10; being funny: 8.0/10; ambition: 5.0/10; shared interests: 8.0/10. A new man is courting you with scores: attractiveness: 4.0/10; sincerity: 7.0/10; intelligence: 6.0/10; being funny: 6.0/10; ambition: 5.0/10; shared interests: 6.0/10. Your importance weights are: attractiveness: 10.0; sincerity: 15.0; intelligence: 40.0; being funny: 15.0; ambition: 10.0; shared interests: 10.0. Would you leave your current partner for the new man? Your answer must be (YES) or (NO) followed by your reason. You must FOLLOW THIS RULE! You MUST NOT SAY other words.,(NO) Your current partner aligns much more closely with your importance weights; particularly in intelligence; which you value highly; and in sincerity and being funny; which are also important to you. The new man's lower attractiveness score significantly impacts the overall compatibility based on your weights; making the current partner a better match.,291,271,266,0
Assume you are a 28-year-old single man; and there is a 23-year-old woman who is courting you. Your career type is Pharmaceuticals/Consulting. You evaluated her on six dimensions with scores out of 10. These are attractiveness: 8.0/10; sincerity: 7.0/10; intelligence: 6.0/10; being funny: 8.0/10; ambition: 5.0/10; shared interests: 7.0/10. Your importance weights for these attributes are: attractiveness: 23.0; sincerity: 18.0; intelligence: 21.0; being funny: 18.0; ambition: 10.0; shared interests: 10.0. Would you be willing to date this woman? And also tell me the reason. Your answer must be (YES) or (NO) followed by your reason. You must FOLLOW THIS RULE! You MUST NOT SAY other words.,(YES) The weighted scores add up to a high value; indicating compatibility and interest based on my preferences and her attributes.,271,293,,1
Assume you are a 26-year-old woman with career type College Professor; currently matched with a partner. Your current partner's scores (out of 10): attractiveness: 7.0/10; sincerity: 8.0/10; intelligence: 8.0/10; being funny: 7.0/10; ambition: 6.0/10; shared interests: 8.0/10. A new man is courting you with scores: attractiveness: 5.0/10; sincerity: 6.0/10; intelligence: 7.0/10; being funny: 7.0/10; ambition: 7.0/10; shared interests: 5.0/10. Your importance weights are: attractiveness: 15.0; sincerity: 15.0; intelligence: 25.0; being funny: 20.0; ambition: 5.0; shared interests: 20.0. Would you leave your current partner for the new man? Your answer must be (YES) or (NO) followed by your reason. You must FOLLOW THIS RULE! You MUST NOT SAY other words.,(NO) The new man scores lower in most aspects that are important to you; especially in intelligence and shared interests; which are weighted heavily in your criteria.,290,264,256,0
Assume you are a 26-year-old woman with career type College Professor; currently matched with a partner. Your current partner's scores (out of 10): attractiveness: 2.0/10; sincerity: 8.0/10; intelligence: 8.0/10; being funny: 9.0/10; ambition: 7.0/10; shared interests: 4.0/10. A new man is courting you with scores: attractiveness: 3.0/10; sincerity: 6.0/10; intelligence: 6.0/10; being funny: 5.0/10; ambition: 6.0/10; shared interests: 3.0/10. Your importance weights are: attractiveness: 15.0; sincerity: 15.0; intelligence: 25.0; being funny: 20.0; ambition: 5.0; shared interests: 20.0. Would you leave your current partner for the new man? Your answer must be (YES) or (NO) followed by your reason. You must FOLLOW THIS RULE! You MUST NOT SAY other words.,(NO) The weighted score for your current partner is higher (220) compared to the new man (180); suggesting a better overall match with your current partner based on your values.,273,264,263,0
Assume you are a 26-year-old woman with career type College Professor; currently matched with a partner. Your current partner's scores (out of 10): attractiveness: 5.0/10; sincerity: 6.0/10; intelligence: 8.0/10; being funny: 7.0/10; ambition: 7.0/10; shared interests: 8.0/10. A new man is courting you with scores: attractiveness: 6.0/10; sincerity: 8.0/10; intelligence: 8.0/10; being funny: 8.0/10; ambition: 7.0/10; shared interests: 6.0/10. Your importance weights are: attractiveness: 15.0; sincerity: 15.0; intelligence: 25.0; being funny: 20.0; ambition: 5.0; shared interests: 20.0. Would you leave your current partner for the new man? Your answer must be (YES) or (NO) followed by your reason. You must FOLLOW THIS RULE! You MUST NOT SAY other words.,(NO) The new man has a higher score in sincerity and being funny; which are important; but the current partner excels in shared interests; which you also value highly. The differences in scores suggest that the current relationship might still be more fulfilling overall; considering your weighted preferences.,274,264,253,0
Assume you are a 23-year-old woman with career type Researcher; currently matched with a partner. Your current partner's scores (out of 10): attractiveness: 7.0/10; sincerity: 4.0/10; intelligence: 4.0/10; being funny: 4.0/10; ambition: 4.0/10; shared interests: 4.0/10. A new man is courting you with scores: attractiveness: 6.0/10; sincerity: 7.0/10; intelligence: 7.0/10; being funny: 6.0/10; ambition: 5.0/10; shared interests: 6.0/10. Your importance weights are: attractiveness: 16.0; sincerity: 16.0; intelligence: 19.0; being funny: 17.0; ambition: 14.0; shared interests: 18.0. Would you leave your current partner for the new man? Your answer must be (YES) or (NO) followed by your reason. You must FOLLOW THIS RULE! You MUST NOT SAY other words.,(NO) The current partner has a higher overall weighted score (114) compared to the new man (110.2); making the current relationship more aligned with your values and preferences.,288,270,272,0
Assume you are a 23-year-old woman with career type Researcher; currently matched with a partner. Your current partner's scores (out of 10): attractiveness: 6.0/10; sincerity: 9.0/10; intelligence: 9.0/10; being funny: 7.0/10; ambition: 6.0/10; shared interests: 8.0/10. A new man is courting you with scores: attractiveness: 6.0/10; sincerity: 5.0/10; intelligence: 6.0/10; being funny: 4.0/10; ambition: 6.0/10; shared interests: 5.0/10. Your importance weights are: attractiveness: 16.0; sincerity: 16.0; intelligence: 19.0; being funny: 17.0; ambition: 14.0; shared interests: 18.0. Would you leave your current partner for the new man? Your answer must be (YES) or (NO) followed by your reason. You must FOLLOW THIS RULE! You MUST NOT SAY other words.,(NO) The new man's scores in important areas like sincerity; intelligence; and shared interests are significantly lower; which would negatively impact the overall relationship quality.,289,270,262,0
Assume you are a 23-year-old woman with career type Researcher; currently matched with a partner. Your current partner's scores (out of 10): attractiveness: 7.0/10; sincerity: 8.0/10; intelligence: 8.0/10; being funny: 7.0/10; ambition: 6.0/10; shared interests: 8.0/10. A new man is courting you with scores: attractiveness: 5.0/10; sincerity: 6.0/10; intelligence: 7.0/10; being funny: 4.0/10; ambition: 6.0/10; shared interests: 5.0/10. Your importance weights are: attractiveness: 16.0; sincerity: 16.0; intelligence: 19.0; being funny: 17.0; ambition: 14.0; shared interests: 18.0. Would you leave your current partner for the new man? Your answer must be (YES) or (NO) followed by your reason. You must FOLLOW THIS RULE! You MUST NOT SAY other words.,(NO) The calculated score for the current partner (348) is higher than the new man's score (227); indicating a better match with the current partner based on the importance weights provided.,290,270,256,0
Assume you are a 26-year-old woman with career type College Professor; currently matched with a partner. Your current partner's scores (out of 10): attractiveness: 7.0/10; sincerity: 8.0/10; intelligence: 8.0/10; being funny: 6.0/10; ambition: 6.0/10; shared interests: 7.0/10. A new man is courting you with scores: attractiveness: 5.0/10; sincerity: 6.0/10; intelligence: 7.0/10; being funny: 5.0/10; ambition: 8.0/10; shared interests: 5.0/10. Your importance weights are: attractiveness: 15.0; sincerity: 15.0; intelligence: 25.0; being funny: 20.0; ambition: 5.0; shared interests: 20.0. Would you leave your current partner for the new man? Your answer must be (YES) or (NO) followed by your reason. You must FOLLOW THIS RULE! You MUST NOT SAY other words.,(NO) The weighted score for the current partner is higher (310) compared to the new man (285); indicating a better match with the current partner based on your priorities.,275,264,252,0
Assume you are a 23-year-old woman with career type Researcher; currently matched with a partner. Your current partner's scores (out of 10): attractiveness: 7.0/10; sincerity: 9.0/10; intelligence: 9.0/10; being funny: 8.0/10; ambition: 5.0/10; shared interests: 8.0/10. A new man is courting you with scores: attractiveness: 4.0/10; sincerity: 5.0/10; intelligence: 8.0/10; being funny: 5.0/10; ambition: 7.0/10; shared interests: 5.0/10. Your importance weights are: attractiveness: 16.0; sincerity: 16.0; intelligence: 19.0; being funny: 17.0; ambition: 14.0; shared interests: 18.0. Would you leave your current partner for the new man? Your answer must be (YES) or (NO) followed by your reason. You must FOLLOW THIS RULE! You MUST NOT SAY other words.,(NO) The weighted score for the current partner is higher; indicating a better match according to your values and the given attributes.,291,270,266,0
Assume you are a 26-year-old woman with career type College Professor; currently matched with a partner. Your current partner's scores (out of 10): attractiveness: 8.0/10; sincerity: 10.0/10; intelligence: 9.0/10; being funny: 7.0/10; ambition: 5.0/10; shared interests: 8.0/10. A new man is courting you with scores: attractiveness: 5.0/10; sincerity: 6.0/10; intelligence: 7.0/10; being funny: 6.0/10; ambition: 6.0/10; shared interests: 6.0/10. Your importance weights are: attractiveness: 15.0; sincerity: 15.0; intelligence: 25.0; being funny: 20.0; ambition: 5.0; shared interests: 20.0. Would you leave your current partner for the new man? Your answer must be (YES) or (NO) followed by your reason. You must FOLLOW THIS RULE! You MUST NOT SAY other words.,(NO) The weighted score for your current partner is higher in categories that you value more; such as intelligence and being funny; while the new man does not significantly match up in these areas.,276,264,261,0
Assume you are a 23-year-old woman with career type Researcher; currently matched with a partner. Your current partner's scores (out of 10): attractiveness: 9.0/10; sincerity: 10.0/10; intelligence: 7.0/10; being funny: 7.0/10; ambition: 10.0/10; shared interests: 5.0/10. A new man is courting you with scores: attractiveness: 7.0/10; sincerity: 7.0/10; intelligence: 7.0/10; being funny: 6.0/10; ambition: 6.0/10; shared interests: 6.0/10. Your importance weights are: attractiveness: 16.0; sincerity: 16.0; intelligence: 19.0; being funny: 17.0; ambition: 14.0; shared interests: 18.0. Would you leave your current partner for the new man? Your answer must be (YES) or (NO) followed by your reason. You must FOLLOW THIS RULE! You MUST NOT SAY other words.,(NO) Current partner has a higher weighted score: (9*16 + 10*16 + 7*19 + 7*17 + 10*14 + 5*18) = 723; while the new man's weighted score is (7*16 + 7*16 + 7*19 + 6*17 + 6*14 + 6*18) = 660.,292,270,257,0
Assume you are a 23-year-old woman with career type Researcher; currently matched with a partner. Your current partner's scores (out of 10): attractiveness: 5.0/10; sincerity: 6.0/10; intelligence: 8.0/10; being funny: 7.0/10; ambition: 7.0/10; shared interests: 8.0/10. A new man is courting you with scores: attractiveness: 4.0/10; sincerity: 5.0/10; intelligence: 5.0/10; being funny: 5.0/10; ambition: 5.0/10; shared interests: 4.0/10. Your importance weights are: attractiveness: 16.0; sincerity: 16.0; intelligence: 19.0; being funny: 17.0; ambition: 14.0; shared interests: 18.0. Would you leave your current partner for the new man? Your answer must be (YES) or (NO) followed by your reason. You must FOLLOW THIS RULE! You MUST NOT SAY other words.,(NO) The weighted score for the current partner is higher in all but one category (sincerity); and significantly higher in intelligence and shared interests; which are highly weighted.,274,270,253,0
Assume you are a 23-year-old woman with career type Researcher; currently matched with a partner. Your current partner's scores (out of 10): attractiveness: 6.0/10; sincerity: 6.0/10; intelligence: 6.0/10; being funny: 6.0/10; ambition: 6.0/10; shared interests: 6.0/10. A new man is courting you with scores: attractiveness: 4.0/10; sincerity: 5.0/10; intelligence: 5.0/10; being funny: 4.0/10; ambition: 5.0/10; shared interests: 4.0/10. Your importance weights are: attractiveness: 16.0; sincerity: 16.0; intelligence: 19.0; being funny: 17.0; ambition: 14.0; shared interests: 18.0. Would you leave your current partner for the new man? Your answer must be (YES) or (NO) followed by your reason. You must FOLLOW THIS RULE! You MUST NOT SAY other words.,(NO) The weighted score for the current partner is higher in all categories; and the difference in scores between the current partner and the new man is significant enough to justify staying with the current partner.,285,270,267,0
Assume you are a 26-year-old woman with career type College Professor; currently matched with a partner. Your current partner's scores (out of 10): attractiveness: 6.0/10; sincerity: 6.0/10; intelligence: 8.0/10; being funny: 7.0/10; ambition: 8.0/10; shared interests: 3.0/10. A new man is courting you with scores: attractiveness: 3.0/10; sincerity: 6.0/10; intelligence: 7.0/10; being funny: 7.0/10; ambition: 7.0/10; shared interests: 3.0/10. Your importance weights are: attractiveness: 15.0; sincerity: 15.0; intelligence: 25.0; being funny: 20.0; ambition: 5.0; shared interests: 20.0. Would you leave your current partner for the new man? Your answer must be (YES) or (NO) followed by your reason. You must FOLLOW THIS RULE! You MUST NOT SAY other words.,(NO) Your current partner scores better in most of the highly weighted categories; particularly intelligence; which you value very highly. Despite the new man's efforts; the significant gap in shared interests and the minor differences in other categories do not justify the change.,278,264,254,0
Assume you are a 26-year-old woman with career type College Professor; currently matched with a partner. Your current partner's scores (out of 10): attractiveness: 8.0/10; sincerity: 7.0/10; intelligence: 8.0/10; being funny: 5.0/10; ambition: 6.0/10; shared interests: 7.0/10. A new man is courting you with scores: attractiveness: 5.0/10; sincerity: 7.0/10; intelligence: 8.0/10; being funny: 7.0/10; ambition: 5.0/10; shared interests: 6.0/10. Your importance weights are: attractiveness: 15.0; sincerity: 15.0; intelligence: 25.0; being funny: 20.0; ambition: 5.0; shared interests: 20.0. Would you leave your current partner for the new man? Your answer must be (YES) or (NO) followed by your reason. You must FOLLOW THIS RULE! You MUST NOT SAY other words.,NO Your current partner scores higher in most categories that you value; especially in intelligence and attractiveness; which are weighted heavily. The slight differences in being funny and shared interests are not enough to outweigh the significant advantages your current partner has in the other categories.,280,264,255,0
Assume you are a 23-year-old woman with career type Researcher; currently matched with a partner. Your current partner's scores (out of 10): attractiveness: 8.0/10; sincerity: 7.0/10; intelligence: 6.0/10; being funny: 8.0/10; ambition: 5.0/10; shared interests: 7.0/10. A new man is courting you with scores: attractiveness: 6.0/10; sincerity: 5.0/10; intelligence: 5.0/10; being funny: 5.0/10; ambition: 6.0/10; shared interests: 5.0/10. Your importance weights are: attractiveness: 16.0; sincerity: 16.0; intelligence: 19.0; being funny: 17.0; ambition: 14.0; shared interests: 18.0. Would you leave your current partner for the new man? Your answer must be (YES) or (NO) followed by your reason. You must FOLLOW THIS RULE! You MUST NOT SAY other words.,(NO) The weighted score for the current partner is higher; indicating a better match based on your priorities.,293,270,271,0
Assume you are a 26-year-old woman with career type College Professor; currently matched with a partner. Your current partner's scores (out of 10): attractiveness: 6.0/10; sincerity: 8.0/10; intelligence: 8.0/10; being funny: 5.0/10; ambition: 3.0/10; shared interests: 3.0/10. A new man is courting you with scores: attractiveness: 4.0/10; sincerity: 4.0/10; intelligence: 6.0/10; being funny: 3.0/10; ambition: 6.0/10; shared interests: 5.0/10. Your importance weights are: attractiveness: 15.0; sincerity: 15.0; intelligence: 25.0; being funny: 20.0; ambition: 5.0; shared interests: 20.0. Would you leave your current partner for the new man? Your answer must be (YES) or (NO) followed by your reason. You must FOLLOW THIS RULE! You MUST NOT SAY other words.,(NO) The current partner scores higher in the weighted attributes; especially in sincerity; intelligence; and being funny; which are highly valued by you. Despite the new man's better ambition and shared interests; these are less weighted in your criteria.,281,264,265,0
Assume you are a 26-year-old woman with career type College Professor; currently matched with a partner. Your current partner's scores (out of 10): attractiveness: 10.0/10; sincerity: 9.0/10; intelligence: 9.0/10; being funny: 9.0/10; ambition: 9.0/10; shared interests: 9.0/10. A new man is courting you with scores: attractiveness: 8.0/10; sincerity: 8.0/10; intelligence: 7.0/10; being funny: 5.0/10; ambition: 5.0/10; shared interests: 6.0/10. Your importance weights are: attractiveness: 15.0; sincerity: 15.0; intelligence: 25.0; being funny: 20.0; ambition: 5.0; shared interests: 20.0. Would you leave your current partner for the new man? Your answer must be (YES) or (NO) followed by your reason. You must FOLLOW THIS RULE! You MUST NOT SAY other words.,(NO) Your current partner scores higher in all attributes that you value; especially in intelligence and being funny; which you weigh heavily. The new man does not offer a significant improvement in any area that would justify leaving your current relationship.,282,264,260,0
Assume you are a 26-year-old woman with career type College Professor; currently matched with a partner. Your current partner's scores (out of 10): attractiveness: 6.0/10; sincerity: 6.0/10; intelligence: 6.0/10; being funny: 6.0/10; ambition: 6.0/10; shared interests: 6.0/10. A new man is courting you with scores: attractiveness: 2.0/10; sincerity: 5.0/10; intelligence: 6.0/10; being funny: 2.0/10; ambition: 6.0/10; shared interests: 7.0/10. Your importance weights are: attractiveness: 15.0; sincerity: 15.0; intelligence: 25.0; being funny: 20.0; ambition: 5.0; shared interests: 20.0. Would you leave your current partner for the new man? Your answer must be (YES) or (NO) followed by your reason. You must FOLLOW THIS RULE! You MUST NOT SAY other words.,(NO) The new man has significantly lower scores in attractiveness and being funny; which you value highly; and although he scores higher in shared interests; the overall weighted score does not justify leaving your current stable relationship.,285,264,267,0
Assume you are a 26-year-old woman with career type College Professor; currently matched with a partner. Your current partner's scores (out of 10): attractiveness: 7.0/10; sincerity: 9.0/10; intelligence: 9.0/10; being funny: 8.0/10; ambition: 5.0/10; shared interests: 8.0/10. A new man is courting you with scores: attractiveness: 7.0/10; sincerity: 6.0/10; intelligence: 6.0/10; being funny: 3.0/10; ambition: 6.0/10; shared interests: 5.0/10. Your importance weights are: attractiveness: 15.0; sincerity: 15.0; intelligence: 25.0; being funny: 20.0; ambition: 5.0; shared interests: 20.0. Would you leave your current partner for the new man? Your answer must be (YES) or (NO) followed by your reason. You must FOLLOW THIS RULE! You MUST NOT SAY other words.,(NO) The current partner's weighted score is higher; indicating a better match based on your prioritized traits.,291,264,266,0
Assume you are a 26-year-old woman with career type College Professor; currently matched with a partner. Your current partner's scores (out of 10): attractiveness: 9.0/10; sincerity: 10.0/10; intelligence: 7.0/10; being funny: 7.0/10; ambition: 10.0/10; shared interests: 5.0/10. A new man is courting you with scores: attractiveness: 6.0/10; sincerity: 7.0/10; intelligence: 6.0/10; being funny: 7.0/10; ambition: 6.0/10; shared interests: 6.0/10. Your importance weights are: attractiveness: 15.0; sincerity: 15.0; intelligence: 25.0; being funny: 20.0; ambition: 5.0; shared interests: 20.0. Would you leave your current partner for the new man? Your answer must be (YES) or (NO) followed by your reason. You must FOLLOW THIS RULE! You MUST NOT SAY other words.,(NO) The weighted score for your current partner is higher (360) compared to the new man (270); especially in the areas you value most such as intelligence and sincerity.,292,264,257,0
Assume you are a 26-year-old woman with career type College Professor; currently matched with a partner. Your current partner's scores (out of 10): attractiveness: 8.0/10; sincerity: 7.0/10; intelligence: 6.0/10; being funny: 8.0/10; ambition: 5.0/10; shared interests: 7.0/10. A new man is courting you with scores: attractiveness: 3.0/10; sincerity: 7.0/10; intelligence: 6.0/10; being funny: 4.0/10; ambition: 6.0/10; shared interests: 4.0/10. Your importance weights are: attractiveness: 15.0; sincerity: 15.0; intelligence: 25.0; being funny: 20.0; ambition: 5.0; shared interests: 20.0. Would you leave your current partner for the new man? Your answer must be (YES) or (NO) followed by your reason. You must FOLLOW THIS RULE! You MUST NOT SAY other words.,(NO) The weighted score for the current partner is higher; indicating a better match according to your values.,293,264,271,0
