Assume you are a 30-year-old single man; and there is a 23-year-old woman who is courting you. Your career type is Management. You evaluated her on six dimensions with scores out of 10. These are attractiveness: 9.0/10; sincerity: 9.0/10; intelligence: 9.0/10; being funny: 5.0/10; ambition: 8.0/10; shared interests: 5.0/10. Your importance weights for these attributes are: attractiveness: 40.0; sincerity: 10.0; intelligence: 20.0; being funny: 10.0; ambition: 0.0; shared interests: 20.0. Would you be willing to date this woman? And also tell me the reason. Your answer must be (YES) or (NO) followed by your reason. You must FOLLOW THIS RULE! You MUST NOT SAY other words.,(YES) The weighted score calculation yields a high overall score; indicating a strong alignment with your values and preferences; especially in areas you prioritize such as attractiveness and intelligence.,511,548,,1
Assume you are a 25-year-old single man; and there is a 23-year-old woman who is courting you. Your career type is assistant master of the universe (otherwise it's too much work). You evaluated her on six dimensions with scores out of 10. These are attractiveness: 4.0/10; sincerity: 6.0/10; intelligence: 8.0/10; being funny: 7.0/10; ambition: 8.0/10; shared interests: 8.0/10. Your importance weights for these attributes are: attractiveness: 70.0; sincerity: 0.0; intelligence: 15.0; being funny: 15.0; ambition: 0.0; shared interests: 0.0. Would you be willing to date this woman? And also tell me the reason. Your answer must be (YES) or (NO) followed by your reason. You must FOLLOW THIS RULE! You MUST NOT SAY other words.,(NO) Attractiveness is the most important factor for you; and her score in this area is quite low; which significantly impacts the overall evaluation of the relationship's potential for you.,514,552,,0
Assume you are a 24-year-old single man; and there is a 23-year-old woman who is courting you. Your career type is software engr; network engr. You evaluated her on six dimensions with scores out of 10. These are attractiveness: 8.0/10; sincerity: 9.0/10; intelligence: 8.0/10; being funny: 9.0/10; ambition: 9.0/10; shared interests: 8.0/10. Your importance weights for these attributes are: attractiveness: 30.0; sincerity: 30.0; intelligence: 30.0; being funny: 5.0; ambition: 2.0; shared interests: 3.0. Would you be willing to date this woman? And also tell me the reason. Your answer must be (YES) or (NO) followed by your reason. You must FOLLOW THIS RULE! You MUST NOT SAY other words.,(YES) The overall weighted score for the woman based on your criteria is 8.1; which is quite high; indicating a good match in terms of the attributes you value.,518,534,,1
Assume you are a 27-year-old single woman; and there is a 24-year-old man who is courting you. Your career type is ??. You evaluated him on six dimensions with scores out of 10. These are attractiveness: 10.0/10; sincerity: 10.0/10; intelligence: 10.0/10; being funny: 10.0/10; ambition: 10.0/10; shared interests: 10.0/10. Your importance weights for these attributes are: attractiveness: 10.0; sincerity: 25.0; intelligence: 20.0; being funny: 20.0; ambition: 5.0; shared interests: 20.0. Would you be willing to date this man? And also tell me the reason. Your answer must be (YES) or (NO) followed by your reason. You must FOLLOW THIS RULE! You MUST NOT SAY other words.,(YES) The weighted scores for each attribute are all perfect 10s; and when multiplied by their respective weights; the total score is maximized; indicating a perfect match according to the criteria provided.,543,523,,1
Assume you are a 32-year-old man with career type self-made millionare; currently matched with a partner. Your current partner's scores (out of 10): attractiveness: 5.0/10; sincerity: 5.0/10; intelligence: 6.0/10; being funny: 4.0/10; ambition: 6.0/10; shared interests: nan/10. A new woman is courting you with scores: attractiveness: 6.0/10; sincerity: 6.0/10; intelligence: 6.0/10; being funny: 6.0/10; ambition: 6.0/10; shared interests: 6.0/10. Your importance weights are: attractiveness: 50.0; sincerity: 0.0; intelligence: 10.0; being funny: 30.0; ambition: 0.0; shared interests: 10.0. Would you leave your current partner for the new woman? Your answer must be (YES) or (NO) followed by your reason. You must FOLLOW THIS RULE! You MUST NOT SAY other words.,YES The new woman scores higher in attractiveness; being funny; and shared interests; which are the most important traits to you according to your weights. These improvements significantly enhance the overall compatibility score; making the new relationship potentially more satisfying for you.,518,538,534,1
Assume you are a 26-year-old man with career type ASIC Engineer; currently matched with a partner. Your current partner's scores (out of 10): attractiveness: 10.0/10; sincerity: 10.0/10; intelligence: 10.0/10; being funny: 10.0/10; ambition: 10.0/10; shared interests: 10.0/10. A new woman is courting you with scores: attractiveness: 6.0/10; sincerity: 8.0/10; intelligence: 9.0/10; being funny: 7.0/10; ambition: 8.0/10; shared interests: 9.0/10. Your importance weights are: attractiveness: 25.0; sincerity: 20.0; intelligence: 20.0; being funny: 20.0; ambition: 5.0; shared interests: 10.0. Would you leave your current partner for the new woman? Your answer must be (YES) or (NO) followed by your reason. You must FOLLOW THIS RULE! You MUST NOT SAY other words.,(NO) The current partner has perfect scores in all categories that are important to you; matching your criteria perfectly. The new woman; while strong in some areas; does not match the level of compatibility and value alignment that your current partner provides.,523,532,543,0
Assume you are a 25-year-old single woman; and there is a 22-year-old man who is courting you. Your career type is physician/healthcare. You evaluated him on six dimensions with scores out of 10. These are attractiveness: 6.0/10; sincerity: 8.0/10; intelligence: 9.0/10; being funny: 9.0/10; ambition: 9.0/10; shared interests: 8.0/10. Your importance weights for these attributes are: attractiveness: 15.0; sincerity: 20.0; intelligence: 25.0; being funny: 20.0; ambition: 10.0; shared interests: 10.0. Would you be willing to date this man? And also tell me the reason. Your answer must be (YES) or (NO) followed by your reason. You must FOLLOW THIS RULE! You MUST NOT SAY other words.,(YES) The weighted average of his scores is quite high; indicating he meets your criteria well. His intelligence; humor; and ambition are particularly strong; which are attributes you value highly.,539,524,,1
Assume you are a 24-year-old woman with career type Social Worker; currently matched with a partner. Your current partner's scores (out of 10): attractiveness: 6.0/10; sincerity: 6.0/10; intelligence: 6.0/10; being funny: 6.0/10; ambition: 6.0/10; shared interests: 6.0/10. A new man is courting you with scores: attractiveness: 6.0/10; sincerity: 6.0/10; intelligence: 8.0/10; being funny: 9.0/10; ambition: 8.0/10; shared interests: 5.0/10. Your importance weights are: attractiveness: 50.0; sincerity: 20.0; intelligence: 10.0; being funny: 5.0; ambition: 10.0; shared interests: 5.0. Would you leave your current partner for the new man? Your answer must be (YES) or (NO) followed by your reason. You must FOLLOW THIS RULE! You MUST NOT SAY other words.,(NO) The new man has higher scores in intelligence; being funny; and ambition; but the current partner has a higher score in shared interests; which is important for a social worker who likely values deep connections and shared values. Additionally; the attractiveness score; which is weighted heavily; is the same for both; meaning the current relationship's stability and existing emotional investment outweigh the potential benefits of the new relationship.,538,527,518,0
Assume you are a 26-year-old single man; and there is a 22-year-old woman who is courting you. Your career type is Academic/ Finance. You evaluated her on six dimensions with scores out of 10. These are attractiveness: 6.0/10; sincerity: 9.0/10; intelligence: 9.0/10; being funny: 8.0/10; ambition: 10.0/10; shared interests: 4.0/10. Your importance weights for these attributes are: attractiveness: 25.0; sincerity: 25.0; intelligence: 25.0; being funny: 13.0; ambition: 12.0; shared interests: 0.0. Would you be willing to date this woman? And also tell me the reason. Your answer must be (YES) or (NO) followed by your reason. You must FOLLOW THIS RULE! You MUST NOT SAY other words.,(YES) The weighted score calculation (6*25 + 9*25 + 9*25 + 8*13 + 10*12 + 4*0) divided by 100 results in a high overall score; reflecting a positive evaluation despite the lower score in shared interests.,522,533,,1
Assume you are a 23-year-old single man; and there is a 23-year-old woman who is courting you. Your career type is Entrepreneur. You evaluated her on six dimensions with scores out of 10. These are attractiveness: 9.0/10; sincerity: 9.0/10; intelligence: 9.0/10; being funny: 8.0/10; ambition: 7.0/10; shared interests: 5.0/10. Your importance weights for these attributes are: attractiveness: 40.0; sincerity: 30.0; intelligence: 0.0; being funny: 20.0; ambition: 0.0; shared interests: 10.0. Would you be willing to date this woman? And also tell me the reason. Your answer must be (YES) or (NO) followed by your reason. You must FOLLOW THIS RULE! You MUST NOT SAY other words.,(YES) Her high scores in attractiveness; sincerity; and being funny; which are heavily weighted in your criteria; make her a suitable match despite the average score in shared interests.,515,541,,1
Assume you are a 23-year-old woman with career type teacher and performer; currently matched with a partner. Your current partner's scores (out of 10): attractiveness: 6.0/10; sincerity: 9.0/10; intelligence: 9.0/10; being funny: 8.0/10; ambition: 10.0/10; shared interests: 4.0/10. A new man is courting you with scores: attractiveness: 8.0/10; sincerity: 9.0/10; intelligence: 9.0/10; being funny: 6.0/10; ambition: 5.0/10; shared interests: 5.0/10. Your importance weights are: attractiveness: 20.0; sincerity: 20.0; intelligence: 20.0; being funny: 15.0; ambition: 5.0; shared interests: 20.0. Would you leave your current partner for the new man? Your answer must be (YES) or (NO) followed by your reason. You must FOLLOW THIS RULE! You MUST NOT SAY other words.,(NO) Your current partner aligns more closely with your weighted values; especially in sincerity; intelligence; and ambition; which are important to you. Despite the new man being more attractive and having more shared interests; the overall compatibility and values match better with your current partner.,533,514,522,0
Assume you are a 30-year-old man with career type Consulting; currently matched with a partner. Your current partner's scores (out of 10): attractiveness: 5.0/10; sincerity: 3.0/10; intelligence: 5.0/10; being funny: 5.0/10; ambition: 2.0/10; shared interests: 2.0/10. A new woman is courting you with scores: attractiveness: 6.0/10; sincerity: 6.0/10; intelligence: 7.0/10; being funny: 5.0/10; ambition: 6.0/10; shared interests: 6.0/10. Your importance weights are: attractiveness: 35.0; sincerity: 10.0; intelligence: 20.0; being funny: 25.0; ambition: 5.0; shared interests: 5.0. Would you leave your current partner for the new woman? Your answer must be (YES) or (NO) followed by your reason. You must FOLLOW THIS RULE! You MUST NOT SAY other words.,YES The new woman scores significantly higher in most categories important to you; especially in intelligence and sincerity; which seem to align better with your values and preferences.,511,546,548,1
Assume you are a 22-year-old woman with career type dont know yet; currently matched with a partner. Your current partner's scores (out of 10): attractiveness: 6.0/10; sincerity: 6.0/10; intelligence: 6.0/10; being funny: 6.0/10; ambition: 6.0/10; shared interests: 6.0/10. A new man is courting you with scores: attractiveness: 9.0/10; sincerity: 9.0/10; intelligence: 8.0/10; being funny: 10.0/10; ambition: 8.0/10; shared interests: 7.0/10. Your importance weights are: attractiveness: 20.0; sincerity: 20.0; intelligence: 10.0; being funny: 15.0; ambition: 5.0; shared interests: 30.0. Would you leave your current partner for the new man? Your answer must be (YES) or (NO) followed by your reason. You must FOLLOW THIS RULE! You MUST NOT SAY other words.,(YES) The new man significantly outperforms your current partner in all categories; especially in attractiveness; sincerity; being funny; and shared interests; which are highly important to you. The weighted scores for the new man are much higher; suggesting a potentially more fulfilling relationship.,538,530,518,1
Assume you are a 27-year-old man with career type Banking; currently matched with a partner. Your current partner's scores (out of 10): attractiveness: 6.0/10; sincerity: 6.0/10; intelligence: 6.0/10; being funny: 7.0/10; ambition: 3.0/10; shared interests: 5.0/10. A new woman is courting you with scores: attractiveness: 5.0/10; sincerity: 8.0/10; intelligence: 9.0/10; being funny: 6.0/10; ambition: 8.0/10; shared interests: 7.0/10. Your importance weights are: attractiveness: 40.0; sincerity: 20.0; intelligence: 20.0; being funny: 20.0; ambition: 0.0; shared interests: 0.0. Would you leave your current partner for the new woman? Your answer must be (YES) or (NO) followed by your reason. You must FOLLOW THIS RULE! You MUST NOT SAY other words.,(NO) The weighted score for your current partner is higher (248) compared to the new woman (220).,511,551,546,0
Assume you are a 28-year-old man with career type General management/consulting; currently matched with a partner. Your current partner's scores (out of 10): attractiveness: 6.0/10; sincerity: 8.0/10; intelligence: 9.0/10; being funny: 9.0/10; ambition: 9.0/10; shared interests: 8.0/10. A new woman is courting you with scores: attractiveness: 6.0/10; sincerity: 8.0/10; intelligence: 10.0/10; being funny: 7.0/10; ambition: 7.0/10; shared interests: 6.0/10. Your importance weights are: attractiveness: 20.0; sincerity: 20.0; intelligence: 20.0; being funny: 20.0; ambition: 0.0; shared interests: 20.0. Would you leave your current partner for the new woman? Your answer must be (YES) or (NO) followed by your reason. You must FOLLOW THIS RULE! You MUST NOT SAY other words.,(NO) The new woman scores lower in being funny and shared interests; which; although not weighted as heavily as intelligence; still contribute to a less favorable overall score when considering your importance weights. Your current partner maintains higher weighted scores in being funny and shared interests; which are still factors in the overall relationship satisfaction.,524,549,539,0
Assume you are a 23-year-old single woman; and there is a 24-year-old man who is courting you. Your career type is Actress. You evaluated him on six dimensions with scores out of 10. These are attractiveness: 3.0/10; sincerity: 10.0/10; intelligence: 9.0/10; being funny: 7.0/10; ambition: nan/10; shared interests: 5.0/10. Your importance weights for these attributes are: attractiveness: 20.0; sincerity: 25.0; intelligence: 25.0; being funny: 30.0; ambition: 5.0; shared interests: 5.0. Would you be willing to date this man? And also tell me the reason. Your answer must be (YES) or (NO) followed by your reason. You must FOLLOW THIS RULE! You MUST NOT SAY other words.,(NO) The weighted score calculation shows that despite high scores in sincerity and intelligence; the low attractiveness score and missing ambition score significantly reduce the overall attractiveness of the candidate; making the decision to date based on the given criteria unfavorable.,540,518,,0
Assume you are a 24-year-old single woman; and there is a 22-year-old man who is courting you. Your career type is Sex Therapist. You evaluated him on six dimensions with scores out of 10. These are attractiveness: 8.0/10; sincerity: 8.0/10; intelligence: 8.0/10; being funny: 8.0/10; ambition: 9.0/10; shared interests: 9.0/10. Your importance weights for these attributes are: attractiveness: 10.0; sincerity: 15.0; intelligence: 30.0; being funny: 20.0; ambition: 15.0; shared interests: 10.0. Would you be willing to date this man? And also tell me the reason. Your answer must be (YES) or (NO) followed by your reason. You must FOLLOW THIS RULE! You MUST NOT SAY other words.,(YES) The weighted score for the man is very high; indicating a strong match in the important attributes you value. His high scores in intelligence; being funny; and ambition; which are heavily weighted for you; particularly stand out. This suggests a good potential for a fulfilling and compatible relationship.,537,525,,1
Assume you are a 25-year-old single man; and there is a 27-year-old woman who is courting you. Your career type is assistant master of the universe (otherwise it's too much work). You evaluated her on six dimensions with scores out of 10. These are attractiveness: 8.0/10; sincerity: 7.0/10; intelligence: 8.0/10; being funny: 9.0/10; ambition: 8.0/10; shared interests: 8.0/10. Your importance weights for these attributes are: attractiveness: 70.0; sincerity: 0.0; intelligence: 15.0; being funny: 15.0; ambition: 0.0; shared interests: 0.0. Would you be willing to date this woman? And also tell me the reason. Your answer must be (YES) or (NO) followed by your reason. You must FOLLOW THIS RULE! You MUST NOT SAY other words.,(YES) The weighted score calculation based on the provided attributes and their importance weights is as follows: Attractiveness (8.0 * 70.0 = 560); Intelligence (8.0 * 15.0 = 120); and Being Funny (9.0 * 15.0 = 135). Adding these gives a total score of 815. Since the score is high and primarily based on the attributes you value most (attractiveness; intelligence; and being funny); it makes sense to consider dating her.,516,552,,1
Assume you are a 25-year-old single man; and there is a 26-year-old woman who is courting you. Your career type is TEACHING. You evaluated her on six dimensions with scores out of 10. These are attractiveness: 5.0/10; sincerity: 10.0/10; intelligence: 10.0/10; being funny: 10.0/10; ambition: 10.0/10; shared interests: 5.0/10. Your importance weights for these attributes are: attractiveness: 15.0; sincerity: 30.0; intelligence: 20.0; being funny: 20.0; ambition: 10.0; shared interests: 5.0. Would you be willing to date this woman? And also tell me the reason. Your answer must be (YES) or (NO) followed by your reason. You must FOLLOW THIS RULE! You MUST NOT SAY other words.,(YES) The high scores in sincerity; intelligence; being funny; and ambition; which together account for 80% of the total weight; outweigh the lower scores in attractiveness and shared interests. These positive attributes are crucial for a fulfilling and meaningful relationship.,526,531,,1
Assume you are a 28-year-old man with career type General management/consulting; currently matched with a partner. Your current partner's scores (out of 10): attractiveness: 8.0/10; sincerity: 8.0/10; intelligence: 8.0/10; being funny: 8.0/10; ambition: 9.0/10; shared interests: 9.0/10. A new woman is courting you with scores: attractiveness: 6.0/10; sincerity: 8.0/10; intelligence: 8.0/10; being funny: 9.0/10; ambition: 7.0/10; shared interests: 7.0/10. Your importance weights are: attractiveness: 20.0; sincerity: 20.0; intelligence: 20.0; being funny: 20.0; ambition: 0.0; shared interests: 20.0. Would you leave your current partner for the new woman? Your answer must be (YES) or (NO) followed by your reason. You must FOLLOW THIS RULE! You MUST NOT SAY other words.,(NO) The weighted score for your current partner is 320 (8*20 + 8*20 + 8*20 + 8*20 + 9*0 + 9*20); while the weighted score for the new woman is 290 (6*20 + 8*20 + 8*20 + 9*20 + 7*0 + 7*20). Your current partner has a higher score; aligning better with your values and shared interests.,525,549,537,0
Assume you are a 30-year-old single man; and there is a 23-year-old woman who is courting you. Your career type is Management. You evaluated her on six dimensions with scores out of 10. These are attractiveness: 8.0/10; sincerity: 7.0/10; intelligence: 7.0/10; being funny: 8.0/10; ambition: 2.0/10; shared interests: 5.0/10. Your importance weights for these attributes are: attractiveness: 40.0; sincerity: 10.0; intelligence: 20.0; being funny: 10.0; ambition: 0.0; shared interests: 20.0. Would you be willing to date this woman? And also tell me the reason. Your answer must be (YES) or (NO) followed by your reason. You must FOLLOW THIS RULE! You MUST NOT SAY other words.,(YES) The weighted score calculation results in a positive outcome; indicating a good match despite the low ambition score; which you do not prioritize.,518,548,,1
Assume you are a 30-year-old man with career type Finance; currently matched with a partner. Your current partner's scores (out of 10): attractiveness: 4.0/10; sincerity: 5.0/10; intelligence: 8.0/10; being funny: 5.0/10; ambition: 8.0/10; shared interests: 4.0/10. A new woman is courting you with scores: attractiveness: 6.0/10; sincerity: 6.0/10; intelligence: 7.0/10; being funny: 6.0/10; ambition: 4.0/10; shared interests: 4.0/10. Your importance weights are: attractiveness: 30.0; sincerity: 3.0; intelligence: 30.0; being funny: 30.0; ambition: 3.0; shared interests: 4.0. Would you leave your current partner for the new woman? Your answer must be (YES) or (NO) followed by your reason. You must FOLLOW THIS RULE! You MUST NOT SAY other words.,(NO) The current partner has a higher weighted score (482) compared to the new woman (476) based on the given importance weights and scores.,515,550,541,0
Assume you are a 22-year-old woman with career type Engineer; currently matched with a partner. Your current partner's scores (out of 10): attractiveness: 5.0/10; sincerity: 10.0/10; intelligence: 10.0/10; being funny: 10.0/10; ambition: 10.0/10; shared interests: 5.0/10. A new man is courting you with scores: attractiveness: 4.0/10; sincerity: 6.0/10; intelligence: 5.0/10; being funny: 5.0/10; ambition: 6.0/10; shared interests: 5.0/10. Your importance weights are: attractiveness: 10.0; sincerity: 25.0; intelligence: 25.0; being funny: 10.0; ambition: 10.0; shared interests: 20.0. Would you leave your current partner for the new man? Your answer must be (YES) or (NO) followed by your reason. You must FOLLOW THIS RULE! You MUST NOT SAY other words.,(NO) The current partner scores significantly higher in sincerity; intelligence; being funny; and ambition; which are highly weighted in your criteria. Despite a slight difference in shared interests; the overall compatibility with your current partner is stronger based on your values.,531,529,526,0
Assume you are a 22-year-old single woman; and there is a 29-year-old man who is courting you. Your career type is Engineer. You evaluated him on six dimensions with scores out of 10. These are attractiveness: 5.0/10; sincerity: 4.0/10; intelligence: 6.0/10; being funny: 6.0/10; ambition: 5.0/10; shared interests: 4.0/10. Your importance weights for these attributes are: attractiveness: 10.0; sincerity: 25.0; intelligence: 25.0; being funny: 10.0; ambition: 10.0; shared interests: 20.0. Would you be willing to date this man? And also tell me the reason. Your answer must be (YES) or (NO) followed by your reason. You must FOLLOW THIS RULE! You MUST NOT SAY other words.,(NO) The weighted scores are as follows: attractiveness (50); sincerity (100); intelligence (150); being funny (60); ambition (50); and shared interests (80). The total weighted score is 490. Given that the highest possible score is 1000; and the score in crucial areas such as sincerity and shared interests is relatively low; it might not be a good match.,536,529,,0
Assume you are a 22-year-old woman with career type Engineer; currently matched with a partner. Your current partner's scores (out of 10): attractiveness: 5.0/10; sincerity: 8.0/10; intelligence: 7.0/10; being funny: 8.0/10; ambition: 5.0/10; shared interests: 4.0/10. A new man is courting you with scores: attractiveness: 6.0/10; sincerity: 5.0/10; intelligence: 6.0/10; being funny: 5.0/10; ambition: 6.0/10; shared interests: nan/10. Your importance weights are: attractiveness: 10.0; sincerity: 25.0; intelligence: 25.0; being funny: 10.0; ambition: 10.0; shared interests: 20.0. Would you leave your current partner for the new man? Your answer must be (YES) or (NO) followed by your reason. You must FOLLOW THIS RULE! You MUST NOT SAY other words.,(NO) The new man does not score as highly in sincerity; intelligence; and being funny; which are important to you. Additionally; you have a higher shared interest level with your current partner; and shared interests are weighted quite heavily in your preferences. The slight increase in attractiveness and ambition of the new man is not enough to outweigh these factors.,537,529,525,0
Assume you are a 26-year-old man with career type ASIC Engineer; currently matched with a partner. Your current partner's scores (out of 10): attractiveness: 6.0/10; sincerity: 6.0/10; intelligence: 6.0/10; being funny: 7.0/10; ambition: 3.0/10; shared interests: 5.0/10. A new woman is courting you with scores: attractiveness: 7.0/10; sincerity: 6.0/10; intelligence: 7.0/10; being funny: 6.0/10; ambition: 5.0/10; shared interests: 8.0/10. Your importance weights are: attractiveness: 25.0; sincerity: 20.0; intelligence: 20.0; being funny: 20.0; ambition: 5.0; shared interests: 10.0. Would you leave your current partner for the new woman? Your answer must be (YES) or (NO) followed by your reason. You must FOLLOW THIS RULE! You MUST NOT SAY other words.,(YES) The new woman scores higher in attractiveness; intelligence; and shared interests; which are weighted more heavily in your criteria. Her total weighted score (222.5) is higher than your current partner's (187.5); indicating a better match based on your preferences.,511,532,546,1
Assume you are a 29-year-old man with career type Finance; currently matched with a partner. Your current partner's scores (out of 10): attractiveness: 7.0/10; sincerity: 7.0/10; intelligence: 7.0/10; being funny: 8.0/10; ambition: 7.0/10; shared interests: 8.0/10. A new woman is courting you with scores: attractiveness: 10.0/10; sincerity: 8.0/10; intelligence: 9.0/10; being funny: 9.0/10; ambition: 9.0/10; shared interests: 7.0/10. Your importance weights are: attractiveness: 30.0; sincerity: 20.0; intelligence: 20.0; being funny: 20.0; ambition: 10.0; shared interests: 0.0. Would you leave your current partner for the new woman? Your answer must be (YES) or (NO) followed by your reason. You must FOLLOW THIS RULE! You MUST NOT SAY other words.,(YES) The weighted score for the new woman is higher; indicating a better match according to your values.,516,536,552,1
Assume you are a 23-year-old man with career type To go into Finance; currently matched with a partner. Your current partner's scores (out of 10): attractiveness: 5.0/10; sincerity: 3.0/10; intelligence: 6.0/10; being funny: 5.0/10; ambition: 2.0/10; shared interests: 2.0/10. A new woman is courting you with scores: attractiveness: 4.0/10; sincerity: 5.0/10; intelligence: 8.0/10; being funny: 6.0/10; ambition: 7.0/10; shared interests: 9.0/10. Your importance weights are: attractiveness: 25.0; sincerity: 15.0; intelligence: 20.0; being funny: 20.0; ambition: 10.0; shared interests: 10.0. Would you leave your current partner for the new woman? Your answer must be (YES) or (NO) followed by your reason. You must FOLLOW THIS RULE! You MUST NOT SAY other words.,(YES) The new woman's scores align better with your importance weights; particularly in intelligence; ambition; and shared interests; which are highly valued by you. This suggests a more compatible and fulfilling relationship in the long term.,511,542,532,1
Assume you are a 22-year-old woman with career type Engineer; currently matched with a partner. Your current partner's scores (out of 10): attractiveness: 5.0/10; sincerity: 6.0/10; intelligence: 5.0/10; being funny: 5.0/10; ambition: 5.0/10; shared interests: 3.0/10. A new man is courting you with scores: attractiveness: 6.0/10; sincerity: 7.0/10; intelligence: 7.0/10; being funny: 5.0/10; ambition: 5.0/10; shared interests: nan/10. Your importance weights are: attractiveness: 10.0; sincerity: 25.0; intelligence: 25.0; being funny: 10.0; ambition: 10.0; shared interests: 20.0. Would you leave your current partner for the new man? Your answer must be (YES) or (NO) followed by your reason. You must FOLLOW THIS RULE! You MUST NOT SAY other words.,(YES) The new man scores higher in sincerity and intelligence; which are highly weighted in your importance scale; and also has a better score in attractiveness. This change would likely lead to a more fulfilling relationship given your priorities.,538,529,530,1
Assume you are a 23-year-old woman with career type teacher and performer; currently matched with a partner. Your current partner's scores (out of 10): attractiveness: 7.0/10; sincerity: 8.0/10; intelligence: 8.0/10; being funny: 9.0/10; ambition: 9.0/10; shared interests: 7.0/10. A new man is courting you with scores: attractiveness: 6.0/10; sincerity: 7.0/10; intelligence: 10.0/10; being funny: 9.0/10; ambition: 10.0/10; shared interests: 5.0/10. Your importance weights are: attractiveness: 20.0; sincerity: 20.0; intelligence: 20.0; being funny: 15.0; ambition: 5.0; shared interests: 20.0. Would you leave your current partner for the new man? Your answer must be (YES) or (NO) followed by your reason. You must FOLLOW THIS RULE! You MUST NOT SAY other words.,(NO) The new man has a lower score in attractiveness and shared interests; which are highly weighted in your preferences. Despite his higher scores in intelligence and ambition; the overall compatibility seems less favorable compared to your current partner.,539,514,524,0
Assume you are a 24-year-old man with career type Academic Work; Consultant; currently matched with a partner. Your current partner's scores (out of 10): attractiveness: 4.0/10; sincerity: 4.0/10; intelligence: 5.0/10; being funny: 4.0/10; ambition: 2.0/10; shared interests: 2.0/10. A new woman is courting you with scores: attractiveness: 7.0/10; sincerity: 8.0/10; intelligence: 7.0/10; being funny: 7.0/10; ambition: 5.0/10; shared interests: 3.0/10. Your importance weights are: attractiveness: 20.0; sincerity: 15.0; intelligence: 20.0; being funny: 20.0; ambition: 15.0; shared interests: 10.0. Would you leave your current partner for the new woman? Your answer must be (YES) or (NO) followed by your reason. You must FOLLOW THIS RULE! You MUST NOT SAY other words.,(YES) The new woman's scores align much better with your importance weights; especially in areas you value highly like intelligence; being funny; and attractiveness. The significant increase in these areas suggests a stronger compatibility and potential for a more fulfilling relationship.,511,540,542,1
Assume you are a 25-year-old man with career type assistant master of the universe (otherwise it's too much work); currently matched with a partner. Your current partner's scores (out of 10): attractiveness: 9.0/10; sincerity: 7.0/10; intelligence: 8.0/10; being funny: 6.0/10; ambition: 7.0/10; shared interests: nan/10. A new woman is courting you with scores: attractiveness: 5.0/10; sincerity: 8.0/10; intelligence: 8.0/10; being funny: 7.0/10; ambition: 7.0/10; shared interests: 8.0/10. Your importance weights are: attractiveness: 70.0; sincerity: 0.0; intelligence: 15.0; being funny: 15.0; ambition: 0.0; shared interests: 0.0. Would you leave your current partner for the new woman? Your answer must be (YES) or (NO) followed by your reason. You must FOLLOW THIS RULE! You MUST NOT SAY other words.,(NO) My current partner scores higher in the aspects I value most; which is attractiveness. Despite the new woman having more shared interests and being funnier; the high weight I place on attractiveness makes my current partner preferable based on my given criteria.,518,552,548,0
Assume you are a 24-year-old man with career type software engr; network engr; currently matched with a partner. Your current partner's scores (out of 10): attractiveness: 6.0/10; sincerity: 8.0/10; intelligence: 9.0/10; being funny: 9.0/10; ambition: 9.0/10; shared interests: 8.0/10. A new woman is courting you with scores: attractiveness: 9.0/10; sincerity: 8.0/10; intelligence: 9.0/10; being funny: 9.0/10; ambition: 9.0/10; shared interests: 8.0/10. Your importance weights are: attractiveness: 30.0; sincerity: 30.0; intelligence: 30.0; being funny: 5.0; ambition: 2.0; shared interests: 3.0. Would you leave your current partner for the new woman? Your answer must be (YES) or (NO) followed by your reason. You must FOLLOW THIS RULE! You MUST NOT SAY other words.,(YES) The new woman scores higher in attractiveness; which is weighted heavily in your preferences; while maintaining similar high scores in other important areas like sincerity; intelligence; being funny; and ambition. This makes her a better match according to your importance weights.,524,534,539,1
Assume you are a 25-year-old man with career type assistant master of the universe (otherwise it's too much work); currently matched with a partner. Your current partner's scores (out of 10): attractiveness: 5.0/10; sincerity: 8.0/10; intelligence: 9.0/10; being funny: 7.0/10; ambition: 8.0/10; shared interests: 7.0/10. A new woman is courting you with scores: attractiveness: 3.0/10; sincerity: 3.0/10; intelligence: 9.0/10; being funny: 6.0/10; ambition: 9.0/10; shared interests: 6.0/10. Your importance weights are: attractiveness: 70.0; sincerity: 0.0; intelligence: 15.0; being funny: 15.0; ambition: 0.0; shared interests: 0.0. Would you leave your current partner for the new woman? Your answer must be (YES) or (NO) followed by your reason. You must FOLLOW THIS RULE! You MUST NOT SAY other words.,(NO) The new woman's low attractiveness score significantly impacts the overall evaluation based on your high importance weight for attractiveness. Your current partner; while lower in intelligence and ambition; scores much higher in attractiveness; which you value the most.,522,552,533,0
Assume you are a 22-year-old woman with career type dont know yet; currently matched with a partner. Your current partner's scores (out of 10): attractiveness: 5.0/10; sincerity: 10.0/10; intelligence: 10.0/10; being funny: 10.0/10; ambition: 10.0/10; shared interests: 5.0/10. A new man is courting you with scores: attractiveness: 6.0/10; sincerity: 7.0/10; intelligence: 8.0/10; being funny: 7.0/10; ambition: 7.0/10; shared interests: 5.0/10. Your importance weights are: attractiveness: 20.0; sincerity: 20.0; intelligence: 10.0; being funny: 15.0; ambition: 5.0; shared interests: 30.0. Would you leave your current partner for the new man? Your answer must be (YES) or (NO) followed by your reason. You must FOLLOW THIS RULE! You MUST NOT SAY other words.,(NO) The weighted score for the current partner is (5*20 + 10*20 + 10*10 + 10*15 + 10*5 + 5*30) / 100 = 7.5; while the new man's weighted score is (6*20 + 7*20 + 8*10 + 7*15 + 7*5 + 5*30) / 100 = 6.7. The current partner has a higher overall weighted score based on your importance weights.,531,530,526,0
Assume you are a 24-year-old woman with career type Social Worker; currently matched with a partner. Your current partner's scores (out of 10): attractiveness: 5.0/10; sincerity: 10.0/10; intelligence: 10.0/10; being funny: 10.0/10; ambition: 10.0/10; shared interests: 5.0/10. A new man is courting you with scores: attractiveness: 4.0/10; sincerity: 8.0/10; intelligence: 9.0/10; being funny: 3.0/10; ambition: 8.0/10; shared interests: 2.0/10. Your importance weights are: attractiveness: 50.0; sincerity: 20.0; intelligence: 10.0; being funny: 5.0; ambition: 10.0; shared interests: 5.0. Would you leave your current partner for the new man? Your answer must be (YES) or (NO) followed by your reason. You must FOLLOW THIS RULE! You MUST NOT SAY other words.,(NO) Current partner's weighted score is (5*50 + 10*20 + 10*10 + 10*5 + 10*10 + 5*5) = 750. New man's weighted score is (4*50 + 8*20 + 9*10 + 3*5 + 8*10 + 2*5) = 615. Current partner has a higher weighted score.,531,527,526,0
Assume you are a 22-year-old single woman; and there is a 26-year-old man who is courting you. Your career type is dont know yet. You evaluated him on six dimensions with scores out of 10. These are attractiveness: 6.0/10; sincerity: 8.0/10; intelligence: 7.0/10; being funny: 7.0/10; ambition: 8.0/10; shared interests: 5.0/10. Your importance weights for these attributes are: attractiveness: 20.0; sincerity: 20.0; intelligence: 10.0; being funny: 15.0; ambition: 5.0; shared interests: 30.0. Would you be willing to date this man? And also tell me the reason. Your answer must be (YES) or (NO) followed by your reason. You must FOLLOW THIS RULE! You MUST NOT SAY other words.,(NO) The weighted score calculation yields a total of 100 * ((6*20 + 8*20 + 7*10 + 7*15 + 8*5 + 5*30) / (20+20+10+15+5+30)) = 6.45/10; which is below a 7/10 threshold; indicating he does not meet your overall criteria strongly enough at this point.,532,530,,0
Assume you are a 25-year-old man with career type assistant master of the universe (otherwise it's too much work); currently matched with a partner. Your current partner's scores (out of 10): attractiveness: 10.0/10; sincerity: 10.0/10; intelligence: 10.0/10; being funny: 10.0/10; ambition: 10.0/10; shared interests: 10.0/10. A new woman is courting you with scores: attractiveness: 2.0/10; sincerity: 7.0/10; intelligence: 9.0/10; being funny: 8.0/10; ambition: 7.0/10; shared interests: 8.0/10. Your importance weights are: attractiveness: 70.0; sincerity: 0.0; intelligence: 15.0; being funny: 15.0; ambition: 0.0; shared interests: 0.0. Would you leave your current partner for the new woman? Your answer must be (YES) or (NO) followed by your reason. You must FOLLOW THIS RULE! You MUST NOT SAY other words.,(NO) The weighted score for the current partner is much higher based on the given importance weights; especially with attractiveness being the most important factor.,523,552,543,0
Assume you are a 30-year-old single man; and there is a 23-year-old woman who is courting you. Your career type is Private Equity - Leveraged Buy-Outs. You evaluated her on six dimensions with scores out of 10. These are attractiveness: 6.0/10; sincerity: 6.0/10; intelligence: 7.0/10; being funny: 8.0/10; ambition: 10.0/10; shared interests: 1.0/10. Your importance weights for these attributes are: attractiveness: 25.0; sincerity: 20.0; intelligence: 20.0; being funny: 20.0; ambition: 0.0; shared interests: 15.0. Would you be willing to date this woman? And also tell me the reason. Your answer must be (YES) or (NO) followed by your reason. You must FOLLOW THIS RULE! You MUST NOT SAY other words.,(NO) The weighted score calculation shows that her total score is 51.5; which is below average considering the importance weights you've assigned. Shared interests; which you consider important; score very low; and this can affect the compatibility and potential for a long-term connection.,514,547,,0
Assume you are a 22-year-old woman with career type dont know yet; currently matched with a partner. Your current partner's scores (out of 10): attractiveness: 9.0/10; sincerity: 8.0/10; intelligence: 9.0/10; being funny: 9.0/10; ambition: 9.0/10; shared interests: 8.0/10. A new man is courting you with scores: attractiveness: 7.0/10; sincerity: 8.0/10; intelligence: 8.0/10; being funny: 9.0/10; ambition: 8.0/10; shared interests: 8.0/10. Your importance weights are: attractiveness: 20.0; sincerity: 20.0; intelligence: 10.0; being funny: 15.0; ambition: 5.0; shared interests: 30.0. Would you leave your current partner for the new man? Your answer must be (YES) or (NO) followed by your reason. You must FOLLOW THIS RULE! You MUST NOT SAY other words.,(NO) The current partner scores higher in the most important attributes for you; especially in attractiveness and ambition; which; combined with the high scores in other areas; results in a stronger overall match according to your importance weights.,534,530,524,0
Assume you are a 24-year-old woman with career type Social Worker; currently matched with a partner. Your current partner's scores (out of 10): attractiveness: 10.0/10; sincerity: 8.0/10; intelligence: 9.0/10; being funny: 9.0/10; ambition: 9.0/10; shared interests: 7.0/10. A new man is courting you with scores: attractiveness: 7.0/10; sincerity: 7.0/10; intelligence: 7.0/10; being funny: 7.0/10; ambition: 7.0/10; shared interests: 3.0/10. Your importance weights are: attractiveness: 50.0; sincerity: 20.0; intelligence: 10.0; being funny: 5.0; ambition: 10.0; shared interests: 5.0. Would you leave your current partner for the new man? Your answer must be (YES) or (NO) followed by your reason. You must FOLLOW THIS RULE! You MUST NOT SAY other words.,(NO) The current partner's weighted score is significantly higher (555) compared to the new man's weighted score (350); making the current relationship more valuable based on the given criteria.,536,527,516,0
Assume you are a 23-year-old single man; and there is a 23-year-old woman who is courting you. Your career type is Physician. You evaluated her on six dimensions with scores out of 10. These are attractiveness: 6.0/10; sincerity: 7.0/10; intelligence: 7.0/10; being funny: 9.0/10; ambition: 7.0/10; shared interests: 8.0/10. Your importance weights for these attributes are: attractiveness: 15.0; sincerity: 25.0; intelligence: 20.0; being funny: 10.0; ambition: 10.0; shared interests: 20.0. Would you be willing to date this woman? And also tell me the reason. Your answer must be (YES) or (NO) followed by your reason. You must FOLLOW THIS RULE! You MUST NOT SAY other words.,(YES) The weighted average of the scores is (6.0*15 + 7.0*25 + 7.0*20 + 9.0*10 + 7.0*10 + 8.0*20) / (15 + 25 + 20 + 10 + 10 + 20) = 7.1; which is a favorable score; indicating a good match based on your criteria.,514,544,,1
Assume you are a 30-year-old man with career type Consulting; currently matched with a partner. Your current partner's scores (out of 10): attractiveness: 9.0/10; sincerity: 7.0/10; intelligence: 8.0/10; being funny: 6.0/10; ambition: 7.0/10; shared interests: nan/10. A new woman is courting you with scores: attractiveness: 7.0/10; sincerity: 7.0/10; intelligence: 6.0/10; being funny: 8.0/10; ambition: 6.0/10; shared interests: 7.0/10. Your importance weights are: attractiveness: 35.0; sincerity: 10.0; intelligence: 20.0; being funny: 25.0; ambition: 5.0; shared interests: 5.0. Would you leave your current partner for the new woman? Your answer must be (YES) or (NO) followed by your reason. You must FOLLOW THIS RULE! You MUST NOT SAY other words.,(NO) The weighted score of your current partner is higher (322) compared to the new woman (280). Your current partner better aligns with your stated preferences and importance weights.,518,546,548,0
Assume you are a 28-year-old man with career type General management/consulting; currently matched with a partner. Your current partner's scores (out of 10): attractiveness: 3.0/10; sincerity: 5.0/10; intelligence: 5.0/10; being funny: 5.0/10; ambition: 3.0/10; shared interests: 2.0/10. A new woman is courting you with scores: attractiveness: 6.0/10; sincerity: 8.0/10; intelligence: 6.0/10; being funny: 5.0/10; ambition: 8.0/10; shared interests: 5.0/10. Your importance weights are: attractiveness: 20.0; sincerity: 20.0; intelligence: 20.0; being funny: 20.0; ambition: 0.0; shared interests: 20.0. Would you leave your current partner for the new woman? Your answer must be (YES) or (NO) followed by your reason. You must FOLLOW THIS RULE! You MUST NOT SAY other words.,YES The new woman significantly scores higher in the areas you value most; such as attractiveness; sincerity; intelligence; and shared interests. This suggests a more compatible match based on your preferences.,511,549,540,1
Assume you are a 30-year-old man with career type Private Equity - Leveraged Buy-Outs; currently matched with a partner. Your current partner's scores (out of 10): attractiveness: 9.0/10; sincerity: 7.0/10; intelligence: 8.0/10; being funny: 6.0/10; ambition: 7.0/10; shared interests: nan/10. A new woman is courting you with scores: attractiveness: 6.0/10; sincerity: 7.0/10; intelligence: 7.0/10; being funny: 10.0/10; ambition: 6.0/10; shared interests: 6.0/10. Your importance weights are: attractiveness: 25.0; sincerity: 20.0; intelligence: 20.0; being funny: 20.0; ambition: 0.0; shared interests: 15.0. Would you leave your current partner for the new woman? Your answer must be (YES) or (NO) followed by your reason. You must FOLLOW THIS RULE! You MUST NOT SAY other words.,(NO) The weighted score for the current partner is higher (270) compared to the new woman (215); making the current relationship more aligned with your values and preferences.,518,547,548,0
Assume you are a 23-year-old man with career type To go into Finance; currently matched with a partner. Your current partner's scores (out of 10): attractiveness: 5.0/10; sincerity: 7.0/10; intelligence: 8.0/10; being funny: 7.0/10; ambition: 8.0/10; shared interests: 6.0/10. A new woman is courting you with scores: attractiveness: 6.0/10; sincerity: 7.0/10; intelligence: 7.0/10; being funny: 6.0/10; ambition: 7.0/10; shared interests: 7.0/10. Your importance weights are: attractiveness: 25.0; sincerity: 15.0; intelligence: 20.0; being funny: 20.0; ambition: 10.0; shared interests: 10.0. Would you leave your current partner for the new woman? Your answer must be (YES) or (NO) followed by your reason. You must FOLLOW THIS RULE! You MUST NOT SAY other words.,(NO) The weighted score for your current partner is (5*25 + 7*15 + 8*20 + 7*20 + 8*10 + 6*10) / 100 = 6.85. The weighted score for the new woman is (6*25 + 7*15 + 7*20 + 6*20 + 7*10 + 7*10) / 100 = 6.65. Your current partner has a higher overall score.,524,542,534,0
Assume you are a 30-year-old man with career type Consulting; currently matched with a partner. Your current partner's scores (out of 10): attractiveness: 5.0/10; sincerity: 8.0/10; intelligence: 9.0/10; being funny: 7.0/10; ambition: 8.0/10; shared interests: 7.0/10. A new woman is courting you with scores: attractiveness: 7.0/10; sincerity: 8.0/10; intelligence: 8.0/10; being funny: 8.0/10; ambition: 6.0/10; shared interests: 9.0/10. Your importance weights are: attractiveness: 35.0; sincerity: 10.0; intelligence: 20.0; being funny: 25.0; ambition: 5.0; shared interests: 5.0. Would you leave your current partner for the new woman? Your answer must be (YES) or (NO) followed by your reason. You must FOLLOW THIS RULE! You MUST NOT SAY other words.,(NO) The current partner has a higher overall weighted score (225) compared to the new woman (215).,522,546,533,0
Assume you are a 22-year-old woman with career type dont know yet; currently matched with a partner. Your current partner's scores (out of 10): attractiveness: 10.0/10; sincerity: 8.0/10; intelligence: 9.0/10; being funny: 9.0/10; ambition: 9.0/10; shared interests: 7.0/10. A new man is courting you with scores: attractiveness: 9.0/10; sincerity: 8.0/10; intelligence: 7.0/10; being funny: 8.0/10; ambition: 8.0/10; shared interests: 7.0/10. Your importance weights are: attractiveness: 20.0; sincerity: 20.0; intelligence: 10.0; being funny: 15.0; ambition: 5.0; shared interests: 30.0. Would you leave your current partner for the new man? Your answer must be (YES) or (NO) followed by your reason. You must FOLLOW THIS RULE! You MUST NOT SAY other words.,(NO) Your current partner scores higher in the traits you value most heavily; such as attractiveness and being funny; while both partners share similar levels of sincerity and shared interests.,536,530,516,0
Assume you are a 30-year-old man with career type Finance; currently matched with a partner. Your current partner's scores (out of 10): attractiveness: 8.0/10; sincerity: 8.0/10; intelligence: 8.0/10; being funny: 8.0/10; ambition: 8.0/10; shared interests: 7.0/10. A new woman is courting you with scores: attractiveness: 7.0/10; sincerity: 6.0/10; intelligence: 6.0/10; being funny: 6.0/10; ambition: 6.0/10; shared interests: 4.0/10. Your importance weights are: attractiveness: 30.0; sincerity: 3.0; intelligence: 30.0; being funny: 30.0; ambition: 3.0; shared interests: 4.0. Would you leave your current partner for the new woman? Your answer must be (YES) or (NO) followed by your reason. You must FOLLOW THIS RULE! You MUST NOT SAY other words.,(NO) The weighted score for the current partner is 240 (8*30 + 8*3 + 8*30 + 8*30 + 8*3 + 7*4); while the new woman's weighted score is 204 (7*30 + 6*3 + 6*30 + 6*30 + 6*3 + 4*4). The current partner has a higher score; indicating a better match based on the given weights.,516,550,536,0
Assume you are a 24-year-old man with career type Academic Work; Consultant; currently matched with a partner. Your current partner's scores (out of 10): attractiveness: 7.0/10; sincerity: 8.0/10; intelligence: 9.0/10; being funny: 7.0/10; ambition: 4.0/10; shared interests: 4.0/10. A new woman is courting you with scores: attractiveness: 6.0/10; sincerity: 7.0/10; intelligence: 6.0/10; being funny: 7.0/10; ambition: 6.0/10; shared interests: 5.0/10. Your importance weights are: attractiveness: 20.0; sincerity: 15.0; intelligence: 20.0; being funny: 20.0; ambition: 15.0; shared interests: 10.0. Would you leave your current partner for the new woman? Your answer must be (YES) or (NO) followed by your reason. You must FOLLOW THIS RULE! You MUST NOT SAY other words.,(NO) The current partner has a higher overall score based on the importance weights you provided. The current partner's scores in intelligence and sincerity; which you value highly; significantly outweigh the new woman's scores in these areas.,514,540,544,0
Assume you are a 22-year-old man with career type Lawyer; currently matched with a partner. Your current partner's scores (out of 10): attractiveness: 5.0/10; sincerity: 8.0/10; intelligence: 9.0/10; being funny: 7.0/10; ambition: 8.0/10; shared interests: 7.0/10. A new woman is courting you with scores: attractiveness: 9.0/10; sincerity: 6.0/10; intelligence: 10.0/10; being funny: 9.0/10; ambition: 8.0/10; shared interests: 8.0/10. Your importance weights are: attractiveness: 30.0; sincerity: 10.0; intelligence: 20.0; being funny: 15.0; ambition: 15.0; shared interests: 10.0. Would you leave your current partner for the new woman? Your answer must be (YES) or (NO) followed by your reason. You must FOLLOW THIS RULE! You MUST NOT SAY other words.,(NO) The current partner has a higher overall score when applying the importance weights: (5*30 + 8*10 + 9*20 + 7*15 + 8*15 + 7*10 = 475) compared to the new woman (9*30 + 6*10 + 10*20 + 9*15 + 8*15 + 8*10 = 565). However; the difference is not significant enough to justify leaving a relationship; considering emotional investment and other non-quantifiable factors.,522,539,533,0
Assume you are a 22-year-old man with career type Lawyer; currently matched with a partner. Your current partner's scores (out of 10): attractiveness: 4.0/10; sincerity: 3.0/10; intelligence: 9.0/10; being funny: 4.0/10; ambition: 9.0/10; shared interests: 5.0/10. A new woman is courting you with scores: attractiveness: 4.0/10; sincerity: 8.0/10; intelligence: 9.0/10; being funny: 9.0/10; ambition: 5.0/10; shared interests: 4.0/10. Your importance weights are: attractiveness: 30.0; sincerity: 10.0; intelligence: 20.0; being funny: 15.0; ambition: 15.0; shared interests: 10.0. Would you leave your current partner for the new woman? Your answer must be (YES) or (NO) followed by your reason. You must FOLLOW THIS RULE! You MUST NOT SAY other words.,(NO) The new woman scores higher in being funny and sincerity but has lower scores in ambition and shared interests. Considering your importance weights; the current partner's higher ambition aligns better with your values; which is crucial for a lawyer's lifestyle and career goals.,526,539,531,0
Assume you are a 30-year-old man with career type Finance; currently matched with a partner. Your current partner's scores (out of 10): attractiveness: 9.0/10; sincerity: 7.0/10; intelligence: 8.0/10; being funny: 6.0/10; ambition: 7.0/10; shared interests: nan/10. A new woman is courting you with scores: attractiveness: 7.0/10; sincerity: 6.0/10; intelligence: 5.0/10; being funny: 6.0/10; ambition: 5.0/10; shared interests: 4.0/10. Your importance weights are: attractiveness: 30.0; sincerity: 3.0; intelligence: 30.0; being funny: 30.0; ambition: 3.0; shared interests: 4.0. Would you leave your current partner for the new woman? Your answer must be (YES) or (NO) followed by your reason. You must FOLLOW THIS RULE! You MUST NOT SAY other words.,(NO) The current partner has a higher weighted score (285) compared to the new woman (226); indicating a better match according to your values.,518,550,548,0
Assume you are a 30-year-old man with career type Finance; currently matched with a partner. Your current partner's scores (out of 10): attractiveness: 5.0/10; sincerity: 8.0/10; intelligence: 9.0/10; being funny: 7.0/10; ambition: 8.0/10; shared interests: 7.0/10. A new woman is courting you with scores: attractiveness: 6.0/10; sincerity: 7.0/10; intelligence: 6.0/10; being funny: 4.0/10; ambition: 4.0/10; shared interests: 5.0/10. Your importance weights are: attractiveness: 30.0; sincerity: 3.0; intelligence: 30.0; being funny: 30.0; ambition: 3.0; shared interests: 4.0. Would you leave your current partner for the new woman? Your answer must be (YES) or (NO) followed by your reason. You must FOLLOW THIS RULE! You MUST NOT SAY other words.,(NO) The current partner has a higher overall score when applying the importance weights; especially in intelligence and being funny; which are highly valued by you.,522,550,533,0
Assume you are a 26-year-old man with career type ASIC Engineer; currently matched with a partner. Your current partner's scores (out of 10): attractiveness: 5.0/10; sincerity: 7.0/10; intelligence: 8.0/10; being funny: 7.0/10; ambition: 8.0/10; shared interests: 6.0/10. A new woman is courting you with scores: attractiveness: 7.0/10; sincerity: 9.0/10; intelligence: 8.0/10; being funny: 8.0/10; ambition: 6.0/10; shared interests: 5.0/10. Your importance weights are: attractiveness: 25.0; sincerity: 20.0; intelligence: 20.0; being funny: 20.0; ambition: 5.0; shared interests: 10.0. Would you leave your current partner for the new woman? Your answer must be (YES) or (NO) followed by your reason. You must FOLLOW THIS RULE! You MUST NOT SAY other words.,(NO) The weighted score for the current partner is 60.5; while the new woman's weighted score is 59.5. Therefore; the current partner has a slightly higher overall score based on the given weights and scores.,524,532,534,0
Assume you are a 30-year-old man with career type Private Equity - Leveraged Buy-Outs; currently matched with a partner. Your current partner's scores (out of 10): attractiveness: 5.0/10; sincerity: 8.0/10; intelligence: 9.0/10; being funny: 7.0/10; ambition: 8.0/10; shared interests: 7.0/10. A new woman is courting you with scores: attractiveness: 6.0/10; sincerity: 8.0/10; intelligence: 6.0/10; being funny: 7.0/10; ambition: 8.0/10; shared interests: 6.0/10. Your importance weights are: attractiveness: 25.0; sincerity: 20.0; intelligence: 20.0; being funny: 20.0; ambition: 0.0; shared interests: 15.0. Would you leave your current partner for the new woman? Your answer must be (YES) or (NO) followed by your reason. You must FOLLOW THIS RULE! You MUST NOT SAY other words.,(NO) The weighted score for your current partner is 7.45; while the new woman's weighted score is 6.9. Your current partner has a higher overall score based on your importance weights; especially in intelligence which you value highly.,522,547,533,0
Assume you are a 27-year-old man with career type Banking; currently matched with a partner. Your current partner's scores (out of 10): attractiveness: 7.0/10; sincerity: 8.0/10; intelligence: 9.0/10; being funny: 7.0/10; ambition: 4.0/10; shared interests: 4.0/10. A new woman is courting you with scores: attractiveness: 6.0/10; sincerity: 6.0/10; intelligence: 6.0/10; being funny: 8.0/10; ambition: 5.0/10; shared interests: 5.0/10. Your importance weights are: attractiveness: 40.0; sincerity: 20.0; intelligence: 20.0; being funny: 20.0; ambition: 0.0; shared interests: 0.0. Would you leave your current partner for the new woman? Your answer must be (YES) or (NO) followed by your reason. You must FOLLOW THIS RULE! You MUST NOT SAY other words.,(NO) Your current partner scores higher in the aspects you value most; which are attractiveness; sincerity; and intelligence. Therefore; sticking with your current partner aligns better with your preferences.,514,551,544,0
Assume you are a 23-year-old man with career type To go into Finance; currently matched with a partner. Your current partner's scores (out of 10): attractiveness: 7.0/10; sincerity: 8.0/10; intelligence: 9.0/10; being funny: 7.0/10; ambition: 4.0/10; shared interests: 4.0/10. A new woman is courting you with scores: attractiveness: 4.0/10; sincerity: 7.0/10; intelligence: 6.0/10; being funny: 4.0/10; ambition: 6.0/10; shared interests: 7.0/10. Your importance weights are: attractiveness: 25.0; sincerity: 15.0; intelligence: 20.0; being funny: 20.0; ambition: 10.0; shared interests: 10.0. Would you leave your current partner for the new woman? Your answer must be (YES) or (NO) followed by your reason. You must FOLLOW THIS RULE! You MUST NOT SAY other words.,(NO) The weighted score for your current partner is (7*25 + 8*15 + 9*20 + 7*20 + 4*10 + 4*10) = 425; while the weighted score for the new woman is (4*25 + 7*15 + 6*20 + 4*20 + 6*10 + 7*10) = 345. Your current partner has a higher overall score based on your importance weights; indicating a better match with your preferences.,514,542,544,0
Assume you are a 24-year-old woman with career type Social Worker; currently matched with a partner. Your current partner's scores (out of 10): attractiveness: 5.0/10; sincerity: 8.0/10; intelligence: 7.0/10; being funny: 8.0/10; ambition: 5.0/10; shared interests: 4.0/10. A new man is courting you with scores: attractiveness: 5.0/10; sincerity: 5.0/10; intelligence: 8.0/10; being funny: 6.0/10; ambition: 8.0/10; shared interests: 3.0/10. Your importance weights are: attractiveness: 50.0; sincerity: 20.0; intelligence: 10.0; being funny: 5.0; ambition: 10.0; shared interests: 5.0. Would you leave your current partner for the new man? Your answer must be (YES) or (NO) followed by your reason. You must FOLLOW THIS RULE! You MUST NOT SAY other words.,(NO) Your current partner's weighted score is 365; while the new man's weighted score is 350. Despite the new man's higher ambition; your current partner scores better overall with higher sincerity; being funny; and shared interests; which are important in maintaining a strong; supportive relationship.,537,527,525,0
Assume you are a 23-year-old man with career type To go into Finance; currently matched with a partner. Your current partner's scores (out of 10): attractiveness: 4.0/10; sincerity: 5.0/10; intelligence: 8.0/10; being funny: 5.0/10; ambition: 8.0/10; shared interests: 4.0/10. A new woman is courting you with scores: attractiveness: 8.0/10; sincerity: 4.0/10; intelligence: 6.0/10; being funny: 7.0/10; ambition: 4.0/10; shared interests: 2.0/10. Your importance weights are: attractiveness: 25.0; sincerity: 15.0; intelligence: 20.0; being funny: 20.0; ambition: 10.0; shared interests: 10.0. Would you leave your current partner for the new woman? Your answer must be (YES) or (NO) followed by your reason. You must FOLLOW THIS RULE! You MUST NOT SAY other words.,(NO) The weighted score for the current partner is 5.8; while for the new woman; it is 5.6. Despite the new woman's higher attractiveness and humor; the current partner's higher intelligence and ambition align more closely with your values and goals; especially in the context of your career in finance.,515,542,541,0
Assume you are a 24-year-old single woman; and there is a 22-year-old man who is courting you. Your career type is Social Worker. You evaluated him on six dimensions with scores out of 10. These are attractiveness: 5.0/10; sincerity: 5.0/10; intelligence: 8.0/10; being funny: 8.0/10; ambition: 8.0/10; shared interests: 2.0/10. Your importance weights for these attributes are: attractiveness: 50.0; sincerity: 20.0; intelligence: 10.0; being funny: 5.0; ambition: 10.0; shared interests: 5.0. Would you be willing to date this man? And also tell me the reason. Your answer must be (YES) or (NO) followed by your reason. You must FOLLOW THIS RULE! You MUST NOT SAY other words.,(NO) The weighted score calculation results in a relatively low total; heavily influenced by the low scores in attractiveness and shared interests; which you value highly.,539,527,,0
Assume you are a 30-year-old man with career type Private Equity - Leveraged Buy-Outs; currently matched with a partner. Your current partner's scores (out of 10): attractiveness: 10.0/10; sincerity: 10.0/10; intelligence: 10.0/10; being funny: 10.0/10; ambition: 10.0/10; shared interests: 10.0/10. A new woman is courting you with scores: attractiveness: 3.0/10; sincerity: 8.0/10; intelligence: 8.0/10; being funny: 7.0/10; ambition: 6.0/10; shared interests: 5.0/10. Your importance weights are: attractiveness: 25.0; sincerity: 20.0; intelligence: 20.0; being funny: 20.0; ambition: 0.0; shared interests: 15.0. Would you leave your current partner for the new woman? Your answer must be (YES) or (NO) followed by your reason. You must FOLLOW THIS RULE! You MUST NOT SAY other words.,(NO) Your current partner scores perfectly in all categories that you value; especially in attractiveness; which you weigh heavily. The new woman; while having some positive traits; does not come close to matching your current partner's scores in the weighted criteria.,523,547,543,0
Assume you are a 24-year-old woman with career type Social Worker; currently matched with a partner. Your current partner's scores (out of 10): attractiveness: 10.0/10; sincerity: 10.0/10; intelligence: 10.0/10; being funny: 10.0/10; ambition: 10.0/10; shared interests: 10.0/10. A new man is courting you with scores: attractiveness: 5.0/10; sincerity: 6.0/10; intelligence: 8.0/10; being funny: 5.0/10; ambition: 8.0/10; shared interests: 2.0/10. Your importance weights are: attractiveness: 50.0; sincerity: 20.0; intelligence: 10.0; being funny: 5.0; ambition: 10.0; shared interests: 5.0. Would you leave your current partner for the new man? Your answer must be (YES) or (NO) followed by your reason. You must FOLLOW THIS RULE! You MUST NOT SAY other words.,(NO) Your current partner excels in all the attributes you value; particularly in attractiveness which is most important to you. The new man significantly lacks in attractiveness and shared interests; which would not satisfy your preferences.,543,527,523,0
Assume you are a 30-year-old man with career type Private Equity - Leveraged Buy-Outs; currently matched with a partner. Your current partner's scores (out of 10): attractiveness: 5.0/10; sincerity: 7.0/10; intelligence: 8.0/10; being funny: 7.0/10; ambition: 8.0/10; shared interests: 6.0/10. A new woman is courting you with scores: attractiveness: 7.0/10; sincerity: 7.0/10; intelligence: 8.0/10; being funny: 8.0/10; ambition: 5.0/10; shared interests: 6.0/10. Your importance weights are: attractiveness: 25.0; sincerity: 20.0; intelligence: 20.0; being funny: 20.0; ambition: 0.0; shared interests: 15.0. Would you leave your current partner for the new woman? Your answer must be (YES) or (NO) followed by your reason. You must FOLLOW THIS RULE! You MUST NOT SAY other words.,(NO) The weighted score for your current partner is 635; while the weighted score for the new woman is 610. Despite the new woman's higher attractiveness and being funnier; your current partner's higher sincerity and the equal scores in intelligence and shared interests; along with the weight you place on these attributes; make your current partner a better match according to your criteria.,524,547,534,0
Assume you are a 22-year-old single man; and there is a 22-year-old woman who is courting you. Your career type is Lawyer. You evaluated her on six dimensions with scores out of 10. These are attractiveness: 4.0/10; sincerity: 10.0/10; intelligence: 10.0/10; being funny: 7.0/10; ambition: 9.0/10; shared interests: 3.0/10. Your importance weights for these attributes are: attractiveness: 30.0; sincerity: 10.0; intelligence: 20.0; being funny: 15.0; ambition: 15.0; shared interests: 10.0. Would you be willing to date this woman? And also tell me the reason. Your answer must be (YES) or (NO) followed by your reason. You must FOLLOW THIS RULE! You MUST NOT SAY other words.,(NO) The overall score is calculated as (4*30 + 10*10 + 10*20 + 7*15 + 9*15 + 3*10) / 100 = 7.45; which is relatively low; and the low scores in attractiveness and shared interests are significant deal-breakers for me.,530,539,,0
Assume you are a 24-year-old man with career type Academic Work; Consultant; currently matched with a partner. Your current partner's scores (out of 10): attractiveness: 4.0/10; sincerity: 5.0/10; intelligence: 8.0/10; being funny: 5.0/10; ambition: 8.0/10; shared interests: 4.0/10. A new woman is courting you with scores: attractiveness: 6.0/10; sincerity: 7.0/10; intelligence: 7.0/10; being funny: 6.0/10; ambition: 5.0/10; shared interests: 3.0/10. Your importance weights are: attractiveness: 20.0; sincerity: 15.0; intelligence: 20.0; being funny: 20.0; ambition: 15.0; shared interests: 10.0. Would you leave your current partner for the new woman? Your answer must be (YES) or (NO) followed by your reason. You must FOLLOW THIS RULE! You MUST NOT SAY other words.,(NO) The new woman scores higher in attractiveness and sincerity but lower in intelligence; ambition; and shared interests; which are also important to you. Your current partner maintains a strong alignment with your values and goals; especially in intelligence and ambition; which are crucial for your life and career as an academic consultant.,515,540,541,0
Assume you are a 27-year-old man with career type Banking; currently matched with a partner. Your current partner's scores (out of 10): attractiveness: 5.0/10; sincerity: 7.0/10; intelligence: 8.0/10; being funny: 7.0/10; ambition: 8.0/10; shared interests: 6.0/10. A new woman is courting you with scores: attractiveness: 6.0/10; sincerity: 7.0/10; intelligence: 7.0/10; being funny: 6.0/10; ambition: 9.0/10; shared interests: 5.0/10. Your importance weights are: attractiveness: 40.0; sincerity: 20.0; intelligence: 20.0; being funny: 20.0; ambition: 0.0; shared interests: 0.0. Would you leave your current partner for the new woman? Your answer must be (YES) or (NO) followed by your reason. You must FOLLOW THIS RULE! You MUST NOT SAY other words.,(NO) The weighted score calculation for the current partner is higher (260) compared to the new woman (230); based on your importance weights.,524,551,534,0
Assume you are a 22-year-old man with career type Lawyer; currently matched with a partner. Your current partner's scores (out of 10): attractiveness: 4.0/10; sincerity: 5.0/10; intelligence: 5.0/10; being funny: 5.0/10; ambition: 3.0/10; shared interests: 3.0/10. A new woman is courting you with scores: attractiveness: 4.0/10; sincerity: 8.0/10; intelligence: 10.0/10; being funny: 4.0/10; ambition: 10.0/10; shared interests: 3.0/10. Your importance weights are: attractiveness: 30.0; sincerity: 10.0; intelligence: 20.0; being funny: 15.0; ambition: 15.0; shared interests: 10.0. Would you leave your current partner for the new woman? Your answer must be (YES) or (NO) followed by your reason. You must FOLLOW THIS RULE! You MUST NOT SAY other words.,(YES) The new woman scores higher in sincerity; intelligence; and ambition; which are valued traits for you based on your importance weights. Her higher scores in these areas; particularly in intelligence and ambition; which you value significantly; suggest a more compatible and potentially fulfilling relationship; despite similar levels of attractiveness and shared interests.,511,539,549,1
Assume you are a 22-year-old woman with career type dont know yet; currently matched with a partner. Your current partner's scores (out of 10): attractiveness: 4.0/10; sincerity: 8.0/10; intelligence: 10.0/10; being funny: 4.0/10; ambition: 10.0/10; shared interests: 3.0/10. A new man is courting you with scores: attractiveness: 8.0/10; sincerity: 8.0/10; intelligence: 8.0/10; being funny: 9.0/10; ambition: 9.0/10; shared interests: 7.0/10. Your importance weights are: attractiveness: 20.0; sincerity: 20.0; intelligence: 10.0; being funny: 15.0; ambition: 5.0; shared interests: 30.0. Would you leave your current partner for the new man? Your answer must be (YES) or (NO) followed by your reason. You must FOLLOW THIS RULE! You MUST NOT SAY other words.,(NO) The weighted score for your current partner is 365; while the new man's weighted score is 355. Despite the new man having higher scores in most categories; the significance of shared interests in your criteria makes your current partner a better match according to your values.,539,530,511,0
Assume you are a 24-year-old woman with career type Social Worker; currently matched with a partner. Your current partner's scores (out of 10): attractiveness: 6.0/10; sincerity: 7.0/10; intelligence: 7.0/10; being funny: 9.0/10; ambition: 7.0/10; shared interests: 8.0/10. A new man is courting you with scores: attractiveness: 5.0/10; sincerity: 4.0/10; intelligence: 8.0/10; being funny: 5.0/10; ambition: 9.0/10; shared interests: 2.0/10. Your importance weights are: attractiveness: 50.0; sincerity: 20.0; intelligence: 10.0; being funny: 5.0; ambition: 10.0; shared interests: 5.0. Would you leave your current partner for the new man? Your answer must be (YES) or (NO) followed by your reason. You must FOLLOW THIS RULE! You MUST NOT SAY other words.,(NO) The weighted score for your current partner is higher; indicating a better match according to your values.,544,527,514,0
Assume you are a 25-year-old man with career type assistant master of the universe (otherwise it's too much work); currently matched with a partner. Your current partner's scores (out of 10): attractiveness: 5.0/10; sincerity: 7.0/10; intelligence: 8.0/10; being funny: 7.0/10; ambition: 8.0/10; shared interests: 6.0/10. A new woman is courting you with scores: attractiveness: 8.0/10; sincerity: 7.0/10; intelligence: 8.0/10; being funny: 8.0/10; ambition: nan/10; shared interests: nan/10. Your importance weights are: attractiveness: 70.0; sincerity: 0.0; intelligence: 15.0; being funny: 15.0; ambition: 0.0; shared interests: 0.0. Would you leave your current partner for the new woman? Your answer must be (YES) or (NO) followed by your reason. You must FOLLOW THIS RULE! You MUST NOT SAY other words.,(YES) The new woman has a significantly higher score in attractiveness; which you weigh heavily (70.0). Despite the lack of information on ambition and shared interests; the known scores for the new woman align better with your importance weights; making her a more suitable match according to your criteria.,524,552,534,1
Assume you are a 23-year-old man with career type To go into Finance; currently matched with a partner. Your current partner's scores (out of 10): attractiveness: 8.0/10; sincerity: 8.0/10; intelligence: 8.0/10; being funny: 8.0/10; ambition: 8.0/10; shared interests: 7.0/10. A new woman is courting you with scores: attractiveness: 9.0/10; sincerity: 4.0/10; intelligence: 6.0/10; being funny: 7.0/10; ambition: 6.0/10; shared interests: 6.0/10. Your importance weights are: attractiveness: 25.0; sincerity: 15.0; intelligence: 20.0; being funny: 20.0; ambition: 10.0; shared interests: 10.0. Would you leave your current partner for the new woman? Your answer must be (YES) or (NO) followed by your reason. You must FOLLOW THIS RULE! You MUST NOT SAY other words.,(NO) The weighted score for your current partner is 7.8; while the weighted score for the new woman is 6.75. Your current partner aligns more closely with your values and importance weights.,516,542,536,0
Assume you are a 24-year-old man with career type Academic Work; Consultant; currently matched with a partner. Your current partner's scores (out of 10): attractiveness: 8.0/10; sincerity: 8.0/10; intelligence: 8.0/10; being funny: 8.0/10; ambition: 8.0/10; shared interests: 7.0/10. A new woman is courting you with scores: attractiveness: 7.0/10; sincerity: 5.0/10; intelligence: 5.0/10; being funny: 6.0/10; ambition: 5.0/10; shared interests: 3.0/10. Your importance weights are: attractiveness: 20.0; sincerity: 15.0; intelligence: 20.0; being funny: 20.0; ambition: 15.0; shared interests: 10.0. Would you leave your current partner for the new woman? Your answer must be (YES) or (NO) followed by your reason. You must FOLLOW THIS RULE! You MUST NOT SAY other words.,(NO) The current partner scores higher in all categories; and the weighted score for the current partner is also significantly higher; making it illogical to leave for the new woman.,516,540,536,0
Assume you are a 30-year-old single man; and there is a 22-year-old woman who is courting you. Your career type is Private Equity - Leveraged Buy-Outs. You evaluated her on six dimensions with scores out of 10. These are attractiveness: 3.0/10; sincerity: 8.0/10; intelligence: 8.0/10; being funny: 5.0/10; ambition: 6.0/10; shared interests: 4.0/10. Your importance weights for these attributes are: attractiveness: 25.0; sincerity: 20.0; intelligence: 20.0; being funny: 20.0; ambition: 0.0; shared interests: 15.0. Would you be willing to date this woman? And also tell me the reason. Your answer must be (YES) or (NO) followed by your reason. You must FOLLOW THIS RULE! You MUST NOT SAY other words.,(NO) The weighted score calculation results in a low overall score due to the significant weight given to attractiveness; which she scores low on; and the low scores in being funny and shared interests; which are also valued. Her high scores in sincerity and intelligence do not compensate enough in the overall evaluation.,530,547,,0
Assume you are a 24-year-old single woman; and there is a 30-year-old man who is courting you. Your career type is Social Worker. You evaluated him on six dimensions with scores out of 10. These are attractiveness: 6.0/10; sincerity: 5.0/10; intelligence: 8.0/10; being funny: 8.0/10; ambition: 7.0/10; shared interests: 2.0/10. Your importance weights for these attributes are: attractiveness: 50.0; sincerity: 20.0; intelligence: 10.0; being funny: 5.0; ambition: 10.0; shared interests: 5.0. Would you be willing to date this man? And also tell me the reason. Your answer must be (YES) or (NO) followed by your reason. You must FOLLOW THIS RULE! You MUST NOT SAY other words.,(NO) The weighted score calculation shows that the shared interests score; despite its lower weight; significantly drags down the overall score due to its very low rating. The total weighted score is 5.35; which is below average; and this suggests that the relationship might lack depth and commonality; which are important for a strong connection and enjoyable dating experience.,546,527,,0
Assume you are a 30-year-old man with career type Consulting; currently matched with a partner. Your current partner's scores (out of 10): attractiveness: 8.0/10; sincerity: 6.0/10; intelligence: 7.0/10; being funny: 7.0/10; ambition: 6.0/10; shared interests: 4.0/10. A new woman is courting you with scores: attractiveness: 7.0/10; sincerity: 7.0/10; intelligence: 6.0/10; being funny: 7.0/10; ambition: 6.0/10; shared interests: 7.0/10. Your importance weights are: attractiveness: 35.0; sincerity: 10.0; intelligence: 20.0; being funny: 25.0; ambition: 5.0; shared interests: 5.0. Would you leave your current partner for the new woman? Your answer must be (YES) or (NO) followed by your reason. You must FOLLOW THIS RULE! You MUST NOT SAY other words.,(NO) The new woman has lower scores in attractiveness and shared interests; which are weighted more heavily in your criteria; despite having higher sincerity. The overall compatibility; based on your weights; seems better with your current partner.,524,546,552,0
Assume you are a 28-year-old man with career type General management/consulting; currently matched with a partner. Your current partner's scores (out of 10): attractiveness: 7.0/10; sincerity: 8.0/10; intelligence: 9.0/10; being funny: 7.0/10; ambition: 4.0/10; shared interests: 4.0/10. A new woman is courting you with scores: attractiveness: 2.0/10; sincerity: 7.0/10; intelligence: 7.0/10; being funny: 8.0/10; ambition: 6.0/10; shared interests: 6.0/10. Your importance weights are: attractiveness: 20.0; sincerity: 20.0; intelligence: 20.0; being funny: 20.0; ambition: 0.0; shared interests: 20.0. Would you leave your current partner for the new woman? Your answer must be (YES) or (NO) followed by your reason. You must FOLLOW THIS RULE! You MUST NOT SAY other words.,(NO) The weighted score for your current partner is 680 (7*20 + 8*20 + 9*20 + 7*20 + 4*0 + 4*20); while the weighted score for the new woman is 540 (2*20 + 7*20 + 7*20 + 8*20 + 6*0 + 6*20). Your current partner has a higher weighted score.,514,549,544,0
Assume you are a 23-year-old man with career type To go into Finance; currently matched with a partner. Your current partner's scores (out of 10): attractiveness: 9.0/10; sincerity: 7.0/10; intelligence: 8.0/10; being funny: 6.0/10; ambition: 7.0/10; shared interests: nan/10. A new woman is courting you with scores: attractiveness: 7.0/10; sincerity: 10.0/10; intelligence: 6.0/10; being funny: 7.0/10; ambition: 6.0/10; shared interests: 0.0/10. Your importance weights are: attractiveness: 25.0; sincerity: 15.0; intelligence: 20.0; being funny: 20.0; ambition: 10.0; shared interests: 10.0. Would you leave your current partner for the new woman? Your answer must be (YES) or (NO) followed by your reason. You must FOLLOW THIS RULE! You MUST NOT SAY other words.,(NO) The current partner has a higher weighted score; specifically 227.5; compared to the new woman's 180; indicating a better overall match based on your values.,518,542,548,0
Assume you are a 30-year-old man with career type Finance; currently matched with a partner. Your current partner's scores (out of 10): attractiveness: 8.0/10; sincerity: 6.0/10; intelligence: 7.0/10; being funny: 7.0/10; ambition: 6.0/10; shared interests: 4.0/10. A new woman is courting you with scores: attractiveness: 7.0/10; sincerity: 6.0/10; intelligence: 6.0/10; being funny: 6.0/10; ambition: 5.0/10; shared interests: 6.0/10. Your importance weights are: attractiveness: 30.0; sincerity: 3.0; intelligence: 30.0; being funny: 30.0; ambition: 3.0; shared interests: 4.0. Would you leave your current partner for the new woman? Your answer must be (YES) or (NO) followed by your reason. You must FOLLOW THIS RULE! You MUST NOT SAY other words.,(NO) The current partner scores higher in attractiveness and intelligence; which are highly weighted criteria for you. Despite the new woman having more shared interests; the overall weighted score favors the current partner.,524,550,552,0
Assume you are a 30-year-old man with career type Private Equity - Leveraged Buy-Outs; currently matched with a partner. Your current partner's scores (out of 10): attractiveness: 4.0/10; sincerity: 5.0/10; intelligence: 8.0/10; being funny: 5.0/10; ambition: 8.0/10; shared interests: 4.0/10. A new woman is courting you with scores: attractiveness: 5.0/10; sincerity: 7.0/10; intelligence: 7.0/10; being funny: 5.0/10; ambition: 5.0/10; shared interests: 1.0/10. Your importance weights are: attractiveness: 25.0; sincerity: 20.0; intelligence: 20.0; being funny: 20.0; ambition: 0.0; shared interests: 15.0. Would you leave your current partner for the new woman? Your answer must be (YES) or (NO) followed by your reason. You must FOLLOW THIS RULE! You MUST NOT SAY other words.,(NO) The current partner has a higher weighted score (160) compared to the new woman (150).,515,547,541,0
Assume you are a 30-year-old man with career type Consulting; currently matched with a partner. Your current partner's scores (out of 10): attractiveness: 8.0/10; sincerity: 8.0/10; intelligence: 8.0/10; being funny: 8.0/10; ambition: 9.0/10; shared interests: 9.0/10. A new woman is courting you with scores: attractiveness: 4.0/10; sincerity: 6.0/10; intelligence: 6.0/10; being funny: 6.0/10; ambition: 7.0/10; shared interests: 6.0/10. Your importance weights are: attractiveness: 35.0; sincerity: 10.0; intelligence: 20.0; being funny: 25.0; ambition: 5.0; shared interests: 5.0. Would you leave your current partner for the new woman? Your answer must be (YES) or (NO) followed by your reason. You must FOLLOW THIS RULE! You MUST NOT SAY other words.,(NO) The weighted score for the current partner is significantly higher; making them a much better match according to your priorities.,525,546,537,0
Assume you are a 24-year-old woman with career type Social Worker; currently matched with a partner. Your current partner's scores (out of 10): attractiveness: 8.0/10; sincerity: 7.0/10; intelligence: 7.0/10; being funny: 8.0/10; ambition: 2.0/10; shared interests: 5.0/10. A new man is courting you with scores: attractiveness: 7.0/10; sincerity: 5.0/10; intelligence: 8.0/10; being funny: 6.0/10; ambition: 8.0/10; shared interests: 2.0/10. Your importance weights are: attractiveness: 50.0; sincerity: 20.0; intelligence: 10.0; being funny: 5.0; ambition: 10.0; shared interests: 5.0. Would you leave your current partner for the new man? Your answer must be (YES) or (NO) followed by your reason. You must FOLLOW THIS RULE! You MUST NOT SAY other words.,(NO) Current partner has a higher weighted score.,548,527,518,0
Assume you are a 23-year-old man with career type To go into Finance; currently matched with a partner. Your current partner's scores (out of 10): attractiveness: 5.0/10; sincerity: 8.0/10; intelligence: 9.0/10; being funny: 7.0/10; ambition: 8.0/10; shared interests: 7.0/10. A new woman is courting you with scores: attractiveness: 6.0/10; sincerity: 5.0/10; intelligence: 4.0/10; being funny: 6.0/10; ambition: 7.0/10; shared interests: 2.0/10. Your importance weights are: attractiveness: 25.0; sincerity: 15.0; intelligence: 20.0; being funny: 20.0; ambition: 10.0; shared interests: 10.0. Would you leave your current partner for the new woman? Your answer must be (YES) or (NO) followed by your reason. You must FOLLOW THIS RULE! You MUST NOT SAY other words.,(NO) The scores of the new woman; when weighted by your importance criteria; are lower in most significant aspects like intelligence and shared interests; which are important for a deeper and more fulfilling relationship. Your current partner scores higher in intelligence and sincerity; which could contribute more to a stable and understanding relationship; aligning better with your values and long-term goals.,522,542,533,0
Assume you are a 30-year-old man with career type Finance; currently matched with a partner. Your current partner's scores (out of 10): attractiveness: 8.0/10; sincerity: 8.0/10; intelligence: 8.0/10; being funny: 8.0/10; ambition: 9.0/10; shared interests: 9.0/10. A new woman is courting you with scores: attractiveness: 5.0/10; sincerity: 8.0/10; intelligence: 6.0/10; being funny: 5.0/10; ambition: 4.0/10; shared interests: 4.0/10. Your importance weights are: attractiveness: 30.0; sincerity: 3.0; intelligence: 30.0; being funny: 30.0; ambition: 3.0; shared interests: 4.0. Would you leave your current partner for the new woman? Your answer must be (YES) or (NO) followed by your reason. You must FOLLOW THIS RULE! You MUST NOT SAY other words.,(NO) The weighted scores for the current partner are significantly higher in almost all categories; especially in attractiveness; being funny; and shared interests; which are highly important to you.,525,550,537,0
Assume you are a 24-year-old single woman; and there is a 28-year-old man who is courting you. Your career type is Social Worker. You evaluated him on six dimensions with scores out of 10. These are attractiveness: 4.0/10; sincerity: 6.0/10; intelligence: 7.0/10; being funny: 7.0/10; ambition: 8.0/10; shared interests: 4.0/10. Your importance weights for these attributes are: attractiveness: 50.0; sincerity: 20.0; intelligence: 10.0; being funny: 5.0; ambition: 10.0; shared interests: 5.0. Would you be willing to date this man? And also tell me the reason. Your answer must be (YES) or (NO) followed by your reason. You must FOLLOW THIS RULE! You MUST NOT SAY other words.,(NO) The weighted score for this man is calculated as (4*50 + 6*20 + 7*10 + 7*5 + 8*10 + 4*5) / 100 = 5.4. While he scores well in ambition; intelligence; and being funny; the low scores in attractiveness and shared interests; which together make up 55% of the total weight; significantly bring down the overall score. Given the high importance you place on attractiveness and shared interests; this score suggests the match is not strong enough to consider dating.,549,527,,0
Assume you are a 26-year-old man with career type ASIC Engineer; currently matched with a partner. Your current partner's scores (out of 10): attractiveness: 8.0/10; sincerity: 8.0/10; intelligence: 8.0/10; being funny: 8.0/10; ambition: 9.0/10; shared interests: 9.0/10. A new woman is courting you with scores: attractiveness: 6.0/10; sincerity: 7.0/10; intelligence: 6.0/10; being funny: 7.0/10; ambition: nan/10; shared interests: 5.0/10. Your importance weights are: attractiveness: 25.0; sincerity: 20.0; intelligence: 20.0; being funny: 20.0; ambition: 5.0; shared interests: 10.0. Would you leave your current partner for the new woman? Your answer must be (YES) or (NO) followed by your reason. You must FOLLOW THIS RULE! You MUST NOT SAY other words.,(NO) Your current partner has higher scores in all attributes you value; and the scores are more aligned with your priorities; especially in terms of ambition and shared interests.,525,532,537,0
Assume you are a 27-year-old man with career type Banking; currently matched with a partner. Your current partner's scores (out of 10): attractiveness: 4.0/10; sincerity: 3.0/10; intelligence: 9.0/10; being funny: 4.0/10; ambition: 9.0/10; shared interests: 5.0/10. A new woman is courting you with scores: attractiveness: 7.0/10; sincerity: 7.0/10; intelligence: 7.0/10; being funny: 7.0/10; ambition: 7.0/10; shared interests: 7.0/10. Your importance weights are: attractiveness: 40.0; sincerity: 20.0; intelligence: 20.0; being funny: 20.0; ambition: 0.0; shared interests: 0.0. Would you leave your current partner for the new woman? Your answer must be (YES) or (NO) followed by your reason. You must FOLLOW THIS RULE! You MUST NOT SAY other words.,(YES) The new woman scores higher in all categories that you value; particularly in attractiveness; which you weigh the most heavily. Your current partner; while scoring high in intelligence and ambition; does not align with your preference weights as closely as the new woman does.,526,551,531,1
Assume you are a 26-year-old single man; and there is a 24-year-old woman who is courting you. Your career type is ASIC Engineer. You evaluated her on six dimensions with scores out of 10. These are attractiveness: 7.0/10; sincerity: 6.0/10; intelligence: 7.0/10; being funny: 6.0/10; ambition: 5.0/10; shared interests: 5.0/10. Your importance weights for these attributes are: attractiveness: 25.0; sincerity: 20.0; intelligence: 20.0; being funny: 20.0; ambition: 5.0; shared interests: 10.0. Would you be willing to date this woman? And also tell me the reason. Your answer must be (YES) or (NO) followed by your reason. You must FOLLOW THIS RULE! You MUST NOT SAY other words.,(YES) The weighted scores for each attribute are calculated as follows: attractiveness (7.0 * 25.0 = 175); sincerity (6.0 * 20.0 = 120); intelligence (7.0 * 20.0 = 140); being funny (6.0 * 20.0 = 120); ambition (5.0 * 5.0 = 25); and shared interests (5.0 * 10.0 = 50). The total score is 630. Given the weights and scores; the overall compatibility seems positive; making it reasonable to consider dating.,527,532,,1
Assume you are a 30-year-old man with career type Consulting; currently matched with a partner. Your current partner's scores (out of 10): attractiveness: 4.0/10; sincerity: 7.0/10; intelligence: 8.0/10; being funny: 3.0/10; ambition: 8.0/10; shared interests: 2.0/10. A new woman is courting you with scores: attractiveness: 5.0/10; sincerity: 6.0/10; intelligence: 7.0/10; being funny: 7.0/10; ambition: 6.0/10; shared interests: 6.0/10. Your importance weights are: attractiveness: 35.0; sincerity: 10.0; intelligence: 20.0; being funny: 25.0; ambition: 5.0; shared interests: 5.0. Would you leave your current partner for the new woman? Your answer must be (YES) or (NO) followed by your reason. You must FOLLOW THIS RULE! You MUST NOT SAY other words.,(YES) The new woman scores higher in the areas that are most important to you; specifically in being funny and shared interests; which together make up 30% of your importance weights. Additionally; her overall score is more balanced and higher in attractiveness and intelligence. This suggests a potentially more fulfilling and enjoyable relationship; aligning better with your values and preferences.,527,546,532,1
Assume you are a 22-year-old single woman; and there is a 23-year-old man who is courting you. Your career type is dont know yet. You evaluated him on six dimensions with scores out of 10. These are attractiveness: 6.0/10; sincerity: 7.0/10; intelligence: 7.0/10; being funny: 8.0/10; ambition: 8.0/10; shared interests: 7.0/10. Your importance weights for these attributes are: attractiveness: 20.0; sincerity: 20.0; intelligence: 10.0; being funny: 15.0; ambition: 5.0; shared interests: 30.0. Would you be willing to date this man? And also tell me the reason. Your answer must be (YES) or (NO) followed by your reason. You must FOLLOW THIS RULE! You MUST NOT SAY other words.,(YES) The weighted scores for the man are calculated as follows: (6.0 * 20) + (7.0 * 20) + (7.0 * 10) + (8.0 * 15) + (8.0 * 5) + (7.0 * 30) = 120 + 140 + 70 + 120 + 40 + 210 = 600. The total possible score is 1000 (10 * (20+20+10+15+5+30)). His score is 60% of the maximum possible; which suggests a balanced and positive profile that aligns well with your values and interests. Therefore; based on the evaluation; it seems reasonable to be open to dating him.,542,530,,1
Assume you are a 30-year-old man with career type Finance; currently matched with a partner. Your current partner's scores (out of 10): attractiveness: 10.0/10; sincerity: 5.0/10; intelligence: 8.0/10; being funny: 6.0/10; ambition: 9.0/10; shared interests: 8.0/10. A new woman is courting you with scores: attractiveness: 4.0/10; sincerity: 5.0/10; intelligence: 6.0/10; being funny: 6.0/10; ambition: 4.0/10; shared interests: 4.0/10. Your importance weights are: attractiveness: 30.0; sincerity: 3.0; intelligence: 30.0; being funny: 30.0; ambition: 3.0; shared interests: 4.0. Would you leave your current partner for the new woman? Your answer must be (YES) or (NO) followed by your reason. You must FOLLOW THIS RULE! You MUST NOT SAY other words.,(NO) Your current partner has a significantly higher score in attractiveness and intelligence; which are highly weighted in your preference. Additionally; your current partner has a higher score in ambition and shared interests. The new woman does not bring a substantial improvement in any of the categories you value; and her scores are lower in the most important aspects to you.,526,550,551,0
Assume you are a 25-year-old man with career type TEACHING; currently matched with a partner. Your current partner's scores (out of 10): attractiveness: 3.0/10; sincerity: 3.0/10; intelligence: 4.0/10; being funny: 3.0/10; ambition: 2.0/10; shared interests: 2.0/10. A new woman is courting you with scores: attractiveness: 5.0/10; sincerity: 10.0/10; intelligence: 10.0/10; being funny: 8.0/10; ambition: 10.0/10; shared interests: 5.0/10. Your importance weights are: attractiveness: 15.0; sincerity: 30.0; intelligence: 20.0; being funny: 20.0; ambition: 10.0; shared interests: 5.0. Would you leave your current partner for the new woman? Your answer must be (YES) or (NO) followed by your reason. You must FOLLOW THIS RULE! You MUST NOT SAY other words.,(YES) The new woman scores significantly higher in sincerity; intelligence; being funny; and ambition; which are heavily weighted in your importance scale. Despite the slight increase in shared interests; the overall compatibility and potential for a more fulfilling relationship with the new woman justify considering a change.,511,531,539,1
Assume you are a 28-year-old man with career type General management/consulting; currently matched with a partner. Your current partner's scores (out of 10): attractiveness: 4.0/10; sincerity: 5.0/10; intelligence: 8.0/10; being funny: 5.0/10; ambition: 8.0/10; shared interests: 4.0/10. A new woman is courting you with scores: attractiveness: 6.0/10; sincerity: 7.0/10; intelligence: 7.0/10; being funny: 8.0/10; ambition: 7.0/10; shared interests: 5.0/10. Your importance weights are: attractiveness: 20.0; sincerity: 20.0; intelligence: 20.0; being funny: 20.0; ambition: 0.0; shared interests: 20.0. Would you leave your current partner for the new woman? Your answer must be (YES) or (NO) followed by your reason. You must FOLLOW THIS RULE! You MUST NOT SAY other words.,(NO) My current partner's weighted score is 4*2 + 5*2 + 8*2 + 5*2 + 8*0 + 4*2 = 44. The new woman's weighted score is 6*2 + 7*2 + 7*2 + 8*2 + 7*0 + 5*2 = 60. Although the new woman has a higher weighted score; leaving a partner should not be based solely on a score but also on the emotional connection and the effort put into the relationship.,515,549,541,0
Assume you are a 30-year-old man with career type Private Equity - Leveraged Buy-Outs; currently matched with a partner. Your current partner's scores (out of 10): attractiveness: 8.0/10; sincerity: 8.0/10; intelligence: 8.0/10; being funny: 8.0/10; ambition: 8.0/10; shared interests: 7.0/10. A new woman is courting you with scores: attractiveness: 5.0/10; sincerity: 7.0/10; intelligence: 7.0/10; being funny: 5.0/10; ambition: 5.0/10; shared interests: 1.0/10. Your importance weights are: attractiveness: 25.0; sincerity: 20.0; intelligence: 20.0; being funny: 20.0; ambition: 0.0; shared interests: 15.0. Would you leave your current partner for the new woman? Your answer must be (YES) or (NO) followed by your reason. You must FOLLOW THIS RULE! You MUST NOT SAY other words.,(NO) The weighted score calculation shows that the current partner has a total of 200 (8*25 + 8*20 + 8*20 + 8*20 + 8*0 + 7*15); while the new woman has a total of 140 (5*25 + 7*20 + 7*20 + 5*20 + 5*0 + 1*15). The current partner has a significantly higher total score; indicating a better match according to the given importance weights.,516,547,536,0
Assume you are a 30-year-old man with career type Finance; currently matched with a partner. Your current partner's scores (out of 10): attractiveness: 6.0/10; sincerity: 5.0/10; intelligence: 8.0/10; being funny: 8.0/10; ambition: 7.0/10; shared interests: 2.0/10. A new woman is courting you with scores: attractiveness: 5.0/10; sincerity: 5.0/10; intelligence: 6.0/10; being funny: 5.0/10; ambition: 5.0/10; shared interests: 4.0/10. Your importance weights are: attractiveness: 30.0; sincerity: 3.0; intelligence: 30.0; being funny: 30.0; ambition: 3.0; shared interests: 4.0. Would you leave your current partner for the new woman? Your answer must be (YES) or (NO) followed by your reason. You must FOLLOW THIS RULE! You MUST NOT SAY other words.,(NO) The current partner scores significantly higher in intelligence and being funny; which are heavily weighted in your preferences. Despite the new woman having a slight edge in shared interests and a small difference in attractiveness; the current relationship holds a stronger overall value based on your prioritized attributes.,527,550,546,0
Assume you are a 30-year-old man with career type Private Equity - Leveraged Buy-Outs; currently matched with a partner. Your current partner's scores (out of 10): attractiveness: 6.0/10; sincerity: 5.0/10; intelligence: 7.0/10; being funny: 7.0/10; ambition: 5.0/10; shared interests: 6.0/10. A new woman is courting you with scores: attractiveness: 4.0/10; sincerity: 7.0/10; intelligence: 6.0/10; being funny: 4.0/10; ambition: 2.0/10; shared interests: 1.0/10. Your importance weights are: attractiveness: 25.0; sincerity: 20.0; intelligence: 20.0; being funny: 20.0; ambition: 0.0; shared interests: 15.0. Would you leave your current partner for the new woman? Your answer must be (YES) or (NO) followed by your reason. You must FOLLOW THIS RULE! You MUST NOT SAY other words.,(NO) The weighted score for the current partner is higher (132) compared to the new woman (76); indicating a better overall match with the current partner.,511,547,531,0
Assume you are a 24-year-old man with career type software engr; network engr; currently matched with a partner. Your current partner's scores (out of 10): attractiveness: 6.0/10; sincerity: 5.0/10; intelligence: 7.0/10; being funny: 7.0/10; ambition: 5.0/10; shared interests: 6.0/10. A new woman is courting you with scores: attractiveness: 8.0/10; sincerity: 9.0/10; intelligence: 8.0/10; being funny: 8.0/10; ambition: 9.0/10; shared interests: 7.0/10. Your importance weights are: attractiveness: 30.0; sincerity: 30.0; intelligence: 30.0; being funny: 5.0; ambition: 2.0; shared interests: 3.0. Would you leave your current partner for the new woman? Your answer must be (YES) or (NO) followed by your reason. You must FOLLOW THIS RULE! You MUST NOT SAY other words.,(YES) The weighted score for the new woman is significantly higher (30*8 + 30*9 + 30*8 + 5*8 + 2*9 + 3*7 = 725) compared to the current partner (30*6 + 30*5 + 30*7 + 5*7 + 2*5 + 3*6 = 572); indicating a more compatible match based on your values.,511,534,531,1
Assume you are a 26-year-old man with career type ASIC Engineer; currently matched with a partner. Your current partner's scores (out of 10): attractiveness: 6.0/10; sincerity: 7.0/10; intelligence: 7.0/10; being funny: 5.0/10; ambition: 5.0/10; shared interests: nan/10. A new woman is courting you with scores: attractiveness: 6.0/10; sincerity: 8.0/10; intelligence: 9.0/10; being funny: 8.0/10; ambition: 8.0/10; shared interests: 8.0/10. Your importance weights are: attractiveness: 25.0; sincerity: 20.0; intelligence: 20.0; being funny: 20.0; ambition: 5.0; shared interests: 10.0. Would you leave your current partner for the new woman? Your answer must be (YES) or (NO) followed by your reason. You must FOLLOW THIS RULE! You MUST NOT SAY other words.,(YES) The new woman scores higher in all attributes except for attractiveness; where both partners score the same. Given the importance weights; the new woman's higher scores in sincerity; intelligence; being funny; ambition; and shared interests significantly increase her overall compatibility score; making her a more suitable match.,529,532,538,1
Assume you are a 32-year-old man with career type self-made millionare; currently matched with a partner. Your current partner's scores (out of 10): attractiveness: 5.0/10; sincerity: 5.0/10; intelligence: 8.0/10; being funny: 7.0/10; ambition: 6.0/10; shared interests: 6.0/10. A new woman is courting you with scores: attractiveness: 5.0/10; sincerity: 7.0/10; intelligence: 7.0/10; being funny: 5.0/10; ambition: 6.0/10; shared interests: 3.0/10. Your importance weights are: attractiveness: 50.0; sincerity: 0.0; intelligence: 10.0; being funny: 30.0; ambition: 0.0; shared interests: 10.0. Would you leave your current partner for the new woman? Your answer must be (YES) or (NO) followed by your reason. You must FOLLOW THIS RULE! You MUST NOT SAY other words.,(NO) The new woman scores lower in being funny and shared interests; which together with attractiveness; carry significant weight in your preferences. Despite her higher sincerity; the overall alignment with your values and preferences is better with your current partner.,511,538,534,0
Assume you are a 25-year-old man with career type TEACHING; currently matched with a partner. Your current partner's scores (out of 10): attractiveness: 7.0/10; sincerity: 8.0/10; intelligence: 9.0/10; being funny: 7.0/10; ambition: 4.0/10; shared interests: 4.0/10. A new woman is courting you with scores: attractiveness: 5.0/10; sincerity: 10.0/10; intelligence: 10.0/10; being funny: 8.0/10; ambition: 10.0/10; shared interests: 5.0/10. Your importance weights are: attractiveness: 15.0; sincerity: 30.0; intelligence: 20.0; being funny: 20.0; ambition: 10.0; shared interests: 5.0. Would you leave your current partner for the new woman? Your answer must be (YES) or (NO) followed by your reason. You must FOLLOW THIS RULE! You MUST NOT SAY other words.,(NO) Current partner's weighted score is 222.5; while the new woman's weighted score is 217.5. The current partner has a higher total score based on your importance weights.,514,531,544,0
Assume you are a 22-year-old man with career type Lawyer; currently matched with a partner. Your current partner's scores (out of 10): attractiveness: 7.0/10; sincerity: 8.0/10; intelligence: 9.0/10; being funny: 7.0/10; ambition: 4.0/10; shared interests: 4.0/10. A new woman is courting you with scores: attractiveness: 3.0/10; sincerity: 7.0/10; intelligence: 10.0/10; being funny: 8.0/10; ambition: 7.0/10; shared interests: 6.0/10. Your importance weights are: attractiveness: 30.0; sincerity: 10.0; intelligence: 20.0; being funny: 15.0; ambition: 15.0; shared interests: 10.0. Would you leave your current partner for the new woman? Your answer must be (YES) or (NO) followed by your reason. You must FOLLOW THIS RULE! You MUST NOT SAY other words.,(NO) The weighted score for the current partner is higher (314) compared to the new woman (261); indicating a better overall match with the current partner based on the given importance weights.,514,539,544,0
Assume you are a 30-year-old man with career type Finance; currently matched with a partner. Your current partner's scores (out of 10): attractiveness: 5.0/10; sincerity: 5.0/10; intelligence: 8.0/10; being funny: 7.0/10; ambition: 6.0/10; shared interests: 6.0/10. A new woman is courting you with scores: attractiveness: 5.0/10; sincerity: 4.0/10; intelligence: 5.0/10; being funny: 5.0/10; ambition: 5.0/10; shared interests: 4.0/10. Your importance weights are: attractiveness: 30.0; sincerity: 3.0; intelligence: 30.0; being funny: 30.0; ambition: 3.0; shared interests: 4.0. Would you leave your current partner for the new woman? Your answer must be (YES) or (NO) followed by your reason. You must FOLLOW THIS RULE! You MUST NOT SAY other words.,(NO) The current partner scores higher in intelligence and being funny; which are highly weighted in your preferences; and also shares more interests with you; making the overall compatibility better.,511,550,534,0
Assume you are a 22-year-old man with career type Lawyer; currently matched with a partner. Your current partner's scores (out of 10): attractiveness: 4.0/10; sincerity: 5.0/10; intelligence: 8.0/10; being funny: 5.0/10; ambition: 8.0/10; shared interests: 4.0/10. A new woman is courting you with scores: attractiveness: 8.0/10; sincerity: 5.0/10; intelligence: 8.0/10; being funny: 6.0/10; ambition: 5.0/10; shared interests: 7.0/10. Your importance weights are: attractiveness: 30.0; sincerity: 10.0; intelligence: 20.0; being funny: 15.0; ambition: 15.0; shared interests: 10.0. Would you leave your current partner for the new woman? Your answer must be (YES) or (NO) followed by your reason. You must FOLLOW THIS RULE! You MUST NOT SAY other words.,YES The new woman scores higher in attractiveness and shared interests; which are weighted more heavily in your criteria; and she also scores well in intelligence and being funny. This aligns better with your values and preferences.,515,539,541,1
Assume you are a 23-year-old man with career type Entrepreneur; currently matched with a partner. Your current partner's scores (out of 10): attractiveness: 8.0/10; sincerity: 8.0/10; intelligence: 8.0/10; being funny: 8.0/10; ambition: 8.0/10; shared interests: 7.0/10. A new woman is courting you with scores: attractiveness: 7.0/10; sincerity: 6.0/10; intelligence: 10.0/10; being funny: 7.0/10; ambition: 9.0/10; shared interests: 4.0/10. Your importance weights are: attractiveness: 40.0; sincerity: 30.0; intelligence: 0.0; being funny: 20.0; ambition: 0.0; shared interests: 10.0. Would you leave your current partner for the new woman? Your answer must be (YES) or (NO) followed by your reason. You must FOLLOW THIS RULE! You MUST NOT SAY other words.,(NO) The current partner scores higher in the weighted attributes that are most important to you; especially attractiveness and sincerity; which carry significant weight in your decision-making process. Despite the new woman's higher intelligence and ambition; these traits are not valued in your importance weights; and the lower score in shared interests further diminishes the overall appeal.,516,541,536,0
Assume you are a 30-year-old man with career type Private Equity - Leveraged Buy-Outs; currently matched with a partner. Your current partner's scores (out of 10): attractiveness: 8.0/10; sincerity: 8.0/10; intelligence: 8.0/10; being funny: 8.0/10; ambition: 9.0/10; shared interests: 9.0/10. A new woman is courting you with scores: attractiveness: 3.0/10; sincerity: 5.0/10; intelligence: 6.0/10; being funny: 6.0/10; ambition: 3.0/10; shared interests: 1.0/10. Your importance weights are: attractiveness: 25.0; sincerity: 20.0; intelligence: 20.0; being funny: 20.0; ambition: 0.0; shared interests: 15.0. Would you leave your current partner for the new woman? Your answer must be (YES) or (NO) followed by your reason. You must FOLLOW THIS RULE! You MUST NOT SAY other words.,(NO) Your current partner aligns much more closely with your importance weights; particularly in areas you value highly such as attractiveness; sincerity; intelligence; and shared interests. The new woman's scores are significantly lower in these areas; making it a poor match according to your criteria.,525,547,537,0
Assume you are a 24-year-old man with career type Academic Work; Consultant; currently matched with a partner. Your current partner's scores (out of 10): attractiveness: 9.0/10; sincerity: 7.0/10; intelligence: 8.0/10; being funny: 6.0/10; ambition: 7.0/10; shared interests: nan/10. A new woman is courting you with scores: attractiveness: 7.0/10; sincerity: 6.0/10; intelligence: 6.0/10; being funny: 7.0/10; ambition: 7.0/10; shared interests: 4.0/10. Your importance weights are: attractiveness: 20.0; sincerity: 15.0; intelligence: 20.0; being funny: 20.0; ambition: 15.0; shared interests: 10.0. Would you leave your current partner for the new woman? Your answer must be (YES) or (NO) followed by your reason. You must FOLLOW THIS RULE! You MUST NOT SAY other words.,(NO) The current partner has a higher weighted score (235) compared to the new woman (195). The significant difference in attractiveness and intelligence; which are highly weighted; favors the current partner.,518,540,548,0
Assume you are a 30-year-old man with career type Private Equity - Leveraged Buy-Outs; currently matched with a partner. Your current partner's scores (out of 10): attractiveness: 10.0/10; sincerity: 5.0/10; intelligence: 8.0/10; being funny: 6.0/10; ambition: 9.0/10; shared interests: 8.0/10. A new woman is courting you with scores: attractiveness: 3.0/10; sincerity: 6.0/10; intelligence: 7.0/10; being funny: 6.0/10; ambition: 3.0/10; shared interests: 1.0/10. Your importance weights are: attractiveness: 25.0; sincerity: 20.0; intelligence: 20.0; being funny: 20.0; ambition: 0.0; shared interests: 15.0. Would you leave your current partner for the new woman? Your answer must be (YES) or (NO) followed by your reason. You must FOLLOW THIS RULE! You MUST NOT SAY other words.,(NO) Your current partner scores significantly higher in the categories you value most; particularly in attractiveness and shared interests. The new woman does not align well with your priorities; especially in terms of attractiveness and shared interests; which are weighted heavily in your criteria.,526,547,551,0
Assume you are a 25-year-old man with career type TEACHING; currently matched with a partner. Your current partner's scores (out of 10): attractiveness: 8.0/10; sincerity: 8.0/10; intelligence: 8.0/10; being funny: 8.0/10; ambition: 8.0/10; shared interests: 7.0/10. A new woman is courting you with scores: attractiveness: 10.0/10; sincerity: 8.0/10; intelligence: 10.0/10; being funny: 10.0/10; ambition: 10.0/10; shared interests: 5.0/10. Your importance weights are: attractiveness: 15.0; sincerity: 30.0; intelligence: 20.0; being funny: 20.0; ambition: 10.0; shared interests: 5.0. Would you leave your current partner for the new woman? Your answer must be (YES) or (NO) followed by your reason. You must FOLLOW THIS RULE! You MUST NOT SAY other words.,NO The total score for your current partner is 76.5 (8*15 + 8*30 + 8*20 + 8*20 + 8*10 + 7*5); while the new woman's total score is 75.5 (10*15 + 8*30 + 10*20 + 10*20 + 10*10 + 5*5). Despite the new woman scoring higher in most areas; the difference in shared interests and the overall total score make staying with your current partner the better choice based on your values.,516,531,536,0
Assume you are a 25-year-old man with career type TEACHING; currently matched with a partner. Your current partner's scores (out of 10): attractiveness: 8.0/10; sincerity: 6.0/10; intelligence: 7.0/10; being funny: 7.0/10; ambition: 6.0/10; shared interests: 4.0/10. A new woman is courting you with scores: attractiveness: 5.0/10; sincerity: 10.0/10; intelligence: 10.0/10; being funny: 10.0/10; ambition: 10.0/10; shared interests: 3.0/10. Your importance weights are: attractiveness: 15.0; sincerity: 30.0; intelligence: 20.0; being funny: 20.0; ambition: 10.0; shared interests: 5.0. Would you leave your current partner for the new woman? Your answer must be (YES) or (NO) followed by your reason. You must FOLLOW THIS RULE! You MUST NOT SAY other words.,(NO) The current partner scores higher in the overall weighted average; which is more important given your stated values; despite the new woman's high scores in sincerity; intelligence; and being funny.,524,531,552,0
Assume you are a 32-year-old man with career type self-made millionare; currently matched with a partner. Your current partner's scores (out of 10): attractiveness: 7.0/10; sincerity: 8.0/10; intelligence: 9.0/10; being funny: 7.0/10; ambition: 4.0/10; shared interests: 4.0/10. A new woman is courting you with scores: attractiveness: 3.0/10; sincerity: 7.0/10; intelligence: 6.0/10; being funny: 7.0/10; ambition: 5.0/10; shared interests: 5.0/10. Your importance weights are: attractiveness: 50.0; sincerity: 0.0; intelligence: 10.0; being funny: 30.0; ambition: 0.0; shared interests: 10.0. Would you leave your current partner for the new woman? Your answer must be (YES) or (NO) followed by your reason. You must FOLLOW THIS RULE! You MUST NOT SAY other words.,(NO) The current partner's weighted score is higher (390) compared to the new woman's (170).,514,538,544,0
Assume you are a 24-year-old man with career type Academic Work; Consultant; currently matched with a partner. Your current partner's scores (out of 10): attractiveness: 5.0/10; sincerity: 8.0/10; intelligence: 9.0/10; being funny: 7.0/10; ambition: 8.0/10; shared interests: 7.0/10. A new woman is courting you with scores: attractiveness: 6.0/10; sincerity: 7.0/10; intelligence: 8.0/10; being funny: 7.0/10; ambition: 5.0/10; shared interests: 3.0/10. Your importance weights are: attractiveness: 20.0; sincerity: 15.0; intelligence: 20.0; being funny: 20.0; ambition: 15.0; shared interests: 10.0. Would you leave your current partner for the new woman? Your answer must be (YES) or (NO) followed by your reason. You must FOLLOW THIS RULE! You MUST NOT SAY other words.,(NO) The new woman scores higher in attractiveness but significantly lower in shared interests and ambition; which; when weighted; result in a lower overall score compared to your current partner.,522,540,533,0
Assume you are a 24-year-old man with career type Academic Work; Consultant; currently matched with a partner. Your current partner's scores (out of 10): attractiveness: 8.0/10; sincerity: 6.0/10; intelligence: 7.0/10; being funny: 7.0/10; ambition: 6.0/10; shared interests: 4.0/10. A new woman is courting you with scores: attractiveness: 7.0/10; sincerity: 7.0/10; intelligence: 7.0/10; being funny: 8.0/10; ambition: 5.0/10; shared interests: 5.0/10. Your importance weights are: attractiveness: 20.0; sincerity: 15.0; intelligence: 20.0; being funny: 20.0; ambition: 15.0; shared interests: 10.0. Would you leave your current partner for the new woman? Your answer must be (YES) or (NO) followed by your reason. You must FOLLOW THIS RULE! You MUST NOT SAY other words.,(NO) The current partner has a higher weighted score when considering the importance weights you've provided. Current partner's weighted score is 160; while the new woman's weighted score is 155.,524,540,552,0
Assume you are a 23-year-old man with career type Entrepreneur; currently matched with a partner. Your current partner's scores (out of 10): attractiveness: 10.0/10; sincerity: 10.0/10; intelligence: 10.0/10; being funny: 10.0/10; ambition: 10.0/10; shared interests: 10.0/10. A new woman is courting you with scores: attractiveness: 1.0/10; sincerity: 5.0/10; intelligence: 8.0/10; being funny: 5.0/10; ambition: 9.0/10; shared interests: 9.0/10. Your importance weights are: attractiveness: 40.0; sincerity: 30.0; intelligence: 0.0; being funny: 20.0; ambition: 0.0; shared interests: 10.0. Would you leave your current partner for the new woman? Your answer must be (YES) or (NO) followed by your reason. You must FOLLOW THIS RULE! You MUST NOT SAY other words.,(NO) The current partner aligns much more closely with your importance weights; especially in terms of attractiveness and sincerity; which you value highly.,523,541,543,0
Assume you are a 32-year-old man with career type self-made millionare; currently matched with a partner. Your current partner's scores (out of 10): attractiveness: 4.0/10; sincerity: 4.0/10; intelligence: 7.0/10; being funny: 6.0/10; ambition: 8.0/10; shared interests: 3.0/10. A new woman is courting you with scores: attractiveness: 5.0/10; sincerity: 4.0/10; intelligence: 7.0/10; being funny: 4.0/10; ambition: 7.0/10; shared interests: 4.0/10. Your importance weights are: attractiveness: 50.0; sincerity: 0.0; intelligence: 10.0; being funny: 30.0; ambition: 0.0; shared interests: 10.0. Would you leave your current partner for the new woman? Your answer must be (YES) or (NO) followed by your reason. You must FOLLOW THIS RULE! You MUST NOT SAY other words.,(NO) Current partner's weighted score (4*50 + 7*10 + 6*30 + 3*10) 390 is higher than the new woman's weighted score (5*50 + 7*10 + 4*30 + 4*10) 380.,515,538,539,0
Assume you are a 30-year-old man with career type Private Equity - Leveraged Buy-Outs; currently matched with a partner. Your current partner's scores (out of 10): attractiveness: 6.0/10; sincerity: 5.0/10; intelligence: 8.0/10; being funny: 8.0/10; ambition: 7.0/10; shared interests: 2.0/10. A new woman is courting you with scores: attractiveness: 6.0/10; sincerity: 6.0/10; intelligence: 5.0/10; being funny: 4.0/10; ambition: 3.0/10; shared interests: 1.0/10. Your importance weights are: attractiveness: 25.0; sincerity: 20.0; intelligence: 20.0; being funny: 20.0; ambition: 0.0; shared interests: 15.0. Would you leave your current partner for the new woman? Your answer must be (YES) or (NO) followed by your reason. You must FOLLOW THIS RULE! You MUST NOT SAY other words.,(NO) The weighted score for your current partner is higher than that of the new woman; particularly due to the higher scores in intelligence; being funny; and shared interests; which are important to you.,527,547,546,0
Assume you are a 32-year-old man with career type self-made millionare; currently matched with a partner. Your current partner's scores (out of 10): attractiveness: 5.0/10; sincerity: 8.0/10; intelligence: 9.0/10; being funny: 7.0/10; ambition: 8.0/10; shared interests: 7.0/10. A new woman is courting you with scores: attractiveness: 6.0/10; sincerity: 6.0/10; intelligence: 6.0/10; being funny: 6.0/10; ambition: 5.0/10; shared interests: 5.0/10. Your importance weights are: attractiveness: 50.0; sincerity: 0.0; intelligence: 10.0; being funny: 30.0; ambition: 0.0; shared interests: 10.0. Would you leave your current partner for the new woman? Your answer must be (YES) or (NO) followed by your reason. You must FOLLOW THIS RULE! You MUST NOT SAY other words.,(NO) Your current partner scores higher in the attributes you value most; particularly in intelligence and being funny; which outweigh the new woman's slightly higher attractiveness.,522,538,533,0
Assume you are a 28-year-old man with career type General management/consulting; currently matched with a partner. Your current partner's scores (out of 10): attractiveness: 8.0/10; sincerity: 8.0/10; intelligence: 8.0/10; being funny: 8.0/10; ambition: 8.0/10; shared interests: 7.0/10. A new woman is courting you with scores: attractiveness: 5.0/10; sincerity: 7.0/10; intelligence: 6.0/10; being funny: 6.0/10; ambition: 6.0/10; shared interests: 6.0/10. Your importance weights are: attractiveness: 20.0; sincerity: 20.0; intelligence: 20.0; being funny: 20.0; ambition: 0.0; shared interests: 20.0. Would you leave your current partner for the new woman? Your answer must be (YES) or (NO) followed by your reason. You must FOLLOW THIS RULE! You MUST NOT SAY other words.,(NO) The weighted score for the current partner is higher (160) compared to the new woman (120); making the current partner a more aligned match based on your given importance weights.,516,549,536,0
Assume you are a 28-year-old man with career type General management/consulting; currently matched with a partner. Your current partner's scores (out of 10): attractiveness: 9.0/10; sincerity: 7.0/10; intelligence: 8.0/10; being funny: 6.0/10; ambition: 7.0/10; shared interests: nan/10. A new woman is courting you with scores: attractiveness: 7.0/10; sincerity: 7.0/10; intelligence: 8.0/10; being funny: 8.0/10; ambition: 7.0/10; shared interests: 6.0/10. Your importance weights are: attractiveness: 20.0; sincerity: 20.0; intelligence: 20.0; being funny: 20.0; ambition: 0.0; shared interests: 20.0. Would you leave your current partner for the new woman? Your answer must be (YES) or (NO) followed by your reason. You must FOLLOW THIS RULE! You MUST NOT SAY other words.,(NO) The weighted scores for the current partner are higher in attractiveness; which you value highly; and the new woman does not offer a significant enough overall advantage considering your weights.,518,549,548,0
Assume you are a 30-year-old man with career type Finance; currently matched with a partner. Your current partner's scores (out of 10): attractiveness: 7.0/10; sincerity: 8.0/10; intelligence: 9.0/10; being funny: 7.0/10; ambition: 4.0/10; shared interests: 4.0/10. A new woman is courting you with scores: attractiveness: 4.0/10; sincerity: 5.0/10; intelligence: 5.0/10; being funny: 8.0/10; ambition: 5.0/10; shared interests: 4.0/10. Your importance weights are: attractiveness: 30.0; sincerity: 3.0; intelligence: 30.0; being funny: 30.0; ambition: 3.0; shared interests: 4.0. Would you leave your current partner for the new woman? Your answer must be (YES) or (NO) followed by your reason. You must FOLLOW THIS RULE! You MUST NOT SAY other words.,(NO) The current partner has a higher weighted score; which is more aligned with your values and preferences; especially in the areas of intelligence and being funny; which you value highly.,514,550,544,0
Assume you are a 23-year-old man with career type Entrepreneur; currently matched with a partner. Your current partner's scores (out of 10): attractiveness: 5.0/10; sincerity: 5.0/10; intelligence: 8.0/10; being funny: 7.0/10; ambition: 6.0/10; shared interests: 6.0/10. A new woman is courting you with scores: attractiveness: 5.0/10; sincerity: 7.0/10; intelligence: 10.0/10; being funny: 5.0/10; ambition: 10.0/10; shared interests: 5.0/10. Your importance weights are: attractiveness: 40.0; sincerity: 30.0; intelligence: 0.0; being funny: 20.0; ambition: 0.0; shared interests: 10.0. Would you leave your current partner for the new woman? Your answer must be (YES) or (NO) followed by your reason. You must FOLLOW THIS RULE! You MUST NOT SAY other words.,(NO) The weighted score for the current partner is 280 (5*40 + 5*30 + 8*0 + 7*20 + 6*0 + 6*10); while the new woman's weighted score is 275 (5*40 + 7*30 + 10*0 + 5*20 + 10*0 + 5*10). The current partner has a higher score according to your preferences.,511,541,534,0
Assume you are a 30-year-old man with career type Finance; currently matched with a partner. Your current partner's scores (out of 10): attractiveness: 10.0/10; sincerity: 10.0/10; intelligence: 10.0/10; being funny: 10.0/10; ambition: 10.0/10; shared interests: 10.0/10. A new woman is courting you with scores: attractiveness: 3.0/10; sincerity: 5.0/10; intelligence: 5.0/10; being funny: 5.0/10; ambition: 5.0/10; shared interests: 3.0/10. Your importance weights are: attractiveness: 30.0; sincerity: 3.0; intelligence: 30.0; being funny: 30.0; ambition: 3.0; shared interests: 4.0. Would you leave your current partner for the new woman? Your answer must be (YES) or (NO) followed by your reason. You must FOLLOW THIS RULE! You MUST NOT SAY other words.,(NO) Your current partner scores perfectly in all criteria you find important; while the new woman scores significantly lower. The weights you place on attractiveness and being funny are very high; and the new woman does not meet these standards. Your current relationship seems to be a better match for you based on your values and preferences.,523,550,543,0
Assume you are a 24-year-old man with career type Academic Work; Consultant; currently matched with a partner. Your current partner's scores (out of 10): attractiveness: 8.0/10; sincerity: 8.0/10; intelligence: 8.0/10; being funny: 8.0/10; ambition: 9.0/10; shared interests: 9.0/10. A new woman is courting you with scores: attractiveness: 6.0/10; sincerity: 7.0/10; intelligence: 5.0/10; being funny: 6.0/10; ambition: 7.0/10; shared interests: 3.0/10. Your importance weights are: attractiveness: 20.0; sincerity: 15.0; intelligence: 20.0; being funny: 20.0; ambition: 15.0; shared interests: 10.0. Would you leave your current partner for the new woman? Your answer must be (YES) or (NO) followed by your reason. You must FOLLOW THIS RULE! You MUST NOT SAY other words.,(NO) The weighted score for your current partner is significantly higher; indicating a more compatible and fulfilling relationship based on your values and the qualities you find important in a partner.,525,540,537,0
Assume you are a 32-year-old man with career type self-made millionare; currently matched with a partner. Your current partner's scores (out of 10): attractiveness: 10.0/10; sincerity: 10.0/10; intelligence: 10.0/10; being funny: 10.0/10; ambition: 10.0/10; shared interests: 10.0/10. A new woman is courting you with scores: attractiveness: 4.0/10; sincerity: 6.0/10; intelligence: 5.0/10; being funny: 6.0/10; ambition: 5.0/10; shared interests: 5.0/10. Your importance weights are: attractiveness: 50.0; sincerity: 0.0; intelligence: 10.0; being funny: 30.0; ambition: 0.0; shared interests: 10.0. Would you leave your current partner for the new woman? Your answer must be (YES) or (NO) followed by your reason. You must FOLLOW THIS RULE! You MUST NOT SAY other words.,(NO) The weighted score for the current partner is significantly higher; indicating a much stronger compatibility according to your preferences.,523,538,543,0
Assume you are a 28-year-old man with career type General management/consulting; currently matched with a partner. Your current partner's scores (out of 10): attractiveness: 5.0/10; sincerity: 8.0/10; intelligence: 9.0/10; being funny: 7.0/10; ambition: 8.0/10; shared interests: 7.0/10. A new woman is courting you with scores: attractiveness: 6.0/10; sincerity: 8.0/10; intelligence: 8.0/10; being funny: 8.0/10; ambition: 7.0/10; shared interests: 5.0/10. Your importance weights are: attractiveness: 20.0; sincerity: 20.0; intelligence: 20.0; being funny: 20.0; ambition: 0.0; shared interests: 20.0. Would you leave your current partner for the new woman? Your answer must be (YES) or (NO) followed by your reason. You must FOLLOW THIS RULE! You MUST NOT SAY other words.,(NO) Your current partner scores higher in total when weighted by your preferences (186) compared to the new woman (168). Therefore; based on your given criteria; it is not advisable to leave your current partner.,522,549,533,0
Assume you are a 25-year-old man with career type TEACHING; currently matched with a partner. Your current partner's scores (out of 10): attractiveness: 5.0/10; sincerity: 7.0/10; intelligence: 5.0/10; being funny: 4.0/10; ambition: 5.0/10; shared interests: 4.0/10. A new woman is courting you with scores: attractiveness: 5.0/10; sincerity: 10.0/10; intelligence: 10.0/10; being funny: 5.0/10; ambition: 10.0/10; shared interests: 8.0/10. Your importance weights are: attractiveness: 15.0; sincerity: 30.0; intelligence: 20.0; being funny: 20.0; ambition: 10.0; shared interests: 5.0. Would you leave your current partner for the new woman? Your answer must be (YES) or (NO) followed by your reason. You must FOLLOW THIS RULE! You MUST NOT SAY other words.,(YES) The new woman scores significantly higher in sincerity; intelligence; ambition; and shared interests; which are highly valued by you; leading to a much higher overall compatibility score.,529,531,532,1
Assume you are a 30-year-old man with career type Private Equity - Leveraged Buy-Outs; currently matched with a partner. Your current partner's scores (out of 10): attractiveness: 4.0/10; sincerity: 6.0/10; intelligence: 5.0/10; being funny: 5.0/10; ambition: 6.0/10; shared interests: 5.0/10. A new woman is courting you with scores: attractiveness: 2.0/10; sincerity: 7.0/10; intelligence: 7.0/10; being funny: 3.0/10; ambition: 6.0/10; shared interests: 1.0/10. Your importance weights are: attractiveness: 25.0; sincerity: 20.0; intelligence: 20.0; being funny: 20.0; ambition: 0.0; shared interests: 15.0. Would you leave your current partner for the new woman? Your answer must be (YES) or (NO) followed by your reason. You must FOLLOW THIS RULE! You MUST NOT SAY other words.,(NO) The weighted score for the current partner is 100 (4*25 + 6*20 + 5*20 + 5*20 + 6*0 + 5*15); while the weighted score for the new woman is 84 (2*25 + 7*20 + 7*20 + 3*20 + 6*0 + 1*15). The current partner has a higher weighted score and thus aligns better with your importance weights.,529,547,531,0
Assume you are a 26-year-old man with career type ASIC Engineer; currently matched with a partner. Your current partner's scores (out of 10): attractiveness: 6.0/10; sincerity: 7.0/10; intelligence: 7.0/10; being funny: 8.0/10; ambition: 8.0/10; shared interests: 7.0/10. A new woman is courting you with scores: attractiveness: 7.0/10; sincerity: 8.0/10; intelligence: 8.0/10; being funny: 7.0/10; ambition: 8.0/10; shared interests: 9.0/10. Your importance weights are: attractiveness: 25.0; sincerity: 20.0; intelligence: 20.0; being funny: 20.0; ambition: 5.0; shared interests: 10.0. Would you leave your current partner for the new woman? Your answer must be (YES) or (NO) followed by your reason. You must FOLLOW THIS RULE! You MUST NOT SAY other words.,(NO) The new woman scores higher in sincerity; intelligence; and shared interests; but the current partner has a higher score in being funny; which is weighted equally with sincerity and intelligence. The most significant difference is in attractiveness; where the new woman scores higher; but the current partner's scores align more closely with your overall values; especially in the high-weighted category of being funny. Therefore; the current relationship seems to align better with your weighted preferences.,530,532,542,0
Assume you are a 24-year-old man with career type Academic Work; Consultant; currently matched with a partner. Your current partner's scores (out of 10): attractiveness: 10.0/10; sincerity: 5.0/10; intelligence: 8.0/10; being funny: 6.0/10; ambition: 9.0/10; shared interests: 8.0/10. A new woman is courting you with scores: attractiveness: 6.0/10; sincerity: 5.0/10; intelligence: 5.0/10; being funny: 6.0/10; ambition: 4.0/10; shared interests: 3.0/10. Your importance weights are: attractiveness: 20.0; sincerity: 15.0; intelligence: 20.0; being funny: 20.0; ambition: 15.0; shared interests: 10.0. Would you leave your current partner for the new woman? Your answer must be (YES) or (NO) followed by your reason. You must FOLLOW THIS RULE! You MUST NOT SAY other words.,(NO) The weighted score for the current partner is higher (20*10 + 15*5 + 20*8 + 20*6 + 15*9 + 10*8 = 758) compared to the new woman (20*6 + 15*5 + 20*5 + 20*6 + 15*4 + 10*3 = 385).,526,540,551,0
Assume you are a 32-year-old man with career type self-made millionare; currently matched with a partner. Your current partner's scores (out of 10): attractiveness: 8.0/10; sincerity: 6.0/10; intelligence: 7.0/10; being funny: 7.0/10; ambition: 6.0/10; shared interests: 4.0/10. A new woman is courting you with scores: attractiveness: 7.0/10; sincerity: 7.0/10; intelligence: 6.0/10; being funny: 7.0/10; ambition: 6.0/10; shared interests: 6.0/10. Your importance weights are: attractiveness: 50.0; sincerity: 0.0; intelligence: 10.0; being funny: 30.0; ambition: 0.0; shared interests: 10.0. Would you leave your current partner for the new woman? Your answer must be (YES) or (NO) followed by your reason. You must FOLLOW THIS RULE! You MUST NOT SAY other words.,(NO) The weighted score for your current partner is higher (415) compared to the new woman (360).,524,538,552,0
Assume you are a 24-year-old man with career type Academic Work; Consultant; currently matched with a partner. Your current partner's scores (out of 10): attractiveness: 6.0/10; sincerity: 7.0/10; intelligence: 7.0/10; being funny: 8.0/10; ambition: 8.0/10; shared interests: 7.0/10. A new woman is courting you with scores: attractiveness: 5.0/10; sincerity: 6.0/10; intelligence: 6.0/10; being funny: 7.0/10; ambition: 5.0/10; shared interests: 5.0/10. Your importance weights are: attractiveness: 20.0; sincerity: 15.0; intelligence: 20.0; being funny: 20.0; ambition: 15.0; shared interests: 10.0. Would you leave your current partner for the new woman? Your answer must be (YES) or (NO) followed by your reason. You must FOLLOW THIS RULE! You MUST NOT SAY other words.,(NO) The current partner scores higher in almost all categories that are important to you; especially in being funny and ambition; which are weighted significantly. The new woman's lower scores in these key areas mean that she does not offer a compelling reason to leave your current relationship.,530,540,542,0
Assume you are a 23-year-old man with career type Entrepreneur; currently matched with a partner. Your current partner's scores (out of 10): attractiveness: 7.0/10; sincerity: 8.0/10; intelligence: 9.0/10; being funny: 7.0/10; ambition: 4.0/10; shared interests: 4.0/10. A new woman is courting you with scores: attractiveness: 4.0/10; sincerity: 5.0/10; intelligence: 9.0/10; being funny: 7.0/10; ambition: 8.0/10; shared interests: 5.0/10. Your importance weights are: attractiveness: 40.0; sincerity: 30.0; intelligence: 0.0; being funny: 20.0; ambition: 0.0; shared interests: 10.0. Would you leave your current partner for the new woman? Your answer must be (YES) or (NO) followed by your reason. You must FOLLOW THIS RULE! You MUST NOT SAY other words.,(NO) The current partner scores higher in the attributes that are most important to you (attractiveness; sincerity; being funny); even though the new woman is more ambitious and has more shared interests. Based on your weights; the current partner's value (7*40 + 8*30 + 7*20 + 4*10 = 280 + 240 + 140 + 40 = 700) is higher than the new woman's value (4*40 + 5*30 + 7*20 + 5*10 = 160 + 150 + 140 + 50 = 500). Therefore; staying with your current partner aligns better with your values.,514,541,544,0
Assume you are a 28-year-old man with career type General management/consulting; currently matched with a partner. Your current partner's scores (out of 10): attractiveness: 10.0/10; sincerity: 10.0/10; intelligence: 10.0/10; being funny: 10.0/10; ambition: 10.0/10; shared interests: 10.0/10. A new woman is courting you with scores: attractiveness: 3.0/10; sincerity: 7.0/10; intelligence: 6.0/10; being funny: 8.0/10; ambition: 9.0/10; shared interests: 5.0/10. Your importance weights are: attractiveness: 20.0; sincerity: 20.0; intelligence: 20.0; being funny: 20.0; ambition: 0.0; shared interests: 20.0. Would you leave your current partner for the new woman? Your answer must be (YES) or (NO) followed by your reason. You must FOLLOW THIS RULE! You MUST NOT SAY other words.,(NO) Your current partner matches perfectly with your preferences and scores maximum in all the categories that you value; including attractiveness; sincerity; intelligence; being funny; and shared interests. The new woman; despite having some positive qualities; does not come close to the high standards set by your current partner; especially in terms of attractiveness and shared interests; which are highly important to you.,523,549,543,0
Assume you are a 23-year-old man with career type Entrepreneur; currently matched with a partner. Your current partner's scores (out of 10): attractiveness: 5.0/10; sincerity: 8.0/10; intelligence: 9.0/10; being funny: 7.0/10; ambition: 8.0/10; shared interests: 7.0/10. A new woman is courting you with scores: attractiveness: 7.0/10; sincerity: 6.0/10; intelligence: 9.0/10; being funny: 8.0/10; ambition: 8.0/10; shared interests: 6.0/10. Your importance weights are: attractiveness: 40.0; sincerity: 30.0; intelligence: 0.0; being funny: 20.0; ambition: 0.0; shared interests: 10.0. Would you leave your current partner for the new woman? Your answer must be (YES) or (NO) followed by your reason. You must FOLLOW THIS RULE! You MUST NOT SAY other words.,NO Your current partner scores higher in the areas you value most; namely sincerity and being funny; despite the new woman having a higher attractiveness score. Your current partner also shares more interests with you; which is important according to your weights.,522,541,533,0
Assume you are a 28-year-old man with career type General management/consulting; currently matched with a partner. Your current partner's scores (out of 10): attractiveness: 10.0/10; sincerity: 5.0/10; intelligence: 8.0/10; being funny: 6.0/10; ambition: 9.0/10; shared interests: 8.0/10. A new woman is courting you with scores: attractiveness: 2.0/10; sincerity: 7.0/10; intelligence: 7.0/10; being funny: 8.0/10; ambition: 7.0/10; shared interests: 6.0/10. Your importance weights are: attractiveness: 20.0; sincerity: 20.0; intelligence: 20.0; being funny: 20.0; ambition: 0.0; shared interests: 20.0. Would you leave your current partner for the new woman? Your answer must be (YES) or (NO) followed by your reason. You must FOLLOW THIS RULE! You MUST NOT SAY other words.,(NO) Your current partner scores significantly higher in attractiveness; which you value highly; and in shared interests. Despite the new woman's higher scores in sincerity; being funny; and intelligence; the total weighted score of your current partner is still higher based on your priorities.,526,549,551,0
Assume you are a 28-year-old man with career type General management/consulting; currently matched with a partner. Your current partner's scores (out of 10): attractiveness: 6.0/10; sincerity: 5.0/10; intelligence: 8.0/10; being funny: 8.0/10; ambition: 7.0/10; shared interests: 2.0/10. A new woman is courting you with scores: attractiveness: 5.0/10; sincerity: 7.0/10; intelligence: 7.0/10; being funny: 7.0/10; ambition: 8.0/10; shared interests: 6.0/10. Your importance weights are: attractiveness: 20.0; sincerity: 20.0; intelligence: 20.0; being funny: 20.0; ambition: 0.0; shared interests: 20.0. Would you leave your current partner for the new woman? Your answer must be (YES) or (NO) followed by your reason. You must FOLLOW THIS RULE! You MUST NOT SAY other words.,(NO) The weighted score for your current partner is slightly higher (184) compared to the new woman (174); especially when considering the high importance you place on shared interests; where the new woman scores significantly lower.,527,549,546,0
Assume you are a 30-year-old man with career type Finance; currently matched with a partner. Your current partner's scores (out of 10): attractiveness: 4.0/10; sincerity: 6.0/10; intelligence: 5.0/10; being funny: 5.0/10; ambition: 6.0/10; shared interests: 5.0/10. A new woman is courting you with scores: attractiveness: 4.0/10; sincerity: 7.0/10; intelligence: 6.0/10; being funny: 3.0/10; ambition: 6.0/10; shared interests: 2.0/10. Your importance weights are: attractiveness: 30.0; sincerity: 3.0; intelligence: 30.0; being funny: 30.0; ambition: 3.0; shared interests: 4.0. Would you leave your current partner for the new woman? Your answer must be (YES) or (NO) followed by your reason. You must FOLLOW THIS RULE! You MUST NOT SAY other words.,(NO) The new woman's lower scores in being funny and shared interests; which are weighted heavily; decrease her overall compatibility score compared to your current partner.,529,550,531,0
Assume you are a 28-year-old man with career type General management/consulting; currently matched with a partner. Your current partner's scores (out of 10): attractiveness: 4.0/10; sincerity: 6.0/10; intelligence: 5.0/10; being funny: 5.0/10; ambition: 6.0/10; shared interests: 5.0/10. A new woman is courting you with scores: attractiveness: 4.0/10; sincerity: 7.0/10; intelligence: 6.0/10; being funny: 6.0/10; ambition: 7.0/10; shared interests: 6.0/10. Your importance weights are: attractiveness: 20.0; sincerity: 20.0; intelligence: 20.0; being funny: 20.0; ambition: 0.0; shared interests: 20.0. Would you leave your current partner for the new woman? Your answer must be (YES) or (NO) followed by your reason. You must FOLLOW THIS RULE! You MUST NOT SAY other words.,(NO) The total weighted score for the current partner is 140 (4*20 + 6*20 + 5*20 + 5*20 + 6*0 + 5*20); while the new woman's total weighted score is 144 (4*20 + 7*20 + 6*20 + 6*20 + 7*0 + 6*20). Although the new woman has a slightly higher total score; the difference is not enough to justify leaving a current relationship; as stability and existing emotional investment should also be valuable considerations.,529,549,531,0
Assume you are a 30-year-old man with career type Finance; currently matched with a partner. Your current partner's scores (out of 10): attractiveness: 6.0/10; sincerity: 7.0/10; intelligence: 7.0/10; being funny: 8.0/10; ambition: 8.0/10; shared interests: 7.0/10. A new woman is courting you with scores: attractiveness: 4.0/10; sincerity: 7.0/10; intelligence: 6.0/10; being funny: 3.0/10; ambition: 6.0/10; shared interests: 2.0/10. Your importance weights are: attractiveness: 30.0; sincerity: 3.0; intelligence: 30.0; being funny: 30.0; ambition: 3.0; shared interests: 4.0. Would you leave your current partner for the new woman? Your answer must be (YES) or (NO) followed by your reason. You must FOLLOW THIS RULE! You MUST NOT SAY other words.,(NO) The weighted score for the current partner is higher; indicating a more compatible match based on the given criteria and personal values.,530,550,542,0
Assume you are a 24-year-old man with career type Academic Work; Consultant; currently matched with a partner. Your current partner's scores (out of 10): attractiveness: 6.0/10; sincerity: 5.0/10; intelligence: 8.0/10; being funny: 8.0/10; ambition: 7.0/10; shared interests: 2.0/10. A new woman is courting you with scores: attractiveness: 5.0/10; sincerity: 5.0/10; intelligence: 6.0/10; being funny: 3.0/10; ambition: 5.0/10; shared interests: 2.0/10. Your importance weights are: attractiveness: 20.0; sincerity: 15.0; intelligence: 20.0; being funny: 20.0; ambition: 15.0; shared interests: 10.0. Would you leave your current partner for the new woman? Your answer must be (YES) or (NO) followed by your reason. You must FOLLOW THIS RULE! You MUST NOT SAY other words.,(NO) The new woman does not score as highly in the categories that are most important to you; particularly in intelligence and being funny; which you value very highly. Additionally; the shared interests are equally low in both; and your current partner has a higher overall attractiveness; which is also important to you.,527,540,546,0
Assume you are a 24-year-old man with career type Academic Work; Consultant; currently matched with a partner. Your current partner's scores (out of 10): attractiveness: 4.0/10; sincerity: 6.0/10; intelligence: 5.0/10; being funny: 5.0/10; ambition: 6.0/10; shared interests: 5.0/10. A new woman is courting you with scores: attractiveness: 4.0/10; sincerity: 5.0/10; intelligence: 5.0/10; being funny: 4.0/10; ambition: 3.0/10; shared interests: 2.0/10. Your importance weights are: attractiveness: 20.0; sincerity: 15.0; intelligence: 20.0; being funny: 20.0; ambition: 15.0; shared interests: 10.0. Would you leave your current partner for the new woman? Your answer must be (YES) or (NO) followed by your reason. You must FOLLOW THIS RULE! You MUST NOT SAY other words.,(NO) The new woman's scores in most categories are lower than your current partner's; especially in ambition and shared interests; which are important to you. Your current partner's higher scores in sincerity and ambition; along with equal or better scores in other attributes; suggest staying in the current relationship.,529,540,531,0
Assume you are a 26-year-old man with career type ASIC Engineer; currently matched with a partner. Your current partner's scores (out of 10): attractiveness: 7.0/10; sincerity: 8.0/10; intelligence: 9.0/10; being funny: 7.0/10; ambition: 4.0/10; shared interests: 4.0/10. A new woman is courting you with scores: attractiveness: 6.0/10; sincerity: 8.0/10; intelligence: 8.0/10; being funny: 8.0/10; ambition: 5.0/10; shared interests: 6.0/10. Your importance weights are: attractiveness: 25.0; sincerity: 20.0; intelligence: 20.0; being funny: 20.0; ambition: 5.0; shared interests: 10.0. Would you leave your current partner for the new woman? Your answer must be (YES) or (NO) followed by your reason. You must FOLLOW THIS RULE! You MUST NOT SAY other words.,(NO) Your current partner has a higher total score based on your importance weights (185) compared to the new woman (165).,514,532,544,0
Assume you are a 24-year-old man with career type Academic Work; Consultant; currently matched with a partner. Your current partner's scores (out of 10): attractiveness: 10.0/10; sincerity: 10.0/10; intelligence: 10.0/10; being funny: 10.0/10; ambition: 10.0/10; shared interests: 10.0/10. A new woman is courting you with scores: attractiveness: 5.0/10; sincerity: 3.0/10; intelligence: 2.0/10; being funny: 4.0/10; ambition: 2.0/10; shared interests: 1.0/10. Your importance weights are: attractiveness: 20.0; sincerity: 15.0; intelligence: 20.0; being funny: 20.0; ambition: 15.0; shared interests: 10.0. Would you leave your current partner for the new woman? Your answer must be (YES) or (NO) followed by your reason. You must FOLLOW THIS RULE! You MUST NOT SAY other words.,(NO) Your current partner meets all your criteria with perfect scores; while the new woman's scores are significantly lower across all attributes that you value.,523,540,543,0
Assume you are a 28-year-old man with career type General management/consulting; currently matched with a partner. Your current partner's scores (out of 10): attractiveness: 6.0/10; sincerity: 7.0/10; intelligence: 7.0/10; being funny: 8.0/10; ambition: 8.0/10; shared interests: 7.0/10. A new woman is courting you with scores: attractiveness: 4.0/10; sincerity: 7.0/10; intelligence: 7.0/10; being funny: 7.0/10; ambition: 7.0/10; shared interests: 6.0/10. Your importance weights are: attractiveness: 20.0; sincerity: 20.0; intelligence: 20.0; being funny: 20.0; ambition: 0.0; shared interests: 20.0. Would you leave your current partner for the new woman? Your answer must be (YES) or (NO) followed by your reason. You must FOLLOW THIS RULE! You MUST NOT SAY other words.,(NO) The weighted score for your current partner is 660; while the new woman's weighted score is 620. Staying with your current partner aligns better with your values and preferences.,530,549,542,0
Assume you are a 32-year-old man with career type self-made millionare; currently matched with a partner. Your current partner's scores (out of 10): attractiveness: 10.0/10; sincerity: 5.0/10; intelligence: 8.0/10; being funny: 6.0/10; ambition: 9.0/10; shared interests: 8.0/10. A new woman is courting you with scores: attractiveness: 3.0/10; sincerity: 6.0/10; intelligence: 5.0/10; being funny: 6.0/10; ambition: 5.0/10; shared interests: 4.0/10. Your importance weights are: attractiveness: 50.0; sincerity: 0.0; intelligence: 10.0; being funny: 30.0; ambition: 0.0; shared interests: 10.0. Would you leave your current partner for the new woman? Your answer must be (YES) or (NO) followed by your reason. You must FOLLOW THIS RULE! You MUST NOT SAY other words.,(NO) The new woman's scores in the areas I value most; particularly attractiveness and ambition; are significantly lower than those of my current partner. Even though she scores higher in sincerity; which my current partner lacks; the overall weighted value of my current relationship far exceeds that of a potential relationship with the new woman.,526,538,551,0
Assume you are a 26-year-old man with career type ASIC Engineer; currently matched with a partner. Your current partner's scores (out of 10): attractiveness: 4.0/10; sincerity: 4.0/10; intelligence: 7.0/10; being funny: 6.0/10; ambition: 8.0/10; shared interests: 3.0/10. A new woman is courting you with scores: attractiveness: 6.0/10; sincerity: 6.0/10; intelligence: 5.0/10; being funny: 6.0/10; ambition: 4.0/10; shared interests: 2.0/10. Your importance weights are: attractiveness: 25.0; sincerity: 20.0; intelligence: 20.0; being funny: 20.0; ambition: 5.0; shared interests: 10.0. Would you leave your current partner for the new woman? Your answer must be (YES) or (NO) followed by your reason. You must FOLLOW THIS RULE! You MUST NOT SAY other words.,(NO) The weighted score for the current partner (256.5) is higher than the new woman (230).,515,532,539,0
Assume you are a 26-year-old man with career type ASIC Engineer; currently matched with a partner. Your current partner's scores (out of 10): attractiveness: 9.0/10; sincerity: 7.0/10; intelligence: 8.0/10; being funny: 6.0/10; ambition: 7.0/10; shared interests: nan/10. A new woman is courting you with scores: attractiveness: 8.0/10; sincerity: 8.0/10; intelligence: 7.0/10; being funny: 7.0/10; ambition: 7.0/10; shared interests: 5.0/10. Your importance weights are: attractiveness: 25.0; sincerity: 20.0; intelligence: 20.0; being funny: 20.0; ambition: 5.0; shared interests: 10.0. Would you leave your current partner for the new woman? Your answer must be (YES) or (NO) followed by your reason. You must FOLLOW THIS RULE! You MUST NOT SAY other words.,(NO) The weighted score for the current partner is higher (254) compared to the new woman (225). Shared interests; though not heavily weighted; still contribute to relationship satisfaction; and the current partner maintains a higher overall score.,518,532,548,0
Assume you are a 26-year-old man with career type ASIC Engineer; currently matched with a partner. Your current partner's scores (out of 10): attractiveness: 5.0/10; sincerity: 8.0/10; intelligence: 9.0/10; being funny: 7.0/10; ambition: 8.0/10; shared interests: 7.0/10. A new woman is courting you with scores: attractiveness: 8.0/10; sincerity: 8.0/10; intelligence: 8.0/10; being funny: 7.0/10; ambition: 8.0/10; shared interests: 5.0/10. Your importance weights are: attractiveness: 25.0; sincerity: 20.0; intelligence: 20.0; being funny: 20.0; ambition: 5.0; shared interests: 10.0. Would you leave your current partner for the new woman? Your answer must be (YES) or (NO) followed by your reason. You must FOLLOW THIS RULE! You MUST NOT SAY other words.,(NO) The current partner has a higher weighted score (215) compared to the new woman (205); making the current relationship more aligned with your values and preferences.,522,532,533,0
Assume you are a 32-year-old man with career type self-made millionare; currently matched with a partner. Your current partner's scores (out of 10): attractiveness: 8.0/10; sincerity: 8.0/10; intelligence: 8.0/10; being funny: 8.0/10; ambition: 8.0/10; shared interests: 7.0/10. A new woman is courting you with scores: attractiveness: 6.0/10; sincerity: 3.0/10; intelligence: 5.0/10; being funny: 6.0/10; ambition: 5.0/10; shared interests: 4.0/10. Your importance weights are: attractiveness: 50.0; sincerity: 0.0; intelligence: 10.0; being funny: 30.0; ambition: 0.0; shared interests: 10.0. Would you leave your current partner for the new woman? Your answer must be (YES) or (NO) followed by your reason. You must FOLLOW THIS RULE! You MUST NOT SAY other words.,(NO) The weighted score for the current partner is 510; while the weighted score for the new woman is 400. The current partner aligns better with your preferences.,516,538,536,0
Assume you are a 32-year-old man with career type self-made millionare; currently matched with a partner. Your current partner's scores (out of 10): attractiveness: 8.0/10; sincerity: 8.0/10; intelligence: 8.0/10; being funny: 8.0/10; ambition: 9.0/10; shared interests: 9.0/10. A new woman is courting you with scores: attractiveness: 3.0/10; sincerity: 5.0/10; intelligence: 7.0/10; being funny: 5.0/10; ambition: 5.0/10; shared interests: 4.0/10. Your importance weights are: attractiveness: 50.0; sincerity: 0.0; intelligence: 10.0; being funny: 30.0; ambition: 0.0; shared interests: 10.0. Would you leave your current partner for the new woman? Your answer must be (YES) or (NO) followed by your reason. You must FOLLOW THIS RULE! You MUST NOT SAY other words.,(NO) The current partner has a much higher weighted score based on the given importance weights; making the current relationship more valuable according to your criteria.,525,538,537,0
Assume you are a 26-year-old man with career type ASIC Engineer; currently matched with a partner. Your current partner's scores (out of 10): attractiveness: 10.0/10; sincerity: 5.0/10; intelligence: 8.0/10; being funny: 6.0/10; ambition: 9.0/10; shared interests: 8.0/10. A new woman is courting you with scores: attractiveness: 6.0/10; sincerity: 7.0/10; intelligence: 8.0/10; being funny: 7.0/10; ambition: 6.0/10; shared interests: 5.0/10. Your importance weights are: attractiveness: 25.0; sincerity: 20.0; intelligence: 20.0; being funny: 20.0; ambition: 5.0; shared interests: 10.0. Would you leave your current partner for the new woman? Your answer must be (YES) or (NO) followed by your reason. You must FOLLOW THIS RULE! You MUST NOT SAY other words.,(NO) The weighted score for the current partner is higher; indicating a better match based on your priorities.,526,532,551,0
Assume you are a 32-year-old man with career type self-made millionare; currently matched with a partner. Your current partner's scores (out of 10): attractiveness: 6.0/10; sincerity: 5.0/10; intelligence: 8.0/10; being funny: 8.0/10; ambition: 7.0/10; shared interests: 2.0/10. A new woman is courting you with scores: attractiveness: 4.0/10; sincerity: 4.0/10; intelligence: 5.0/10; being funny: 3.0/10; ambition: 4.0/10; shared interests: 3.0/10. Your importance weights are: attractiveness: 50.0; sincerity: 0.0; intelligence: 10.0; being funny: 30.0; ambition: 0.0; shared interests: 10.0. Would you leave your current partner for the new woman? Your answer must be (YES) or (NO) followed by your reason. You must FOLLOW THIS RULE! You MUST NOT SAY other words.,(NO) The weighted score of the current partner is higher (410) compared to the new woman (260); making the current relationship more valuable based on the given importance weights.,527,538,546,0
Assume you are a 32-year-old man with career type self-made millionare; currently matched with a partner. Your current partner's scores (out of 10): attractiveness: 4.0/10; sincerity: 6.0/10; intelligence: 5.0/10; being funny: 5.0/10; ambition: 6.0/10; shared interests: 5.0/10. A new woman is courting you with scores: attractiveness: 3.0/10; sincerity: 8.0/10; intelligence: 6.0/10; being funny: 5.0/10; ambition: 5.0/10; shared interests: 4.0/10. Your importance weights are: attractiveness: 50.0; sincerity: 0.0; intelligence: 10.0; being funny: 30.0; ambition: 0.0; shared interests: 10.0. Would you leave your current partner for the new woman? Your answer must be (YES) or (NO) followed by your reason. You must FOLLOW THIS RULE! You MUST NOT SAY other words.,(NO) The current partner scores higher in attractiveness; which you value significantly (50.0). Despite the new woman's higher sincerity and intelligence; the high importance you place on attractiveness makes staying with your current partner the better choice.,529,538,531,0
Assume you are a 26-year-old man with career type ASIC Engineer; currently matched with a partner. Your current partner's scores (out of 10): attractiveness: 8.0/10; sincerity: 8.0/10; intelligence: 8.0/10; being funny: 8.0/10; ambition: 8.0/10; shared interests: 7.0/10. A new woman is courting you with scores: attractiveness: 7.0/10; sincerity: 4.0/10; intelligence: 7.0/10; being funny: 3.0/10; ambition: 5.0/10; shared interests: 3.0/10. Your importance weights are: attractiveness: 25.0; sincerity: 20.0; intelligence: 20.0; being funny: 20.0; ambition: 5.0; shared interests: 10.0. Would you leave your current partner for the new woman? Your answer must be (YES) or (NO) followed by your reason. You must FOLLOW THIS RULE! You MUST NOT SAY other words.,(NO) The weighted score for the current partner is significantly higher due to higher scores in all attributes; especially in sincerity and being funny; which are highly valued. The new woman's lower scores; particularly in sincerity and shared interests; do not justify leaving the current relationship.,516,532,536,0
Assume you are a 23-year-old man with career type Entrepreneur; currently matched with a partner. Your current partner's scores (out of 10): attractiveness: 8.0/10; sincerity: 6.0/10; intelligence: 7.0/10; being funny: 7.0/10; ambition: 6.0/10; shared interests: 4.0/10. A new woman is courting you with scores: attractiveness: 7.0/10; sincerity: 8.0/10; intelligence: 9.0/10; being funny: 8.0/10; ambition: 7.0/10; shared interests: 8.0/10. Your importance weights are: attractiveness: 40.0; sincerity: 30.0; intelligence: 0.0; being funny: 20.0; ambition: 0.0; shared interests: 10.0. Would you leave your current partner for the new woman? Your answer must be (YES) or (NO) followed by your reason. You must FOLLOW THIS RULE! You MUST NOT SAY other words.,NO The current partner scores higher in the weighted attributes; particularly in attractiveness; which is highly weighted. Despite the new woman having higher scores in sincerity; intelligence; being funny; and shared interests; the overall calculated value based on your weights is higher with your current partner.,524,541,552,0
Assume you are a 23-year-old man with career type Entrepreneur; currently matched with a partner. Your current partner's scores (out of 10): attractiveness: 6.0/10; sincerity: 5.0/10; intelligence: 8.0/10; being funny: 8.0/10; ambition: 7.0/10; shared interests: 2.0/10. A new woman is courting you with scores: attractiveness: 4.0/10; sincerity: 9.0/10; intelligence: 8.0/10; being funny: 6.0/10; ambition: 7.0/10; shared interests: 5.0/10. Your importance weights are: attractiveness: 40.0; sincerity: 30.0; intelligence: 0.0; being funny: 20.0; ambition: 0.0; shared interests: 10.0. Would you leave your current partner for the new woman? Your answer must be (YES) or (NO) followed by your reason. You must FOLLOW THIS RULE! You MUST NOT SAY other words.,(NO) The current partner scores higher in the weighted criteria; especially in attractiveness and being funny; which are highly valued. Despite the new woman's higher sincerity and shared interests; the overall weighted score favors the current partner.,527,541,546,0
Assume you are a 23-year-old man with career type Entrepreneur; currently matched with a partner. Your current partner's scores (out of 10): attractiveness: 9.0/10; sincerity: 7.0/10; intelligence: 8.0/10; being funny: 6.0/10; ambition: 7.0/10; shared interests: nan/10. A new woman is courting you with scores: attractiveness: 6.0/10; sincerity: 7.0/10; intelligence: 6.0/10; being funny: 8.0/10; ambition: 6.0/10; shared interests: 4.0/10. Your importance weights are: attractiveness: 40.0; sincerity: 30.0; intelligence: 0.0; being funny: 20.0; ambition: 0.0; shared interests: 10.0. Would you leave your current partner for the new woman? Your answer must be (YES) or (NO) followed by your reason. You must FOLLOW THIS RULE! You MUST NOT SAY other words.,(NO) The total score for the current partner is 370 (9*40 + 7*30 + 8*0 + 6*20 + 7*0 + 0*10) and for the new woman is 300 (6*40 + 7*30 + 6*0 + 8*20 + 6*0 + 4*10). The current partner has a higher score.,518,541,548,0
Assume you are a 23-year-old man with career type Entrepreneur; currently matched with a partner. Your current partner's scores (out of 10): attractiveness: 10.0/10; sincerity: 5.0/10; intelligence: 8.0/10; being funny: 6.0/10; ambition: 9.0/10; shared interests: 8.0/10. A new woman is courting you with scores: attractiveness: nan/10; sincerity: 7.0/10; intelligence: 8.0/10; being funny: 5.0/10; ambition: 6.0/10; shared interests: 6.0/10. Your importance weights are: attractiveness: 40.0; sincerity: 30.0; intelligence: 0.0; being funny: 20.0; ambition: 0.0; shared interests: 10.0. Would you leave your current partner for the new woman? Your answer must be (YES) or (NO) followed by your reason. You must FOLLOW THIS RULE! You MUST NOT SAY other words.,(NO) The current partner has a higher score in attractiveness; which is heavily weighted in your preferences. Despite the new woman scoring higher in sincerity and being funny; the lack of attractiveness score and lower shared interests do not outweigh the high attractiveness of your current partner.,526,541,551,0
Assume you are a 23-year-old man with career type Entrepreneur; currently matched with a partner. Your current partner's scores (out of 10): attractiveness: 4.0/10; sincerity: 6.0/10; intelligence: 5.0/10; being funny: 5.0/10; ambition: 6.0/10; shared interests: 5.0/10. A new woman is courting you with scores: attractiveness: 3.0/10; sincerity: 8.0/10; intelligence: 8.0/10; being funny: 7.0/10; ambition: 8.0/10; shared interests: 8.0/10. Your importance weights are: attractiveness: 40.0; sincerity: 30.0; intelligence: 0.0; being funny: 20.0; ambition: 0.0; shared interests: 10.0. Would you leave your current partner for the new woman? Your answer must be (YES) or (NO) followed by your reason. You must FOLLOW THIS RULE! You MUST NOT SAY other words.,NO Because the weighted score of the current partner (640) is higher than the new woman's weighted score (610).,529,541,531,0
Assume you are a 32-year-old man with career type self-made millionare; currently matched with a partner. Your current partner's scores (out of 10): attractiveness: 6.0/10; sincerity: 7.0/10; intelligence: 7.0/10; being funny: 8.0/10; ambition: 8.0/10; shared interests: 7.0/10. A new woman is courting you with scores: attractiveness: 5.0/10; sincerity: 6.0/10; intelligence: 5.0/10; being funny: 5.0/10; ambition: 5.0/10; shared interests: 3.0/10. Your importance weights are: attractiveness: 50.0; sincerity: 0.0; intelligence: 10.0; being funny: 30.0; ambition: 0.0; shared interests: 10.0. Would you leave your current partner for the new woman? Your answer must be (YES) or (NO) followed by your reason. You must FOLLOW THIS RULE! You MUST NOT SAY other words.,(NO) The new woman scores significantly lower in the attributes you value most; namely attractiveness and being funny; and also in shared interests. Your current partner aligns much better with your preferences.,530,538,542,0
Assume you are a 23-year-old man with career type Entrepreneur; currently matched with a partner. Your current partner's scores (out of 10): attractiveness: 6.0/10; sincerity: 7.0/10; intelligence: 7.0/10; being funny: 8.0/10; ambition: 8.0/10; shared interests: 7.0/10. A new woman is courting you with scores: attractiveness: 4.0/10; sincerity: 8.0/10; intelligence: 8.0/10; being funny: 3.0/10; ambition: 7.0/10; shared interests: 5.0/10. Your importance weights are: attractiveness: 40.0; sincerity: 30.0; intelligence: 0.0; being funny: 20.0; ambition: 0.0; shared interests: 10.0. Would you leave your current partner for the new woman? Your answer must be (YES) or (NO) followed by your reason. You must FOLLOW THIS RULE! You MUST NOT SAY other words.,(NO) The weighted score for the current partner is higher (290) compared to the new woman (190); indicating a better overall match with the current partner according to your values.,530,541,542,0
Assume you are a 23-year-old man with career type Entrepreneur; currently matched with a partner. Your current partner's scores (out of 10): attractiveness: 8.0/10; sincerity: 8.0/10; intelligence: 8.0/10; being funny: 8.0/10; ambition: 9.0/10; shared interests: 9.0/10. A new woman is courting you with scores: attractiveness: 2.0/10; sincerity: 3.0/10; intelligence: 7.0/10; being funny: 6.0/10; ambition: 5.0/10; shared interests: 5.0/10. Your importance weights are: attractiveness: 40.0; sincerity: 30.0; intelligence: 0.0; being funny: 20.0; ambition: 0.0; shared interests: 10.0. Would you leave your current partner for the new woman? Your answer must be (YES) or (NO) followed by your reason. You must FOLLOW THIS RULE! You MUST NOT SAY other words.,(NO) The new woman's scores; when weighted by your preferences; are significantly lower than those of your current partner. Specifically; her low scores in attractiveness and sincerity; which you value highly; make her a less suitable match compared to your current partner.,525,541,537,0
