{
  "threshold_S": 8.4,
  "threshold_S2": 7.2,
  "threshold_used_for_fitting": 7.2,
  "positive_diff_count": 883,
  "positive_diff_percentage": 75.59931506849315,
  "lambda_mle": 0.010005354600408823,
  "lambda_mse": 0.010005354600408823,
  "lambda_curvefit": 4.4952571823905134e-14,
  "total_decisions": 1168,
  "single_decisions": 327,
  "switch_decisions": 841
}