Assume you are a 28-year-old single man; and there is a 22-year-old woman who is courting you. Your career type is Writer. You evaluated her on six dimensions with scores out of 10. These are attractiveness: 6.0/10; sincerity: 7.0/10; intelligence: 8.0/10; being funny: 6.0/10; ambition: 9.0/10; shared interests: 8.0/10. Your importance weights for these attributes are: attractiveness: 20.0; sincerity: 20.0; intelligence: 15.0; being funny: 15.0; ambition: 5.0; shared interests: 25.0. Would you be willing to date this woman? And also tell me the reason. Your answer must be (YES) or (NO) followed by your reason. You must FOLLOW THIS RULE! You MUST NOT SAY other words.,YES. Her high scores in sincerity (7.0); intelligence (8.0); and shared interests (8.0); which are weighted heavily (20.0; 15.0; and 25.0 respectively); outweigh the lower scores in attractiveness (6.0) and being funny (6.0); making her a good match overall.,77,110,,1
Assume you are a 27-year-old single man; and there is a 23-year-old woman who is courting you. Your career type is research in industry or academia. You evaluated her on six dimensions with scores out of 10. These are attractiveness: 10.0/10; sincerity: 10.0/10; intelligence: 10.0/10; being funny: 10.0/10; ambition: 10.0/10; shared interests: 10.0/10. Your importance weights for these attributes are: attractiveness: 20.0; sincerity: 15.0; intelligence: 25.0; being funny: 15.0; ambition: 20.0; shared interests: 5.0. Would you be willing to date this woman? And also tell me the reason. Your answer must be (YES) or (NO) followed by your reason. You must FOLLOW THIS RULE! You MUST NOT SAY other words.,(YES) She scores perfectly in all dimensions that are highly important to you; including intelligence; attractiveness; sincerity; ambition; and humor; making her an ideal match.,90,104,,1
Assume you are a 25-year-old man with career type film; currently matched with a partner. Your current partner's scores (out of 10): attractiveness: 8.0/10; sincerity: 9.0/10; intelligence: 8.0/10; being funny: 9.0/10; ambition: 9.0/10; shared interests: 8.0/10. A new woman is courting you with scores: attractiveness: 7.0/10; sincerity: 10.0/10; intelligence: 8.0/10; being funny: 7.0/10; ambition: 5.0/10; shared interests: 4.0/10. Your importance weights are: attractiveness: 15.0; sincerity: 10.0; intelligence: 30.0; being funny: 10.0; ambition: 5.0; shared interests: 30.0. Would you leave your current partner for the new woman? Your answer must be (YES) or (NO) followed by your reason. You must FOLLOW THIS RULE! You MUST NOT SAY other words.,NO. The new woman scores significantly lower in shared interests (30.0 weight) and ambition (5.0 weight); which are important to you; outweighing her higher sincerity. Your current partner aligns better with your priorities.,77,109,110,0
Assume you are a 23-year-old single woman; and there is a 25-year-old man who is courting you. Your career type is Clinical Social Worker. You evaluated him on six dimensions with scores out of 10. These are attractiveness: 6.0/10; sincerity: 9.0/10; intelligence: 10.0/10; being funny: 10.0/10; ambition: 10.0/10; shared interests: 8.0/10. Your importance weights for these attributes are: attractiveness: 15.0; sincerity: 15.0; intelligence: 20.0; being funny: 15.0; ambition: 20.0; shared interests: 15.0. Would you be willing to date this man? And also tell me the reason. Your answer must be (YES) or (NO) followed by your reason. You must FOLLOW THIS RULE! You MUST NOT SAY other words.,YES. The man scores highly in sincerity; intelligence; humor; ambition; and shared interests—traits that align well with your weighted priorities. His lower attractiveness score is offset by his strengths in more important areas.,105,88,,1
Assume you are a 25-year-old woman with career type Lawyer; currently matched with a partner. Your current partner's scores (out of 10): attractiveness: 7.0/10; sincerity: 8.0/10; intelligence: 8.0/10; being funny: 8.0/10; ambition: 7.0/10; shared interests: 7.0/10. A new man is courting you with scores: attractiveness: 7.0/10; sincerity: 10.0/10; intelligence: 10.0/10; being funny: 10.0/10; ambition: 10.0/10; shared interests: 10.0/10. Your importance weights are: attractiveness: 15.0; sincerity: 3.0; intelligence: 50.0; being funny: 20.0; ambition: 2.0; shared interests: 10.0. Would you leave your current partner for the new man? Your answer must be (YES) or (NO) followed by your reason. You must FOLLOW THIS RULE! You MUST NOT SAY other words.,YES. The new man scores significantly higher in intelligence (50.0 weight) and being funny (20.0 weight); which are your top priorities; outweighing the marginal differences in other categories.,105,91,88,1
Assume you are a 26-year-old single man; and there is a 26-year-old woman who is courting you. Your career type is Academic or Research staff. You evaluated her on six dimensions with scores out of 10. These are attractiveness: 8.0/10; sincerity: 9.0/10; intelligence: 9.0/10; being funny: 9.0/10; ambition: 8.0/10; shared interests: 8.0/10. Your importance weights for these attributes are: attractiveness: 10.0; sincerity: 20.0; intelligence: 20.0; being funny: 22.0; ambition: 6.0; shared interests: 22.0. Would you be willing to date this woman? And also tell me the reason. Your answer must be (YES) or (NO) followed by your reason. You must FOLLOW THIS RULE! You MUST NOT SAY other words.,(YES) Her high scores in sincerity; intelligence; being funny; and shared interests align closely with your highest-weighted attributes; making her a strong match despite slightly lower scores in attractiveness and ambition; which you weight less heavily.,79,96,,1
Assume you are a 35-year-old single woman; and there is a 28-year-old man who is courting you. Your career type is Economic research. You evaluated him on six dimensions with scores out of 10. These are attractiveness: 4.0/10; sincerity: 6.0/10; intelligence: 7.0/10; being funny: 6.0/10; ambition: 9.0/10; shared interests: 8.0/10. Your importance weights for these attributes are: attractiveness: 10.0; sincerity: 32.0; intelligence: 20.0; being funny: 12.0; ambition: 11.0; shared interests: 15.0. Would you be willing to date this man? And also tell me the reason. Your answer must be (YES) or (NO) followed by your reason. You must FOLLOW THIS RULE! You MUST NOT SAY other words.,NO. The weighted score (4.0*10 + 6.0*32 + 7.0*20 + 6.0*12 + 9.0*11 + 8.0*15 = 40 + 192 + 140 + 72 + 99 + 120 = 663) is below your likely threshold; especially given sincerity (a highly weighted attribute) is only 6.0/10.,94,83,,0
Assume you are a 29-year-old single woman; and there is a 28-year-old man who is courting you. Your career type is Education Administration. You evaluated him on six dimensions with scores out of 10. These are attractiveness: 6.0/10; sincerity: 6.0/10; intelligence: 7.0/10; being funny: 7.0/10; ambition: 8.0/10; shared interests: 6.0/10. Your importance weights for these attributes are: attractiveness: 14.0; sincerity: 20.0; intelligence: 18.0; being funny: 24.0; ambition: 18.0; shared interests: 6.0. Would you be willing to date this man? And also tell me the reason. Your answer must be (YES) or (NO) followed by your reason. You must FOLLOW THIS RULE! You MUST NOT SAY other words.,YES. The weighted score (attractiveness: 0.84; sincerity: 1.2; intelligence: 1.26; being funny: 1.68; ambition: 1.44; shared interests: 0.36) sums to 6.78/10; which meets a reasonable threshold for dating given his strengths in humor and ambition; which are highly weighted for you.,94,93,,1
Assume you are a 22-year-old woman with career type Professor of Media Studies; currently matched with a partner. Your current partner's scores (out of 10): attractiveness: 7.0/10; sincerity: 9.0/10; intelligence: 9.0/10; being funny: 8.0/10; ambition: 6.0/10; shared interests: 7.0/10. A new man is courting you with scores: attractiveness: 5.0/10; sincerity: 7.0/10; intelligence: 8.0/10; being funny: 9.0/10; ambition: 5.0/10; shared interests: nan/10. Your importance weights are: attractiveness: 15.0; sincerity: 20.0; intelligence: 20.0; being funny: 20.0; ambition: 5.0; shared interests: 20.0. Would you leave your current partner for the new man? Your answer must be (YES) or (NO) followed by your reason. You must FOLLOW THIS RULE! You MUST NOT SAY other words.,NO. The new man scores lower in sincerity; intelligence; and shared interests; which are highly weighted for you; and lacks data on shared interests; a critical factor. Your current partner excels in these areas.,94,86,93,0
Assume you are a 21-year-old single man; and there is a 23-year-old woman who is courting you. Your career type is Teacher/Professor. You evaluated her on six dimensions with scores out of 10. These are attractiveness: 9.0/10; sincerity: 9.0/10; intelligence: 9.0/10; being funny: 9.0/10; ambition: 9.0/10; shared interests: 8.5/10. Your importance weights for these attributes are: attractiveness: 19.0; sincerity: 24.0; intelligence: 21.0; being funny: 23.0; ambition: 5.0; shared interests: 8.0. Would you be willing to date this woman? And also tell me the reason. Your answer must be (YES) or (NO) followed by your reason. You must FOLLOW THIS RULE! You MUST NOT SAY other words.,YES. The woman scores highly in the attributes you value most (sincerity; intelligence; being funny) and meets or exceeds your standards in all dimensions; making her a strong match despite slightly lower shared interests.,87,107,,1
Assume you are a 32-year-old single woman; and there is a 25-year-old man who is courting you. Your career type is pharmaceuticals. You evaluated him on six dimensions with scores out of 10. These are attractiveness: 5.0/10; sincerity: 5.0/10; intelligence: 9.0/10; being funny: 6.0/10; ambition: 5.0/10; shared interests: 5.0/10. Your importance weights for these attributes are: attractiveness: 30.0; sincerity: 30.0; intelligence: 30.0; being funny: 5.0; ambition: 0.0; shared interests: 5.0. Would you be willing to date this man? And also tell me the reason. Your answer must be (YES) or (NO) followed by your reason. You must FOLLOW THIS RULE! You MUST NOT SAY other words.,NO. The weighted scores for attractiveness (1.5); sincerity (1.5); and intelligence (2.7) total 5.7; which is below the potential threshold for compatibility given the high importance weights (30.0 each) on these traits. The other traits do not compensate enough to offset these lower scores.,109,84,,0
Assume you are a 22-year-old woman with career type Professor of Media Studies; currently matched with a partner. Your current partner's scores (out of 10): attractiveness: 8.0/10; sincerity: 9.0/10; intelligence: 9.0/10; being funny: 9.0/10; ambition: 8.0/10; shared interests: 8.0/10. A new man is courting you with scores: attractiveness: 6.0/10; sincerity: 7.0/10; intelligence: 7.0/10; being funny: 4.0/10; ambition: nan/10; shared interests: nan/10. Your importance weights are: attractiveness: 15.0; sincerity: 20.0; intelligence: 20.0; being funny: 20.0; ambition: 5.0; shared interests: 20.0. Would you leave your current partner for the new man? Your answer must be (YES) or (NO) followed by your reason. You must FOLLOW THIS RULE! You MUST NOT SAY other words.,NO The new man scores lower in key weighted categories (sincerity; intelligence; humor; shared interests) and lacks data in ambition and shared interests; making him a less compatible match overall.,96,86,79,0
Assume you are a 30-year-old single man; and there is a 30-year-old woman who is courting you. Your career type is Professor. You evaluated her on six dimensions with scores out of 10. These are attractiveness: 7.0/10; sincerity: 9.0/10; intelligence: 9.0/10; being funny: 9.0/10; ambition: 7.0/10; shared interests: 9.0/10. Your importance weights for these attributes are: attractiveness: 20.0; sincerity: 25.0; intelligence: 25.0; being funny: 15.0; ambition: 5.0; shared interests: 10.0. Would you be willing to date this woman? And also tell me the reason. Your answer must be (YES) or (NO) followed by your reason. You must FOLLOW THIS RULE! You MUST NOT SAY other words.,(YES) She scores highly on sincerity; intelligence; being funny; and shared interests; which are the most important traits for you based on your weights. Her lower scores in attractiveness and ambition are outweighed by her strengths in more heavily weighted categories.,85,100,,1
Assume you are a 29-year-old single woman; and there is a 28-year-old man who is courting you. Your career type is Microfinancing Program Manager. You evaluated him on six dimensions with scores out of 10. These are attractiveness: 10.0/10; sincerity: 10.0/10; intelligence: 9.0/10; being funny: 10.0/10; ambition: 9.0/10; shared interests: 9.0/10. Your importance weights for these attributes are: attractiveness: 10.0; sincerity: 20.0; intelligence: 20.0; being funny: 20.0; ambition: 20.0; shared interests: 10.0. Would you be willing to date this man? And also tell me the reason. Your answer must be (YES) or (NO) followed by your reason. You must FOLLOW THIS RULE! You MUST NOT SAY other words.,YES   Reason: The weighted scores across all dimensions (attractiveness; sincerity; intelligence; being funny; ambition; shared interests) are exceptionally high; with sincerity; intelligence; humor; and ambition—your most valued traits—scoring near or at maximum. The overall compatibility is outstanding.,99,92,,1
Assume you are a 35-year-old single woman; and there is a 26-year-old man who is courting you. Your career type is Economic research. You evaluated him on six dimensions with scores out of 10. These are attractiveness: 5.0/10; sincerity: 6.0/10; intelligence: 8.0/10; being funny: 7.0/10; ambition: 8.0/10; shared interests: 8.0/10. Your importance weights for these attributes are: attractiveness: 10.0; sincerity: 32.0; intelligence: 20.0; being funny: 12.0; ambition: 11.0; shared interests: 15.0. Would you be willing to date this man? And also tell me the reason. Your answer must be (YES) or (NO) followed by your reason. You must FOLLOW THIS RULE! You MUST NOT SAY other words.,YES. The weighted score (attractiveness: 5.0*10=50; sincerity: 6.0*32=192; intelligence: 8.0*20=160; being funny: 7.0*12=84; ambition: 8.0*11=88; shared interests: 8.0*15=120) totals 694; indicating strong alignment with your priorities; especially sincerity; intelligence; and shared interests.,95,83,,1
Assume you are a 24-year-old man with career type Engineering; currently matched with a partner. Your current partner's scores (out of 10): attractiveness: 7.0/10; sincerity: 7.0/10; intelligence: 7.0/10; being funny: 5.0/10; ambition: 5.0/10; shared interests: 5.0/10. A new woman is courting you with scores: attractiveness: 7.0/10; sincerity: 8.0/10; intelligence: 7.0/10; being funny: 7.0/10; ambition: 4.0/10; shared interests: 7.0/10. Your importance weights are: attractiveness: 10.0; sincerity: 20.0; intelligence: 35.0; being funny: 20.0; ambition: 0.0; shared interests: 15.0. Would you leave your current partner for the new woman? Your answer must be (YES) or (NO) followed by your reason. You must FOLLOW THIS RULE! You MUST NOT SAY other words.,YES. The new woman scores higher in sincerity; being funny; and shared interests; which are weighted more heavily in your priorities (sincerity: 20.0; being funny: 20.0; shared interests: 15.0); while matching in attractiveness and intelligence. Ambition is weighted 0.0; so the lower score there doesn't matter.,79,108,96,1
Assume you are a 22-year-old man with career type Law; currently matched with a partner. Your current partner's scores (out of 10): attractiveness: 7.0/10; sincerity: 10.0/10; intelligence: 10.0/10; being funny: 10.0/10; ambition: 10.0/10; shared interests: 10.0/10. A new woman is courting you with scores: attractiveness: 10.0/10; sincerity: 10.0/10; intelligence: 10.0/10; being funny: 10.0/10; ambition: 10.0/10; shared interests: 10.0/10. Your importance weights are: attractiveness: 10.0; sincerity: 20.0; intelligence: 35.0; being funny: 10.0; ambition: 5.0; shared interests: 20.0. Would you leave your current partner for the new woman? Your answer must be (YES) or (NO) followed by your reason. You must FOLLOW THIS RULE! You MUST NOT SAY other words.,NO. Your current partner already scores perfectly (10/10) in all categories except attractiveness (7/10); which is weighted lower (10.0) compared to sincerity (20.0); intelligence (35.0); and shared interests (20.0). The marginal gain in attractiveness does not outweigh the value of your existing strong connection.,91,106,105,0
Assume you are a 26-year-old man with career type Academic or Research staff; currently matched with a partner. Your current partner's scores (out of 10): attractiveness: 8.0/10; sincerity: 9.0/10; intelligence: 8.0/10; being funny: 9.0/10; ambition: 9.0/10; shared interests: 8.0/10. A new woman is courting you with scores: attractiveness: 7.0/10; sincerity: 7.0/10; intelligence: 7.0/10; being funny: 6.0/10; ambition: nan/10; shared interests: nan/10. Your importance weights are: attractiveness: 10.0; sincerity: 20.0; intelligence: 20.0; being funny: 22.0; ambition: 6.0; shared interests: 22.0. Would you leave your current partner for the new woman? Your answer must be (YES) or (NO) followed by your reason. You must FOLLOW THIS RULE! You MUST NOT SAY other words.,NO. The new woman scores lower in key weighted categories (sincerity; intelligence; being funny; shared interests) and lacks data in ambition and shared interests; which are important to you. Your current partner outperforms her significantly in prioritized traits.,77,96,110,0
Assume you are a 26-year-old single man; and there is a 27-year-old woman who is courting you. Your career type is Academic or Research staff. You evaluated her on six dimensions with scores out of 10. These are attractiveness: 6.0/10; sincerity: 7.0/10; intelligence: 7.0/10; being funny: 6.0/10; ambition: nan/10; shared interests: nan/10. Your importance weights for these attributes are: attractiveness: 10.0; sincerity: 20.0; intelligence: 20.0; being funny: 22.0; ambition: 6.0; shared interests: 22.0. Would you be willing to date this woman? And also tell me the reason. Your answer must be (YES) or (NO) followed by your reason. You must FOLLOW THIS RULE! You MUST NOT SAY other words.,NO. The missing scores for ambition and shared interests (which are highly weighted at 22.0) make it impossible to evaluate compatibility fully. The known scores are moderate; but the uncertainty in key areas outweighs the positives.,80,96,,0
Assume you are a 26-year-old single man; and there is a 28-year-old woman who is courting you. Your career type is Academic or Research staff. You evaluated her on six dimensions with scores out of 10. These are attractiveness: 7.0/10; sincerity: 7.0/10; intelligence: 7.0/10; being funny: 8.0/10; ambition: nan/10; shared interests: nan/10. Your importance weights for these attributes are: attractiveness: 10.0; sincerity: 20.0; intelligence: 20.0; being funny: 22.0; ambition: 6.0; shared interests: 22.0. Would you be willing to date this woman? And also tell me the reason. Your answer must be (YES) or (NO) followed by your reason. You must FOLLOW THIS RULE! You MUST NOT SAY other words.,(NO) Insufficient information on ambition and shared interests; which are important factors for you (weights 6.0 and 22.0 respectively). The known scores are decent but not outstanding.,81,96,,0
Assume you are a 26-year-old man with career type business; currently matched with a partner. Your current partner's scores (out of 10): attractiveness: 8.0/10; sincerity: 9.0/10; intelligence: 8.0/10; being funny: 9.0/10; ambition: 9.0/10; shared interests: 8.0/10. A new woman is courting you with scores: attractiveness: 6.0/10; sincerity: 7.0/10; intelligence: 7.0/10; being funny: 7.0/10; ambition: 7.0/10; shared interests: 5.0/10. Your importance weights are: attractiveness: 40.0; sincerity: 5.0; intelligence: 20.0; being funny: 10.0; ambition: 10.0; shared interests: 15.0. Would you leave your current partner for the new woman? Your answer must be (YES) or (NO) followed by your reason. You must FOLLOW THIS RULE! You MUST NOT SAY other words.,NO. The current partner scores higher in all weighted categories; especially in attractiveness (40.0 weight) and intelligence (20.0 weight); making her a better overall match.,77,103,110,0
Assume you are a 27-year-old woman with career type Academic; currently matched with a partner. Your current partner's scores (out of 10): attractiveness: 6.0/10; sincerity: 7.0/10; intelligence: 8.0/10; being funny: 5.0/10; ambition: 7.0/10; shared interests: 7.0/10. A new man is courting you with scores: attractiveness: 9.0/10; sincerity: 9.0/10; intelligence: 9.0/10; being funny: 9.0/10; ambition: 9.0/10; shared interests: 9.0/10. Your importance weights are: attractiveness: 25.0; sincerity: 15.0; intelligence: 20.0; being funny: 20.0; ambition: 20.0; shared interests: 0.0. Would you leave your current partner for the new man? Your answer must be (YES) or (NO) followed by your reason. You must FOLLOW THIS RULE! You MUST NOT SAY other words.,YES. The new man scores significantly higher in all weighted categories (attractiveness; sincerity; intelligence; being funny; ambition); which align closely with your importance weights; making him a better match overall.,99,89,92,1
Assume you are a 25-year-old man with career type film; currently matched with a partner. Your current partner's scores (out of 10): attractiveness: 6.0/10; sincerity: 6.0/10; intelligence: 6.0/10; being funny: 6.0/10; ambition: 6.0/10; shared interests: 6.0/10. A new woman is courting you with scores: attractiveness: 7.0/10; sincerity: 10.0/10; intelligence: 7.0/10; being funny: 7.0/10; ambition: 7.0/10; shared interests: 5.0/10. Your importance weights are: attractiveness: 15.0; sincerity: 10.0; intelligence: 30.0; being funny: 10.0; ambition: 5.0; shared interests: 30.0. Would you leave your current partner for the new woman? Your answer must be (YES) or (NO) followed by your reason. You must FOLLOW THIS RULE! You MUST NOT SAY other words.,NO. The new woman scores lower in shared interests (30.0 weight) and only slightly higher in intelligence (30.0 weight); which are your most important factors. The improvements in other traits don't outweigh these key areas.,79,109,108,0
Assume you are a 29-year-old man with career type Professor; currently matched with a partner. Your current partner's scores (out of 10): attractiveness: 8.0/10; sincerity: 9.0/10; intelligence: 8.0/10; being funny: 9.0/10; ambition: 9.0/10; shared interests: 8.0/10. A new woman is courting you with scores: attractiveness: 6.0/10; sincerity: 9.0/10; intelligence: 9.0/10; being funny: 9.0/10; ambition: 6.0/10; shared interests: 6.0/10. Your importance weights are: attractiveness: 50.0; sincerity: 7.0; intelligence: 20.0; being funny: 23.0; ambition: 0.0; shared interests: 0.0. Would you leave your current partner for the new woman? Your answer must be (YES) or (NO) followed by your reason. You must FOLLOW THIS RULE! You MUST NOT SAY other words.,NO. The new woman scores lower in attractiveness (50.0 weight) and similarly or lower in other weighted traits; making the current partner a better match overall.,77,97,110,0
Assume you are a 25-year-old single man; and there is a 27-year-old woman who is courting you. Your career type is film. You evaluated her on six dimensions with scores out of 10. These are attractiveness: 7.0/10; sincerity: 10.0/10; intelligence: 7.0/10; being funny: 7.0/10; ambition: 7.0/10; shared interests: 5.0/10. Your importance weights for these attributes are: attractiveness: 15.0; sincerity: 10.0; intelligence: 30.0; being funny: 10.0; ambition: 5.0; shared interests: 30.0. Would you be willing to date this woman? And also tell me the reason. Your answer must be (YES) or (NO) followed by your reason. You must FOLLOW THIS RULE! You MUST NOT SAY other words.,NO. The weighted score for shared interests (a high-priority attribute for you) is too low (5.0/10 with 30.0 weight); and intelligence (another high-priority attribute) is only moderately scored (7.0/10 with 30.0 weight); which outweighs her high sincerity and other moderately scored traits.,80,109,,0
Assume you are a 22-year-old man with career type Law; currently matched with a partner. Your current partner's scores (out of 10): attractiveness: 5.0/10; sincerity: 6.0/10; intelligence: 8.0/10; being funny: 7.0/10; ambition: 8.0/10; shared interests: 8.0/10. A new woman is courting you with scores: attractiveness: 10.0/10; sincerity: 10.0/10; intelligence: 10.0/10; being funny: 10.0/10; ambition: 10.0/10; shared interests: 10.0/10. Your importance weights are: attractiveness: 10.0; sincerity: 20.0; intelligence: 35.0; being funny: 10.0; ambition: 5.0; shared interests: 20.0. Would you leave your current partner for the new woman? Your answer must be (YES) or (NO) followed by your reason. You must FOLLOW THIS RULE! You MUST NOT SAY other words.,YES. The new woman significantly outperforms your current partner in all weighted categories; especially sincerity (20.0 weight); intelligence (35.0 weight); and shared interests (20.0 weight); which are your highest priorities. The overall compatibility and alignment with your values are substantially higher.,83,106,95,1
Assume you are a 28-year-old woman with career type Journalism; currently matched with a partner. Your current partner's scores (out of 10): attractiveness: 7.0/10; sincerity: 9.0/10; intelligence: 9.0/10; being funny: 8.0/10; ambition: 6.0/10; shared interests: 7.0/10. A new man is courting you with scores: attractiveness: 2.0/10; sincerity: 10.0/10; intelligence: 10.0/10; being funny: 8.0/10; ambition: 10.0/10; shared interests: 6.0/10. Your importance weights are: attractiveness: 10.0; sincerity: 10.0; intelligence: 20.0; being funny: 20.0; ambition: 20.0; shared interests: 20.0. Would you leave your current partner for the new man? Your answer must be (YES) or (NO) followed by your reason. You must FOLLOW THIS RULE! You MUST NOT SAY other words.,NO. While the new man scores higher in sincerity; intelligence; and ambition; the current partner has a better balance of attractiveness and shared interests; which are also important. The low attractiveness score of the new man (2.0/10) is a significant drawback given its high importance weight (10.0). The overall compatibility and balance of the current partner make him the better choice.,94,81,93,0
Assume you are a 32-year-old single man; and there is a 27-year-old woman who is courting you. Your career type is Research Scientist. You evaluated her on six dimensions with scores out of 10. These are attractiveness: 10.0/10; sincerity: 9.0/10; intelligence: 8.0/10; being funny: 7.0/10; ambition: 7.0/10; shared interests: 10.0/10. Your importance weights for these attributes are: attractiveness: 30.0; sincerity: 10.0; intelligence: 30.0; being funny: 20.0; ambition: 10.0; shared interests: 0.0. Would you be willing to date this woman? And also tell me the reason. Your answer must be (YES) or (NO) followed by your reason. You must FOLLOW THIS RULE! You MUST NOT SAY other words.,(YES) Her high scores in attractiveness (10.0) and intelligence (8.0); which are your top-weighted attributes (30.0 each); outweigh the lower weights in other areas. Shared interests; though 10.0; have no weight for you; so they don't affect the decision.,80,102,,1
Assume you are a 27-year-old man with career type consulting; currently matched with a partner. Your current partner's scores (out of 10): attractiveness: 9.0/10; sincerity: 9.0/10; intelligence: 9.0/10; being funny: 9.0/10; ambition: 9.0/10; shared interests: 9.0/10. A new woman is courting you with scores: attractiveness: 7.0/10; sincerity: 7.0/10; intelligence: 6.0/10; being funny: 6.0/10; ambition: 8.0/10; shared interests: 7.0/10. Your importance weights are: attractiveness: 20.0; sincerity: 20.0; intelligence: 20.0; being funny: 20.0; ambition: 10.0; shared interests: 10.0. Would you leave your current partner for the new woman? Your answer must be (YES) or (NO) followed by your reason. You must FOLLOW THIS RULE! You MUST NOT SAY other words.,NO. The current partner has significantly higher scores in all weighted categories (attractiveness; sincerity; intelligence; being funny) which are your top priorities; making the overall match far superior to the new woman.,89,111,99,0
Assume you are a 27-year-old man with career type consulting; currently matched with a partner. Your current partner's scores (out of 10): attractiveness: 8.0/10; sincerity: 9.0/10; intelligence: 8.0/10; being funny: 9.0/10; ambition: 9.0/10; shared interests: 8.0/10. A new woman is courting you with scores: attractiveness: 6.0/10; sincerity: 7.0/10; intelligence: 7.0/10; being funny: 5.0/10; ambition: 6.0/10; shared interests: 5.0/10. Your importance weights are: attractiveness: 20.0; sincerity: 20.0; intelligence: 20.0; being funny: 20.0; ambition: 10.0; shared interests: 10.0. Would you leave your current partner for the new woman? Your answer must be (YES) or (NO) followed by your reason. You must FOLLOW THIS RULE! You MUST NOT SAY other words.,NO. The new woman's scores are significantly lower in key weighted categories (attractiveness; sincerity; intelligence; being funny) and overall compatibility compared to your current partner.,77,111,110,0
Assume you are a 29-year-old man with career type Professor; currently matched with a partner. Your current partner's scores (out of 10): attractiveness: 6.0/10; sincerity: 6.0/10; intelligence: 6.0/10; being funny: 6.0/10; ambition: 6.0/10; shared interests: 6.0/10. A new woman is courting you with scores: attractiveness: 5.0/10; sincerity: 7.0/10; intelligence: 8.0/10; being funny: 6.0/10; ambition: 7.0/10; shared interests: 7.0/10. Your importance weights are: attractiveness: 50.0; sincerity: 7.0; intelligence: 20.0; being funny: 23.0; ambition: 0.0; shared interests: 0.0. Would you leave your current partner for the new woman? Your answer must be (YES) or (NO) followed by your reason. You must FOLLOW THIS RULE! You MUST NOT SAY other words.,NO. The new woman's higher scores in sincerity; intelligence; and shared interests do not outweigh the importance you place on attractiveness (50.0 weight); where your current partner scores higher (6.0 vs. 5.0). The other traits with higher weights (being funny at 23.0) are equal (6.0 vs. 6.0); so there is no net gain to justify leaving.,79,97,108,0
Assume you are a 26-year-old man with career type business; currently matched with a partner. Your current partner's scores (out of 10): attractiveness: 5.0/10; sincerity: 8.0/10; intelligence: 8.0/10; being funny: 8.0/10; ambition: 8.0/10; shared interests: 8.0/10. A new woman is courting you with scores: attractiveness: 8.0/10; sincerity: 8.0/10; intelligence: 8.0/10; being funny: 8.0/10; ambition: 8.0/10; shared interests: 8.0/10. Your importance weights are: attractiveness: 40.0; sincerity: 5.0; intelligence: 20.0; being funny: 10.0; ambition: 10.0; shared interests: 15.0. Would you leave your current partner for the new woman? Your answer must be (YES) or (NO) followed by your reason. You must FOLLOW THIS RULE! You MUST NOT SAY other words.,YES. The new woman scores significantly higher in attractiveness (40.0 weight); which is your most prioritized trait; while matching or exceeding your current partner in all other important categories. The overall weighted benefit favors the new woman.,83,103,106,1
Assume you are a 23-year-old single woman; and there is a 25-year-old man who is courting you. Your career type is Clinical Social Worker. You evaluated him on six dimensions with scores out of 10. These are attractiveness: 5.0/10; sincerity: 10.0/10; intelligence: 10.0/10; being funny: 10.0/10; ambition: 10.0/10; shared interests: 10.0/10. Your importance weights for these attributes are: attractiveness: 15.0; sincerity: 15.0; intelligence: 20.0; being funny: 15.0; ambition: 20.0; shared interests: 15.0. Would you be willing to date this man? And also tell me the reason. Your answer must be (YES) or (NO) followed by your reason. You must FOLLOW THIS RULE! You MUST NOT SAY other words.,YES. Despite his average attractiveness (5.0/10); he excels in sincerity; intelligence; humor; ambition; and shared interests—all of which are highly weighted in your priorities (especially intelligence and ambition at 20.0 each). His strengths align well with your values and career as a Clinical Social Worker.,109,88,,1
Assume you are a 22-year-old single woman; and there is a 29-year-old man who is courting you. Your career type is Professor of Media Studies. You evaluated him on six dimensions with scores out of 10. These are attractiveness: 7.0/10; sincerity: 7.0/10; intelligence: 7.0/10; being funny: 7.0/10; ambition: 7.0/10; shared interests: 6.0/10. Your importance weights for these attributes are: attractiveness: 15.0; sincerity: 20.0; intelligence: 20.0; being funny: 20.0; ambition: 5.0; shared interests: 20.0. Would you be willing to date this man? And also tell me the reason. Your answer must be (YES) or (NO) followed by your reason. You must FOLLOW THIS RULE! You MUST NOT SAY other words.,NO - The weighted score for shared interests (a high-priority attribute) is relatively low (6.0/20); which may not align well with your values and career as a Professor of Media Studies. Other attributes are decent but not outstanding enough to compensate.,97,86,,0
Assume you are a 32-year-old woman with career type pharmaceuticals; currently matched with a partner. Your current partner's scores (out of 10): attractiveness: 6.0/10; sincerity: 7.0/10; intelligence: 8.0/10; being funny: 6.0/10; ambition: 9.0/10; shared interests: 8.0/10. A new man is courting you with scores: attractiveness: 4.0/10; sincerity: 4.0/10; intelligence: 5.0/10; being funny: 4.0/10; ambition: 9.0/10; shared interests: 4.0/10. Your importance weights are: attractiveness: 30.0; sincerity: 30.0; intelligence: 30.0; being funny: 5.0; ambition: 0.0; shared interests: 5.0. Would you leave your current partner for the new man? Your answer must be (YES) or (NO) followed by your reason. You must FOLLOW THIS RULE! You MUST NOT SAY other words.,NO. The new man scores significantly lower in the traits you value most (attractiveness; sincerity; and intelligence); while excelling only in ambition; which you weight at 0.0. Your current partner outperforms him in all key areas.,110,84,77,0
Assume you are a 32-year-old single woman; and there is a 26-year-old man who is courting you. Your career type is pharmaceuticals. You evaluated him on six dimensions with scores out of 10. These are attractiveness: 5.0/10; sincerity: 8.0/10; intelligence: 8.0/10; being funny: 6.0/10; ambition: 6.0/10; shared interests: 5.0/10. Your importance weights for these attributes are: attractiveness: 30.0; sincerity: 30.0; intelligence: 30.0; being funny: 5.0; ambition: 0.0; shared interests: 5.0. Would you be willing to date this man? And also tell me the reason. Your answer must be (YES) or (NO) followed by your reason. You must FOLLOW THIS RULE! You MUST NOT SAY other words.,YES. He scores high on sincerity (8.0) and intelligence (8.0); which are your top priorities (30.0 weight each); outweighing the lower scores in attractiveness (5.0) and shared interests (5.0).,96,84,,1
Assume you are a 29-year-old single woman; and there is a 29-year-old man who is courting you. Your career type is Microfinancing Program Manager. You evaluated him on six dimensions with scores out of 10. These are attractiveness: 10.0/10; sincerity: 10.0/10; intelligence: 10.0/10; being funny: 8.0/10; ambition: 9.0/10; shared interests: 10.0/10. Your importance weights for these attributes are: attractiveness: 10.0; sincerity: 20.0; intelligence: 20.0; being funny: 20.0; ambition: 20.0; shared interests: 10.0. Would you be willing to date this man? And also tell me the reason. Your answer must be (YES) or (NO) followed by your reason. You must FOLLOW THIS RULE! You MUST NOT SAY other words.,YES. He scores exceptionally high in sincerity; intelligence; and shared interests; which are heavily weighted in your priorities; and his other attributes (attractiveness; ambition; and humor) are also strong. The overall alignment with your values and preferences makes him a great match.,97,92,,1
Assume you are a 25-year-old woman with career type teaching and then...; currently matched with a partner. Your current partner's scores (out of 10): attractiveness: 9.0/10; sincerity: 8.0/10; intelligence: 8.0/10; being funny: 7.0/10; ambition: 7.0/10; shared interests: 6.0/10. A new man is courting you with scores: attractiveness: 8.0/10; sincerity: 8.0/10; intelligence: 10.0/10; being funny: 10.0/10; ambition: 10.0/10; shared interests: 10.0/10. Your importance weights are: attractiveness: 20.0; sincerity: 20.0; intelligence: 20.0; being funny: 20.0; ambition: 10.0; shared interests: 10.0. Would you leave your current partner for the new man? Your answer must be (YES) or (NO) followed by your reason. You must FOLLOW THIS RULE! You MUST NOT SAY other words.,YES. The new man scores higher in intelligence; being funny; ambition; and shared interests; which are weighted heavily in your priorities; outweighing the slight drop in attractiveness. His overall compatibility is significantly better.,99,82,89,1
Assume you are a 27-year-old woman with career type Academic; currently matched with a partner. Your current partner's scores (out of 10): attractiveness: 7.0/10; sincerity: 9.0/10; intelligence: 9.0/10; being funny: 9.0/10; ambition: 7.0/10; shared interests: 9.0/10. A new man is courting you with scores: attractiveness: 8.0/10; sincerity: 9.0/10; intelligence: 10.0/10; being funny: 10.0/10; ambition: 9.0/10; shared interests: 9.0/10. Your importance weights are: attractiveness: 25.0; sincerity: 15.0; intelligence: 20.0; being funny: 20.0; ambition: 20.0; shared interests: 0.0. Would you leave your current partner for the new man? Your answer must be (YES) or (NO) followed by your reason. You must FOLLOW THIS RULE! You MUST NOT SAY other words.,NO. The new man scores slightly higher in some areas; but the current partner already excels in sincerity; intelligence; humor; and shared interests—qualities highly valued by the user. The marginal gains in attractiveness and ambition do not outweigh the stability and compatibility of the existing relationship.,100,89,85,0
Assume you are a 26-year-old single man; and there is a 22-year-old woman who is courting you. Your career type is Business - Investment Management. You evaluated her on six dimensions with scores out of 10. These are attractiveness: 8.0/10; sincerity: 8.0/10; intelligence: 8.0/10; being funny: 9.0/10; ambition: 6.0/10; shared interests: 9.0/10. Your importance weights for these attributes are: attractiveness: 18.0; sincerity: 18.0; intelligence: 18.0; being funny: 19.0; ambition: 13.0; shared interests: 14.0. Would you be willing to date this woman? And also tell me the reason. Your answer must be (YES) or (NO) followed by your reason. You must FOLLOW THIS RULE! You MUST NOT SAY other words.,YES - She scores highly in attractiveness; sincerity; intelligence; humor; and shared interests; which are your most weighted priorities; despite slightly lower ambition. The overall compatibility is strong.,86,95,,1
Assume you are a 22-year-old man with career type Law; currently matched with a partner. Your current partner's scores (out of 10): attractiveness: 6.0/10; sincerity: 6.0/10; intelligence: 6.0/10; being funny: 6.0/10; ambition: 6.0/10; shared interests: 6.0/10. A new woman is courting you with scores: attractiveness: 8.0/10; sincerity: 10.0/10; intelligence: 10.0/10; being funny: 6.0/10; ambition: 9.0/10; shared interests: 8.0/10. Your importance weights are: attractiveness: 10.0; sincerity: 20.0; intelligence: 35.0; being funny: 10.0; ambition: 5.0; shared interests: 20.0. Would you leave your current partner for the new woman? Your answer must be (YES) or (NO) followed by your reason. You must FOLLOW THIS RULE! You MUST NOT SAY other words.,YES. The new woman scores significantly higher in sincerity; intelligence; and shared interests; which are your most heavily weighted priorities (20.0; 35.0; and 20.0 respectively). Her overall weighted score would be substantially higher than your current partner's.,79,106,108,1
Assume you are a 28-year-old woman with career type Journalism; currently matched with a partner. Your current partner's scores (out of 10): attractiveness: 8.0/10; sincerity: 8.0/10; intelligence: 10.0/10; being funny: 9.0/10; ambition: 7.0/10; shared interests: 7.0/10. A new man is courting you with scores: attractiveness: 9.0/10; sincerity: 9.0/10; intelligence: 9.0/10; being funny: 8.0/10; ambition: 2.0/10; shared interests: 7.0/10. Your importance weights are: attractiveness: 10.0; sincerity: 10.0; intelligence: 20.0; being funny: 20.0; ambition: 20.0; shared interests: 20.0. Would you leave your current partner for the new man? Your answer must be (YES) or (NO) followed by your reason. You must FOLLOW THIS RULE! You MUST NOT SAY other words.,NO. The new man's significantly lower ambition score (2.0/10) heavily impacts his overall desirability given its high importance weight (20.0); outweighing his slight advantages in attractiveness and sincerity. Your current partner's balanced and high scores in key areas (intelligence; humor; ambition) align better with your priorities.,105,81,91,0
Assume you are a 24-year-old man with career type Engineering; currently matched with a partner. Your current partner's scores (out of 10): attractiveness: 5.0/10; sincerity: 8.0/10; intelligence: 8.0/10; being funny: 6.0/10; ambition: 6.0/10; shared interests: 5.0/10. A new woman is courting you with scores: attractiveness: 7.0/10; sincerity: 8.0/10; intelligence: 9.0/10; being funny: 8.0/10; ambition: 8.0/10; shared interests: 5.0/10. Your importance weights are: attractiveness: 10.0; sincerity: 20.0; intelligence: 35.0; being funny: 20.0; ambition: 0.0; shared interests: 15.0. Would you leave your current partner for the new woman? Your answer must be (YES) or (NO) followed by your reason. You must FOLLOW THIS RULE! You MUST NOT SAY other words.,YES. The new woman scores higher in intelligence (35.0 weight); being funny (20.0 weight); and attractiveness (10.0 weight); which are your most valued traits; while matching sincerity (20.0 weight). Shared interests (15.0 weight) are equal; and ambition (0.0 weight) is irrelevant. The new partner better aligns with your priorities.,84,108,96,1
Assume you are a 28-year-old single woman; and there is a 27-year-old man who is courting you. Your career type is Journalism. You evaluated him on six dimensions with scores out of 10. These are attractiveness: 4.0/10; sincerity: 9.0/10; intelligence: 9.0/10; being funny: 6.0/10; ambition: 7.0/10; shared interests: 5.0/10. Your importance weights for these attributes are: attractiveness: 10.0; sincerity: 10.0; intelligence: 20.0; being funny: 20.0; ambition: 20.0; shared interests: 20.0. Would you be willing to date this man? And also tell me the reason. Your answer must be (YES) or (NO) followed by your reason. You must FOLLOW THIS RULE! You MUST NOT SAY other words.,NO - While he scores high on sincerity and intelligence; his lower scores in attractiveness; being funny; ambition; and shared interests (which are weighted more heavily in your priorities) make him a less compatible match overall.,111,81,,0
Assume you are a 27-year-old single man; and there is a 28-year-old woman who is courting you. Your career type is consulting. You evaluated her on six dimensions with scores out of 10. These are attractiveness: 4.0/10; sincerity: 4.0/10; intelligence: 7.0/10; being funny: 6.0/10; ambition: 8.0/10; shared interests: 3.0/10. Your importance weights for these attributes are: attractiveness: 20.0; sincerity: 20.0; intelligence: 20.0; being funny: 20.0; ambition: 10.0; shared interests: 10.0. Would you be willing to date this woman? And also tell me the reason. Your answer must be (YES) or (NO) followed by your reason. You must FOLLOW THIS RULE! You MUST NOT SAY other words.,NO. The weighted scores (attractiveness: 0.8; sincerity: 0.8; intelligence: 1.4; being funny: 1.2; ambition: 0.8; shared interests: 0.3) sum to 5.3/10; which is below a likely threshold for compatibility given your importance weights. Key areas like attractiveness; sincerity; and shared interests scored low; which are highly weighted for you.,81,111,,0
Assume you are a 28-year-old woman with career type Journalism; currently matched with a partner. Your current partner's scores (out of 10): attractiveness: 8.0/10; sincerity: 7.0/10; intelligence: 8.0/10; being funny: 6.0/10; ambition: 8.0/10; shared interests: 9.0/10. A new man is courting you with scores: attractiveness: 8.0/10; sincerity: 8.0/10; intelligence: 9.0/10; being funny: 8.0/10; ambition: 7.0/10; shared interests: 6.0/10. Your importance weights are: attractiveness: 10.0; sincerity: 10.0; intelligence: 20.0; being funny: 20.0; ambition: 20.0; shared interests: 20.0. Would you leave your current partner for the new man? Your answer must be (YES) or (NO) followed by your reason. You must FOLLOW THIS RULE! You MUST NOT SAY other words.,NO. The new man scores lower in ambition and shared interests; which are highly weighted (20.0 each) in your priorities; outweighing his slight advantages in sincerity; intelligence; and humor.,97,81,92,0
Assume you are a 27-year-old man with career type consulting; currently matched with a partner. Your current partner's scores (out of 10): attractiveness: 7.0/10; sincerity: 8.0/10; intelligence: 8.0/10; being funny: 8.0/10; ambition: 8.0/10; shared interests: 8.0/10. A new woman is courting you with scores: attractiveness: 3.0/10; sincerity: 7.0/10; intelligence: 6.0/10; being funny: 7.0/10; ambition: 5.0/10; shared interests: 8.0/10. Your importance weights are: attractiveness: 20.0; sincerity: 20.0; intelligence: 20.0; being funny: 20.0; ambition: 10.0; shared interests: 10.0. Would you leave your current partner for the new woman? Your answer must be (YES) or (NO) followed by your reason. You must FOLLOW THIS RULE! You MUST NOT SAY other words.,NO. The new woman scores significantly lower in attractiveness; intelligence; and ambition; which are highly weighted in your priorities. Your current partner outperforms her in all key categories.,83,111,103,0
Assume you are a 27-year-old woman with career type Academic; currently matched with a partner. Your current partner's scores (out of 10): attractiveness: 8.0/10; sincerity: 10.0/10; intelligence: 10.0/10; being funny: 6.0/10; ambition: 9.0/10; shared interests: 8.0/10. A new man is courting you with scores: attractiveness: 8.0/10; sincerity: 10.0/10; intelligence: 10.0/10; being funny: 9.0/10; ambition: 10.0/10; shared interests: 5.0/10. Your importance weights are: attractiveness: 25.0; sincerity: 15.0; intelligence: 20.0; being funny: 20.0; ambition: 20.0; shared interests: 0.0. Would you leave your current partner for the new man? Your answer must be (YES) or (NO) followed by your reason. You must FOLLOW THIS RULE! You MUST NOT SAY other words.,YES. The new man scores higher in being funny and ambition; which are weighted more heavily in your priorities; while shared interests (where he scores lower) has no weight in your decision.,106,89,79,1
Assume you are a 26-year-old man with career type Academic or Research staff; currently matched with a partner. Your current partner's scores (out of 10): attractiveness: 8.0/10; sincerity: 8.0/10; intelligence: 10.0/10; being funny: 10.0/10; ambition: 10.0/10; shared interests: 10.0/10. A new woman is courting you with scores: attractiveness: 7.0/10; sincerity: 8.0/10; intelligence: 8.0/10; being funny: 8.0/10; ambition: nan/10; shared interests: nan/10. Your importance weights are: attractiveness: 10.0; sincerity: 20.0; intelligence: 20.0; being funny: 22.0; ambition: 6.0; shared interests: 22.0. Would you leave your current partner for the new woman? Your answer must be (YES) or (NO) followed by your reason. You must FOLLOW THIS RULE! You MUST NOT SAY other words.,NO. The new woman scores lower in key weighted categories (intelligence; being funny; shared interests) and lacks data in ambition and shared interests; which are important to you. Your current partner excels in all high-priority areas.,82,96,99,0
Assume you are a 28-year-old woman with career type Journalism; currently matched with a partner. Your current partner's scores (out of 10): attractiveness: 4.0/10; sincerity: 8.0/10; intelligence: 7.0/10; being funny: 4.0/10; ambition: 3.0/10; shared interests: 2.0/10. A new man is courting you with scores: attractiveness: 8.0/10; sincerity: 8.0/10; intelligence: 8.0/10; being funny: 7.0/10; ambition: 9.0/10; shared interests: 8.0/10. Your importance weights are: attractiveness: 10.0; sincerity: 10.0; intelligence: 20.0; being funny: 20.0; ambition: 20.0; shared interests: 20.0. Would you leave your current partner for the new man? Your answer must be (YES) or (NO) followed by your reason. You must FOLLOW THIS RULE! You MUST NOT SAY other words.,YES. The new man significantly outperforms your current partner in intelligence; humor; ambition; and shared interests—traits you highly value (20.0 weight each)—while matching sincerity and excelling in attractiveness. The compatibility and long-term potential are clearly stronger with the new man.,99,81,82,1
Assume you are a 26-year-old man with career type Academic or Research staff; currently matched with a partner. Your current partner's scores (out of 10): attractiveness: 7.0/10; sincerity: 8.0/10; intelligence: 8.0/10; being funny: 8.0/10; ambition: 8.0/10; shared interests: 8.0/10. A new woman is courting you with scores: attractiveness: 7.0/10; sincerity: 7.0/10; intelligence: 7.0/10; being funny: 6.0/10; ambition: 6.0/10; shared interests: nan/10. Your importance weights are: attractiveness: 10.0; sincerity: 20.0; intelligence: 20.0; being funny: 22.0; ambition: 6.0; shared interests: 22.0. Would you leave your current partner for the new woman? Your answer must be (YES) or (NO) followed by your reason. You must FOLLOW THIS RULE! You MUST NOT SAY other words.,NO. The new woman scores lower in key weighted categories (sincerity; intelligence; being funny; shared interests) and lacks data on shared interests; which is highly important to you. Your current partner outperforms her in most areas you value.,83,96,103,0
Assume you are a 26-year-old man with career type Academic or Research staff; currently matched with a partner. Your current partner's scores (out of 10): attractiveness: 5.0/10; sincerity: 8.0/10; intelligence: 8.0/10; being funny: 5.0/10; ambition: 8.0/10; shared interests: 3.0/10. A new woman is courting you with scores: attractiveness: 7.0/10; sincerity: 7.0/10; intelligence: 7.0/10; being funny: 7.0/10; ambition: nan/10; shared interests: nan/10. Your importance weights are: attractiveness: 10.0; sincerity: 20.0; intelligence: 20.0; being funny: 22.0; ambition: 6.0; shared interests: 22.0. Would you leave your current partner for the new woman? Your answer must be (YES) or (NO) followed by your reason. You must FOLLOW THIS RULE! You MUST NOT SAY other words.,NO. The new woman lacks scores in ambition and shared interests; which are important to you (weights 6.0 and 22.0). Your current partner excels in sincerity; intelligence; and ambition; which align with your higher-weighted values. The new woman's higher attractiveness and humor don't outweigh the missing or lower scores in critical areas.,85,96,100,0
Assume you are a 26-year-old man with career type Academic or Research staff; currently matched with a partner. Your current partner's scores (out of 10): attractiveness: 6.0/10; sincerity: 8.0/10; intelligence: 6.0/10; being funny: 7.0/10; ambition: 7.0/10; shared interests: 6.0/10. A new woman is courting you with scores: attractiveness: 8.0/10; sincerity: 8.0/10; intelligence: 9.0/10; being funny: 8.0/10; ambition: nan/10; shared interests: 8.0/10. Your importance weights are: attractiveness: 10.0; sincerity: 20.0; intelligence: 20.0; being funny: 22.0; ambition: 6.0; shared interests: 22.0. Would you leave your current partner for the new woman? Your answer must be (YES) or (NO) followed by your reason. You must FOLLOW THIS RULE! You MUST NOT SAY other words.,YES The new woman scores higher in key weighted categories (intelligence; being funny; shared interests) and matches in sincerity; while only lacking data in ambition (a low-weighted category). The overall compatibility appears significantly better.,86,96,95,1
Assume you are a 25-year-old woman with career type teaching and then...; currently matched with a partner. Your current partner's scores (out of 10): attractiveness: 7.0/10; sincerity: 9.0/10; intelligence: 9.0/10; being funny: 9.0/10; ambition: 7.0/10; shared interests: 9.0/10. A new man is courting you with scores: attractiveness: 5.0/10; sincerity: 10.0/10; intelligence: 10.0/10; being funny: 9.0/10; ambition: 10.0/10; shared interests: 8.0/10. Your importance weights are: attractiveness: 20.0; sincerity: 20.0; intelligence: 20.0; being funny: 20.0; ambition: 10.0; shared interests: 10.0. Would you leave your current partner for the new man? Your answer must be (YES) or (NO) followed by your reason. You must FOLLOW THIS RULE! You MUST NOT SAY other words.,NO. Your current partner scores higher in attractiveness (7.0 vs. 5.0) and shared interests (9.0 vs. 8.0); which are important to you. While the new man excels in sincerity; intelligence; and ambition; your current partner already scores highly in sincerity (9.0) and intelligence (9.0); and the difference in ambition (7.0 vs. 10.0) is less impactful due to its lower weight (10.0). Overall; your current partner better aligns with your priorities.,100,82,85,0
Assume you are a 27-year-old man with career type consulting; currently matched with a partner. Your current partner's scores (out of 10): attractiveness: 5.0/10; sincerity: 8.0/10; intelligence: 8.0/10; being funny: 5.0/10; ambition: 8.0/10; shared interests: 3.0/10. A new woman is courting you with scores: attractiveness: 3.0/10; sincerity: 8.0/10; intelligence: 7.0/10; being funny: 6.0/10; ambition: 7.0/10; shared interests: 6.0/10. Your importance weights are: attractiveness: 20.0; sincerity: 20.0; intelligence: 20.0; being funny: 20.0; ambition: 10.0; shared interests: 10.0. Would you leave your current partner for the new woman? Your answer must be (YES) or (NO) followed by your reason. You must FOLLOW THIS RULE! You MUST NOT SAY other words.,NO. The weighted score for your current partner (6.6) is higher than the new woman's (6.3); and the differences in key areas (attractiveness; sincerity; intelligence) do not outweigh the lower shared interests.,85,111,100,0
Assume you are a 26-year-old man with career type Business - Investment Management; currently matched with a partner. Your current partner's scores (out of 10): attractiveness: 8.0/10; sincerity: 8.0/10; intelligence: 8.0/10; being funny: 7.0/10; ambition: 9.0/10; shared interests: 8.0/10. A new woman is courting you with scores: attractiveness: 6.0/10; sincerity: 6.0/10; intelligence: 6.0/10; being funny: 8.0/10; ambition: 6.0/10; shared interests: 7.0/10. Your importance weights are: attractiveness: 18.0; sincerity: 18.0; intelligence: 18.0; being funny: 19.0; ambition: 13.0; shared interests: 14.0. Would you leave your current partner for the new woman? Your answer must be (YES) or (NO) followed by your reason. You must FOLLOW THIS RULE! You MUST NOT SAY other words.,NO. The new woman's weighted total score is lower than your current partner's (current: 7.98; new: 6.61); and she underperforms in key traits you value highly (attractiveness; sincerity; intelligence).,81,95,99,0
Assume you are a 25-year-old woman with career type teaching and then...; currently matched with a partner. Your current partner's scores (out of 10): attractiveness: 8.0/10; sincerity: 8.0/10; intelligence: 10.0/10; being funny: 9.0/10; ambition: 7.0/10; shared interests: 7.0/10. A new man is courting you with scores: attractiveness: 7.0/10; sincerity: 9.0/10; intelligence: 9.0/10; being funny: 10.0/10; ambition: 9.0/10; shared interests: 8.0/10. Your importance weights are: attractiveness: 20.0; sincerity: 20.0; intelligence: 20.0; being funny: 20.0; ambition: 10.0; shared interests: 10.0. Would you leave your current partner for the new man? Your answer must be (YES) or (NO) followed by your reason. You must FOLLOW THIS RULE! You MUST NOT SAY other words.,NO. The weighted scores for both partners are very close (current: 8.4; new: 8.3); and the difference is negligible. Stability and existing connection with your current partner may outweigh the minor advantage of the new man.,105,82,91,0
Assume you are a 26-year-old man with career type Business - Investment Management; currently matched with a partner. Your current partner's scores (out of 10): attractiveness: 7.0/10; sincerity: 8.0/10; intelligence: 8.0/10; being funny: 8.0/10; ambition: 8.0/10; shared interests: 8.0/10. A new woman is courting you with scores: attractiveness: 7.0/10; sincerity: 7.0/10; intelligence: 8.0/10; being funny: 6.0/10; ambition: 7.0/10; shared interests: 5.0/10. Your importance weights are: attractiveness: 18.0; sincerity: 18.0; intelligence: 18.0; being funny: 19.0; ambition: 13.0; shared interests: 14.0. Would you leave your current partner for the new woman? Your answer must be (YES) or (NO) followed by your reason. You must FOLLOW THIS RULE! You MUST NOT SAY other words.,NO. The new woman scores lower in key weighted categories like being funny; sincerity; and shared interests; which are important to you. The current partner's overall compatibility is higher.,83,95,103,0
Assume you are a 25-year-old woman with career type teaching and then...; currently matched with a partner. Your current partner's scores (out of 10): attractiveness: 9.0/10; sincerity: 9.0/10; intelligence: 9.0/10; being funny: 9.0/10; ambition: 9.0/10; shared interests: 8.5/10. A new man is courting you with scores: attractiveness: 7.0/10; sincerity: 10.0/10; intelligence: 9.0/10; being funny: 10.0/10; ambition: 8.0/10; shared interests: 9.0/10. Your importance weights are: attractiveness: 20.0; sincerity: 20.0; intelligence: 20.0; being funny: 20.0; ambition: 10.0; shared interests: 10.0. Would you leave your current partner for the new man? Your answer must be (YES) or (NO) followed by your reason. You must FOLLOW THIS RULE! You MUST NOT SAY other words.,NO. The current partner's weighted total score (9.0*20 + 9.0*20 + 9.0*20 + 9.0*20 + 9.0*10 + 8.5*10 = 895) is higher than the new man's (7.0*20 + 10.0*20 + 9.0*20 + 10.0*20 + 8.0*10 + 9.0*10 = 880). The current partner better aligns with your priorities.,107,82,87,0
Assume you are a 26-year-old woman with career type Operations Research; currently matched with a partner. Your current partner's scores (out of 10): attractiveness: 7.0/10; sincerity: 9.0/10; intelligence: 9.0/10; being funny: 8.0/10; ambition: 6.0/10; shared interests: 7.0/10. A new man is courting you with scores: attractiveness: 5.0/10; sincerity: 6.0/10; intelligence: 7.0/10; being funny: 6.0/10; ambition: 9.0/10; shared interests: 5.0/10. Your importance weights are: attractiveness: 10.0; sincerity: 20.0; intelligence: 15.0; being funny: 20.0; ambition: 20.0; shared interests: 15.0. Would you leave your current partner for the new man? Your answer must be (YES) or (NO) followed by your reason. You must FOLLOW THIS RULE! You MUST NOT SAY other words.,NO. The current partner scores higher in sincerity; intelligence; being funny; and shared interests—traits you value more (higher weights). The new man only excels in ambition; which doesn’t outweigh the other deficits.,94,79,93,0
Assume you are a 27-year-old man with career type consulting; currently matched with a partner. Your current partner's scores (out of 10): attractiveness: 6.0/10; sincerity: 7.0/10; intelligence: 7.0/10; being funny: 4.0/10; ambition: nan/10; shared interests: nan/10. A new woman is courting you with scores: attractiveness: 5.0/10; sincerity: 6.0/10; intelligence: 7.0/10; being funny: 4.0/10; ambition: 7.0/10; shared interests: 3.0/10. Your importance weights are: attractiveness: 20.0; sincerity: 20.0; intelligence: 20.0; being funny: 20.0; ambition: 10.0; shared interests: 10.0. Would you leave your current partner for the new woman? Your answer must be (YES) or (NO) followed by your reason. You must FOLLOW THIS RULE! You MUST NOT SAY other words.,NO. The new woman's overall weighted score is lower than your current partner's (5.0 vs. 5.2); and she lacks significant advantages in key areas to justify leaving.,86,111,96,0
Assume you are a 27-year-old man with career type consulting; currently matched with a partner. Your current partner's scores (out of 10): attractiveness: 8.0/10; sincerity: 10.0/10; intelligence: 8.0/10; being funny: 9.0/10; ambition: 8.0/10; shared interests: 8.0/10. A new woman is courting you with scores: attractiveness: 7.0/10; sincerity: 6.0/10; intelligence: 7.0/10; being funny: 5.0/10; ambition: 5.0/10; shared interests: 4.0/10. Your importance weights are: attractiveness: 20.0; sincerity: 20.0; intelligence: 20.0; being funny: 20.0; ambition: 10.0; shared interests: 10.0. Would you leave your current partner for the new woman? Your answer must be (YES) or (NO) followed by your reason. You must FOLLOW THIS RULE! You MUST NOT SAY other words.,NO. The new woman scores significantly lower in key weighted categories (sincerity; intelligence; being funny) and lacks shared interests; making her a worse match overall.,87,111,107,0
Assume you are a 26-year-old woman with career type Operations Research; currently matched with a partner. Your current partner's scores (out of 10): attractiveness: 8.0/10; sincerity: 7.0/10; intelligence: 7.0/10; being funny: 5.0/10; ambition: 5.0/10; shared interests: 8.0/10. A new man is courting you with scores: attractiveness: 7.0/10; sincerity: 7.0/10; intelligence: 7.0/10; being funny: 7.0/10; ambition: 7.0/10; shared interests: 7.0/10. Your importance weights are: attractiveness: 10.0; sincerity: 20.0; intelligence: 15.0; being funny: 20.0; ambition: 20.0; shared interests: 15.0. Would you leave your current partner for the new man? Your answer must be (YES) or (NO) followed by your reason. You must FOLLOW THIS RULE! You MUST NOT SAY other words.,YES. The new man has higher weighted scores (funny and ambition; which are highly weighted) despite slightly lower attractiveness and shared interests.,99,79,81,1
Assume you are a 26-year-old man with career type Business - Investment Management; currently matched with a partner. Your current partner's scores (out of 10): attractiveness: 10.0/10; sincerity: 10.0/10; intelligence: 10.0/10; being funny: 8.0/10; ambition: 9.0/10; shared interests: 10.0/10. A new woman is courting you with scores: attractiveness: 6.0/10; sincerity: 6.0/10; intelligence: 7.0/10; being funny: 7.0/10; ambition: 4.0/10; shared interests: 5.0/10. Your importance weights are: attractiveness: 18.0; sincerity: 18.0; intelligence: 18.0; being funny: 19.0; ambition: 13.0; shared interests: 14.0. Would you leave your current partner for the new woman? Your answer must be (YES) or (NO) followed by your reason. You must FOLLOW THIS RULE! You MUST NOT SAY other words.,"NO. The new woman scores significantly lower in all key attributes (attractiveness; sincerity; intelligence; ambition; shared interests) that you highly value; while your current partner excels in these areas. The minor gain in ""being funny"" does not outweigh the substantial losses elsewhere.",92,95,97,0
Assume you are a 25-year-old woman with career type teaching and then...; currently matched with a partner. Your current partner's scores (out of 10): attractiveness: 7.0/10; sincerity: 8.0/10; intelligence: 9.0/10; being funny: 8.0/10; ambition: 8.0/10; shared interests: 5.0/10. A new man is courting you with scores: attractiveness: 7.0/10; sincerity: 10.0/10; intelligence: 10.0/10; being funny: 10.0/10; ambition: 8.0/10; shared interests: 10.0/10. Your importance weights are: attractiveness: 20.0; sincerity: 20.0; intelligence: 20.0; being funny: 20.0; ambition: 10.0; shared interests: 10.0. Would you leave your current partner for the new man? Your answer must be (YES) or (NO) followed by your reason. You must FOLLOW THIS RULE! You MUST NOT SAY other words.,YES. The new man scores significantly higher in sincerity; intelligence; being funny; and shared interests—traits you highly value—while matching or closely matching in attractiveness and ambition. The overall compatibility and alignment with your priorities make him a better match.,108,82,84,1
Assume you are a 27-year-old man with career type consulting; currently matched with a partner. Your current partner's scores (out of 10): attractiveness: 5.0/10; sincerity: 10.0/10; intelligence: 10.0/10; being funny: 10.0/10; ambition: 10.0/10; shared interests: 10.0/10. A new woman is courting you with scores: attractiveness: 6.0/10; sincerity: 6.0/10; intelligence: 7.0/10; being funny: 5.0/10; ambition: 5.0/10; shared interests: 4.0/10. Your importance weights are: attractiveness: 20.0; sincerity: 20.0; intelligence: 20.0; being funny: 20.0; ambition: 10.0; shared interests: 10.0. Would you leave your current partner for the new woman? Your answer must be (YES) or (NO) followed by your reason. You must FOLLOW THIS RULE! You MUST NOT SAY other words.,NO. The current partner significantly outperforms the new woman in key weighted categories (sincerity; intelligence; being funny) and matches or exceeds in others; making her a better overall match based on your priorities.,88,111,109,0
Assume you are a 27-year-old man with career type consulting; currently matched with a partner. Your current partner's scores (out of 10): attractiveness: 10.0/10; sincerity: 10.0/10; intelligence: 10.0/10; being funny: 10.0/10; ambition: 10.0/10; shared interests: 7.0/10. A new woman is courting you with scores: attractiveness: 3.0/10; sincerity: 8.0/10; intelligence: 5.0/10; being funny: 4.0/10; ambition: 5.0/10; shared interests: 7.0/10. Your importance weights are: attractiveness: 20.0; sincerity: 20.0; intelligence: 20.0; being funny: 20.0; ambition: 10.0; shared interests: 10.0. Would you leave your current partner for the new woman? Your answer must be (YES) or (NO) followed by your reason. You must FOLLOW THIS RULE! You MUST NOT SAY other words.,NO. The new woman scores significantly lower in all highly weighted categories (attractiveness; sincerity; intelligence; being funny) and matches only in shared interests; which is less important. Your current partner is exceptional in all key areas.,90,111,104,0
Assume you are a 28-year-old woman with career type Journalism; currently matched with a partner. Your current partner's scores (out of 10): attractiveness: 8.0/10; sincerity: 8.0/10; intelligence: 8.0/10; being funny: 8.0/10; ambition: 8.0/10; shared interests: 8.0/10. A new man is courting you with scores: attractiveness: 4.0/10; sincerity: 9.0/10; intelligence: 8.0/10; being funny: 6.0/10; ambition: 7.0/10; shared interests: 6.0/10. Your importance weights are: attractiveness: 10.0; sincerity: 10.0; intelligence: 20.0; being funny: 20.0; ambition: 20.0; shared interests: 20.0. Would you leave your current partner for the new man? Your answer must be (YES) or (NO) followed by your reason. You must FOLLOW THIS RULE! You MUST NOT SAY other words.,NO. The current partner scores higher in key weighted categories (intelligence; being funny; ambition; shared interests) and matches in sincerity; while the new man is significantly less attractive and lacks in humor and shared interests; which are highly weighted.,103,81,83,0
Assume you are a 28-year-old woman with career type Journalism; currently matched with a partner. Your current partner's scores (out of 10): attractiveness: 10.0/10; sincerity: 10.0/10; intelligence: 10.0/10; being funny: 10.0/10; ambition: 10.0/10; shared interests: 10.0/10. A new man is courting you with scores: attractiveness: 6.0/10; sincerity: 8.0/10; intelligence: 8.0/10; being funny: 8.0/10; ambition: 4.0/10; shared interests: 7.0/10. Your importance weights are: attractiveness: 10.0; sincerity: 10.0; intelligence: 20.0; being funny: 20.0; ambition: 20.0; shared interests: 20.0. Would you leave your current partner for the new man? Your answer must be (YES) or (NO) followed by your reason. You must FOLLOW THIS RULE! You MUST NOT SAY other words.,NO. The new man scores significantly lower in key weighted categories (intelligence; being funny; ambition; shared interests) and does not surpass your current partner in any area. Your current partner is a perfect match across all dimensions you value.,104,81,90,0
Assume you are a 28-year-old woman with career type Journalism; currently matched with a partner. Your current partner's scores (out of 10): attractiveness: 8.0/10; sincerity: 8.0/10; intelligence: 8.0/10; being funny: 8.0/10; ambition: 10.0/10; shared interests: nan/10. A new man is courting you with scores: attractiveness: 4.0/10; sincerity: 9.0/10; intelligence: 8.0/10; being funny: 9.0/10; ambition: 8.0/10; shared interests: 3.0/10. Your importance weights are: attractiveness: 10.0; sincerity: 10.0; intelligence: 20.0; being funny: 20.0; ambition: 20.0; shared interests: 20.0. Would you leave your current partner for the new man? Your answer must be (YES) or (NO) followed by your reason. You must FOLLOW THIS RULE! You MUST NOT SAY other words.,NO. The new man scores lower in attractiveness; ambition; and shared interests; which are highly weighted in your priorities. Your current partner has balanced high scores in all important categories.,106,81,89,0
Assume you are a 28-year-old woman with career type Journalism; currently matched with a partner. Your current partner's scores (out of 10): attractiveness: 6.0/10; sincerity: 7.0/10; intelligence: 6.0/10; being funny: 7.0/10; ambition: 5.0/10; shared interests: 4.0/10. A new man is courting you with scores: attractiveness: 7.0/10; sincerity: 7.0/10; intelligence: 7.0/10; being funny: 8.0/10; ambition: 7.0/10; shared interests: 7.0/10. Your importance weights are: attractiveness: 10.0; sincerity: 10.0; intelligence: 20.0; being funny: 20.0; ambition: 20.0; shared interests: 20.0. Would you leave your current partner for the new man? Your answer must be (YES) or (NO) followed by your reason. You must FOLLOW THIS RULE! You MUST NOT SAY other words.,YES. The new man scores higher in all categories; especially in intelligence; being funny; ambition; and shared interests; which are your most weighted priorities (20.0 each). The overall compatibility is significantly better.,108,81,82,1
Assume you are a 32-year-old woman with career type pharmaceuticals; currently matched with a partner. Your current partner's scores (out of 10): attractiveness: 8.0/10; sincerity: 7.0/10; intelligence: 8.0/10; being funny: 6.0/10; ambition: 8.0/10; shared interests: 9.0/10. A new man is courting you with scores: attractiveness: 4.0/10; sincerity: 6.0/10; intelligence: 7.0/10; being funny: 4.0/10; ambition: 7.0/10; shared interests: 3.0/10. Your importance weights are: attractiveness: 30.0; sincerity: 30.0; intelligence: 30.0; being funny: 5.0; ambition: 0.0; shared interests: 5.0. Would you leave your current partner for the new man? Your answer must be (YES) or (NO) followed by your reason. You must FOLLOW THIS RULE! You MUST NOT SAY other words.,NO. The new man scores significantly lower in attractiveness; sincerity; and intelligence; which are your top-weighted criteria (30.0 each). The slight improvements in sincerity and intelligence do not outweigh the drop in attractiveness and shared interests. Your current partner aligns better with your priorities.,97,84,92,0
Assume you are a 27-year-old man with career type consulting; currently matched with a partner. Your current partner's scores (out of 10): attractiveness: 7.0/10; sincerity: 10.0/10; intelligence: 10.0/10; being funny: 10.0/10; ambition: 10.0/10; shared interests: 10.0/10. A new woman is courting you with scores: attractiveness: 8.0/10; sincerity: 7.0/10; intelligence: 8.0/10; being funny: 5.0/10; ambition: 6.0/10; shared interests: 6.0/10. Your importance weights are: attractiveness: 20.0; sincerity: 20.0; intelligence: 20.0; being funny: 20.0; ambition: 10.0; shared interests: 10.0. Would you leave your current partner for the new woman? Your answer must be (YES) or (NO) followed by your reason. You must FOLLOW THIS RULE! You MUST NOT SAY other words.,NO. The current partner scores higher in nearly all weighted categories (sincerity; intelligence; humor; ambition; shared interests); which are more important to you than the slight increase in attractiveness from the new woman. The overall compatibility and value of the current partner far outweigh the new option.,91,111,105,0
Assume you are a 25-year-old woman with career type teaching and then...; currently matched with a partner. Your current partner's scores (out of 10): attractiveness: 7.0/10; sincerity: 9.0/10; intelligence: 9.0/10; being funny: 8.0/10; ambition: 6.0/10; shared interests: 7.0/10. A new man is courting you with scores: attractiveness: 7.0/10; sincerity: 7.0/10; intelligence: 10.0/10; being funny: 10.0/10; ambition: 9.0/10; shared interests: 8.0/10. Your importance weights are: attractiveness: 20.0; sincerity: 20.0; intelligence: 20.0; being funny: 20.0; ambition: 10.0; shared interests: 10.0. Would you leave your current partner for the new man? Your answer must be (YES) or (NO) followed by your reason. You must FOLLOW THIS RULE! You MUST NOT SAY other words.,NO. While the new man scores higher in intelligence; humor; ambition; and shared interests; your current partner excels in sincerity (which you highly value at 20.0 weight) and matches in attractiveness. The overall weighted difference may not justify leaving a stable; sincere relationship for slight gains in other areas.,94,82,93,0
Assume you are a 26-year-old man with career type Business - Investment Management; currently matched with a partner. Your current partner's scores (out of 10): attractiveness: 8.0/10; sincerity: 9.0/10; intelligence: 8.0/10; being funny: 9.0/10; ambition: 9.0/10; shared interests: 8.0/10. A new woman is courting you with scores: attractiveness: 4.0/10; sincerity: 6.0/10; intelligence: 5.0/10; being funny: 6.0/10; ambition: 5.0/10; shared interests: 5.0/10. Your importance weights are: attractiveness: 18.0; sincerity: 18.0; intelligence: 18.0; being funny: 19.0; ambition: 13.0; shared interests: 14.0. Would you leave your current partner for the new woman? Your answer must be (YES) or (NO) followed by your reason. You must FOLLOW THIS RULE! You MUST NOT SAY other words.,NO. The new woman scores significantly lower in all categories that are important to you; especially attractiveness; sincerity; intelligence; and being funny; which are your highest-weighted priorities. Your current partner is a much stronger match based on your values.,77,95,110,0
Assume you are a 25-year-old woman with career type teaching and then...; currently matched with a partner. Your current partner's scores (out of 10): attractiveness: 8.0/10; sincerity: 8.0/10; intelligence: 8.0/10; being funny: 8.0/10; ambition: 10.0/10; shared interests: nan/10. A new man is courting you with scores: attractiveness: 5.0/10; sincerity: 10.0/10; intelligence: 9.0/10; being funny: 8.0/10; ambition: 9.0/10; shared interests: 7.0/10. Your importance weights are: attractiveness: 20.0; sincerity: 20.0; intelligence: 20.0; being funny: 20.0; ambition: 10.0; shared interests: 10.0. Would you leave your current partner for the new man? Your answer must be (YES) or (NO) followed by your reason. You must FOLLOW THIS RULE! You MUST NOT SAY other words.,NO. The current partner scores higher in attractiveness; sincerity; intelligence; and being funny; which are equally weighted as your top priorities (20.0 each). The new man excels slightly in sincerity and shared interests; but these do not outweigh the current partner's strengths in your key criteria.,106,82,89,0
Assume you are a 27-year-old man with career type consulting; currently matched with a partner. Your current partner's scores (out of 10): attractiveness: 10.0/10; sincerity: 10.0/10; intelligence: 10.0/10; being funny: 8.0/10; ambition: 9.0/10; shared interests: 10.0/10. A new woman is courting you with scores: attractiveness: 7.0/10; sincerity: 6.0/10; intelligence: 6.0/10; being funny: 3.0/10; ambition: 4.0/10; shared interests: 4.0/10. Your importance weights are: attractiveness: 20.0; sincerity: 20.0; intelligence: 20.0; being funny: 20.0; ambition: 10.0; shared interests: 10.0. Would you leave your current partner for the new woman? Your answer must be (YES) or (NO) followed by your reason. You must FOLLOW THIS RULE! You MUST NOT SAY other words.,NO. The new woman scores significantly lower in all key categories that you value highly (attractiveness; sincerity; intelligence; being funny) and lacks shared interests and ambition; making her a poor match compared to your current partner.,92,111,97,0
Assume you are a 32-year-old woman with career type pharmaceuticals; currently matched with a partner. Your current partner's scores (out of 10): attractiveness: 6.0/10; sincerity: 7.0/10; intelligence: 8.0/10; being funny: 8.0/10; ambition: 8.0/10; shared interests: 9.0/10. A new man is courting you with scores: attractiveness: 7.0/10; sincerity: 5.0/10; intelligence: 6.0/10; being funny: 7.0/10; ambition: 5.0/10; shared interests: 7.0/10. Your importance weights are: attractiveness: 30.0; sincerity: 30.0; intelligence: 30.0; being funny: 5.0; ambition: 0.0; shared interests: 5.0. Would you leave your current partner for the new man? Your answer must be (YES) or (NO) followed by your reason. You must FOLLOW THIS RULE! You MUST NOT SAY other words.,NO. The new man scores lower in sincerity (5.0 vs. 7.0) and intelligence (6.0 vs. 8.0); which are your top priorities (30.0 weight each). The slight increase in attractiveness (7.0 vs. 6.0) does not outweigh these key drawbacks.,99,84,79,0
Assume you are a 27-year-old man with career type consulting; currently matched with a partner. Your current partner's scores (out of 10): attractiveness: 6.0/10; sincerity: 6.0/10; intelligence: 7.0/10; being funny: 7.0/10; ambition: 8.0/10; shared interests: 6.0/10. A new woman is courting you with scores: attractiveness: 5.0/10; sincerity: 7.0/10; intelligence: 7.0/10; being funny: 5.0/10; ambition: 5.0/10; shared interests: 5.0/10. Your importance weights are: attractiveness: 20.0; sincerity: 20.0; intelligence: 20.0; being funny: 20.0; ambition: 10.0; shared interests: 10.0. Would you leave your current partner for the new woman? Your answer must be (YES) or (NO) followed by your reason. You must FOLLOW THIS RULE! You MUST NOT SAY other words.,NO. The new woman's weighted total score (5.0*20 + 7.0*20 + 7.0*20 + 5.0*20 + 5.0*10 + 5.0*10 = 540) is lower than your current partner's weighted total score (6.0*20 + 6.0*20 + 7.0*20 + 7.0*20 + 8.0*10 + 6.0*10 = 600).,93,111,94,0
Assume you are a 25-year-old woman with career type teaching and then...; currently matched with a partner. Your current partner's scores (out of 10): attractiveness: 7.0/10; sincerity: 10.0/10; intelligence: 7.0/10; being funny: 6.0/10; ambition: 6.0/10; shared interests: 7.0/10. A new man is courting you with scores: attractiveness: 6.0/10; sincerity: 10.0/10; intelligence: 10.0/10; being funny: 8.0/10; ambition: 8.0/10; shared interests: 8.0/10. Your importance weights are: attractiveness: 20.0; sincerity: 20.0; intelligence: 20.0; being funny: 20.0; ambition: 10.0; shared interests: 10.0. Would you leave your current partner for the new man? Your answer must be (YES) or (NO) followed by your reason. You must FOLLOW THIS RULE! You MUST NOT SAY other words.,YES. The new man scores higher in intelligence; being funny; ambition; and shared interests; which are important to you; outweighing the slight drop in attractiveness. His strengths align better with your weighted priorities.,109,82,88,1
Assume you are a 27-year-old man with career type consulting; currently matched with a partner. Your current partner's scores (out of 10): attractiveness: 7.0/10; sincerity: 7.0/10; intelligence: 7.0/10; being funny: 7.0/10; ambition: 7.0/10; shared interests: 7.0/10. A new woman is courting you with scores: attractiveness: 3.0/10; sincerity: 6.0/10; intelligence: 5.0/10; being funny: 5.0/10; ambition: 3.0/10; shared interests: 7.0/10. Your importance weights are: attractiveness: 20.0; sincerity: 20.0; intelligence: 20.0; being funny: 20.0; ambition: 10.0; shared interests: 10.0. Would you leave your current partner for the new woman? Your answer must be (YES) or (NO) followed by your reason. You must FOLLOW THIS RULE! You MUST NOT SAY other words.,NO. The new woman's scores are significantly lower in attractiveness; intelligence; and being funny; which are highly weighted traits for you. The current partner has balanced and higher scores across all important categories.,79,111,99,0
Assume you are a 23-year-old woman with career type Clinical Social Worker; currently matched with a partner. Your current partner's scores (out of 10): attractiveness: 8.0/10; sincerity: 7.0/10; intelligence: 8.0/10; being funny: 6.0/10; ambition: 8.0/10; shared interests: 9.0/10. A new man is courting you with scores: attractiveness: 6.0/10; sincerity: 7.0/10; intelligence: 10.0/10; being funny: 7.0/10; ambition: 10.0/10; shared interests: 7.0/10. Your importance weights are: attractiveness: 15.0; sincerity: 15.0; intelligence: 20.0; being funny: 15.0; ambition: 20.0; shared interests: 15.0. Would you leave your current partner for the new man? Your answer must be (YES) or (NO) followed by your reason. You must FOLLOW THIS RULE! You MUST NOT SAY other words.,NO. The weighted scores for your current partner (8.0*15 + 7.0*15 + 8.0*20 + 6.0*15 + 8.0*20 + 9.0*15 = 800) are higher than the new man's (6.0*15 + 7.0*15 + 10.0*20 + 7.0*15 + 10.0*20 + 7.0*15 = 790). Your current partner better aligns with your priorities.,97,88,92,0
Assume you are a 26-year-old man with career type Business - Investment Management; currently matched with a partner. Your current partner's scores (out of 10): attractiveness: 7.0/10; sincerity: 7.0/10; intelligence: 7.0/10; being funny: 7.0/10; ambition: 7.0/10; shared interests: 7.0/10. A new woman is courting you with scores: attractiveness: 4.0/10; sincerity: 7.0/10; intelligence: 7.0/10; being funny: 6.0/10; ambition: 5.0/10; shared interests: 5.0/10. Your importance weights are: attractiveness: 18.0; sincerity: 18.0; intelligence: 18.0; being funny: 19.0; ambition: 13.0; shared interests: 14.0. Would you leave your current partner for the new woman? Your answer must be (YES) or (NO) followed by your reason. You must FOLLOW THIS RULE! You MUST NOT SAY other words.,NO. The new woman's overall weighted score is lower than your current partner's; particularly in attractiveness and ambition; which are important to you.,79,95,99,0
Assume you are a 27-year-old man with career type consulting; currently matched with a partner. Your current partner's scores (out of 10): attractiveness: 8.0/10; sincerity: 8.0/10; intelligence: 8.0/10; being funny: 8.0/10; ambition: 8.0/10; shared interests: 9.0/10. A new woman is courting you with scores: attractiveness: 5.0/10; sincerity: 5.0/10; intelligence: 6.0/10; being funny: 3.0/10; ambition: 5.0/10; shared interests: 5.0/10. Your importance weights are: attractiveness: 20.0; sincerity: 20.0; intelligence: 20.0; being funny: 20.0; ambition: 10.0; shared interests: 10.0. Would you leave your current partner for the new woman? Your answer must be (YES) or (NO) followed by your reason. You must FOLLOW THIS RULE! You MUST NOT SAY other words.,NO. The new woman scores significantly lower in all key weighted categories (attractiveness; sincerity; intelligence; being funny) and does not outperform the current partner in any area. The current partner is a better match overall.,80,111,102,0
Assume you are a 27-year-old man with career type consulting; currently matched with a partner. Your current partner's scores (out of 10): attractiveness: 6.0/10; sincerity: 10.0/10; intelligence: 10.0/10; being funny: 8.0/10; ambition: 8.0/10; shared interests: 8.0/10. A new woman is courting you with scores: attractiveness: 5.0/10; sincerity: 6.0/10; intelligence: 5.0/10; being funny: 5.0/10; ambition: 5.0/10; shared interests: 3.0/10. Your importance weights are: attractiveness: 20.0; sincerity: 20.0; intelligence: 20.0; being funny: 20.0; ambition: 10.0; shared interests: 10.0. Would you leave your current partner for the new woman? Your answer must be (YES) or (NO) followed by your reason. You must FOLLOW THIS RULE! You MUST NOT SAY other words.,NO. The new woman scores significantly lower in all weighted categories (attractiveness; sincerity; intelligence; being funny) and lacks shared interests; making her a worse match overall.,82,111,109,0
Assume you are a 26-year-old man with career type Business - Investment Management; currently matched with a partner. Your current partner's scores (out of 10): attractiveness: 8.0/10; sincerity: 8.0/10; intelligence: 8.0/10; being funny: 8.0/10; ambition: 8.0/10; shared interests: 9.0/10. A new woman is courting you with scores: attractiveness: 5.0/10; sincerity: 8.0/10; intelligence: 7.0/10; being funny: 5.0/10; ambition: 6.0/10; shared interests: 4.0/10. Your importance weights are: attractiveness: 18.0; sincerity: 18.0; intelligence: 18.0; being funny: 19.0; ambition: 13.0; shared interests: 14.0. Would you leave your current partner for the new woman? Your answer must be (YES) or (NO) followed by your reason. You must FOLLOW THIS RULE! You MUST NOT SAY other words.,NO. The new woman scores significantly lower in key weighted categories (attractiveness; being funny; shared interests) and does not outperform the current partner in any area. The current partner's balanced high scores align better with your priorities.,80,95,102,0
Assume you are a 27-year-old single man; and there is a 32-year-old woman who is courting you. Your career type is consulting. You evaluated her on six dimensions with scores out of 10. These are attractiveness: 2.0/10; sincerity: 6.0/10; intelligence: 6.0/10; being funny: 5.0/10; ambition: 5.0/10; shared interests: 3.0/10. Your importance weights for these attributes are: attractiveness: 20.0; sincerity: 20.0; intelligence: 20.0; being funny: 20.0; ambition: 10.0; shared interests: 10.0. Would you be willing to date this woman? And also tell me the reason. Your answer must be (YES) or (NO) followed by your reason. You must FOLLOW THIS RULE! You MUST NOT SAY other words.,NO. The weighted average score is low (4.4/10); with particularly low scores in attractiveness (2.0) and shared interests (3.0); which are important to you (20% and 10% weight respectively). The overall compatibility does not meet your expectations.,84,111,,0
Assume you are a 32-year-old woman with career type pharmaceuticals; currently matched with a partner. Your current partner's scores (out of 10): attractiveness: 7.0/10; sincerity: 9.0/10; intelligence: 9.0/10; being funny: 9.0/10; ambition: 7.0/10; shared interests: 9.0/10. A new man is courting you with scores: attractiveness: 2.0/10; sincerity: 5.0/10; intelligence: 7.0/10; being funny: 4.0/10; ambition: 7.0/10; shared interests: 5.0/10. Your importance weights are: attractiveness: 30.0; sincerity: 30.0; intelligence: 30.0; being funny: 5.0; ambition: 0.0; shared interests: 5.0. Would you leave your current partner for the new man? Your answer must be (YES) or (NO) followed by your reason. You must FOLLOW THIS RULE! You MUST NOT SAY other words.,NO. The new man scores significantly lower in the traits you value most (attractiveness; sincerity; and intelligence); which carry the highest weight in your preferences. Your current partner excels in these areas and aligns better with your priorities.,100,84,85,0
Assume you are a 23-year-old woman with career type Clinical Social Worker; currently matched with a partner. Your current partner's scores (out of 10): attractiveness: 6.0/10; sincerity: 7.0/10; intelligence: 8.0/10; being funny: 8.0/10; ambition: 8.0/10; shared interests: 9.0/10. A new man is courting you with scores: attractiveness: 8.0/10; sincerity: 10.0/10; intelligence: 10.0/10; being funny: 8.0/10; ambition: 10.0/10; shared interests: 8.0/10. Your importance weights are: attractiveness: 15.0; sincerity: 15.0; intelligence: 20.0; being funny: 15.0; ambition: 20.0; shared interests: 15.0. Would you leave your current partner for the new man? Your answer must be (YES) or (NO) followed by your reason. You must FOLLOW THIS RULE! You MUST NOT SAY other words.,YES. The new man scores higher in sincerity; intelligence; and ambition—traits weighted more heavily in your priorities—while maintaining strong scores in attractiveness; humor; and shared interests. The overall alignment with your values and goals makes him a better match.,99,88,79,1
Assume you are a 26-year-old woman with career type Operations Research; currently matched with a partner. Your current partner's scores (out of 10): attractiveness: 10.0/10; sincerity: 10.0/10; intelligence: 10.0/10; being funny: 10.0/10; ambition: 10.0/10; shared interests: 10.0/10. A new man is courting you with scores: attractiveness: nan/10; sincerity: 6.0/10; intelligence: 7.0/10; being funny: 8.0/10; ambition: 6.0/10; shared interests: 7.0/10. Your importance weights are: attractiveness: 10.0; sincerity: 20.0; intelligence: 15.0; being funny: 20.0; ambition: 20.0; shared interests: 15.0. Would you leave your current partner for the new man? Your answer must be (YES) or (NO) followed by your reason. You must FOLLOW THIS RULE! You MUST NOT SAY other words.,NO. The new man's scores are significantly lower in key weighted categories (sincerity; ambition; being funny) and he lacks attractiveness data; making him a poor match compared to your current partner who excels in all areas.,104,79,90,0
Assume you are a 26-year-old man with career type Business - Investment Management; currently matched with a partner. Your current partner's scores (out of 10): attractiveness: 6.0/10; sincerity: 10.0/10; intelligence: 10.0/10; being funny: 8.0/10; ambition: 8.0/10; shared interests: 8.0/10. A new woman is courting you with scores: attractiveness: 4.0/10; sincerity: 6.0/10; intelligence: 5.0/10; being funny: 6.0/10; ambition: 5.0/10; shared interests: 4.0/10. Your importance weights are: attractiveness: 18.0; sincerity: 18.0; intelligence: 18.0; being funny: 19.0; ambition: 13.0; shared interests: 14.0. Would you leave your current partner for the new woman? Your answer must be (YES) or (NO) followed by your reason. You must FOLLOW THIS RULE! You MUST NOT SAY other words.,NO. The new woman scores significantly lower in all weighted categories; especially in sincerity; intelligence; and shared interests; which are highly important to you. Your current partner excels in these areas.,82,95,109,0
Assume you are a 32-year-old woman with career type pharmaceuticals; currently matched with a partner. Your current partner's scores (out of 10): attractiveness: 10.0/10; sincerity: 9.0/10; intelligence: 8.0/10; being funny: 7.0/10; ambition: 7.0/10; shared interests: 10.0/10. A new man is courting you with scores: attractiveness: 4.0/10; sincerity: 5.0/10; intelligence: 6.0/10; being funny: 3.0/10; ambition: 7.0/10; shared interests: 3.0/10. Your importance weights are: attractiveness: 30.0; sincerity: 30.0; intelligence: 30.0; being funny: 5.0; ambition: 0.0; shared interests: 5.0. Would you leave your current partner for the new man? Your answer must be (YES) or (NO) followed by your reason. You must FOLLOW THIS RULE! You MUST NOT SAY other words.,NO. The new man scores significantly lower in the categories you value most (attractiveness; sincerity; intelligence) and offers no compelling advantages to outweigh your current partner's strengths.,102,84,80,0
Assume you are a 26-year-old single man; and there is a 32-year-old woman who is courting you. Your career type is Business - Investment Management. You evaluated her on six dimensions with scores out of 10. These are attractiveness: 5.0/10; sincerity: 7.0/10; intelligence: 6.0/10; being funny: 6.0/10; ambition: 6.0/10; shared interests: 4.0/10. Your importance weights for these attributes are: attractiveness: 18.0; sincerity: 18.0; intelligence: 18.0; being funny: 19.0; ambition: 13.0; shared interests: 14.0. Would you be willing to date this woman? And also tell me the reason. Your answer must be (YES) or (NO) followed by your reason. You must FOLLOW THIS RULE! You MUST NOT SAY other words.,NO - The weighted average score (5.67) is below a reasonable threshold for compatibility; with low scores in attractiveness (5.0) and shared interests (4.0); which are important factors despite the higher sincerity score (7.0).,84,95,,0
Assume you are a 26-year-old woman with career type Operations Research; currently matched with a partner. Your current partner's scores (out of 10): attractiveness: 8.0/10; sincerity: 7.0/10; intelligence: 6.0/10; being funny: 7.0/10; ambition: 6.0/10; shared interests: 6.0/10. A new man is courting you with scores: attractiveness: 6.0/10; sincerity: 6.0/10; intelligence: 6.0/10; being funny: 6.0/10; ambition: 6.0/10; shared interests: 6.0/10. Your importance weights are: attractiveness: 10.0; sincerity: 20.0; intelligence: 15.0; being funny: 20.0; ambition: 20.0; shared interests: 15.0. Would you leave your current partner for the new man? Your answer must be (YES) or (NO) followed by your reason. You must FOLLOW THIS RULE! You MUST NOT SAY other words.,NO. The new man's weighted score (6.0 across all categories) is lower than the current partner's weighted score (higher in attractiveness; sincerity; being funny; and equal in intelligence and shared interests). The current partner better aligns with your importance weights.,108,79,81,0
Assume you are a 26-year-old man with career type Business - Investment Management; currently matched with a partner. Your current partner's scores (out of 10): attractiveness: 5.0/10; sincerity: 8.0/10; intelligence: 8.0/10; being funny: 5.0/10; ambition: 8.0/10; shared interests: 3.0/10. A new woman is courting you with scores: attractiveness: 5.0/10; sincerity: 7.0/10; intelligence: 6.0/10; being funny: 6.0/10; ambition: 5.0/10; shared interests: 6.0/10. Your importance weights are: attractiveness: 18.0; sincerity: 18.0; intelligence: 18.0; being funny: 19.0; ambition: 13.0; shared interests: 14.0. Would you leave your current partner for the new woman? Your answer must be (YES) or (NO) followed by your reason. You must FOLLOW THIS RULE! You MUST NOT SAY other words.,NO. The current partner scores higher in sincerity; intelligence; and ambition; which are highly weighted for you; outweighing the slight improvement in shared interests and humor with the new woman.,85,95,100,0
Assume you are a 32-year-old woman with career type pharmaceuticals; currently matched with a partner. Your current partner's scores (out of 10): attractiveness: 8.0/10; sincerity: 8.0/10; intelligence: 10.0/10; being funny: 9.0/10; ambition: 7.0/10; shared interests: 7.0/10. A new man is courting you with scores: attractiveness: 5.0/10; sincerity: 5.0/10; intelligence: 7.0/10; being funny: 8.0/10; ambition: 7.0/10; shared interests: 5.0/10. Your importance weights are: attractiveness: 30.0; sincerity: 30.0; intelligence: 30.0; being funny: 5.0; ambition: 0.0; shared interests: 5.0. Would you leave your current partner for the new man? Your answer must be (YES) or (NO) followed by your reason. You must FOLLOW THIS RULE! You MUST NOT SAY other words.,NO. The new man scores significantly lower in attractiveness; sincerity; and intelligence; which are your top three weighted priorities (30.0 each). Your current partner outperforms him in these critical areas. The minor gains in humor and shared interests (low-weighted categories) do not outweigh the substantial drop in your most valued traits.,105,84,91,0
Assume you are a 32-year-old woman with career type pharmaceuticals; currently matched with a partner. Your current partner's scores (out of 10): attractiveness: 8.0/10; sincerity: 8.0/10; intelligence: 8.0/10; being funny: 8.0/10; ambition: 10.0/10; shared interests: nan/10. A new man is courting you with scores: attractiveness: 4.0/10; sincerity: 6.0/10; intelligence: 8.0/10; being funny: 6.0/10; ambition: 5.0/10; shared interests: 5.0/10. Your importance weights are: attractiveness: 30.0; sincerity: 30.0; intelligence: 30.0; being funny: 5.0; ambition: 0.0; shared interests: 5.0. Would you leave your current partner for the new man? Your answer must be (YES) or (NO) followed by your reason. You must FOLLOW THIS RULE! You MUST NOT SAY other words.,NO. The new man scores lower in attractiveness; sincerity; and intelligence; which are your top-weighted criteria. The slight advantage in shared interests does not outweigh the significant drop in your prioritized traits.,106,84,89,0
Assume you are a 26-year-old man with career type Business - Investment Management; currently matched with a partner. Your current partner's scores (out of 10): attractiveness: 8.0/10; sincerity: 10.0/10; intelligence: 8.0/10; being funny: 9.0/10; ambition: 8.0/10; shared interests: 8.0/10. A new woman is courting you with scores: attractiveness: 6.0/10; sincerity: 7.0/10; intelligence: 6.0/10; being funny: 6.0/10; ambition: 6.0/10; shared interests: 6.0/10. Your importance weights are: attractiveness: 18.0; sincerity: 18.0; intelligence: 18.0; being funny: 19.0; ambition: 13.0; shared interests: 14.0. Would you leave your current partner for the new woman? Your answer must be (YES) or (NO) followed by your reason. You must FOLLOW THIS RULE! You MUST NOT SAY other words.,NO. The new woman's scores are significantly lower across all weighted categories; especially in sincerity; intelligence; and being funny; which are highly important to you. Your current partner outperforms her in every aspect.,87,95,107,0
Assume you are a 26-year-old single woman; and there is a 27-year-old man who is courting you. Your career type is Operations Research. You evaluated him on six dimensions with scores out of 10. These are attractiveness: 6.0/10; sincerity: 6.0/10; intelligence: 6.0/10; being funny: 6.0/10; ambition: 6.0/10; shared interests: 6.0/10. Your importance weights for these attributes are: attractiveness: 10.0; sincerity: 20.0; intelligence: 15.0; being funny: 20.0; ambition: 20.0; shared interests: 15.0. Would you be willing to date this man? And also tell me the reason. Your answer must be (YES) or (NO) followed by your reason. You must FOLLOW THIS RULE! You MUST NOT SAY other words.,NO. The weighted average score is only 6.0; which is mediocre across all dimensions and does not meet the importance weights you've assigned.,111,79,,0
Assume you are a 32-year-old woman with career type pharmaceuticals; currently matched with a partner. Your current partner's scores (out of 10): attractiveness: 9.0/10; sincerity: 9.0/10; intelligence: 9.0/10; being funny: 9.0/10; ambition: 9.0/10; shared interests: 8.5/10. A new man is courting you with scores: attractiveness: 4.0/10; sincerity: 8.0/10; intelligence: 8.0/10; being funny: 5.0/10; ambition: 7.0/10; shared interests: 6.0/10. Your importance weights are: attractiveness: 30.0; sincerity: 30.0; intelligence: 30.0; being funny: 5.0; ambition: 0.0; shared interests: 5.0. Would you leave your current partner for the new man? Your answer must be (YES) or (NO) followed by your reason. You must FOLLOW THIS RULE! You MUST NOT SAY other words.,NO. The new man scores significantly lower in attractiveness; sincerity; and intelligence; which are your top-weighted priorities (30.0 each). The slight advantage in shared interests and ambition (which you weight low or at 0.0) does not compensate for the large gap in your key criteria.,107,84,87,0
Assume you are a 26-year-old man with career type Business - Investment Management; currently matched with a partner. Your current partner's scores (out of 10): attractiveness: 8.0/10; sincerity: 10.0/10; intelligence: 10.0/10; being funny: 8.0/10; ambition: 10.0/10; shared interests: 8.0/10. A new woman is courting you with scores: attractiveness: 6.0/10; sincerity: 7.0/10; intelligence: 7.0/10; being funny: 7.0/10; ambition: 7.0/10; shared interests: 6.0/10. Your importance weights are: attractiveness: 18.0; sincerity: 18.0; intelligence: 18.0; being funny: 19.0; ambition: 13.0; shared interests: 14.0. Would you leave your current partner for the new woman? Your answer must be (YES) or (NO) followed by your reason. You must FOLLOW THIS RULE! You MUST NOT SAY other words.,NO. The new woman scores lower in all categories; especially in key areas like attractiveness; sincerity; intelligence; and being funny; which have high importance weights. The current partner outperforms her significantly.,88,95,99,0
Assume you are a 26-year-old man with career type Business - Investment Management; currently matched with a partner. Your current partner's scores (out of 10): attractiveness: 8.0/10; sincerity: 10.0/10; intelligence: 10.0/10; being funny: 9.0/10; ambition: 10.0/10; shared interests: 5.0/10. A new woman is courting you with scores: attractiveness: 3.0/10; sincerity: 5.0/10; intelligence: 6.0/10; being funny: 4.0/10; ambition: 6.0/10; shared interests: 3.0/10. Your importance weights are: attractiveness: 18.0; sincerity: 18.0; intelligence: 18.0; being funny: 19.0; ambition: 13.0; shared interests: 14.0. Would you leave your current partner for the new woman? Your answer must be (YES) or (NO) followed by your reason. You must FOLLOW THIS RULE! You MUST NOT SAY other words.,NO The new woman scores significantly lower in all key weighted categories (attractiveness; sincerity; intelligence; humor; and shared interests) compared to your current partner; who excels in most areas despite lower shared interests. The trade-off is not favorable.,89,95,106,0
Assume you are a 32-year-old single woman; and there is a 26-year-old man who is courting you. Your career type is pharmaceuticals. You evaluated him on six dimensions with scores out of 10. These are attractiveness: 5.0/10; sincerity: 8.0/10; intelligence: 7.0/10; being funny: 5.0/10; ambition: 5.0/10; shared interests: 4.0/10. Your importance weights for these attributes are: attractiveness: 30.0; sincerity: 30.0; intelligence: 30.0; being funny: 5.0; ambition: 0.0; shared interests: 5.0. Would you be willing to date this man? And also tell me the reason. Your answer must be (YES) or (NO) followed by your reason. You must FOLLOW THIS RULE! You MUST NOT SAY other words.,NO - The weighted scores for the most important attributes (attractiveness; sincerity; intelligence) are mediocre or average (5.0; 8.0; 7.0); and the lack of shared interests (4.0) further reduces compatibility. The high importance weights (30.0 each) for these traits make the overall evaluation unfavorable.,95,84,,0
Assume you are a 32-year-old woman with career type pharmaceuticals; currently matched with a partner. Your current partner's scores (out of 10): attractiveness: 8.0/10; sincerity: 8.0/10; intelligence: 8.0/10; being funny: 8.0/10; ambition: 8.0/10; shared interests: 8.0/10. A new man is courting you with scores: attractiveness: 5.0/10; sincerity: 5.0/10; intelligence: 5.0/10; being funny: 5.0/10; ambition: 5.0/10; shared interests: 5.0/10. Your importance weights are: attractiveness: 30.0; sincerity: 30.0; intelligence: 30.0; being funny: 5.0; ambition: 0.0; shared interests: 5.0. Would you leave your current partner for the new man? Your answer must be (YES) or (NO) followed by your reason. You must FOLLOW THIS RULE! You MUST NOT SAY other words.,NO. The new man scores significantly lower in the categories you value most (attractiveness; sincerity; intelligence); which carry high importance weights (30.0 each). Your current partner outperforms him in all key areas.,103,84,83,0
Assume you are a 26-year-old man with career type Business - Investment Management; currently matched with a partner. Your current partner's scores (out of 10): attractiveness: 7.0/10; sincerity: 10.0/10; intelligence: 10.0/10; being funny: 10.0/10; ambition: 10.0/10; shared interests: 10.0/10. A new woman is courting you with scores: attractiveness: 7.0/10; sincerity: 7.0/10; intelligence: 8.0/10; being funny: 7.0/10; ambition: 8.0/10; shared interests: 7.0/10. Your importance weights are: attractiveness: 18.0; sincerity: 18.0; intelligence: 18.0; being funny: 19.0; ambition: 13.0; shared interests: 14.0. Would you leave your current partner for the new woman? Your answer must be (YES) or (NO) followed by your reason. You must FOLLOW THIS RULE! You MUST NOT SAY other words.,NO. Your current partner scores significantly higher in sincerity; intelligence; being funny; ambition; and shared interests—all traits you highly value. The new woman does not outperform your current partner in any weighted category; making the switch unfavorable.,91,95,105,0
Assume you are a 26-year-old single woman; and there is a 26-year-old man who is courting you. Your career type is Operations Research. You evaluated him on six dimensions with scores out of 10. These are attractiveness: 5.0/10; sincerity: 6.0/10; intelligence: 6.0/10; being funny: 5.0/10; ambition: 5.0/10; shared interests: 4.0/10. Your importance weights for these attributes are: attractiveness: 10.0; sincerity: 20.0; intelligence: 15.0; being funny: 20.0; ambition: 20.0; shared interests: 15.0. Would you be willing to date this man? And also tell me the reason. Your answer must be (YES) or (NO) followed by your reason. You must FOLLOW THIS RULE! You MUST NOT SAY other words.,NO. The weighted score (5.0*10 + 6.0*20 + 6.0*15 + 5.0*20 + 5.0*20 + 4.0*15) / (10+20+15+20+20+15) = 5.25/10 is below average; with low scores in key weighted attributes like sincerity; being funny; ambition; and shared interests.,95,79,,0
Assume you are a 32-year-old woman with career type pharmaceuticals; currently matched with a partner. Your current partner's scores (out of 10): attractiveness: 8.0/10; sincerity: 7.0/10; intelligence: 6.0/10; being funny: 7.0/10; ambition: 6.0/10; shared interests: 6.0/10. A new man is courting you with scores: attractiveness: 4.0/10; sincerity: 0.0/10; intelligence: 8.0/10; being funny: 7.0/10; ambition: 7.0/10; shared interests: 6.0/10. Your importance weights are: attractiveness: 30.0; sincerity: 30.0; intelligence: 30.0; being funny: 5.0; ambition: 0.0; shared interests: 5.0. Would you leave your current partner for the new man? Your answer must be (YES) or (NO) followed by your reason. You must FOLLOW THIS RULE! You MUST NOT SAY other words.,NO. The new man scores 0.0/10 in sincerity; which is one of your highest-weighted priorities (30.0). Despite his higher intelligence and ambition; his lack of sincerity makes him a poor match for your values.,108,84,81,0
Assume you are a 32-year-old single woman; and there is a 27-year-old man who is courting you. Your career type is pharmaceuticals. You evaluated him on six dimensions with scores out of 10. These are attractiveness: 3.0/10; sincerity: 5.0/10; intelligence: 5.0/10; being funny: 4.0/10; ambition: 5.0/10; shared interests: 4.0/10. Your importance weights for these attributes are: attractiveness: 30.0; sincerity: 30.0; intelligence: 30.0; being funny: 5.0; ambition: 0.0; shared interests: 5.0. Would you be willing to date this man? And also tell me the reason. Your answer must be (YES) or (NO) followed by your reason. You must FOLLOW THIS RULE! You MUST NOT SAY other words.,NO. The scores in your highest-weighted attributes (attractiveness; sincerity; intelligence) are below average (3.0; 5.0; 5.0); making him a poor match for your priorities.,111,84,,0
Assume you are a 26-year-old woman with career type Operations Research; currently matched with a partner. Your current partner's scores (out of 10): attractiveness: 8.0/10; sincerity: 8.0/10; intelligence: 9.0/10; being funny: 8.0/10; ambition: nan/10; shared interests: 8.0/10. A new man is courting you with scores: attractiveness: 7.0/10; sincerity: 7.0/10; intelligence: 7.0/10; being funny: 5.0/10; ambition: 5.0/10; shared interests: 5.0/10. Your importance weights are: attractiveness: 10.0; sincerity: 20.0; intelligence: 15.0; being funny: 20.0; ambition: 20.0; shared interests: 15.0. Would you leave your current partner for the new man? Your answer must be (YES) or (NO) followed by your reason. You must FOLLOW THIS RULE! You MUST NOT SAY other words.,NO. The new man scores lower in all weighted categories (sincerity; intelligence; being funny; ambition; shared interests) except attractiveness; which is only slightly lower. The current partner outperforms him significantly in key areas with higher importance weights.,96,79,86,0
Assume you are a 32-year-old woman with career type pharmaceuticals; currently matched with a partner. Your current partner's scores (out of 10): attractiveness: 10.0/10; sincerity: 10.0/10; intelligence: 10.0/10; being funny: 10.0/10; ambition: 10.0/10; shared interests: 10.0/10. A new man is courting you with scores: attractiveness: 6.0/10; sincerity: 2.0/10; intelligence: 5.0/10; being funny: 5.0/10; ambition: 5.0/10; shared interests: 2.0/10. Your importance weights are: attractiveness: 30.0; sincerity: 30.0; intelligence: 30.0; being funny: 5.0; ambition: 0.0; shared interests: 5.0. Would you leave your current partner for the new man? Your answer must be (YES) or (NO) followed by your reason. You must FOLLOW THIS RULE! You MUST NOT SAY other words.,NO. The new man scores significantly lower in the traits you value most (attractiveness; sincerity; intelligence) and offers no compelling reason to leave your current partner; who excels in all areas.,104,84,90,0
Assume you are a 32-year-old woman with career type pharmaceuticals; currently matched with a partner. Your current partner's scores (out of 10): attractiveness: 7.0/10; sincerity: 9.0/10; intelligence: 9.0/10; being funny: 8.0/10; ambition: 6.0/10; shared interests: 7.0/10. A new man is courting you with scores: attractiveness: 1.0/10; sincerity: 5.0/10; intelligence: 0.0/10; being funny: 10.0/10; ambition: 0.0/10; shared interests: 3.0/10. Your importance weights are: attractiveness: 30.0; sincerity: 30.0; intelligence: 30.0; being funny: 5.0; ambition: 0.0; shared interests: 5.0. Would you leave your current partner for the new man? Your answer must be (YES) or (NO) followed by your reason. You must FOLLOW THIS RULE! You MUST NOT SAY other words.,NO. The new man scores extremely poorly in key weighted categories (attractiveness; sincerity; intelligence) which are highly important to you (30.0 weight each); while your current partner excels in these areas. The new man's high score in being funny (5.0 weight) does not compensate for his deficiencies in your priorities.,94,84,93,0
Assume you are a 26-year-old woman with career type Operations Research; currently matched with a partner. Your current partner's scores (out of 10): attractiveness: 8.0/10; sincerity: 7.0/10; intelligence: 8.0/10; being funny: 6.0/10; ambition: 8.0/10; shared interests: 9.0/10. A new man is courting you with scores: attractiveness: 7.0/10; sincerity: 7.0/10; intelligence: 7.0/10; being funny: 7.0/10; ambition: 7.0/10; shared interests: 7.0/10. Your importance weights are: attractiveness: 10.0; sincerity: 20.0; intelligence: 15.0; being funny: 20.0; ambition: 20.0; shared interests: 15.0. Would you leave your current partner for the new man? Your answer must be (YES) or (NO) followed by your reason. You must FOLLOW THIS RULE! You MUST NOT SAY other words.,NO. The weighted score of your current partner (8*10 + 7*20 + 8*15 + 6*20 + 8*20 + 9*15 = 755) is higher than the new man's (7*10 + 7*20 + 7*15 + 7*20 + 7*20 + 7*15 = 700). Your current partner better aligns with your importance weights.,97,79,92,0
Assume you are a 26-year-old woman with career type Operations Research; currently matched with a partner. Your current partner's scores (out of 10): attractiveness: 7.0/10; sincerity: 9.0/10; intelligence: 9.0/10; being funny: 9.0/10; ambition: 7.0/10; shared interests: 9.0/10. A new man is courting you with scores: attractiveness: 4.0/10; sincerity: 6.0/10; intelligence: 6.0/10; being funny: 6.0/10; ambition: 6.0/10; shared interests: 4.0/10. Your importance weights are: attractiveness: 10.0; sincerity: 20.0; intelligence: 15.0; being funny: 20.0; ambition: 20.0; shared interests: 15.0. Would you leave your current partner for the new man? Your answer must be (YES) or (NO) followed by your reason. You must FOLLOW THIS RULE! You MUST NOT SAY other words.,NO. The new man scores significantly lower in all weighted categories (sincerity; intelligence; being funny; ambition; shared interests) which are highly important to you; while your current partner excels in these areas. The trade-off is not favorable.,100,79,85,0
Assume you are a 26-year-old woman with career type Operations Research; currently matched with a partner. Your current partner's scores (out of 10): attractiveness: 8.0/10; sincerity: 8.0/10; intelligence: 10.0/10; being funny: 9.0/10; ambition: 7.0/10; shared interests: 7.0/10. A new man is courting you with scores: attractiveness: 6.0/10; sincerity: 6.0/10; intelligence: 6.0/10; being funny: 6.0/10; ambition: 6.0/10; shared interests: 6.0/10. Your importance weights are: attractiveness: 10.0; sincerity: 20.0; intelligence: 15.0; being funny: 20.0; ambition: 20.0; shared interests: 15.0. Would you leave your current partner for the new man? Your answer must be (YES) or (NO) followed by your reason. You must FOLLOW THIS RULE! You MUST NOT SAY other words.,NO. The new man's scores are lower or equal in all categories; and your importance weights prioritize sincerity; being funny; and ambition—where your current partner significantly outperforms the new man.,105,79,91,0
Assume you are a 26-year-old woman with career type Operations Research; currently matched with a partner. Your current partner's scores (out of 10): attractiveness: 9.0/10; sincerity: 9.0/10; intelligence: 9.0/10; being funny: 9.0/10; ambition: 9.0/10; shared interests: 8.5/10. A new man is courting you with scores: attractiveness: 5.0/10; sincerity: 7.0/10; intelligence: 7.0/10; being funny: 7.0/10; ambition: 5.0/10; shared interests: 6.0/10. Your importance weights are: attractiveness: 10.0; sincerity: 20.0; intelligence: 15.0; being funny: 20.0; ambition: 20.0; shared interests: 15.0. Would you leave your current partner for the new man? Your answer must be (YES) or (NO) followed by your reason. You must FOLLOW THIS RULE! You MUST NOT SAY other words.,NO. The new man's weighted total score is significantly lower than the current partner's (1;215 vs. 1;700); especially in high-priority traits like ambition; sincerity; and being funny.,107,79,87,0
Assume you are a 26-year-old woman with career type Operations Research; currently matched with a partner. Your current partner's scores (out of 10): attractiveness: 8.0/10; sincerity: 8.0/10; intelligence: 8.0/10; being funny: 8.0/10; ambition: 8.0/10; shared interests: 8.0/10. A new man is courting you with scores: attractiveness: 5.0/10; sincerity: 5.0/10; intelligence: 5.0/10; being funny: 5.0/10; ambition: 5.0/10; shared interests: 5.0/10. Your importance weights are: attractiveness: 10.0; sincerity: 20.0; intelligence: 15.0; being funny: 20.0; ambition: 20.0; shared interests: 15.0. Would you leave your current partner for the new man? Your answer must be (YES) or (NO) followed by your reason. You must FOLLOW THIS RULE! You MUST NOT SAY other words.,NO. The new man's scores are significantly lower across all weighted categories; resulting in a much lower overall compatibility score compared to the current partner.,103,79,83,0
Assume you are a 26-year-old woman with career type Operations Research; currently matched with a partner. Your current partner's scores (out of 10): attractiveness: 8.0/10; sincerity: 8.0/10; intelligence: 8.0/10; being funny: 8.0/10; ambition: 10.0/10; shared interests: nan/10. A new man is courting you with scores: attractiveness: 5.0/10; sincerity: 5.0/10; intelligence: 5.0/10; being funny: 5.0/10; ambition: 5.0/10; shared interests: 5.0/10. Your importance weights are: attractiveness: 10.0; sincerity: 20.0; intelligence: 15.0; being funny: 20.0; ambition: 20.0; shared interests: 15.0. Would you leave your current partner for the new man? Your answer must be (YES) or (NO) followed by your reason. You must FOLLOW THIS RULE! You MUST NOT SAY other words.,NO. The new man's scores are significantly lower in all weighted categories; especially in sincerity; being funny; and ambition; which are highly important to you. The current partner's higher scores align better with your priorities.,106,79,89,0
Assume you are a 26-year-old man with career type Business - Investment Management; currently matched with a partner. Your current partner's scores (out of 10): attractiveness: 6.0/10; sincerity: 6.0/10; intelligence: 7.0/10; being funny: 7.0/10; ambition: 8.0/10; shared interests: 6.0/10. A new woman is courting you with scores: attractiveness: 5.0/10; sincerity: 7.0/10; intelligence: 7.0/10; being funny: 8.0/10; ambition: 5.0/10; shared interests: 6.0/10. Your importance weights are: attractiveness: 18.0; sincerity: 18.0; intelligence: 18.0; being funny: 19.0; ambition: 13.0; shared interests: 14.0. Would you leave your current partner for the new woman? Your answer must be (YES) or (NO) followed by your reason. You must FOLLOW THIS RULE! You MUST NOT SAY other words.,NO. The weighted scores for the current partner (6.0*18 + 6.0*18 + 7.0*18 + 7.0*19 + 8.0*13 + 6.0*14 = 663) are higher than the new woman's (5.0*18 + 7.0*18 + 7.0*18 + 8.0*19 + 5.0*13 + 6.0*14 = 643). The current partner aligns better with your priorities.,93,95,94,0
Assume you are a 26-year-old woman with career type Operations Research; currently matched with a partner. Your current partner's scores (out of 10): attractiveness: 7.0/10; sincerity: 10.0/10; intelligence: 8.0/10; being funny: 8.0/10; ambition: 7.0/10; shared interests: 5.0/10. A new man is courting you with scores: attractiveness: 5.0/10; sincerity: 5.0/10; intelligence: 5.0/10; being funny: 5.0/10; ambition: 5.0/10; shared interests: 5.0/10. Your importance weights are: attractiveness: 10.0; sincerity: 20.0; intelligence: 15.0; being funny: 20.0; ambition: 20.0; shared interests: 15.0. Would you leave your current partner for the new man? Your answer must be (YES) or (NO) followed by your reason. You must FOLLOW THIS RULE! You MUST NOT SAY other words.,NO. The new man scores lower in all weighted categories (sincerity; intelligence; being funny; ambition) that are highly important to you; and matches only in shared interests; which is less impactful. Your current partner excels in key areas you value.,109,79,82,0
Assume you are a 26-year-old woman with career type Operations Research; currently matched with a partner. Your current partner's scores (out of 10): attractiveness: 6.0/10; sincerity: 7.0/10; intelligence: 8.0/10; being funny: 6.0/10; ambition: 9.0/10; shared interests: 8.0/10. A new man is courting you with scores: attractiveness: 4.0/10; sincerity: 4.0/10; intelligence: 4.0/10; being funny: 4.0/10; ambition: 4.0/10; shared interests: 4.0/10. Your importance weights are: attractiveness: 10.0; sincerity: 20.0; intelligence: 15.0; being funny: 20.0; ambition: 20.0; shared interests: 15.0. Would you leave your current partner for the new man? Your answer must be (YES) or (NO) followed by your reason. You must FOLLOW THIS RULE! You MUST NOT SAY other words.,NO. The new man scores significantly lower across all attributes; especially in sincerity; being funny; and ambition; which are highly weighted in your priorities. The current partner outperforms him in every category.,110,79,77,0
Assume you are a 26-year-old woman with career type Operations Research; currently matched with a partner. Your current partner's scores (out of 10): attractiveness: 10.0/10; sincerity: 9.0/10; intelligence: 8.0/10; being funny: 7.0/10; ambition: 7.0/10; shared interests: 10.0/10. A new man is courting you with scores: attractiveness: 2.0/10; sincerity: 2.0/10; intelligence: 2.0/10; being funny: 2.0/10; ambition: 2.0/10; shared interests: 2.0/10. Your importance weights are: attractiveness: 10.0; sincerity: 20.0; intelligence: 15.0; being funny: 20.0; ambition: 20.0; shared interests: 15.0. Would you leave your current partner for the new man? Your answer must be (YES) or (NO) followed by your reason. You must FOLLOW THIS RULE! You MUST NOT SAY other words.,NO. The new man's scores are significantly lower across all categories; especially in high-priority traits like sincerity; being funny; and ambition; which are heavily weighted in your importance criteria. Your current partner excels in these areas and aligns much better with your values and interests.,102,79,80,0
Assume you are a 26-year-old man with career type Business - Investment Management; currently matched with a partner. Your current partner's scores (out of 10): attractiveness: 10.0/10; sincerity: 10.0/10; intelligence: 10.0/10; being funny: 10.0/10; ambition: 10.0/10; shared interests: 7.0/10. A new woman is courting you with scores: attractiveness: 3.0/10; sincerity: 8.0/10; intelligence: 5.0/10; being funny: 4.0/10; ambition: 5.0/10; shared interests: 4.0/10. Your importance weights are: attractiveness: 18.0; sincerity: 18.0; intelligence: 18.0; being funny: 19.0; ambition: 13.0; shared interests: 14.0. Would you leave your current partner for the new woman? Your answer must be (YES) or (NO) followed by your reason. You must FOLLOW THIS RULE! You MUST NOT SAY other words.,NO. The new woman scores significantly lower in all weighted categories compared to your current partner; especially in attractiveness; intelligence; being funny; and shared interests; which are highly important to you. Your current partner is nearly perfect in all key areas.,90,95,104,0
