Assume you are a 28-year-old single man; and there is a 25-year-old woman who is courting you. Your career type is General management/consulting. You evaluated her on six dimensions with scores out of 10. These are attractiveness: 6.0/10; sincerity: 8.0/10; intelligence: 10.0/10; being funny: 7.0/10; ambition: 7.0/10; shared interests: 6.0/10. Your importance weights for these attributes are: attractiveness: 20.0; sincerity: 20.0; intelligence: 20.0; being funny: 20.0; ambition: 0.0; shared interests: 20.0. Would you be willing to date this woman? And also tell me the reason. Your answer must be (YES) or (NO) followed by your reason. You must FOLLOW THIS RULE! You MUST NOT SAY other words.,YES. Her high scores in sincerity (8.0); intelligence (10.0); and being funny (7.0) align well with your weighted priorities (20.0 each); outweighing the lower scores in attractiveness (6.0) and shared interests (6.0); which are also weighted 20.0. Ambition (7.0) is irrelevant to you (0.0 weight). The overall weighted evaluation is positive.,524,549,,1
Assume you are a 32-year-old single man; and there is a 23-year-old woman who is courting you. Your career type is self-made millionare. You evaluated her on six dimensions with scores out of 10. These are attractiveness: 6.0/10; sincerity: 6.0/10; intelligence: 6.0/10; being funny: 6.0/10; ambition: 6.0/10; shared interests: 6.0/10. Your importance weights for these attributes are: attractiveness: 50.0; sincerity: 0.0; intelligence: 10.0; being funny: 30.0; ambition: 0.0; shared interests: 10.0. Would you be willing to date this woman? And also tell me the reason. Your answer must be (YES) or (NO) followed by your reason. You must FOLLOW THIS RULE! You MUST NOT SAY other words.,YES Her weighted score (6.0*0.5 + 6.0*0.0 + 6.0*0.1 + 6.0*0.3 + 6.0*0.0 + 6.0*0.1 = 5.4) meets your priorities; with attractiveness and humor being highly valued.,518,538,,1
Assume you are a 22-year-old woman with career type dont know yet; currently matched with a partner. Your current partner's scores (out of 10): attractiveness: 6.0/10; sincerity: 6.0/10; intelligence: 6.0/10; being funny: 6.0/10; ambition: 6.0/10; shared interests: 6.0/10. A new man is courting you with scores: attractiveness: 9.0/10; sincerity: 9.0/10; intelligence: 8.0/10; being funny: 10.0/10; ambition: 8.0/10; shared interests: 7.0/10. Your importance weights are: attractiveness: 20.0; sincerity: 20.0; intelligence: 10.0; being funny: 15.0; ambition: 5.0; shared interests: 30.0. Would you leave your current partner for the new man? Your answer must be (YES) or (NO) followed by your reason. You must FOLLOW THIS RULE! You MUST NOT SAY other words.,NO. The new man scores higher in most categories; but shared interests (weighted highest at 30.0) are only slightly better (7.0 vs. 6.0). The overall improvement doesn't justify leaving the current partner based on your priorities.,538,530,518,0
Assume you are a 26-year-old woman with career type Social Work; currently matched with a partner. Your current partner's scores (out of 10): attractiveness: 6.0/10; sincerity: 6.0/10; intelligence: 6.0/10; being funny: 6.0/10; ambition: 6.0/10; shared interests: 6.0/10. A new man is courting you with scores: attractiveness: 5.0/10; sincerity: 7.0/10; intelligence: 9.0/10; being funny: 9.0/10; ambition: 9.0/10; shared interests: 4.0/10. Your importance weights are: attractiveness: 10.0; sincerity: 10.0; intelligence: 30.0; being funny: 20.0; ambition: 10.0; shared interests: 15.0. Would you leave your current partner for the new man? Your answer must be (YES) or (NO) followed by your reason. You must FOLLOW THIS RULE! You MUST NOT SAY other words.,YES. The new man scores higher in intelligence; humor; and ambition; which are your most heavily weighted priorities (30.0; 20.0; and 10.0 respectively); outweighing the lower scores in attractiveness and shared interests.,538,526,518,1
Assume you are a 26-year-old single man; and there is a 22-year-old woman who is courting you. Your career type is Academic/ Finance. You evaluated her on six dimensions with scores out of 10. These are attractiveness: 6.0/10; sincerity: 9.0/10; intelligence: 9.0/10; being funny: 8.0/10; ambition: 10.0/10; shared interests: 4.0/10. Your importance weights for these attributes are: attractiveness: 25.0; sincerity: 25.0; intelligence: 25.0; being funny: 13.0; ambition: 12.0; shared interests: 0.0. Would you be willing to date this woman? And also tell me the reason. Your answer must be (YES) or (NO) followed by your reason. You must FOLLOW THIS RULE! You MUST NOT SAY other words.,YES. High scores in sincerity (9.0); intelligence (9.0); and ambition (10.0); which are highly weighted (25.0; 25.0; 12.0); outweigh lower scores in attractiveness (6.0) and shared interests (4.0); which are less or not weighted (25.0; 0.0). Being funny (8.0) is also decently scored and weighted (13.0).,522,533,,1
Assume you are a 30-year-old single man; and there is a 23-year-old woman who is courting you. Your career type is Finance. You evaluated her on six dimensions with scores out of 10. These are attractiveness: 6.0/10; sincerity: 6.0/10; intelligence: 7.0/10; being funny: 6.0/10; ambition: 4.0/10; shared interests: 4.0/10. Your importance weights for these attributes are: attractiveness: 30.0; sincerity: 3.0; intelligence: 30.0; being funny: 30.0; ambition: 3.0; shared interests: 4.0. Would you be willing to date this woman? And also tell me the reason. Your answer must be (YES) or (NO) followed by your reason. You must FOLLOW THIS RULE! You MUST NOT SAY other words.,NO - The weighted scores for intelligence (7.0 * 30 = 210) and being funny (6.0 * 30 = 180) are strong; but attractiveness (6.0 * 30 = 180) is mediocre; and shared interests (4.0 * 4 = 16) and ambition (4.0 * 3 = 12) are too low to compensate. The overall compatibility isn't high enough given your priorities.,515,550,,0
Assume you are a 23-year-old single man; and there is a 23-year-old woman who is courting you. Your career type is To go into Finance. You evaluated her on six dimensions with scores out of 10. These are attractiveness: 4.0/10; sincerity: 5.0/10; intelligence: 8.0/10; being funny: 6.0/10; ambition: 7.0/10; shared interests: 9.0/10. Your importance weights for these attributes are: attractiveness: 25.0; sincerity: 15.0; intelligence: 20.0; being funny: 20.0; ambition: 10.0; shared interests: 10.0. Would you be willing to date this woman? And also tell me the reason. Your answer must be (YES) or (NO) followed by your reason. You must FOLLOW THIS RULE! You MUST NOT SAY other words.,NO - The weighted score (4.0*25 + 5.0*15 + 8.0*20 + 6.0*20 + 7.0*10 + 9.0*10 = 100 + 75 + 160 + 120 + 70 + 90 = 615) is below your likely threshold; especially given low scores in highly weighted attributes like attractiveness (25%) and sincerity (15%). Intelligence and humor are strong; but may not compensate for key weaknesses.,511,542,,0
Assume you are a 23-year-old single man; and there is a 23-year-old woman who is courting you. Your career type is Physician. You evaluated her on six dimensions with scores out of 10. These are attractiveness: 6.0/10; sincerity: 7.0/10; intelligence: 7.0/10; being funny: 9.0/10; ambition: 7.0/10; shared interests: 8.0/10. Your importance weights for these attributes are: attractiveness: 15.0; sincerity: 25.0; intelligence: 20.0; being funny: 10.0; ambition: 10.0; shared interests: 20.0. Would you be willing to date this woman? And also tell me the reason. Your answer must be (YES) or (NO) followed by your reason. You must FOLLOW THIS RULE! You MUST NOT SAY other words.,YES. The weighted score (6.0*15 + 7.0*25 + 7.0*20 + 9.0*10 + 7.0*10 + 8.0*20 = 730) reflects strong compatibility; especially in sincerity; intelligence; and shared interests; which are highly weighted. Her humor is a bonus.,514,544,,1
Assume you are a 25-year-old man with career type TEACHING; currently matched with a partner. Your current partner's scores (out of 10): attractiveness: 5.0/10; sincerity: 7.0/10; intelligence: 9.0/10; being funny: 9.0/10; ambition: 9.0/10; shared interests: 4.0/10. A new woman is courting you with scores: attractiveness: 5.0/10; sincerity: 10.0/10; intelligence: 10.0/10; being funny: 10.0/10; ambition: 10.0/10; shared interests: 5.0/10. Your importance weights are: attractiveness: 15.0; sincerity: 30.0; intelligence: 20.0; being funny: 20.0; ambition: 10.0; shared interests: 5.0. Would you leave your current partner for the new woman? Your answer must be (YES) or (NO) followed by your reason. You must FOLLOW THIS RULE! You MUST NOT SAY other words.,YES. The new woman scores higher in sincerity; intelligence; being funny; and ambition—traits you value more heavily—while matching or slightly improving in shared interests and attractiveness. The overall weighted score favors the new woman.,526,531,538,1
Assume you are a 32-year-old single man; and there is a 23-year-old woman who is courting you. Your career type is self-made millionare. You evaluated her on six dimensions with scores out of 10. These are attractiveness: 5.0/10; sincerity: 7.0/10; intelligence: 7.0/10; being funny: 5.0/10; ambition: 6.0/10; shared interests: 3.0/10. Your importance weights for these attributes are: attractiveness: 50.0; sincerity: 0.0; intelligence: 10.0; being funny: 30.0; ambition: 0.0; shared interests: 10.0. Would you be willing to date this woman? And also tell me the reason. Your answer must be (YES) or (NO) followed by your reason. You must FOLLOW THIS RULE! You MUST NOT SAY other words.,NO - Her attractiveness (5.0) and being funny (5.0) scores are low; which are your most weighted attributes (50.0 and 30.0 respectively). Shared interests (3.0) are also minimal; further reducing compatibility.,511,538,,0
Assume you are a 23-year-old woman with career type Business Management and Information Technology; currently matched with a partner. Your current partner's scores (out of 10): attractiveness: 5.0/10; sincerity: 10.0/10; intelligence: 10.0/10; being funny: 10.0/10; ambition: 10.0/10; shared interests: 5.0/10. A new man is courting you with scores: attractiveness: 6.0/10; sincerity: 5.0/10; intelligence: 7.0/10; being funny: 7.0/10; ambition: 5.0/10; shared interests: 6.0/10. Your importance weights are: attractiveness: 20.0; sincerity: 10.0; intelligence: 10.0; being funny: 30.0; ambition: 15.0; shared interests: 15.0. Would you leave your current partner for the new man? Your answer must be (YES) or (NO) followed by your reason. You must FOLLOW THIS RULE! You MUST NOT SAY other words.,NO. The current partner scores significantly higher in sincerity; intelligence; being funny; and ambition—traits you highly value (especially being funny at 30.0 weight). The new man's slight edge in attractiveness and shared interests doesn't outweigh these strengths.,531,511,526,0
Assume you are a 24-year-old single woman; and there is a 32-year-old man who is courting you. Your career type is Social Worker. You evaluated him on six dimensions with scores out of 10. These are attractiveness: 6.0/10; sincerity: 6.0/10; intelligence: 8.0/10; being funny: 9.0/10; ambition: 8.0/10; shared interests: 5.0/10. Your importance weights for these attributes are: attractiveness: 50.0; sincerity: 20.0; intelligence: 10.0; being funny: 5.0; ambition: 10.0; shared interests: 5.0. Would you be willing to date this man? And also tell me the reason. Your answer must be (YES) or (NO) followed by your reason. You must FOLLOW THIS RULE! You MUST NOT SAY other words.,YES. The weighted score calculation (6.0*50 + 6.0*20 + 8.0*10 + 9.0*5 + 8.0*10 + 5.0*5 = 300 + 120 + 80 + 45 + 80 + 25 = 650) meets your priorities; with high scores in attractiveness and sincerity; which are your most valued traits.,538,527,,1
Assume you are a 23-year-old single woman; and there is a 24-year-old man who is courting you. Your career type is Actress. You evaluated him on six dimensions with scores out of 10. These are attractiveness: 3.0/10; sincerity: 10.0/10; intelligence: 9.0/10; being funny: 7.0/10; ambition: nan/10; shared interests: 5.0/10. Your importance weights for these attributes are: attractiveness: 20.0; sincerity: 25.0; intelligence: 25.0; being funny: 30.0; ambition: 5.0; shared interests: 5.0. Would you be willing to date this man? And also tell me the reason. Your answer must be (YES) or (NO) followed by your reason. You must FOLLOW THIS RULE! You MUST NOT SAY other words.,NO - The weighted score is too low due to low attractiveness (high importance) and lack of ambition data; despite high sincerity and intelligence.,540,518,,0
Assume you are a 22-year-old man with career type Law; currently matched with a partner. Your current partner's scores (out of 10): attractiveness: 6.0/10; sincerity: 9.0/10; intelligence: 7.0/10; being funny: 7.0/10; ambition: 7.0/10; shared interests: 4.0/10. A new woman is courting you with scores: attractiveness: 7.0/10; sincerity: 9.0/10; intelligence: 9.0/10; being funny: 9.0/10; ambition: 9.0/10; shared interests: 5.0/10. Your importance weights are: attractiveness: 20.0; sincerity: 5.0; intelligence: 25.0; being funny: 25.0; ambition: 5.0; shared interests: 20.0. Would you leave your current partner for the new woman? Your answer must be (YES) or (NO) followed by your reason. You must FOLLOW THIS RULE! You MUST NOT SAY other words.,YES. The new woman scores higher in intelligence; being funny; and ambition; which are highly weighted (25.0; 25.0; 5.0); and slightly better in attractiveness (20.0) and shared interests (20.0); outweighing the current partner's lower scores in these key areas.,524,537,549,1
Assume you are a 29-year-old single man; and there is a 27-year-old woman who is courting you. Your career type is Finance. You evaluated her on six dimensions with scores out of 10. These are attractiveness: 10.0/10; sincerity: 8.0/10; intelligence: 9.0/10; being funny: 9.0/10; ambition: 9.0/10; shared interests: 7.0/10. Your importance weights for these attributes are: attractiveness: 30.0; sincerity: 20.0; intelligence: 20.0; being funny: 20.0; ambition: 10.0; shared interests: 0.0. Would you be willing to date this woman? And also tell me the reason. Your answer must be (YES) or (NO) followed by your reason. You must FOLLOW THIS RULE! You MUST NOT SAY other words.,(YES) She scores highly in the attributes you value most (attractiveness; sincerity; intelligence; and humor); and shared interests are not a priority for you.,516,536,,1
Assume you are a 22-year-old woman with career type dont know yet; currently matched with a partner. Your current partner's scores (out of 10): attractiveness: 5.0/10; sincerity: 10.0/10; intelligence: 10.0/10; being funny: 10.0/10; ambition: 10.0/10; shared interests: 5.0/10. A new man is courting you with scores: attractiveness: 6.0/10; sincerity: 7.0/10; intelligence: 8.0/10; being funny: 7.0/10; ambition: 7.0/10; shared interests: 5.0/10. Your importance weights are: attractiveness: 20.0; sincerity: 20.0; intelligence: 10.0; being funny: 15.0; ambition: 5.0; shared interests: 30.0. Would you leave your current partner for the new man? Your answer must be (YES) or (NO) followed by your reason. You must FOLLOW THIS RULE! You MUST NOT SAY other words.,NO. Your current partner scores higher in sincerity; intelligence; being funny; and ambition—traits you value highly. The new man only slightly improves on attractiveness (which you weight moderately) but matches poorly on shared interests (your top priority). The overall weighted benefit of switching is negative.,531,530,526,0
Assume you are a 24-year-old single man; and there is a 23-year-old woman who is courting you. Your career type is software engr; network engr. You evaluated her on six dimensions with scores out of 10. These are attractiveness: 8.0/10; sincerity: 9.0/10; intelligence: 8.0/10; being funny: 9.0/10; ambition: 9.0/10; shared interests: 8.0/10. Your importance weights for these attributes are: attractiveness: 30.0; sincerity: 30.0; intelligence: 30.0; being funny: 5.0; ambition: 2.0; shared interests: 3.0. Would you be willing to date this woman? And also tell me the reason. Your answer must be (YES) or (NO) followed by your reason. You must FOLLOW THIS RULE! You MUST NOT SAY other words.,(YES) She scores highly on attractiveness; sincerity; and intelligence; which are your top three weighted attributes (30.0 each). Her strong scores in these key areas outweigh the lower weights for being funny; ambition; and shared interests.,518,534,,1
Assume you are a 23-year-old woman with career type Business Management and Information Technology; currently matched with a partner. Your current partner's scores (out of 10): attractiveness: 6.0/10; sincerity: 9.0/10; intelligence: 9.0/10; being funny: 8.0/10; ambition: 10.0/10; shared interests: 4.0/10. A new man is courting you with scores: attractiveness: 6.0/10; sincerity: 4.0/10; intelligence: 7.0/10; being funny: 6.0/10; ambition: 6.0/10; shared interests: 6.0/10. Your importance weights are: attractiveness: 20.0; sincerity: 10.0; intelligence: 10.0; being funny: 30.0; ambition: 15.0; shared interests: 15.0. Would you leave your current partner for the new man? Your answer must be (YES) or (NO) followed by your reason. You must FOLLOW THIS RULE! You MUST NOT SAY other words.,NO. The new man scores lower in sincerity; intelligence; and ambition; which are important to you; and while shared interests are slightly higher; they don't outweigh the drop in other key areas. Your current partner excels in sincerity; intelligence; and ambition; which align better with your values.,533,511,522,0
Assume you are a 23-year-old man with career type To go into Finance; currently matched with a partner. Your current partner's scores (out of 10): attractiveness: 6.0/10; sincerity: 6.0/10; intelligence: 7.0/10; being funny: 7.0/10; ambition: 7.0/10; shared interests: 5.0/10. A new woman is courting you with scores: attractiveness: 6.0/10; sincerity: 7.0/10; intelligence: 7.0/10; being funny: 6.0/10; ambition: 7.0/10; shared interests: 7.0/10. Your importance weights are: attractiveness: 25.0; sincerity: 15.0; intelligence: 20.0; being funny: 20.0; ambition: 10.0; shared interests: 10.0. Would you leave your current partner for the new woman? Your answer must be (YES) or (NO) followed by your reason. You must FOLLOW THIS RULE! You MUST NOT SAY other words.,NO. The weighted scores for both partners are very close (current: 6.35; new: 6.35); and the marginal improvement in shared interests (new partner) doesn't outweigh the potential disruption of leaving a stable relationship.,524,542,537,0
Assume you are a 28-year-old single man; and there is a 24-year-old woman who is courting you. Your career type is General management/consulting. You evaluated her on six dimensions with scores out of 10. These are attractiveness: 6.0/10; sincerity: 8.0/10; intelligence: 8.0/10; being funny: 9.0/10; ambition: 7.0/10; shared interests: 7.0/10. Your importance weights for these attributes are: attractiveness: 20.0; sincerity: 20.0; intelligence: 20.0; being funny: 20.0; ambition: 0.0; shared interests: 20.0. Would you be willing to date this woman? And also tell me the reason. Your answer must be (YES) or (NO) followed by your reason. You must FOLLOW THIS RULE! You MUST NOT SAY other words.,YES   Reason: Her high scores in sincerity (8.0); intelligence (8.0); being funny (9.0); and shared interests (7.0) align well with your weighted priorities; outweighing the moderate attractiveness score (6.0). Ambition is irrelevant (0.0 weight); so the overall evaluation is positive.,525,549,,1
Assume you are a 27-year-old single woman; and there is a 24-year-old man who is courting you. Your career type is ??. You evaluated him on six dimensions with scores out of 10. These are attractiveness: 10.0/10; sincerity: 10.0/10; intelligence: 10.0/10; being funny: 10.0/10; ambition: 10.0/10; shared interests: 10.0/10. Your importance weights for these attributes are: attractiveness: 10.0; sincerity: 25.0; intelligence: 20.0; being funny: 20.0; ambition: 5.0; shared interests: 20.0. Would you be willing to date this man? And also tell me the reason. Your answer must be (YES) or (NO) followed by your reason. You must FOLLOW THIS RULE! You MUST NOT SAY other words.,YES. He scores perfectly in all dimensions that are highly weighted in your priorities (sincerity; intelligence; being funny; shared interests); making him an exceptional match for you.,543,523,,1
Assume you are a 22-year-old single woman; and there is a 26-year-old man who is courting you. Your career type is dont know yet. You evaluated him on six dimensions with scores out of 10. These are attractiveness: 6.0/10; sincerity: 8.0/10; intelligence: 7.0/10; being funny: 7.0/10; ambition: 8.0/10; shared interests: 5.0/10. Your importance weights for these attributes are: attractiveness: 20.0; sincerity: 20.0; intelligence: 10.0; being funny: 15.0; ambition: 5.0; shared interests: 30.0. Would you be willing to date this man? And also tell me the reason. Your answer must be (YES) or (NO) followed by your reason. You must FOLLOW THIS RULE! You MUST NOT SAY other words.,NO. The low score in shared interests (5.0/10); which has the highest importance weight (30.0); outweighs the strengths in other areas.,532,530,,0
Assume you are a 30-year-old man with career type Finance; currently matched with a partner. Your current partner's scores (out of 10): attractiveness: 8.0/10; sincerity: 8.0/10; intelligence: 8.0/10; being funny: 8.0/10; ambition: 8.0/10; shared interests: 7.0/10. A new woman is courting you with scores: attractiveness: 7.0/10; sincerity: 6.0/10; intelligence: 6.0/10; being funny: 6.0/10; ambition: 6.0/10; shared interests: 4.0/10. Your importance weights are: attractiveness: 30.0; sincerity: 3.0; intelligence: 30.0; being funny: 30.0; ambition: 3.0; shared interests: 4.0. Would you leave your current partner for the new woman? Your answer must be (YES) or (NO) followed by your reason. You must FOLLOW THIS RULE! You MUST NOT SAY other words.,NO. The new woman scores significantly lower in key weighted categories (attractiveness; intelligence; being funny) and lacks shared interests; making her a less compatible match overall.,516,550,536,0
Assume you are a 22-year-old woman with career type Engineer; currently matched with a partner. Your current partner's scores (out of 10): attractiveness: 5.0/10; sincerity: 10.0/10; intelligence: 10.0/10; being funny: 10.0/10; ambition: 10.0/10; shared interests: 5.0/10. A new man is courting you with scores: attractiveness: 4.0/10; sincerity: 6.0/10; intelligence: 5.0/10; being funny: 5.0/10; ambition: 6.0/10; shared interests: 5.0/10. Your importance weights are: attractiveness: 10.0; sincerity: 25.0; intelligence: 25.0; being funny: 10.0; ambition: 10.0; shared interests: 20.0. Would you leave your current partner for the new man? Your answer must be (YES) or (NO) followed by your reason. You must FOLLOW THIS RULE! You MUST NOT SAY other words.,NO. The new man scores significantly lower in key weighted categories like sincerity; intelligence; and ambition; which are highly important to you. Your current partner excels in these areas despite lower attractiveness and shared interests. The trade-off is not favorable.,531,529,526,0
Assume you are a 23-year-old woman with career type Writer/journalist; currently matched with a partner. Your current partner's scores (out of 10): attractiveness: 5.0/10; sincerity: 10.0/10; intelligence: 10.0/10; being funny: 10.0/10; ambition: 10.0/10; shared interests: 5.0/10. A new man is courting you with scores: attractiveness: 4.0/10; sincerity: 8.0/10; intelligence: 10.0/10; being funny: 7.0/10; ambition: 7.0/10; shared interests: 10.0/10. Your importance weights are: attractiveness: 20.0; sincerity: 20.0; intelligence: 20.0; being funny: 15.0; ambition: 10.0; shared interests: 15.0. Would you leave your current partner for the new man? Your answer must be (YES) or (NO) followed by your reason. You must FOLLOW THIS RULE! You MUST NOT SAY other words.,NO. The current partner scores higher in sincerity; intelligence; being funny; and ambition—qualities you value more (higher weights). Shared interests; though stronger with the new man; are outweighed by these key traits.,531,515,526,0
Assume you are a 30-year-old man with career type Private Equity - Leveraged Buy-Outs; currently matched with a partner. Your current partner's scores (out of 10): attractiveness: 7.0/10; sincerity: 8.0/10; intelligence: 9.0/10; being funny: 7.0/10; ambition: 4.0/10; shared interests: 4.0/10. A new woman is courting you with scores: attractiveness: 6.0/10; sincerity: 6.0/10; intelligence: 7.0/10; being funny: 8.0/10; ambition: 10.0/10; shared interests: 1.0/10. Your importance weights are: attractiveness: 25.0; sincerity: 20.0; intelligence: 20.0; being funny: 20.0; ambition: 0.0; shared interests: 15.0. Would you leave your current partner for the new woman? Your answer must be (YES) or (NO) followed by your reason. You must FOLLOW THIS RULE! You MUST NOT SAY other words.,NO. The new woman scores lower in attractiveness; sincerity; intelligence; and shared interests; which are your highest-weighted priorities. Her higher ambition and humor do not compensate for the lower scores in areas you value more.,514,547,544,0
Assume you are a 30-year-old man with career type Finance; currently matched with a partner. Your current partner's scores (out of 10): attractiveness: 5.0/10; sincerity: 5.0/10; intelligence: 6.0/10; being funny: 4.0/10; ambition: 6.0/10; shared interests: nan/10. A new woman is courting you with scores: attractiveness: 7.0/10; sincerity: 6.0/10; intelligence: 5.0/10; being funny: 6.0/10; ambition: 5.0/10; shared interests: 4.0/10. Your importance weights are: attractiveness: 30.0; sincerity: 3.0; intelligence: 30.0; being funny: 30.0; ambition: 3.0; shared interests: 4.0. Would you leave your current partner for the new woman? Your answer must be (YES) or (NO) followed by your reason. You must FOLLOW THIS RULE! You MUST NOT SAY other words.,YES. The new woman scores higher in attractiveness; being funny; and shared interests; which are your top priorities (high weights). She also matches or slightly underperforms in other areas; but your current partner's low scores in key weighted categories make the new woman a better overall match.,518,550,534,1
Assume you are a 30-year-old man with career type Private Equity - Leveraged Buy-Outs; currently matched with a partner. Your current partner's scores (out of 10): attractiveness: 5.0/10; sincerity: 8.0/10; intelligence: 8.0/10; being funny: 9.0/10; ambition: 8.0/10; shared interests: 2.0/10. A new woman is courting you with scores: attractiveness: 6.0/10; sincerity: 7.0/10; intelligence: 7.0/10; being funny: 10.0/10; ambition: 6.0/10; shared interests: 6.0/10. Your importance weights are: attractiveness: 25.0; sincerity: 20.0; intelligence: 20.0; being funny: 20.0; ambition: 0.0; shared interests: 15.0. Would you leave your current partner for the new woman? Your answer must be (YES) or (NO) followed by your reason. You must FOLLOW THIS RULE! You MUST NOT SAY other words.,NO. The weighted score for your current partner (5.0*25 + 8.0*20 + 8.0*20 + 9.0*20 + 8.0*0 + 2.0*15 = 715) is higher than the new woman's weighted score (6.0*25 + 7.0*20 + 7.0*20 + 10.0*20 + 6.0*0 + 6.0*15 = 710). Your current partner better aligns with your importance weights.,518,547,550,0
Assume you are a 22-year-old woman with career type Engineer; currently matched with a partner. Your current partner's scores (out of 10): attractiveness: 10.0/10; sincerity: 8.0/10; intelligence: 9.0/10; being funny: 9.0/10; ambition: 9.0/10; shared interests: 7.0/10. A new man is courting you with scores: attractiveness: 5.0/10; sincerity: 4.0/10; intelligence: 6.0/10; being funny: 6.0/10; ambition: 5.0/10; shared interests: 4.0/10. Your importance weights are: attractiveness: 10.0; sincerity: 25.0; intelligence: 25.0; being funny: 10.0; ambition: 10.0; shared interests: 20.0. Would you leave your current partner for the new man? Your answer must be (YES) or (NO) followed by your reason. You must FOLLOW THIS RULE! You MUST NOT SAY other words.,NO. The new man scores significantly lower in key weighted categories like sincerity; intelligence; and shared interests; which are highly important to you. The current partner outperforms him in every aspect.,536,529,516,0
Assume you are a 25-year-old man with career type assistant master of the universe (otherwise it's too much work); currently matched with a partner. Your current partner's scores (out of 10): attractiveness: 7.0/10; sincerity: 8.0/10; intelligence: 9.0/10; being funny: 7.0/10; ambition: 4.0/10; shared interests: 4.0/10. A new woman is courting you with scores: attractiveness: 4.0/10; sincerity: 6.0/10; intelligence: 8.0/10; being funny: 7.0/10; ambition: 8.0/10; shared interests: 8.0/10. Your importance weights are: attractiveness: 70.0; sincerity: 0.0; intelligence: 15.0; being funny: 15.0; ambition: 0.0; shared interests: 0.0. Would you leave your current partner for the new woman? Your answer must be (YES) or (NO) followed by your reason. You must FOLLOW THIS RULE! You MUST NOT SAY other words.,NO. Your importance weights prioritize attractiveness (70.0); and your current partner scores higher (7.0) than the new woman (4.0). Other traits are less weighted or irrelevant to your decision.,514,552,544,0
Assume you are a 25-year-old man with career type assistant master of the universe (otherwise it's too much work); currently matched with a partner. Your current partner's scores (out of 10): attractiveness: 8.0/10; sincerity: 8.0/10; intelligence: 8.0/10; being funny: 8.0/10; ambition: 8.0/10; shared interests: 7.0/10. A new woman is courting you with scores: attractiveness: 8.0/10; sincerity: 7.0/10; intelligence: 8.0/10; being funny: 9.0/10; ambition: 8.0/10; shared interests: 8.0/10. Your importance weights are: attractiveness: 70.0; sincerity: 0.0; intelligence: 15.0; being funny: 15.0; ambition: 0.0; shared interests: 0.0. Would you leave your current partner for the new woman? Your answer must be (YES) or (NO) followed by your reason. You must FOLLOW THIS RULE! You MUST NOT SAY other words.,YES. The new woman scores higher in attractiveness (weighted most heavily at 70.0) and being funny (weighted at 15.0); which are the only factors you prioritize. The other traits; where she may score lower; have zero weight in your decision.,516,552,536,1
Assume you are a 30-year-old single man; and there is a 23-year-old woman who is courting you. Your career type is Consulting. You evaluated her on six dimensions with scores out of 10. These are attractiveness: 6.0/10; sincerity: 6.0/10; intelligence: 7.0/10; being funny: 5.0/10; ambition: 6.0/10; shared interests: 6.0/10. Your importance weights for these attributes are: attractiveness: 35.0; sincerity: 10.0; intelligence: 20.0; being funny: 25.0; ambition: 5.0; shared interests: 5.0. Would you be willing to date this woman? And also tell me the reason. Your answer must be (YES) or (NO) followed by your reason. You must FOLLOW THIS RULE! You MUST NOT SAY other words.,NO. The weighted score (5.85) is below your likely threshold for compatibility; with low scores in attractiveness (high importance) and being funny (high importance) being the main drawbacks.,511,546,,0
Assume you are a 23-year-old single man; and there is a 23-year-old woman who is courting you. Your career type is Entrepreneur. You evaluated her on six dimensions with scores out of 10. These are attractiveness: 9.0/10; sincerity: 9.0/10; intelligence: 9.0/10; being funny: 8.0/10; ambition: 7.0/10; shared interests: 5.0/10. Your importance weights for these attributes are: attractiveness: 40.0; sincerity: 30.0; intelligence: 0.0; being funny: 20.0; ambition: 0.0; shared interests: 10.0. Would you be willing to date this woman? And also tell me the reason. Your answer must be (YES) or (NO) followed by your reason. You must FOLLOW THIS RULE! You MUST NOT SAY other words.,YES. High scores in attractiveness (9.0) and sincerity (9.0); which are heavily weighted (40.0 and 30.0); outweigh the lower shared interests (5.0) and moderate ambition (7.0); which have lower or no importance (10.0 and 0.0). Intelligence and ambition are irrelevant here due to 0.0 weights.,515,541,,1
Assume you are a 30-year-old man with career type Consulting; currently matched with a partner. Your current partner's scores (out of 10): attractiveness: 5.0/10; sincerity: 8.0/10; intelligence: 8.0/10; being funny: 9.0/10; ambition: 8.0/10; shared interests: 2.0/10. A new woman is courting you with scores: attractiveness: 7.0/10; sincerity: 7.0/10; intelligence: 6.0/10; being funny: 8.0/10; ambition: 6.0/10; shared interests: 7.0/10. Your importance weights are: attractiveness: 35.0; sincerity: 10.0; intelligence: 20.0; being funny: 25.0; ambition: 5.0; shared interests: 5.0. Would you leave your current partner for the new woman? Your answer must be (YES) or (NO) followed by your reason. You must FOLLOW THIS RULE! You MUST NOT SAY other words.,NO. The weighted score for your current partner (5.0*35 + 8.0*10 + 8.0*20 + 9.0*25 + 8.0*5 + 2.0*5 = 175 + 80 + 160 + 225 + 40 + 10 = 690) is higher than the new woman's weighted score (7.0*35 + 7.0*10 + 6.0*20 + 8.0*25 + 6.0*5 + 7.0*5 = 245 + 70 + 120 + 200 + 30 + 35 = 700). The difference is minimal; and the current partner excels in key areas like humor and intelligence; which you value highly.,518,546,550,0
Assume you are a 30-year-old single man; and there is a 23-year-old woman who is courting you. Your career type is Management. You evaluated her on six dimensions with scores out of 10. These are attractiveness: 9.0/10; sincerity: 9.0/10; intelligence: 9.0/10; being funny: 5.0/10; ambition: 8.0/10; shared interests: 5.0/10. Your importance weights for these attributes are: attractiveness: 40.0; sincerity: 10.0; intelligence: 20.0; being funny: 10.0; ambition: 0.0; shared interests: 20.0. Would you be willing to date this woman? And also tell me the reason. Your answer must be (YES) or (NO) followed by your reason. You must FOLLOW THIS RULE! You MUST NOT SAY other words.,(YES) Her high scores in attractiveness (40% weight); sincerity (10% weight); and intelligence (20% weight) outweigh the lower scores in being funny and shared interests; which have lower weights. Ambition is irrelevant (0% weight). The overall weighted evaluation is favorable.,511,548,,1
Assume you are a 29-year-old man with career type Finance; currently matched with a partner. Your current partner's scores (out of 10): attractiveness: 6.0/10; sincerity: 6.0/10; intelligence: 7.0/10; being funny: 7.0/10; ambition: 7.0/10; shared interests: 5.0/10. A new woman is courting you with scores: attractiveness: 8.0/10; sincerity: 8.0/10; intelligence: 9.0/10; being funny: 9.0/10; ambition: 8.0/10; shared interests: 7.0/10. Your importance weights are: attractiveness: 30.0; sincerity: 20.0; intelligence: 20.0; being funny: 20.0; ambition: 10.0; shared interests: 0.0. Would you leave your current partner for the new woman? Your answer must be (YES) or (NO) followed by your reason. You must FOLLOW THIS RULE! You MUST NOT SAY other words.,YES. The new woman scores higher in all weighted categories (attractiveness; sincerity; intelligence; being funny; ambition); which are your priorities; while shared interests (0 weight) are irrelevant to your decision.,524,536,537,1
Assume you are a 24-year-old man with career type Academic Work; Consultant; currently matched with a partner. Your current partner's scores (out of 10): attractiveness: 5.0/10; sincerity: 3.0/10; intelligence: 5.0/10; being funny: 5.0/10; ambition: 2.0/10; shared interests: 2.0/10. A new woman is courting you with scores: attractiveness: 7.0/10; sincerity: 8.0/10; intelligence: 7.0/10; being funny: 7.0/10; ambition: 5.0/10; shared interests: 3.0/10. Your importance weights are: attractiveness: 20.0; sincerity: 15.0; intelligence: 20.0; being funny: 20.0; ambition: 15.0; shared interests: 10.0. Would you leave your current partner for the new woman? Your answer must be (YES) or (NO) followed by your reason. You must FOLLOW THIS RULE! You MUST NOT SAY other words.,YES. The new woman scores significantly higher in key weighted categories (attractiveness; sincerity; intelligence; being funny) and matches or exceeds in others; making her a better overall match based on your priorities.,511,540,548,1
Assume you are a 30-year-old man with career type Consulting; currently matched with a partner. Your current partner's scores (out of 10): attractiveness: 5.0/10; sincerity: 8.0/10; intelligence: 9.0/10; being funny: 7.0/10; ambition: 8.0/10; shared interests: 7.0/10. A new woman is courting you with scores: attractiveness: 7.0/10; sincerity: 8.0/10; intelligence: 8.0/10; being funny: 8.0/10; ambition: 6.0/10; shared interests: 9.0/10. Your importance weights are: attractiveness: 35.0; sincerity: 10.0; intelligence: 20.0; being funny: 25.0; ambition: 5.0; shared interests: 5.0. Would you leave your current partner for the new woman? Your answer must be (YES) or (NO) followed by your reason. You must FOLLOW THIS RULE! You MUST NOT SAY other words.,NO. The weighted score of your current partner (6.45) is higher than the new woman's (6.4); making your current relationship slightly more favorable based on your priorities.,522,546,533,0
Assume you are a 27-year-old man with career type Banking; currently matched with a partner. Your current partner's scores (out of 10): attractiveness: 3.0/10; sincerity: 5.0/10; intelligence: 5.0/10; being funny: 5.0/10; ambition: 3.0/10; shared interests: 2.0/10. A new woman is courting you with scores: attractiveness: 5.0/10; sincerity: 8.0/10; intelligence: 9.0/10; being funny: 6.0/10; ambition: 8.0/10; shared interests: 7.0/10. Your importance weights are: attractiveness: 40.0; sincerity: 20.0; intelligence: 20.0; being funny: 20.0; ambition: 0.0; shared interests: 0.0. Would you leave your current partner for the new woman? Your answer must be (YES) or (NO) followed by your reason. You must FOLLOW THIS RULE! You MUST NOT SAY other words.,YES Attractiveness is heavily weighted (40.0) and the new woman scores significantly higher (5.0 vs. 3.0); while other important traits (sincerity; intelligence; humor) also improve or remain comparable.,511,551,540,1
Assume you are a 26-year-old man with career type ASIC Engineer; currently matched with a partner. Your current partner's scores (out of 10): attractiveness: 10.0/10; sincerity: 10.0/10; intelligence: 10.0/10; being funny: 10.0/10; ambition: 10.0/10; shared interests: 10.0/10. A new woman is courting you with scores: attractiveness: 6.0/10; sincerity: 8.0/10; intelligence: 9.0/10; being funny: 7.0/10; ambition: 8.0/10; shared interests: 9.0/10. Your importance weights are: attractiveness: 25.0; sincerity: 20.0; intelligence: 20.0; being funny: 20.0; ambition: 5.0; shared interests: 10.0. Would you leave your current partner for the new woman? Your answer must be (YES) or (NO) followed by your reason. You must FOLLOW THIS RULE! You MUST NOT SAY other words.,NO. Your current partner scores significantly higher in all weighted categories (attractiveness; sincerity; intelligence; being funny; and shared interests); which are your top priorities. The new woman does not outperform your current partner in any critical area.,523,532,543,0
Assume you are a 23-year-old man with career type To go into Finance; currently matched with a partner. Your current partner's scores (out of 10): attractiveness: 7.0/10; sincerity: 8.0/10; intelligence: 9.0/10; being funny: 7.0/10; ambition: 4.0/10; shared interests: 4.0/10. A new woman is courting you with scores: attractiveness: 4.0/10; sincerity: 7.0/10; intelligence: 6.0/10; being funny: 4.0/10; ambition: 6.0/10; shared interests: 7.0/10. Your importance weights are: attractiveness: 25.0; sincerity: 15.0; intelligence: 20.0; being funny: 20.0; ambition: 10.0; shared interests: 10.0. Would you leave your current partner for the new woman? Your answer must be (YES) or (NO) followed by your reason. You must FOLLOW THIS RULE! You MUST NOT SAY other words.,NO. The current partner scores higher in key weighted categories (attractiveness; intelligence; being funny) which outweigh the new woman's higher scores in less weighted traits (ambition; shared interests).,514,542,544,0
Assume you are a 30-year-old man with career type Management; currently matched with a partner. Your current partner's scores (out of 10): attractiveness: 5.0/10; sincerity: 8.0/10; intelligence: 8.0/10; being funny: 9.0/10; ambition: 8.0/10; shared interests: 2.0/10. A new woman is courting you with scores: attractiveness: 8.0/10; sincerity: 7.0/10; intelligence: 7.0/10; being funny: 8.0/10; ambition: 2.0/10; shared interests: 5.0/10. Your importance weights are: attractiveness: 40.0; sincerity: 10.0; intelligence: 20.0; being funny: 10.0; ambition: 0.0; shared interests: 20.0. Would you leave your current partner for the new woman? Your answer must be (YES) or (NO) followed by your reason. You must FOLLOW THIS RULE! You MUST NOT SAY other words.,YES. The new woman scores higher in attractiveness (40.0 weight) and shared interests (20.0 weight); which are your top priorities; outweighing the slight trade-offs in sincerity; intelligence; and humor. Ambition is irrelevant (0.0 weight).,518,548,550,1
Assume you are a 30-year-old man with career type Consulting; currently matched with a partner. Your current partner's scores (out of 10): attractiveness: 7.0/10; sincerity: 8.0/10; intelligence: 7.0/10; being funny: 7.0/10; ambition: 7.0/10; shared interests: 5.0/10. A new woman is courting you with scores: attractiveness: 7.0/10; sincerity: 7.0/10; intelligence: 6.0/10; being funny: 7.0/10; ambition: 6.0/10; shared interests: 7.0/10. Your importance weights are: attractiveness: 35.0; sincerity: 10.0; intelligence: 20.0; being funny: 25.0; ambition: 5.0; shared interests: 5.0. Would you leave your current partner for the new woman? Your answer must be (YES) or (NO) followed by your reason. You must FOLLOW THIS RULE! You MUST NOT SAY other words.,NO. The weighted score for the current partner (7.0*35 + 8.0*10 + 7.0*20 + 7.0*25 + 7.0*5 + 5.0*5 = 735) is higher than the new woman's (7.0*35 + 7.0*10 + 6.0*20 + 7.0*25 + 6.0*5 + 7.0*5 = 710).,524,546,536,0
Assume you are a 30-year-old man with career type Consulting; currently matched with a partner. Your current partner's scores (out of 10): attractiveness: 8.0/10; sincerity: 8.0/10; intelligence: 6.0/10; being funny: 7.0/10; ambition: 7.0/10; shared interests: 6.0/10. A new woman is courting you with scores: attractiveness: 4.0/10; sincerity: 6.0/10; intelligence: 6.0/10; being funny: 6.0/10; ambition: 7.0/10; shared interests: 6.0/10. Your importance weights are: attractiveness: 35.0; sincerity: 10.0; intelligence: 20.0; being funny: 25.0; ambition: 5.0; shared interests: 5.0. Would you leave your current partner for the new woman? Your answer must be (YES) or (NO) followed by your reason. You must FOLLOW THIS RULE! You MUST NOT SAY other words.,NO. The new woman's overall weighted score is lower than your current partner's; especially in attractiveness (35.0 weight); which is significantly lower (4.0 vs. 8.0). The other traits are either equal or slightly worse; making the switch unfavorable.,525,546,549,0
Assume you are a 22-year-old single woman; and there is a 22-year-old man who is courting you. Your career type is Engineer. You evaluated him on six dimensions with scores out of 10. These are attractiveness: 6.0/10; sincerity: 5.0/10; intelligence: 6.0/10; being funny: 5.0/10; ambition: 6.0/10; shared interests: nan/10. Your importance weights for these attributes are: attractiveness: 10.0; sincerity: 25.0; intelligence: 25.0; being funny: 10.0; ambition: 10.0; shared interests: 20.0. Would you be willing to date this man? And also tell me the reason. Your answer must be (YES) or (NO) followed by your reason. You must FOLLOW THIS RULE! You MUST NOT SAY other words.,NO. The weighted score is too low; especially in high-priority traits like sincerity (5.0) and intelligence (6.0); and shared interests are unknown.,537,529,,0
Assume you are a 30-year-old man with career type Finance; currently matched with a partner. Your current partner's scores (out of 10): attractiveness: 5.0/10; sincerity: 8.0/10; intelligence: 9.0/10; being funny: 7.0/10; ambition: 8.0/10; shared interests: 7.0/10. A new woman is courting you with scores: attractiveness: 6.0/10; sincerity: 7.0/10; intelligence: 6.0/10; being funny: 4.0/10; ambition: 4.0/10; shared interests: 5.0/10. Your importance weights are: attractiveness: 30.0; sincerity: 3.0; intelligence: 30.0; being funny: 30.0; ambition: 3.0; shared interests: 4.0. Would you leave your current partner for the new woman? Your answer must be (YES) or (NO) followed by your reason. You must FOLLOW THIS RULE! You MUST NOT SAY other words.,NO. The new woman scores lower in key weighted categories (intelligence; being funny) and only slightly higher in attractiveness; which does not outweigh the significant drop in other important areas.,522,550,533,0
Assume you are a 30-year-old man with career type Consulting; currently matched with a partner. Your current partner's scores (out of 10): attractiveness: 6.0/10; sincerity: 6.0/10; intelligence: 8.0/10; being funny: 9.0/10; ambition: 8.0/10; shared interests: 5.0/10. A new woman is courting you with scores: attractiveness: 5.0/10; sincerity: 6.0/10; intelligence: 7.0/10; being funny: 7.0/10; ambition: 6.0/10; shared interests: 6.0/10. Your importance weights are: attractiveness: 35.0; sincerity: 10.0; intelligence: 20.0; being funny: 25.0; ambition: 5.0; shared interests: 5.0. Would you leave your current partner for the new woman? Your answer must be (YES) or (NO) followed by your reason. You must FOLLOW THIS RULE! You MUST NOT SAY other words.,NO. The current partner has higher weighted scores in attractiveness; intelligence; and being funny; which are your top priorities. The new woman does not offer enough improvement in shared interests or other areas to justify leaving.,527,546,538,0
Assume you are a 22-year-old man with career type Law; currently matched with a partner. Your current partner's scores (out of 10): attractiveness: 5.0/10; sincerity: 8.0/10; intelligence: 9.0/10; being funny: 7.0/10; ambition: 8.0/10; shared interests: 7.0/10. A new woman is courting you with scores: attractiveness: 7.0/10; sincerity: 9.0/10; intelligence: 9.0/10; being funny: 8.0/10; ambition: 9.0/10; shared interests: 8.0/10. Your importance weights are: attractiveness: 20.0; sincerity: 5.0; intelligence: 25.0; being funny: 25.0; ambition: 5.0; shared interests: 20.0. Would you leave your current partner for the new woman? Your answer must be (YES) or (NO) followed by your reason. You must FOLLOW THIS RULE! You MUST NOT SAY other words.,NO. The weighted scores for your current partner (5.0*20 + 8.0*5 + 9.0*25 + 7.0*25 + 8.0*5 + 7.0*20 = 100 + 40 + 225 + 175 + 40 + 140 = 720) are higher than the new woman's (7.0*20 + 9.0*5 + 9.0*25 + 8.0*25 + 9.0*5 + 8.0*20 = 140 + 45 + 225 + 200 + 45 + 160 = 815). However; the weights prioritize intelligence and humor; where both score similarly; while the current partner's sincerity and shared interests align well with your values. The marginal gain isn't significant enough to justify leaving.,522,537,533,0
Assume you are a 24-year-old man with career type software engr; network engr; currently matched with a partner. Your current partner's scores (out of 10): attractiveness: 7.0/10; sincerity: 8.0/10; intelligence: 7.0/10; being funny: 7.0/10; ambition: 7.0/10; shared interests: 5.0/10. A new woman is courting you with scores: attractiveness: 9.0/10; sincerity: 8.0/10; intelligence: 9.0/10; being funny: 9.0/10; ambition: 9.0/10; shared interests: 8.0/10. Your importance weights are: attractiveness: 30.0; sincerity: 30.0; intelligence: 30.0; being funny: 5.0; ambition: 2.0; shared interests: 3.0. Would you leave your current partner for the new woman? Your answer must be (YES) or (NO) followed by your reason. You must FOLLOW THIS RULE! You MUST NOT SAY other words.,YES. The new woman scores significantly higher in attractiveness; intelligence; and shared interests; which are your top-weighted criteria (30.0; 30.0; and 3.0 respectively); while maintaining similar sincerity. The overall weighted improvement outweighs the current partner's strengths.,524,534,536,1
Assume you are a 24-year-old man with career type Academic Work; Consultant; currently matched with a partner. Your current partner's scores (out of 10): attractiveness: 7.0/10; sincerity: 8.0/10; intelligence: 9.0/10; being funny: 7.0/10; ambition: 4.0/10; shared interests: 4.0/10. A new woman is courting you with scores: attractiveness: 6.0/10; sincerity: 7.0/10; intelligence: 6.0/10; being funny: 7.0/10; ambition: 6.0/10; shared interests: 5.0/10. Your importance weights are: attractiveness: 20.0; sincerity: 15.0; intelligence: 20.0; being funny: 20.0; ambition: 15.0; shared interests: 10.0. Would you leave your current partner for the new woman? Your answer must be (YES) or (NO) followed by your reason. You must FOLLOW THIS RULE! You MUST NOT SAY other words.,NO. The current partner scores higher in key weighted categories (intelligence; attractiveness; sincerity) and matches closely in humor; outweighing the new woman's slightly better ambition and shared interests.,514,540,544,0
Assume you are a 24-year-old man with career type Academic Work; Consultant; currently matched with a partner. Your current partner's scores (out of 10): attractiveness: 4.0/10; sincerity: 5.0/10; intelligence: 8.0/10; being funny: 5.0/10; ambition: 8.0/10; shared interests: 4.0/10. A new woman is courting you with scores: attractiveness: 6.0/10; sincerity: 7.0/10; intelligence: 7.0/10; being funny: 6.0/10; ambition: 5.0/10; shared interests: 3.0/10. Your importance weights are: attractiveness: 20.0; sincerity: 15.0; intelligence: 20.0; being funny: 20.0; ambition: 15.0; shared interests: 10.0. Would you leave your current partner for the new woman? Your answer must be (YES) or (NO) followed by your reason. You must FOLLOW THIS RULE! You MUST NOT SAY other words.,NO. The weighted score of your current partner (6.45) is higher than the new woman's (6.25); considering your importance weights.,515,540,541,0
Assume you are a 22-year-old woman with career type Engineer; currently matched with a partner. Your current partner's scores (out of 10): attractiveness: 4.0/10; sincerity: 4.0/10; intelligence: 5.0/10; being funny: 3.0/10; ambition: 4.0/10; shared interests: 3.0/10. A new man is courting you with scores: attractiveness: 6.0/10; sincerity: 7.0/10; intelligence: 7.0/10; being funny: 5.0/10; ambition: 5.0/10; shared interests: nan/10. Your importance weights are: attractiveness: 10.0; sincerity: 25.0; intelligence: 25.0; being funny: 10.0; ambition: 10.0; shared interests: 20.0. Would you leave your current partner for the new man? Your answer must be (YES) or (NO) followed by your reason. You must FOLLOW THIS RULE! You MUST NOT SAY other words.,NO. The new man lacks a score for shared interests (20.0 weight); which is highly important to you; and his other attributes do not sufficiently outweigh your current partner's shortcomings.,538,529,527,0
Assume you are a 30-year-old man with career type Private Equity - Leveraged Buy-Outs; currently matched with a partner. Your current partner's scores (out of 10): attractiveness: 5.0/10; sincerity: 8.0/10; intelligence: 9.0/10; being funny: 7.0/10; ambition: 8.0/10; shared interests: 7.0/10. A new woman is courting you with scores: attractiveness: 6.0/10; sincerity: 8.0/10; intelligence: 6.0/10; being funny: 7.0/10; ambition: 8.0/10; shared interests: 6.0/10. Your importance weights are: attractiveness: 25.0; sincerity: 20.0; intelligence: 20.0; being funny: 20.0; ambition: 0.0; shared interests: 15.0. Would you leave your current partner for the new woman? Your answer must be (YES) or (NO) followed by your reason. You must FOLLOW THIS RULE! You MUST NOT SAY other words.,NO. The new woman has a slightly higher attractiveness score (6.0 vs. 5.0); but the current partner scores higher in intelligence (9.0 vs. 6.0) and shared interests (7.0 vs. 6.0); which are weighted more heavily (20.0 and 15.0; respectively). The overall weighted score favors the current partner.,522,547,533,0
Assume you are a 24-year-old man with career type Academic Work; Consultant; currently matched with a partner. Your current partner's scores (out of 10): attractiveness: 7.0/10; sincerity: 7.0/10; intelligence: 7.0/10; being funny: 8.0/10; ambition: 7.0/10; shared interests: 8.0/10. A new woman is courting you with scores: attractiveness: 7.0/10; sincerity: 5.0/10; intelligence: 5.0/10; being funny: 6.0/10; ambition: 5.0/10; shared interests: 3.0/10. Your importance weights are: attractiveness: 20.0; sincerity: 15.0; intelligence: 20.0; being funny: 20.0; ambition: 15.0; shared interests: 10.0. Would you leave your current partner for the new woman? Your answer must be (YES) or (NO) followed by your reason. You must FOLLOW THIS RULE! You MUST NOT SAY other words.,NO. The new woman scores lower in key weighted categories (intelligence; sincerity; ambition; shared interests) and offers no advantage in attractiveness or humor; making her a less compatible match overall.,516,540,552,0
Assume you are a 30-year-old man with career type Finance; currently matched with a partner. Your current partner's scores (out of 10): attractiveness: 5.0/10; sincerity: 7.0/10; intelligence: 8.0/10; being funny: 7.0/10; ambition: 8.0/10; shared interests: 6.0/10. A new woman is courting you with scores: attractiveness: 7.0/10; sincerity: 6.0/10; intelligence: 6.0/10; being funny: 6.0/10; ambition: 5.0/10; shared interests: 6.0/10. Your importance weights are: attractiveness: 30.0; sincerity: 3.0; intelligence: 30.0; being funny: 30.0; ambition: 3.0; shared interests: 4.0. Would you leave your current partner for the new woman? Your answer must be (YES) or (NO) followed by your reason. You must FOLLOW THIS RULE! You MUST NOT SAY other words.,NO. The current partner scores higher in intelligence (8.0 vs 6.0) and being funny (7.0 vs 6.0); which are your top-weighted traits (30.0 each). The new woman's higher attractiveness (7.0 vs 5.0) doesn't outweigh these key differences given your priorities.,524,550,534,0
Assume you are a 30-year-old man with career type Private Equity - Leveraged Buy-Outs; currently matched with a partner. Your current partner's scores (out of 10): attractiveness: 10.0/10; sincerity: 10.0/10; intelligence: 10.0/10; being funny: 10.0/10; ambition: 10.0/10; shared interests: 10.0/10. A new woman is courting you with scores: attractiveness: 3.0/10; sincerity: 8.0/10; intelligence: 8.0/10; being funny: 7.0/10; ambition: 6.0/10; shared interests: 5.0/10. Your importance weights are: attractiveness: 25.0; sincerity: 20.0; intelligence: 20.0; being funny: 20.0; ambition: 0.0; shared interests: 15.0. Would you leave your current partner for the new woman? Your answer must be (YES) or (NO) followed by your reason. You must FOLLOW THIS RULE! You MUST NOT SAY other words.,NO. The new woman's scores are significantly lower in attractiveness (25.0 weight); and while she has decent sincerity; intelligence; and humor; they do not outweigh the perfect scores of your current partner in all weighted categories. The current partner is objectively superior based on your priorities.,523,547,543,0
Assume you are a 22-year-old man with career type Lawyer; currently matched with a partner. Your current partner's scores (out of 10): attractiveness: 5.0/10; sincerity: 8.0/10; intelligence: 9.0/10; being funny: 7.0/10; ambition: 8.0/10; shared interests: 7.0/10. A new woman is courting you with scores: attractiveness: 9.0/10; sincerity: 6.0/10; intelligence: 10.0/10; being funny: 9.0/10; ambition: 8.0/10; shared interests: 8.0/10. Your importance weights are: attractiveness: 30.0; sincerity: 10.0; intelligence: 20.0; being funny: 15.0; ambition: 15.0; shared interests: 10.0. Would you leave your current partner for the new woman? Your answer must be (YES) or (NO) followed by your reason. You must FOLLOW THIS RULE! You MUST NOT SAY other words.,YES. The new woman scores higher in attractiveness; intelligence; being funny; and shared interests; which are weighted more heavily in your priorities; outweighing the slight dip in sincerity. The overall weighted score favors the new woman.,522,539,533,1
Assume you are a 30-year-old man with career type Private Equity - Leveraged Buy-Outs; currently matched with a partner. Your current partner's scores (out of 10): attractiveness: 5.0/10; sincerity: 7.0/10; intelligence: 8.0/10; being funny: 7.0/10; ambition: 8.0/10; shared interests: 6.0/10. A new woman is courting you with scores: attractiveness: 7.0/10; sincerity: 7.0/10; intelligence: 8.0/10; being funny: 8.0/10; ambition: 5.0/10; shared interests: 6.0/10. Your importance weights are: attractiveness: 25.0; sincerity: 20.0; intelligence: 20.0; being funny: 20.0; ambition: 0.0; shared interests: 15.0. Would you leave your current partner for the new woman? Your answer must be (YES) or (NO) followed by your reason. You must FOLLOW THIS RULE! You MUST NOT SAY other words.,YES. The new woman scores higher in attractiveness (7.0 vs. 5.0) and being funny (8.0 vs. 7.0); which are weighted heavily (25.0 and 20.0 respectively). Other key traits (sincerity; intelligence; shared interests) are equal or similar; and ambition is weighted 0.0; making the new woman a better match based on your priorities.,524,547,534,1
Assume you are a 26-year-old man with career type Academic/ Finance; currently matched with a partner. Your current partner's scores (out of 10): attractiveness: 7.0/10; sincerity: 8.0/10; intelligence: 9.0/10; being funny: 7.0/10; ambition: 4.0/10; shared interests: 4.0/10. A new woman is courting you with scores: attractiveness: 5.0/10; sincerity: 7.0/10; intelligence: 7.0/10; being funny: 6.0/10; ambition: 9.0/10; shared interests: 3.0/10. Your importance weights are: attractiveness: 25.0; sincerity: 25.0; intelligence: 25.0; being funny: 13.0; ambition: 12.0; shared interests: 0.0. Would you leave your current partner for the new woman? Your answer must be (YES) or (NO) followed by your reason. You must FOLLOW THIS RULE! You MUST NOT SAY other words.,NO. The current partner scores higher in attractiveness; sincerity; and intelligence; which are your top-weighted criteria (25.0 each). The new woman only outperforms in ambition (12.0 weight); which is less important to you. Shared interests are irrelevant (0.0 weight).,514,533,544,0
Assume you are a 26-year-old man with career type ASIC Engineer; currently matched with a partner. Your current partner's scores (out of 10): attractiveness: 6.0/10; sincerity: 5.0/10; intelligence: 7.0/10; being funny: 8.0/10; ambition: 6.0/10; shared interests: 6.0/10. A new woman is courting you with scores: attractiveness: 7.0/10; sincerity: 6.0/10; intelligence: 7.0/10; being funny: 6.0/10; ambition: 5.0/10; shared interests: 8.0/10. Your importance weights are: attractiveness: 25.0; sincerity: 20.0; intelligence: 20.0; being funny: 20.0; ambition: 5.0; shared interests: 10.0. Would you leave your current partner for the new woman? Your answer must be (YES) or (NO) followed by your reason. You must FOLLOW THIS RULE! You MUST NOT SAY other words.,NO. The weighted score for the current partner (6.0*25 + 5.0*20 + 7.0*20 + 8.0*20 + 6.0*5 + 6.0*10 = 680) is higher than the new woman's weighted score (7.0*25 + 6.0*20 + 7.0*20 + 6.0*20 + 5.0*5 + 8.0*10 = 670).,511,532,551,0
Assume you are a 30-year-old man with career type Consulting; currently matched with a partner. Your current partner's scores (out of 10): attractiveness: 7.0/10; sincerity: 8.0/10; intelligence: 9.0/10; being funny: 7.0/10; ambition: 4.0/10; shared interests: 4.0/10. A new woman is courting you with scores: attractiveness: 5.0/10; sincerity: 8.0/10; intelligence: 5.0/10; being funny: 8.0/10; ambition: 6.0/10; shared interests: 7.0/10. Your importance weights are: attractiveness: 35.0; sincerity: 10.0; intelligence: 20.0; being funny: 25.0; ambition: 5.0; shared interests: 5.0. Would you leave your current partner for the new woman? Your answer must be (YES) or (NO) followed by your reason. You must FOLLOW THIS RULE! You MUST NOT SAY other words.,NO. The current partner scores higher in attractiveness (35% weight) and intelligence (20% weight); which are your top priorities; outweighing the new woman's strengths in being funny and shared interests.,514,546,544,0
Assume you are a 22-year-old single woman; and there is a 24-year-old man who is courting you. Your career type is dont know yet. You evaluated him on six dimensions with scores out of 10. These are attractiveness: 7.0/10; sincerity: 8.0/10; intelligence: 8.0/10; being funny: 9.0/10; ambition: 8.0/10; shared interests: 8.0/10. Your importance weights for these attributes are: attractiveness: 20.0; sincerity: 20.0; intelligence: 10.0; being funny: 15.0; ambition: 5.0; shared interests: 30.0. Would you be willing to date this man? And also tell me the reason. Your answer must be (YES) or (NO) followed by your reason. You must FOLLOW THIS RULE! You MUST NOT SAY other words.,YES. The weighted score is high (7.7/10); especially due to strong shared interests (30% weight) and sincerity (20% weight); which align well with your priorities.,534,530,,1
Assume you are a 22-year-old woman with career type Engineer; currently matched with a partner. Your current partner's scores (out of 10): attractiveness: 9.0/10; sincerity: 6.0/10; intelligence: 10.0/10; being funny: 9.0/10; ambition: 8.0/10; shared interests: 8.0/10. A new man is courting you with scores: attractiveness: 5.0/10; sincerity: 6.0/10; intelligence: 7.0/10; being funny: 6.0/10; ambition: 5.0/10; shared interests: nan/10. Your importance weights are: attractiveness: 10.0; sincerity: 25.0; intelligence: 25.0; being funny: 10.0; ambition: 10.0; shared interests: 20.0. Would you leave your current partner for the new man? Your answer must be (YES) or (NO) followed by your reason. You must FOLLOW THIS RULE! You MUST NOT SAY other words.,NO. The new man scores lower in key weighted categories (intelligence; shared interests) and lacks data on shared interests; while your current partner excels in intelligence; attractiveness; and humor with strong alignment to your priorities.,539,529,522,0
Assume you are a 30-year-old man with career type Consulting; currently matched with a partner. Your current partner's scores (out of 10): attractiveness: 4.0/10; sincerity: 5.0/10; intelligence: 8.0/10; being funny: 5.0/10; ambition: 8.0/10; shared interests: 4.0/10. A new woman is courting you with scores: attractiveness: 5.0/10; sincerity: 5.0/10; intelligence: 5.0/10; being funny: 6.0/10; ambition: 8.0/10; shared interests: 6.0/10. Your importance weights are: attractiveness: 35.0; sincerity: 10.0; intelligence: 20.0; being funny: 25.0; ambition: 5.0; shared interests: 5.0. Would you leave your current partner for the new woman? Your answer must be (YES) or (NO) followed by your reason. You must FOLLOW THIS RULE! You MUST NOT SAY other words.,NO. The current partner scores higher in intelligence (weighted heavily at 20.0) and matches in ambition (weighted lightly at 5.0); while the new woman only slightly improves attractiveness (weighted heavily at 35.0) and shared interests (weighted lightly at 5.0); but falls short in intelligence and sincerity. The trade-off isn't favorable.,515,546,541,0
Assume you are a 29-year-old single man; and there is a 22-year-old woman who is courting you. Your career type is Finance. You evaluated her on six dimensions with scores out of 10. These are attractiveness: 6.0/10; sincerity: 9.0/10; intelligence: 9.0/10; being funny: 6.0/10; ambition: 8.0/10; shared interests: 7.0/10. Your importance weights for these attributes are: attractiveness: 30.0; sincerity: 20.0; intelligence: 20.0; being funny: 20.0; ambition: 10.0; shared interests: 0.0. Would you be willing to date this woman? And also tell me the reason. Your answer must be (YES) or (NO) followed by your reason. You must FOLLOW THIS RULE! You MUST NOT SAY other words.,YES. Despite the age gap; her high scores in sincerity (9.0); intelligence (9.0); and ambition (8.0) align well with your weighted priorities (20.0; 20.0; and 10.0 respectively). Attractiveness (6.0) and being funny (6.0) are lower but still acceptable given their weights (30.0 and 20.0). Shared interests (0.0 weight) are irrelevant in your evaluation. Overall; her strengths in valued traits outweigh the weaker areas.,529,536,,1
Assume you are a 26-year-old man with career type Academic/ Finance; currently matched with a partner. Your current partner's scores (out of 10): attractiveness: 9.0/10; sincerity: 7.0/10; intelligence: 8.0/10; being funny: 6.0/10; ambition: 7.0/10; shared interests: nan/10. A new woman is courting you with scores: attractiveness: 8.0/10; sincerity: 8.0/10; intelligence: 7.0/10; being funny: 7.0/10; ambition: nan/10; shared interests: 4.0/10. Your importance weights are: attractiveness: 25.0; sincerity: 25.0; intelligence: 25.0; being funny: 13.0; ambition: 12.0; shared interests: 0.0. Would you leave your current partner for the new woman? Your answer must be (YES) or (NO) followed by your reason. You must FOLLOW THIS RULE! You MUST NOT SAY other words.,NO. The weighted scores for the current partner (8.35) are higher than the new woman's (7.85); and shared interests (weighted 0) do not offset the difference.,518,533,548,0
Assume you are a 26-year-old man with career type Academic/ Finance; currently matched with a partner. Your current partner's scores (out of 10): attractiveness: 9.0/10; sincerity: 9.0/10; intelligence: 9.0/10; being funny: 8.0/10; ambition: 8.0/10; shared interests: 8.0/10. A new woman is courting you with scores: attractiveness: 8.0/10; sincerity: nan/10; intelligence: 8.0/10; being funny: 8.0/10; ambition: nan/10; shared interests: 7.0/10. Your importance weights are: attractiveness: 25.0; sincerity: 25.0; intelligence: 25.0; being funny: 13.0; ambition: 12.0; shared interests: 0.0. Would you leave your current partner for the new woman? Your answer must be (YES) or (NO) followed by your reason. You must FOLLOW THIS RULE! You MUST NOT SAY other words.,NO. The new woman has lower scores in attractiveness; intelligence; and shared interests; and lacks data on sincerity and ambition; which are highly weighted (25.0 each). Your current partner excels in these key areas.,524,533,547,0
Assume you are a 22-year-old man with career type Law; currently matched with a partner. Your current partner's scores (out of 10): attractiveness: 4.0/10; sincerity: 5.0/10; intelligence: 8.0/10; being funny: 5.0/10; ambition: 8.0/10; shared interests: 4.0/10. A new woman is courting you with scores: attractiveness: 6.0/10; sincerity: 8.0/10; intelligence: 9.0/10; being funny: 8.0/10; ambition: nan/10; shared interests: 5.0/10. Your importance weights are: attractiveness: 20.0; sincerity: 5.0; intelligence: 25.0; being funny: 25.0; ambition: 5.0; shared interests: 20.0. Would you leave your current partner for the new woman? Your answer must be (YES) or (NO) followed by your reason. You must FOLLOW THIS RULE! You MUST NOT SAY other words.,YES. The new woman scores higher in intelligence; being funny; and sincerity—traits you highly value (25.0; 25.0; and 5.0 weight respectively). While attractiveness and shared interests are slightly lower; the significant improvements in key weighted categories outweigh these. Ambition is unknown but weighted low (5.0); minimizing its impact.,515,537,541,1
Assume you are a 26-year-old man with career type Academic/ Finance; currently matched with a partner. Your current partner's scores (out of 10): attractiveness: 6.0/10; sincerity: 6.0/10; intelligence: 8.0/10; being funny: 9.0/10; ambition: 8.0/10; shared interests: 5.0/10. A new woman is courting you with scores: attractiveness: 6.0/10; sincerity: 8.0/10; intelligence: 8.0/10; being funny: 7.0/10; ambition: 7.0/10; shared interests: 4.0/10. Your importance weights are: attractiveness: 25.0; sincerity: 25.0; intelligence: 25.0; being funny: 13.0; ambition: 12.0; shared interests: 0.0. Would you leave your current partner for the new woman? Your answer must be (YES) or (NO) followed by your reason. You must FOLLOW THIS RULE! You MUST NOT SAY other words.,NO. The weighted scores for both partners are very close (current: 6.65; new: 6.69); and the difference is negligible. The new woman does not offer a significant enough improvement to justify leaving your current partner.,527,533,538,0
Assume you are a 26-year-old man with career type ASIC Engineer; currently matched with a partner. Your current partner's scores (out of 10): attractiveness: 9.0/10; sincerity: 9.0/10; intelligence: 9.0/10; being funny: 8.0/10; ambition: 8.0/10; shared interests: 8.0/10. A new woman is courting you with scores: attractiveness: 7.0/10; sincerity: 9.0/10; intelligence: 8.0/10; being funny: 8.0/10; ambition: 6.0/10; shared interests: 5.0/10. Your importance weights are: attractiveness: 25.0; sincerity: 20.0; intelligence: 20.0; being funny: 20.0; ambition: 5.0; shared interests: 10.0. Would you leave your current partner for the new woman? Your answer must be (YES) or (NO) followed by your reason. You must FOLLOW THIS RULE! You MUST NOT SAY other words.,NO. The current partner has higher weighted scores overall (8.55 vs. 7.55) and better aligns with your importance weights; especially in attractiveness; intelligence; and shared interests.,524,532,547,0
Assume you are a 23-year-old man with career type Entrepreneur; currently matched with a partner. Your current partner's scores (out of 10): attractiveness: 7.0/10; sincerity: 7.0/10; intelligence: 7.0/10; being funny: 8.0/10; ambition: 7.0/10; shared interests: 8.0/10. A new woman is courting you with scores: attractiveness: 7.0/10; sincerity: 6.0/10; intelligence: 10.0/10; being funny: 7.0/10; ambition: 9.0/10; shared interests: 4.0/10. Your importance weights are: attractiveness: 40.0; sincerity: 30.0; intelligence: 0.0; being funny: 20.0; ambition: 0.0; shared interests: 10.0. Would you leave your current partner for the new woman? Your answer must be (YES) or (NO) followed by your reason. You must FOLLOW THIS RULE! You MUST NOT SAY other words.,NO. The new woman's lower sincerity (6.0 vs. 7.0) and shared interests (4.0 vs. 8.0) outweigh her higher intelligence and ambition; which have zero weight in your priorities. Your current partner better aligns with your importance weights.,516,541,552,0
Assume you are a 23-year-old man with career type To go into Finance; currently matched with a partner. Your current partner's scores (out of 10): attractiveness: 6.0/10; sincerity: 5.0/10; intelligence: 8.0/10; being funny: 8.0/10; ambition: 8.0/10; shared interests: nan/10. A new woman is courting you with scores: attractiveness: 8.0/10; sincerity: 4.0/10; intelligence: 6.0/10; being funny: 7.0/10; ambition: 4.0/10; shared interests: 2.0/10. Your importance weights are: attractiveness: 25.0; sincerity: 15.0; intelligence: 20.0; being funny: 20.0; ambition: 10.0; shared interests: 10.0. Would you leave your current partner for the new woman? Your answer must be (YES) or (NO) followed by your reason. You must FOLLOW THIS RULE! You MUST NOT SAY other words.,NO. The current partner scores higher in intelligence; ambition; and being funny; which are weighted more heavily in your priorities. The new woman's higher attractiveness does not outweigh the lower scores in sincerity and ambition; which are important to you.,515,542,537,0
Assume you are a 24-year-old man with career type Academic Work; Consultant; currently matched with a partner. Your current partner's scores (out of 10): attractiveness: 9.0/10; sincerity: 7.0/10; intelligence: 8.0/10; being funny: 6.0/10; ambition: 7.0/10; shared interests: nan/10. A new woman is courting you with scores: attractiveness: 7.0/10; sincerity: 6.0/10; intelligence: 6.0/10; being funny: 7.0/10; ambition: 7.0/10; shared interests: 4.0/10. Your importance weights are: attractiveness: 20.0; sincerity: 15.0; intelligence: 20.0; being funny: 20.0; ambition: 15.0; shared interests: 10.0. Would you leave your current partner for the new woman? Your answer must be (YES) or (NO) followed by your reason. You must FOLLOW THIS RULE! You MUST NOT SAY other words.,NO. The weighted score of your current partner (7.45) is higher than the new woman's (6.45); making your current relationship more favorable overall.,518,540,548,0
Assume you are a 23-year-old man with career type Entrepreneur; currently matched with a partner. Your current partner's scores (out of 10): attractiveness: 10.0/10; sincerity: 10.0/10; intelligence: 10.0/10; being funny: 10.0/10; ambition: 10.0/10; shared interests: 10.0/10. A new woman is courting you with scores: attractiveness: 1.0/10; sincerity: 5.0/10; intelligence: 8.0/10; being funny: 5.0/10; ambition: 9.0/10; shared interests: 9.0/10. Your importance weights are: attractiveness: 40.0; sincerity: 30.0; intelligence: 0.0; being funny: 20.0; ambition: 0.0; shared interests: 10.0. Would you leave your current partner for the new woman? Your answer must be (YES) or (NO) followed by your reason. You must FOLLOW THIS RULE! You MUST NOT SAY other words.,NO. Your current partner scores perfectly in all categories you highly value (attractiveness; sincerity; being funny); while the new woman scores significantly lower in these key areas. The new woman's strengths (intelligence; ambition; shared interests) are in categories you’ve assigned zero or low importance to.,523,541,543,0
Assume you are a 30-year-old man with career type Consulting; currently matched with a partner. Your current partner's scores (out of 10): attractiveness: 7.0/10; sincerity: 7.0/10; intelligence: 7.0/10; being funny: 8.0/10; ambition: 7.0/10; shared interests: 8.0/10. A new woman is courting you with scores: attractiveness: 5.0/10; sincerity: 3.0/10; intelligence: 5.0/10; being funny: 6.0/10; ambition: 8.0/10; shared interests: 5.0/10. Your importance weights are: attractiveness: 35.0; sincerity: 10.0; intelligence: 20.0; being funny: 25.0; ambition: 5.0; shared interests: 5.0. Would you leave your current partner for the new woman? Your answer must be (YES) or (NO) followed by your reason. You must FOLLOW THIS RULE! You MUST NOT SAY other words.,NO. The new woman scores lower in attractiveness; sincerity; intelligence; and being funny; which are your highest-weighted traits. Your current partner aligns better with your priorities.,516,546,552,0
Assume you are a 24-year-old man with career type Academic Work; Consultant; currently matched with a partner. Your current partner's scores (out of 10): attractiveness: 6.0/10; sincerity: 4.0/10; intelligence: 8.0/10; being funny: 10.0/10; ambition: 7.0/10; shared interests: 8.0/10. A new woman is courting you with scores: attractiveness: 6.0/10; sincerity: 7.0/10; intelligence: 8.0/10; being funny: 7.0/10; ambition: 5.0/10; shared interests: 3.0/10. Your importance weights are: attractiveness: 20.0; sincerity: 15.0; intelligence: 20.0; being funny: 20.0; ambition: 15.0; shared interests: 10.0. Would you leave your current partner for the new woman? Your answer must be (YES) or (NO) followed by your reason. You must FOLLOW THIS RULE! You MUST NOT SAY other words.,NO. The new woman scores lower in key areas you value highly (being funny; shared interests) and only slightly better in sincerity; which does not outweigh the strengths of your current partner.,522,540,539,0
Assume you are a 23-year-old man with career type Entrepreneur; currently matched with a partner. Your current partner's scores (out of 10): attractiveness: 6.0/10; sincerity: 5.0/10; intelligence: 7.0/10; being funny: 8.0/10; ambition: 6.0/10; shared interests: 6.0/10. A new woman is courting you with scores: attractiveness: 5.0/10; sincerity: 7.0/10; intelligence: 10.0/10; being funny: 5.0/10; ambition: 10.0/10; shared interests: 5.0/10. Your importance weights are: attractiveness: 40.0; sincerity: 30.0; intelligence: 0.0; being funny: 20.0; ambition: 0.0; shared interests: 10.0. Would you leave your current partner for the new woman? Your answer must be (YES) or (NO) followed by your reason. You must FOLLOW THIS RULE! You MUST NOT SAY other words.,NO. The new woman's higher scores in sincerity (7.0 vs. 5.0) and intelligence (10.0 vs. 7.0) don't outweigh the current partner's higher attractiveness (6.0 vs. 5.0) and being funny (8.0 vs. 5.0); which are more heavily weighted (40.0 and 20.0 respectively). Shared interests are slightly lower (5.0 vs. 6.0); but this has a low weight (10.0). Ambition and intelligence have 0.0 weight; so they don't influence the decision.,511,541,551,0
Assume you are a 30-year-old man with career type Finance; currently matched with a partner. Your current partner's scores (out of 10): attractiveness: 8.0/10; sincerity: 8.0/10; intelligence: 6.0/10; being funny: 7.0/10; ambition: 7.0/10; shared interests: 6.0/10. A new woman is courting you with scores: attractiveness: 5.0/10; sincerity: 8.0/10; intelligence: 6.0/10; being funny: 5.0/10; ambition: 4.0/10; shared interests: 4.0/10. Your importance weights are: attractiveness: 30.0; sincerity: 3.0; intelligence: 30.0; being funny: 30.0; ambition: 3.0; shared interests: 4.0. Would you leave your current partner for the new woman? Your answer must be (YES) or (NO) followed by your reason. You must FOLLOW THIS RULE! You MUST NOT SAY other words.,NO. The new woman scores significantly lower in attractiveness; intelligence; being funny; and shared interests; which are your highest-weighted priorities. The slight advantage in sincerity and ambition does not outweigh the substantial gaps in more important categories.,525,550,549,0
Assume you are a 23-year-old man with career type To go into Finance; currently matched with a partner. Your current partner's scores (out of 10): attractiveness: 7.0/10; sincerity: 7.0/10; intelligence: 7.0/10; being funny: 8.0/10; ambition: 7.0/10; shared interests: 8.0/10. A new woman is courting you with scores: attractiveness: 9.0/10; sincerity: 4.0/10; intelligence: 6.0/10; being funny: 7.0/10; ambition: 6.0/10; shared interests: 6.0/10. Your importance weights are: attractiveness: 25.0; sincerity: 15.0; intelligence: 20.0; being funny: 20.0; ambition: 10.0; shared interests: 10.0. Would you leave your current partner for the new woman? Your answer must be (YES) or (NO) followed by your reason. You must FOLLOW THIS RULE! You MUST NOT SAY other words.,NO. The current partner has a higher weighted score (7.55) compared to the new woman (6.85) based on your importance weights.,516,542,552,0
Assume you are a 23-year-old man with career type Entrepreneur; currently matched with a partner. Your current partner's scores (out of 10): attractiveness: 7.0/10; sincerity: 8.0/10; intelligence: 9.0/10; being funny: 7.0/10; ambition: 4.0/10; shared interests: 4.0/10. A new woman is courting you with scores: attractiveness: 4.0/10; sincerity: 5.0/10; intelligence: 9.0/10; being funny: 7.0/10; ambition: 8.0/10; shared interests: 5.0/10. Your importance weights are: attractiveness: 40.0; sincerity: 30.0; intelligence: 0.0; being funny: 20.0; ambition: 0.0; shared interests: 10.0. Would you leave your current partner for the new woman? Your answer must be (YES) or (NO) followed by your reason. You must FOLLOW THIS RULE! You MUST NOT SAY other words.,NO. The new woman scores lower in attractiveness (40.0 weight) and sincerity (30.0 weight); which are your top priorities; despite her higher ambition. Your current partner better aligns with your weighted values.,514,541,544,0
Assume you are a 23-year-old man with career type Entrepreneur; currently matched with a partner. Your current partner's scores (out of 10): attractiveness: 6.0/10; sincerity: 4.0/10; intelligence: 8.0/10; being funny: 10.0/10; ambition: 7.0/10; shared interests: 8.0/10. A new woman is courting you with scores: attractiveness: 7.0/10; sincerity: 6.0/10; intelligence: 9.0/10; being funny: 8.0/10; ambition: 8.0/10; shared interests: 6.0/10. Your importance weights are: attractiveness: 40.0; sincerity: 30.0; intelligence: 0.0; being funny: 20.0; ambition: 0.0; shared interests: 10.0. Would you leave your current partner for the new woman? Your answer must be (YES) or (NO) followed by your reason. You must FOLLOW THIS RULE! You MUST NOT SAY other words.,NO. The current partner scores higher in sincerity (weighted heavily at 30.0) and shared interests (weighted at 10.0); which outweighs the new woman's slight edge in attractiveness (weighted at 40.0) and being funny (weighted at 20.0). The other traits (intelligence; ambition) have zero weight in your priorities.,522,541,539,0
Assume you are a 24-year-old man with career type Academic Work; Consultant; currently matched with a partner. Your current partner's scores (out of 10): attractiveness: 9.0/10; sincerity: 9.0/10; intelligence: 9.0/10; being funny: 8.0/10; ambition: 8.0/10; shared interests: 8.0/10. A new woman is courting you with scores: attractiveness: 7.0/10; sincerity: 7.0/10; intelligence: 7.0/10; being funny: 8.0/10; ambition: 5.0/10; shared interests: 5.0/10. Your importance weights are: attractiveness: 20.0; sincerity: 15.0; intelligence: 20.0; being funny: 20.0; ambition: 15.0; shared interests: 10.0. Would you leave your current partner for the new woman? Your answer must be (YES) or (NO) followed by your reason. You must FOLLOW THIS RULE! You MUST NOT SAY other words.,NO Your current partner scores significantly higher in key areas you value (attractiveness; intelligence; sincerity; ambition) and matches closely in shared interests and humor; while the new woman falls short in multiple important categories. The weighted benefits of staying far outweigh switching.,524,540,547,0
Assume you are a 23-year-old man with career type Entrepreneur; currently matched with a partner. Your current partner's scores (out of 10): attractiveness: 9.0/10; sincerity: 9.0/10; intelligence: 9.0/10; being funny: 8.0/10; ambition: 8.0/10; shared interests: 8.0/10. A new woman is courting you with scores: attractiveness: 7.0/10; sincerity: 8.0/10; intelligence: 9.0/10; being funny: 8.0/10; ambition: 7.0/10; shared interests: 8.0/10. Your importance weights are: attractiveness: 40.0; sincerity: 30.0; intelligence: 0.0; being funny: 20.0; ambition: 0.0; shared interests: 10.0. Would you leave your current partner for the new woman? Your answer must be (YES) or (NO) followed by your reason. You must FOLLOW THIS RULE! You MUST NOT SAY other words.,NO Your current partner scores higher in attractiveness (40.0 weight) and sincerity (30.0 weight); which are your top priorities; while the new woman only matches or underperforms in other less-weighted categories.,524,541,547,0
Assume you are a 24-year-old man with career type Academic Work; Consultant; currently matched with a partner. Your current partner's scores (out of 10): attractiveness: 8.0/10; sincerity: 8.0/10; intelligence: 6.0/10; being funny: 7.0/10; ambition: 7.0/10; shared interests: 6.0/10. A new woman is courting you with scores: attractiveness: 6.0/10; sincerity: 7.0/10; intelligence: 5.0/10; being funny: 6.0/10; ambition: 7.0/10; shared interests: 3.0/10. Your importance weights are: attractiveness: 20.0; sincerity: 15.0; intelligence: 20.0; being funny: 20.0; ambition: 15.0; shared interests: 10.0. Would you leave your current partner for the new woman? Your answer must be (YES) or (NO) followed by your reason. You must FOLLOW THIS RULE! You MUST NOT SAY other words.,NO. The new woman scores lower in intelligence; being funny; and shared interests; which are highly weighted for you. Your current partner outperforms her in key areas you value.,525,540,549,0
Assume you are a 23-year-old man with career type To go into Finance; currently matched with a partner. Your current partner's scores (out of 10): attractiveness: 9.0/10; sincerity: 7.0/10; intelligence: 8.0/10; being funny: 6.0/10; ambition: 7.0/10; shared interests: nan/10. A new woman is courting you with scores: attractiveness: 7.0/10; sincerity: 10.0/10; intelligence: 6.0/10; being funny: 7.0/10; ambition: 6.0/10; shared interests: 0.0/10. Your importance weights are: attractiveness: 25.0; sincerity: 15.0; intelligence: 20.0; being funny: 20.0; ambition: 10.0; shared interests: 10.0. Would you leave your current partner for the new woman? Your answer must be (YES) or (NO) followed by your reason. You must FOLLOW THIS RULE! You MUST NOT SAY other words.,NO. The current partner scores higher in attractiveness; intelligence; and ambition; which are weighted more heavily in your priorities. The new woman lacks shared interests and underperforms in key areas you value.,518,542,548,0
Assume you are a 30-year-old man with career type Consulting; currently matched with a partner. Your current partner's scores (out of 10): attractiveness: 10.0/10; sincerity: 10.0/10; intelligence: 10.0/10; being funny: 10.0/10; ambition: 10.0/10; shared interests: 10.0/10. A new woman is courting you with scores: attractiveness: 6.0/10; sincerity: 5.0/10; intelligence: 5.0/10; being funny: 6.0/10; ambition: 6.0/10; shared interests: 6.0/10. Your importance weights are: attractiveness: 35.0; sincerity: 10.0; intelligence: 20.0; being funny: 25.0; ambition: 5.0; shared interests: 5.0. Would you leave your current partner for the new woman? Your answer must be (YES) or (NO) followed by your reason. You must FOLLOW THIS RULE! You MUST NOT SAY other words.,NO. The new woman scores significantly lower in all categories; especially in key areas weighted heavily by you (attractiveness; intelligence; being funny). Your current partner is a perfect match across all dimensions.,523,546,543,0
Assume you are a 30-year-old man with career type Consulting; currently matched with a partner. Your current partner's scores (out of 10): attractiveness: 4.0/10; sincerity: 3.0/10; intelligence: 9.0/10; being funny: 4.0/10; ambition: 9.0/10; shared interests: 5.0/10. A new woman is courting you with scores: attractiveness: 6.0/10; sincerity: 5.0/10; intelligence: 4.0/10; being funny: 3.0/10; ambition: 6.0/10; shared interests: 6.0/10. Your importance weights are: attractiveness: 35.0; sincerity: 10.0; intelligence: 20.0; being funny: 25.0; ambition: 5.0; shared interests: 5.0. Would you leave your current partner for the new woman? Your answer must be (YES) or (NO) followed by your reason. You must FOLLOW THIS RULE! You MUST NOT SAY other words.,NO. The current partner scores higher in intelligence and ambition; which are important to you (20.0 and 5.0 weight respectively); while the new woman only slightly improves attractiveness (35.0 weight) but falls short in humor (25.0 weight) and intelligence. The trade-off isn't favorable.,526,546,531,0
Assume you are a 24-year-old man with career type Academic Work; Consultant; currently matched with a partner. Your current partner's scores (out of 10): attractiveness: 4.0/10; sincerity: 3.0/10; intelligence: 9.0/10; being funny: 4.0/10; ambition: 9.0/10; shared interests: 5.0/10. A new woman is courting you with scores: attractiveness: 6.0/10; sincerity: 5.0/10; intelligence: 5.0/10; being funny: 6.0/10; ambition: 4.0/10; shared interests: 3.0/10. Your importance weights are: attractiveness: 20.0; sincerity: 15.0; intelligence: 20.0; being funny: 20.0; ambition: 15.0; shared interests: 10.0. Would you leave your current partner for the new woman? Your answer must be (YES) or (NO) followed by your reason. You must FOLLOW THIS RULE! You MUST NOT SAY other words.,NO. The new woman's weighted score (5.95) is lower than your current partner's (6.05); and she lacks in key areas you value (intelligence; ambition).,526,540,531,0
Assume you are a 24-year-old man with career type Academic Work; Consultant; currently matched with a partner. Your current partner's scores (out of 10): attractiveness: 7.0/10; sincerity: 8.0/10; intelligence: 8.0/10; being funny: 9.0/10; ambition: 8.0/10; shared interests: 8.0/10. A new woman is courting you with scores: attractiveness: 5.0/10; sincerity: 6.0/10; intelligence: 6.0/10; being funny: 7.0/10; ambition: 5.0/10; shared interests: 5.0/10. Your importance weights are: attractiveness: 20.0; sincerity: 15.0; intelligence: 20.0; being funny: 20.0; ambition: 15.0; shared interests: 10.0. Would you leave your current partner for the new woman? Your answer must be (YES) or (NO) followed by your reason. You must FOLLOW THIS RULE! You MUST NOT SAY other words.,NO. The new woman's overall weighted score is significantly lower than your current partner's (5.0 vs. 7.55); and she does not outperform your partner in any category.,530,540,534,0
Assume you are a 26-year-old man with career type ASIC Engineer; currently matched with a partner. Your current partner's scores (out of 10): attractiveness: 8.0/10; sincerity: 8.0/10; intelligence: 6.0/10; being funny: 7.0/10; ambition: 7.0/10; shared interests: 6.0/10. A new woman is courting you with scores: attractiveness: 6.0/10; sincerity: 7.0/10; intelligence: 6.0/10; being funny: 7.0/10; ambition: nan/10; shared interests: 5.0/10. Your importance weights are: attractiveness: 25.0; sincerity: 20.0; intelligence: 20.0; being funny: 20.0; ambition: 5.0; shared interests: 10.0. Would you leave your current partner for the new woman? Your answer must be (YES) or (NO) followed by your reason. You must FOLLOW THIS RULE! You MUST NOT SAY other words.,NO. The new woman scores lower in attractiveness; sincerity; and shared interests; which are important to you. The current partner has higher overall weighted scores.,525,532,549,0
Assume you are a 23-year-old man with career type To go into Finance; currently matched with a partner. Your current partner's scores (out of 10): attractiveness: 6.0/10; sincerity: 4.0/10; intelligence: 8.0/10; being funny: 10.0/10; ambition: 7.0/10; shared interests: 8.0/10. A new woman is courting you with scores: attractiveness: 6.0/10; sincerity: 5.0/10; intelligence: 4.0/10; being funny: 6.0/10; ambition: 7.0/10; shared interests: 2.0/10. Your importance weights are: attractiveness: 25.0; sincerity: 15.0; intelligence: 20.0; being funny: 20.0; ambition: 10.0; shared interests: 10.0. Would you leave your current partner for the new woman? Your answer must be (YES) or (NO) followed by your reason. You must FOLLOW THIS RULE! You MUST NOT SAY other words.,NO. The new woman scores lower in key weighted categories like intelligence; being funny; and shared interests; which are important to you. Your current partner outperforms her overall.,522,542,539,0
Assume you are a 30-year-old man with career type Finance; currently matched with a partner. Your current partner's scores (out of 10): attractiveness: 4.0/10; sincerity: 3.0/10; intelligence: 9.0/10; being funny: 4.0/10; ambition: 9.0/10; shared interests: 5.0/10. A new woman is courting you with scores: attractiveness: 4.0/10; sincerity: 5.0/10; intelligence: 6.0/10; being funny: 6.0/10; ambition: 4.0/10; shared interests: 4.0/10. Your importance weights are: attractiveness: 30.0; sincerity: 3.0; intelligence: 30.0; being funny: 30.0; ambition: 3.0; shared interests: 4.0. Would you leave your current partner for the new woman? Your answer must be (YES) or (NO) followed by your reason. You must FOLLOW THIS RULE! You MUST NOT SAY other words.,NO. The new woman does not significantly outperform your current partner in the attributes you value most (intelligence; being funny; attractiveness); and the slight improvements in sincerity and being funny are offset by lower scores in intelligence and ambition.,526,550,531,0
Assume you are a 30-year-old man with career type Consulting; currently matched with a partner. Your current partner's scores (out of 10): attractiveness: 5.0/10; sincerity: 4.0/10; intelligence: 6.0/10; being funny: 6.0/10; ambition: 5.0/10; shared interests: 4.0/10. A new woman is courting you with scores: attractiveness: 4.0/10; sincerity: 7.0/10; intelligence: 7.0/10; being funny: 4.0/10; ambition: 5.0/10; shared interests: 2.0/10. Your importance weights are: attractiveness: 35.0; sincerity: 10.0; intelligence: 20.0; being funny: 25.0; ambition: 5.0; shared interests: 5.0. Would you leave your current partner for the new woman? Your answer must be (YES) or (NO) followed by your reason. You must FOLLOW THIS RULE! You MUST NOT SAY other words.,NO. The weighted score of your current partner (5.0*35 + 4.0*10 + 6.0*20 + 6.0*25 + 5.0*5 + 4.0*5 = 175 + 40 + 120 + 150 + 25 + 20 = 530) is higher than the new woman's (4.0*35 + 7.0*10 + 7.0*20 + 4.0*25 + 5.0*5 + 2.0*5 = 140 + 70 + 140 + 100 + 25 + 10 = 485).,529,546,536,0
Assume you are a 26-year-old man with career type ASIC Engineer; currently matched with a partner. Your current partner's scores (out of 10): attractiveness: 6.0/10; sincerity: 6.0/10; intelligence: 8.0/10; being funny: 9.0/10; ambition: 8.0/10; shared interests: 5.0/10. A new woman is courting you with scores: attractiveness: 7.0/10; sincerity: 6.0/10; intelligence: 7.0/10; being funny: 6.0/10; ambition: 5.0/10; shared interests: 5.0/10. Your importance weights are: attractiveness: 25.0; sincerity: 20.0; intelligence: 20.0; being funny: 20.0; ambition: 5.0; shared interests: 10.0. Would you leave your current partner for the new woman? Your answer must be (YES) or (NO) followed by your reason. You must FOLLOW THIS RULE! You MUST NOT SAY other words.,NO. The weighted score of your current partner (6.0*25 + 6.0*20 + 8.0*20 + 9.0*20 + 8.0*5 + 5.0*10 = 710) is higher than the new woman's (7.0*25 + 6.0*20 + 7.0*20 + 6.0*20 + 5.0*5 + 5.0*10 = 680).,527,532,538,0
Assume you are a 26-year-old man with career type ASIC Engineer; currently matched with a partner. Your current partner's scores (out of 10): attractiveness: 5.0/10; sincerity: 4.0/10; intelligence: 6.0/10; being funny: 6.0/10; ambition: 5.0/10; shared interests: 4.0/10. A new woman is courting you with scores: attractiveness: 6.0/10; sincerity: 8.0/10; intelligence: 9.0/10; being funny: 8.0/10; ambition: 8.0/10; shared interests: 8.0/10. Your importance weights are: attractiveness: 25.0; sincerity: 20.0; intelligence: 20.0; being funny: 20.0; ambition: 5.0; shared interests: 10.0. Would you leave your current partner for the new woman? Your answer must be (YES) or (NO) followed by your reason. You must FOLLOW THIS RULE! You MUST NOT SAY other words.,YES. The new woman scores significantly higher in sincerity; intelligence; being funny; and shared interests; which are highly weighted in your priorities; outweighing the marginal difference in attractiveness. The overall compatibility and alignment with your values make her a better match.,529,532,536,1
Assume you are a 30-year-old man with career type Consulting; currently matched with a partner. Your current partner's scores (out of 10): attractiveness: 7.0/10; sincerity: 8.0/10; intelligence: 8.0/10; being funny: 9.0/10; ambition: 8.0/10; shared interests: 8.0/10. A new woman is courting you with scores: attractiveness: 4.0/10; sincerity: 6.0/10; intelligence: 7.0/10; being funny: 4.0/10; ambition: 5.0/10; shared interests: 2.0/10. Your importance weights are: attractiveness: 35.0; sincerity: 10.0; intelligence: 20.0; being funny: 25.0; ambition: 5.0; shared interests: 5.0. Would you leave your current partner for the new woman? Your answer must be (YES) or (NO) followed by your reason. You must FOLLOW THIS RULE! You MUST NOT SAY other words.,NO. The new woman scores significantly lower in key weighted categories like attractiveness (35.0 weight); being funny (25.0 weight); and shared interests (5.0 weight); and does not outperform your current partner in any meaningful way. The current partner's overall weighted score is higher.,530,546,534,0
Assume you are a 24-year-old man with career type Academic Work; Consultant; currently matched with a partner. Your current partner's scores (out of 10): attractiveness: 6.0/10; sincerity: 6.0/10; intelligence: 8.0/10; being funny: 9.0/10; ambition: 8.0/10; shared interests: 5.0/10. A new woman is courting you with scores: attractiveness: 5.0/10; sincerity: 5.0/10; intelligence: 6.0/10; being funny: 3.0/10; ambition: 5.0/10; shared interests: 2.0/10. Your importance weights are: attractiveness: 20.0; sincerity: 15.0; intelligence: 20.0; being funny: 20.0; ambition: 15.0; shared interests: 10.0. Would you leave your current partner for the new woman? Your answer must be (YES) or (NO) followed by your reason. You must FOLLOW THIS RULE! You MUST NOT SAY other words.,NO. The new woman scores lower in all categories except ambition (equal) and significantly lower in key areas like intelligence; humor; and shared interests; which are highly weighted for you. Your current partner is a better overall match based on your priorities.,527,540,538,0
Assume you are a 24-year-old man with career type Academic Work; Consultant; currently matched with a partner. Your current partner's scores (out of 10): attractiveness: 5.0/10; sincerity: 7.0/10; intelligence: 5.0/10; being funny: 4.0/10; ambition: 5.0/10; shared interests: 4.0/10. A new woman is courting you with scores: attractiveness: 4.0/10; sincerity: 5.0/10; intelligence: 5.0/10; being funny: 4.0/10; ambition: 3.0/10; shared interests: 2.0/10. Your importance weights are: attractiveness: 20.0; sincerity: 15.0; intelligence: 20.0; being funny: 20.0; ambition: 15.0; shared interests: 10.0. Would you leave your current partner for the new woman? Your answer must be (YES) or (NO) followed by your reason. You must FOLLOW THIS RULE! You MUST NOT SAY other words.,NO. The new woman scores lower or equal in all categories and does not outperform the current partner in any weighted criteria.,529,540,532,0
Assume you are a 30-year-old man with career type Finance; currently matched with a partner. Your current partner's scores (out of 10): attractiveness: 6.0/10; sincerity: 6.0/10; intelligence: 8.0/10; being funny: 9.0/10; ambition: 8.0/10; shared interests: 5.0/10. A new woman is courting you with scores: attractiveness: 5.0/10; sincerity: 5.0/10; intelligence: 6.0/10; being funny: 5.0/10; ambition: 5.0/10; shared interests: 4.0/10. Your importance weights are: attractiveness: 30.0; sincerity: 3.0; intelligence: 30.0; being funny: 30.0; ambition: 3.0; shared interests: 4.0. Would you leave your current partner for the new woman? Your answer must be (YES) or (NO) followed by your reason. You must FOLLOW THIS RULE! You MUST NOT SAY other words.,NO. The new woman scores lower in the most important categories for you (attractiveness; intelligence; being funny) and does not offer a compelling reason to leave your current partner.,527,550,538,0
Assume you are a 30-year-old man with career type Finance; currently matched with a partner. Your current partner's scores (out of 10): attractiveness: 6.0/10; sincerity: 5.0/10; intelligence: 7.0/10; being funny: 8.0/10; ambition: 6.0/10; shared interests: 6.0/10. A new woman is courting you with scores: attractiveness: 5.0/10; sincerity: 4.0/10; intelligence: 5.0/10; being funny: 5.0/10; ambition: 5.0/10; shared interests: 4.0/10. Your importance weights are: attractiveness: 30.0; sincerity: 3.0; intelligence: 30.0; being funny: 30.0; ambition: 3.0; shared interests: 4.0. Would you leave your current partner for the new woman? Your answer must be (YES) or (NO) followed by your reason. You must FOLLOW THIS RULE! You MUST NOT SAY other words.,NO. The new woman scores lower in the categories you value most (attractiveness; intelligence; and being funny); and her overall weighted score is significantly worse than your current partner's.,511,550,551,0
Assume you are a 30-year-old man with career type Finance; currently matched with a partner. Your current partner's scores (out of 10): attractiveness: 7.0/10; sincerity: 8.0/10; intelligence: 9.0/10; being funny: 7.0/10; ambition: 4.0/10; shared interests: 4.0/10. A new woman is courting you with scores: attractiveness: 4.0/10; sincerity: 5.0/10; intelligence: 5.0/10; being funny: 8.0/10; ambition: 5.0/10; shared interests: 4.0/10. Your importance weights are: attractiveness: 30.0; sincerity: 3.0; intelligence: 30.0; being funny: 30.0; ambition: 3.0; shared interests: 4.0. Would you leave your current partner for the new woman? Your answer must be (YES) or (NO) followed by your reason. You must FOLLOW THIS RULE! You MUST NOT SAY other words.,NO. The new woman scores lower in attractiveness; sincerity; and intelligence; which are your top-weighted criteria (30.0 each). While she scores higher in being funny; it doesn't outweigh the significant drop in your most valued traits.,514,550,544,0
Assume you are a 24-year-old man with career type Academic Work; Consultant; currently matched with a partner. Your current partner's scores (out of 10): attractiveness: 10.0/10; sincerity: 10.0/10; intelligence: 10.0/10; being funny: 10.0/10; ambition: 10.0/10; shared interests: 10.0/10. A new woman is courting you with scores: attractiveness: 5.0/10; sincerity: 3.0/10; intelligence: 2.0/10; being funny: 4.0/10; ambition: 2.0/10; shared interests: 1.0/10. Your importance weights are: attractiveness: 20.0; sincerity: 15.0; intelligence: 20.0; being funny: 20.0; ambition: 15.0; shared interests: 10.0. Would you leave your current partner for the new woman? Your answer must be (YES) or (NO) followed by your reason. You must FOLLOW THIS RULE! You MUST NOT SAY other words.,NO. The new woman scores significantly lower in all important categories and does not meet your weighted priorities compared to your current partner; who is perfect in every aspect.,523,540,543,0
Assume you are a 23-year-old man with career type To go into Finance; currently matched with a partner. Your current partner's scores (out of 10): attractiveness: 8.0/10; sincerity: 8.0/10; intelligence: 6.0/10; being funny: 7.0/10; ambition: 7.0/10; shared interests: 6.0/10. A new woman is courting you with scores: attractiveness: 2.0/10; sincerity: 6.0/10; intelligence: 7.0/10; being funny: 6.0/10; ambition: 5.0/10; shared interests: 4.0/10. Your importance weights are: attractiveness: 25.0; sincerity: 15.0; intelligence: 20.0; being funny: 20.0; ambition: 10.0; shared interests: 10.0. Would you leave your current partner for the new woman? Your answer must be (YES) or (NO) followed by your reason. You must FOLLOW THIS RULE! You MUST NOT SAY other words.,NO. The current partner has a higher weighted score (7.15) compared to the new woman (4.85); making the current relationship more favorable overall.,525,542,549,0
Assume you are a 26-year-old man with career type Academic/ Finance; currently matched with a partner. Your current partner's scores (out of 10): attractiveness: 5.0/10; sincerity: 7.0/10; intelligence: 5.0/10; being funny: 4.0/10; ambition: 5.0/10; shared interests: 4.0/10. A new woman is courting you with scores: attractiveness: 4.0/10; sincerity: 10.0/10; intelligence: 9.0/10; being funny: 7.0/10; ambition: 6.0/10; shared interests: 4.0/10. Your importance weights are: attractiveness: 25.0; sincerity: 25.0; intelligence: 25.0; being funny: 13.0; ambition: 12.0; shared interests: 0.0. Would you leave your current partner for the new woman? Your answer must be (YES) or (NO) followed by your reason. You must FOLLOW THIS RULE! You MUST NOT SAY other words.,YES. The new woman scores significantly higher in sincerity (10.0) and intelligence (9.0); which are your top-weighted traits (25.0 each); outweighing the slight edge in attractiveness (5.0 vs. 4.0) and matching in shared interests. Her higher scores in being funny and ambition also contribute positively.,529,533,532,1
Assume you are a 30-year-old man with career type Finance; currently matched with a partner. Your current partner's scores (out of 10): attractiveness: 10.0/10; sincerity: 10.0/10; intelligence: 10.0/10; being funny: 10.0/10; ambition: 10.0/10; shared interests: 10.0/10. A new woman is courting you with scores: attractiveness: 3.0/10; sincerity: 5.0/10; intelligence: 5.0/10; being funny: 5.0/10; ambition: 5.0/10; shared interests: 3.0/10. Your importance weights are: attractiveness: 30.0; sincerity: 3.0; intelligence: 30.0; being funny: 30.0; ambition: 3.0; shared interests: 4.0. Would you leave your current partner for the new woman? Your answer must be (YES) or (NO) followed by your reason. You must FOLLOW THIS RULE! You MUST NOT SAY other words.,NO. The new woman scores significantly lower in the categories you value most (attractiveness; intelligence; and being funny); while your current partner is perfect in all aspects. The trade-off is not favorable.,523,550,543,0
Assume you are a 26-year-old man with career type ASIC Engineer; currently matched with a partner. Your current partner's scores (out of 10): attractiveness: 7.0/10; sincerity: 8.0/10; intelligence: 8.0/10; being funny: 9.0/10; ambition: 8.0/10; shared interests: 8.0/10. A new woman is courting you with scores: attractiveness: 7.0/10; sincerity: 8.0/10; intelligence: 8.0/10; being funny: 7.0/10; ambition: 8.0/10; shared interests: 9.0/10. Your importance weights are: attractiveness: 25.0; sincerity: 20.0; intelligence: 20.0; being funny: 20.0; ambition: 5.0; shared interests: 10.0. Would you leave your current partner for the new woman? Your answer must be (YES) or (NO) followed by your reason. You must FOLLOW THIS RULE! You MUST NOT SAY other words.,NO. The weighted scores are nearly identical (current partner: 7.55; new woman: 7.5); and the marginal gain in shared interests does not outweigh the loss in humor or justify leaving a stable relationship.,530,532,534,0
Assume you are a 29-year-old man with career type Finance; currently matched with a partner. Your current partner's scores (out of 10): attractiveness: 6.0/10; sincerity: 4.0/10; intelligence: 8.0/10; being funny: 10.0/10; ambition: 7.0/10; shared interests: 8.0/10. A new woman is courting you with scores: attractiveness: 7.0/10; sincerity: 8.0/10; intelligence: 9.0/10; being funny: 7.0/10; ambition: 8.0/10; shared interests: 5.0/10. Your importance weights are: attractiveness: 30.0; sincerity: 20.0; intelligence: 20.0; being funny: 20.0; ambition: 10.0; shared interests: 0.0. Would you leave your current partner for the new woman? Your answer must be (YES) or (NO) followed by your reason. You must FOLLOW THIS RULE! You MUST NOT SAY other words.,YES. The new woman scores higher in attractiveness; sincerity; intelligence; and ambition; which are weighted more heavily in your priorities; while sacrificing only slightly in humor and shared interests (which have lower or no weight for you).,522,536,539,1
Assume you are a 30-year-old man with career type Finance; currently matched with a partner. Your current partner's scores (out of 10): attractiveness: 7.0/10; sincerity: 6.0/10; intelligence: 5.0/10; being funny: 5.0/10; ambition: 5.0/10; shared interests: 4.0/10. A new woman is courting you with scores: attractiveness: 4.0/10; sincerity: 7.0/10; intelligence: 6.0/10; being funny: 3.0/10; ambition: 6.0/10; shared interests: 2.0/10. Your importance weights are: attractiveness: 30.0; sincerity: 3.0; intelligence: 30.0; being funny: 30.0; ambition: 3.0; shared interests: 4.0. Would you leave your current partner for the new woman? Your answer must be (YES) or (NO) followed by your reason. You must FOLLOW THIS RULE! You MUST NOT SAY other words.,NO. The new woman scores lower in attractiveness; being funny; and shared interests; which are your highest-weighted priorities (30.0; 30.0; and 4.0 respectively). Her higher scores in sincerity and ambition are less important to you (weights of 3.0 each). The overall weighted score does not justify leaving your current partner.,529,550,533,0
Assume you are a 23-year-old man with career type Entrepreneur; currently matched with a partner. Your current partner's scores (out of 10): attractiveness: 6.0/10; sincerity: 6.0/10; intelligence: 8.0/10; being funny: 9.0/10; ambition: 8.0/10; shared interests: 5.0/10. A new woman is courting you with scores: attractiveness: 4.0/10; sincerity: 9.0/10; intelligence: 8.0/10; being funny: 6.0/10; ambition: 7.0/10; shared interests: 5.0/10. Your importance weights are: attractiveness: 40.0; sincerity: 30.0; intelligence: 0.0; being funny: 20.0; ambition: 0.0; shared interests: 10.0. Would you leave your current partner for the new woman? Your answer must be (YES) or (NO) followed by your reason. You must FOLLOW THIS RULE! You MUST NOT SAY other words.,NO. The weighted score for your current partner (6.0*40 + 6.0*30 + 8.0*0 + 9.0*20 + 8.0*0 + 5.0*10 = 650) is higher than the new woman's weighted score (4.0*40 + 9.0*30 + 8.0*0 + 6.0*20 + 7.0*0 + 5.0*10 = 600).,527,541,538,0
Assume you are a 23-year-old man with career type Entrepreneur; currently matched with a partner. Your current partner's scores (out of 10): attractiveness: 9.0/10; sincerity: 7.0/10; intelligence: 8.0/10; being funny: 6.0/10; ambition: 7.0/10; shared interests: nan/10. A new woman is courting you with scores: attractiveness: 6.0/10; sincerity: 7.0/10; intelligence: 6.0/10; being funny: 8.0/10; ambition: 6.0/10; shared interests: 4.0/10. Your importance weights are: attractiveness: 40.0; sincerity: 30.0; intelligence: 0.0; being funny: 20.0; ambition: 0.0; shared interests: 10.0. Would you leave your current partner for the new woman? Your answer must be (YES) or (NO) followed by your reason. You must FOLLOW THIS RULE! You MUST NOT SAY other words.,NO. The current partner scores higher in attractiveness (40% weight) and matches in sincerity (30% weight); which are your top priorities. The new woman's advantages in being funny (20% weight) and shared interests (10% weight) do not outweigh these key factors.,518,541,548,0
Assume you are a 22-year-old man with career type Lawyer; currently matched with a partner. Your current partner's scores (out of 10): attractiveness: 4.0/10; sincerity: 3.0/10; intelligence: 9.0/10; being funny: 4.0/10; ambition: 9.0/10; shared interests: 5.0/10. A new woman is courting you with scores: attractiveness: 4.0/10; sincerity: 8.0/10; intelligence: 9.0/10; being funny: 9.0/10; ambition: 5.0/10; shared interests: 4.0/10. Your importance weights are: attractiveness: 30.0; sincerity: 10.0; intelligence: 20.0; being funny: 15.0; ambition: 15.0; shared interests: 10.0. Would you leave your current partner for the new woman? Your answer must be (YES) or (NO) followed by your reason. You must FOLLOW THIS RULE! You MUST NOT SAY other words.,NO. The weighted score for your current partner (4.0*30 + 3.0*10 + 9.0*20 + 4.0*15 + 9.0*15 + 5.0*10 = 650) is higher than the new woman's weighted score (4.0*30 + 8.0*10 + 9.0*20 + 9.0*15 + 5.0*15 + 4.0*10 = 620).,526,539,531,0
Assume you are a 26-year-old man with career type ASIC Engineer; currently matched with a partner. Your current partner's scores (out of 10): attractiveness: 7.0/10; sincerity: 8.0/10; intelligence: 9.0/10; being funny: 7.0/10; ambition: 4.0/10; shared interests: 4.0/10. A new woman is courting you with scores: attractiveness: 6.0/10; sincerity: 8.0/10; intelligence: 8.0/10; being funny: 8.0/10; ambition: 5.0/10; shared interests: 6.0/10. Your importance weights are: attractiveness: 25.0; sincerity: 20.0; intelligence: 20.0; being funny: 20.0; ambition: 5.0; shared interests: 10.0. Would you leave your current partner for the new woman? Your answer must be (YES) or (NO) followed by your reason. You must FOLLOW THIS RULE! You MUST NOT SAY other words.,NO. The weighted scores for your current partner (6.85) are slightly higher than the new woman's (6.80); and the differences in key areas (intelligence; sincerity) are marginal; while shared interests are only slightly better with the new woman.,514,532,544,0
Assume you are a 23-year-old man with career type To go into Finance; currently matched with a partner. Your current partner's scores (out of 10): attractiveness: 4.0/10; sincerity: 3.0/10; intelligence: 9.0/10; being funny: 4.0/10; ambition: 9.0/10; shared interests: 5.0/10. A new woman is courting you with scores: attractiveness: 4.0/10; sincerity: 5.0/10; intelligence: 7.0/10; being funny: 6.0/10; ambition: 4.0/10; shared interests: 3.0/10. Your importance weights are: attractiveness: 25.0; sincerity: 15.0; intelligence: 20.0; being funny: 20.0; ambition: 10.0; shared interests: 10.0. Would you leave your current partner for the new woman? Your answer must be (YES) or (NO) followed by your reason. You must FOLLOW THIS RULE! You MUST NOT SAY other words.,NO. The current partner scores higher in intelligence and ambition; which are important to you; and the overall weighted score is likely better despite lower scores in attractiveness and sincerity. The new woman does not offer a significant enough improvement in the areas you value most.,526,542,531,0
Assume you are a 23-year-old man with career type Entrepreneur; currently matched with a partner. Your current partner's scores (out of 10): attractiveness: 4.0/10; sincerity: 3.0/10; intelligence: 9.0/10; being funny: 4.0/10; ambition: 9.0/10; shared interests: 5.0/10. A new woman is courting you with scores: attractiveness: nan/10; sincerity: 7.0/10; intelligence: 8.0/10; being funny: 5.0/10; ambition: 6.0/10; shared interests: 6.0/10. Your importance weights are: attractiveness: 40.0; sincerity: 30.0; intelligence: 0.0; being funny: 20.0; ambition: 0.0; shared interests: 10.0. Would you leave your current partner for the new woman? Your answer must be (YES) or (NO) followed by your reason. You must FOLLOW THIS RULE! You MUST NOT SAY other words.,NO. The new woman's attractiveness score is missing (nan); which is your highest-weighted trait (40.0). Your current partner; despite lower scores in other areas; at least has a defined attractiveness score (4.0/10). Without knowing the new woman's attractiveness; the risk outweighs the potential benefits based on your priorities.,526,541,531,0
Assume you are a 26-year-old man with career type ASIC Engineer; currently matched with a partner. Your current partner's scores (out of 10): attractiveness: 6.0/10; sincerity: 5.0/10; intelligence: 8.0/10; being funny: 8.0/10; ambition: 8.0/10; shared interests: nan/10. A new woman is courting you with scores: attractiveness: 6.0/10; sincerity: 6.0/10; intelligence: 5.0/10; being funny: 6.0/10; ambition: 4.0/10; shared interests: 2.0/10. Your importance weights are: attractiveness: 25.0; sincerity: 20.0; intelligence: 20.0; being funny: 20.0; ambition: 5.0; shared interests: 10.0. Would you leave your current partner for the new woman? Your answer must be (YES) or (NO) followed by your reason. You must FOLLOW THIS RULE! You MUST NOT SAY other words.,NO. The current partner has higher weighted scores in sincerity; intelligence; being funny; and ambition; which align better with your importance weights. The new woman only slightly improves in sincerity and shared interests but falls short in other key areas.,515,532,537,0
Assume you are a 26-year-old man with career type ASIC Engineer; currently matched with a partner. Your current partner's scores (out of 10): attractiveness: 9.0/10; sincerity: 7.0/10; intelligence: 8.0/10; being funny: 6.0/10; ambition: 7.0/10; shared interests: nan/10. A new woman is courting you with scores: attractiveness: 8.0/10; sincerity: 8.0/10; intelligence: 7.0/10; being funny: 7.0/10; ambition: 7.0/10; shared interests: 5.0/10. Your importance weights are: attractiveness: 25.0; sincerity: 20.0; intelligence: 20.0; being funny: 20.0; ambition: 5.0; shared interests: 10.0. Would you leave your current partner for the new woman? Your answer must be (YES) or (NO) followed by your reason. You must FOLLOW THIS RULE! You MUST NOT SAY other words.,NO. The weighted score of your current partner (8.05) is higher than the new woman's (7.45); making your current match a better overall fit based on your importance weights.,518,532,548,0
Assume you are a 23-year-old man with career type To go into Finance; currently matched with a partner. Your current partner's scores (out of 10): attractiveness: 10.0/10; sincerity: 10.0/10; intelligence: 10.0/10; being funny: 10.0/10; ambition: 10.0/10; shared interests: 10.0/10. A new woman is courting you with scores: attractiveness: 1.0/10; sincerity: 2.0/10; intelligence: 4.0/10; being funny: 6.0/10; ambition: 5.0/10; shared interests: 6.0/10. Your importance weights are: attractiveness: 25.0; sincerity: 15.0; intelligence: 20.0; being funny: 20.0; ambition: 10.0; shared interests: 10.0. Would you leave your current partner for the new woman? Your answer must be (YES) or (NO) followed by your reason. You must FOLLOW THIS RULE! You MUST NOT SAY other words.,NO. The new woman scores significantly lower in all important categories (attractiveness; sincerity; intelligence; being funny) and does not outweigh the perfect scores of your current partner in every aspect.,523,542,543,0
Assume you are a 30-year-old man with career type Finance; currently matched with a partner. Your current partner's scores (out of 10): attractiveness: 7.0/10; sincerity: 8.0/10; intelligence: 8.0/10; being funny: 9.0/10; ambition: 8.0/10; shared interests: 8.0/10. A new woman is courting you with scores: attractiveness: 4.0/10; sincerity: 7.0/10; intelligence: 6.0/10; being funny: 3.0/10; ambition: 6.0/10; shared interests: 2.0/10. Your importance weights are: attractiveness: 30.0; sincerity: 3.0; intelligence: 30.0; being funny: 30.0; ambition: 3.0; shared interests: 4.0. Would you leave your current partner for the new woman? Your answer must be (YES) or (NO) followed by your reason. You must FOLLOW THIS RULE! You MUST NOT SAY other words.,NO. The new woman scores significantly lower in the categories you value most (attractiveness; intelligence; being funny); and the minimal gains in sincerity and ambition do not outweigh the substantial drop in your prioritized traits.,530,550,534,0
Assume you are a 22-year-old man with career type Lawyer; currently matched with a partner. Your current partner's scores (out of 10): attractiveness: 7.0/10; sincerity: 8.0/10; intelligence: 8.0/10; being funny: 9.0/10; ambition: 8.0/10; shared interests: 8.0/10. A new woman is courting you with scores: attractiveness: 4.0/10; sincerity: 10.0/10; intelligence: 10.0/10; being funny: 7.0/10; ambition: 9.0/10; shared interests: 3.0/10. Your importance weights are: attractiveness: 30.0; sincerity: 10.0; intelligence: 20.0; being funny: 15.0; ambition: 15.0; shared interests: 10.0. Would you leave your current partner for the new woman? Your answer must be (YES) or (NO) followed by your reason. You must FOLLOW THIS RULE! You MUST NOT SAY other words.,NO. The new woman's lower attractiveness (30.0 weight) and shared interests (10.0 weight) outweigh her higher sincerity; intelligence; and ambition; making the overall match less favorable compared to your current partner.,530,539,534,0
Assume you are a 23-year-old man with career type Entrepreneur; currently matched with a partner. Your current partner's scores (out of 10): attractiveness: 7.0/10; sincerity: 6.0/10; intelligence: 5.0/10; being funny: 5.0/10; ambition: 5.0/10; shared interests: 4.0/10. A new woman is courting you with scores: attractiveness: 3.0/10; sincerity: 8.0/10; intelligence: 8.0/10; being funny: 7.0/10; ambition: 8.0/10; shared interests: 8.0/10. Your importance weights are: attractiveness: 40.0; sincerity: 30.0; intelligence: 0.0; being funny: 20.0; ambition: 0.0; shared interests: 10.0. Would you leave your current partner for the new woman? Your answer must be (YES) or (NO) followed by your reason. You must FOLLOW THIS RULE! You MUST NOT SAY other words.,NO. The new woman scores lower in attractiveness (40.0 weight) and being funny (20.0 weight); which are your highest priorities; despite her higher scores in sincerity and shared interests. Your current partner better aligns with your weighted preferences.,529,541,533,0
Assume you are a 26-year-old man with career type ASIC Engineer; currently matched with a partner. Your current partner's scores (out of 10): attractiveness: 5.0/10; sincerity: 6.0/10; intelligence: 5.0/10; being funny: 5.0/10; ambition: 7.0/10; shared interests: 4.0/10. A new woman is courting you with scores: attractiveness: 8.0/10; sincerity: 8.0/10; intelligence: 8.0/10; being funny: 7.0/10; ambition: 8.0/10; shared interests: 5.0/10. Your importance weights are: attractiveness: 25.0; sincerity: 20.0; intelligence: 20.0; being funny: 20.0; ambition: 5.0; shared interests: 10.0. Would you leave your current partner for the new woman? Your answer must be (YES) or (NO) followed by your reason. You must FOLLOW THIS RULE! You MUST NOT SAY other words.,YES. The new woman scores significantly higher in attractiveness; sincerity; intelligence; and being funny; which are your most weighted criteria (25.0; 20.0; 20.0; 20.0 respectively); outweighing the marginal advantage in shared interests (4.0 vs. 5.0) and ambition (7.0 vs. 8.0); which are less important to you (10.0 and 5.0 weight). The overall compatibility improvement justifies the switch.,522,532,536,1
Assume you are a 22-year-old man with career type Lawyer; currently matched with a partner. Your current partner's scores (out of 10): attractiveness: 6.0/10; sincerity: 5.0/10; intelligence: 7.0/10; being funny: 8.0/10; ambition: 6.0/10; shared interests: 6.0/10. A new woman is courting you with scores: attractiveness: 4.0/10; sincerity: 8.0/10; intelligence: 10.0/10; being funny: 4.0/10; ambition: 10.0/10; shared interests: 3.0/10. Your importance weights are: attractiveness: 30.0; sincerity: 10.0; intelligence: 20.0; being funny: 15.0; ambition: 15.0; shared interests: 10.0. Would you leave your current partner for the new woman? Your answer must be (YES) or (NO) followed by your reason. You must FOLLOW THIS RULE! You MUST NOT SAY other words.,NO. The current partner has a higher weighted score (6.45) compared to the new woman (6.25) based on your importance weights.,511,539,551,0
Assume you are a 22-year-old man with career type Lawyer; currently matched with a partner. Your current partner's scores (out of 10): attractiveness: 7.0/10; sincerity: 8.0/10; intelligence: 9.0/10; being funny: 7.0/10; ambition: 4.0/10; shared interests: 4.0/10. A new woman is courting you with scores: attractiveness: 3.0/10; sincerity: 7.0/10; intelligence: 10.0/10; being funny: 8.0/10; ambition: 7.0/10; shared interests: 6.0/10. Your importance weights are: attractiveness: 30.0; sincerity: 10.0; intelligence: 20.0; being funny: 15.0; ambition: 15.0; shared interests: 10.0. Would you leave your current partner for the new woman? Your answer must be (YES) or (NO) followed by your reason. You must FOLLOW THIS RULE! You MUST NOT SAY other words.,NO. The current partner has a higher weighted score (6.95) compared to the new woman (6.55) based on your importance weights.,514,539,544,0
Assume you are a 23-year-old man with career type Entrepreneur; currently matched with a partner. Your current partner's scores (out of 10): attractiveness: 7.0/10; sincerity: 8.0/10; intelligence: 8.0/10; being funny: 9.0/10; ambition: 8.0/10; shared interests: 8.0/10. A new woman is courting you with scores: attractiveness: 4.0/10; sincerity: 8.0/10; intelligence: 8.0/10; being funny: 3.0/10; ambition: 7.0/10; shared interests: 5.0/10. Your importance weights are: attractiveness: 40.0; sincerity: 30.0; intelligence: 0.0; being funny: 20.0; ambition: 0.0; shared interests: 10.0. Would you leave your current partner for the new woman? Your answer must be (YES) or (NO) followed by your reason. You must FOLLOW THIS RULE! You MUST NOT SAY other words.,NO. The new woman scores significantly lower in attractiveness (40.0 weight) and being funny (20.0 weight); which are your highest priorities; outweighing her similar scores in sincerity and intelligence. Your current partner better aligns with your weighted preferences.,530,541,534,0
Assume you are a 23-year-old man with career type Entrepreneur; currently matched with a partner. Your current partner's scores (out of 10): attractiveness: 8.0/10; sincerity: 8.0/10; intelligence: 6.0/10; being funny: 7.0/10; ambition: 7.0/10; shared interests: 6.0/10. A new woman is courting you with scores: attractiveness: 2.0/10; sincerity: 3.0/10; intelligence: 7.0/10; being funny: 6.0/10; ambition: 5.0/10; shared interests: 5.0/10. Your importance weights are: attractiveness: 40.0; sincerity: 30.0; intelligence: 0.0; being funny: 20.0; ambition: 0.0; shared interests: 10.0. Would you leave your current partner for the new woman? Your answer must be (YES) or (NO) followed by your reason. You must FOLLOW THIS RULE! You MUST NOT SAY other words.,NO. The new woman scores significantly lower in attractiveness and sincerity; which are your highest-weighted priorities (40.0 and 30.0 respectively). Her other traits do not compensate for these shortcomings based on your importance weights.,525,541,549,0
Assume you are a 29-year-old man with career type Finance; currently matched with a partner. Your current partner's scores (out of 10): attractiveness: 6.0/10; sincerity: 6.0/10; intelligence: 8.0/10; being funny: 9.0/10; ambition: 8.0/10; shared interests: 5.0/10. A new woman is courting you with scores: attractiveness: 7.0/10; sincerity: 7.0/10; intelligence: 8.0/10; being funny: 4.0/10; ambition: 7.0/10; shared interests: 7.0/10. Your importance weights are: attractiveness: 30.0; sincerity: 20.0; intelligence: 20.0; being funny: 20.0; ambition: 10.0; shared interests: 0.0. Would you leave your current partner for the new woman? Your answer must be (YES) or (NO) followed by your reason. You must FOLLOW THIS RULE! You MUST NOT SAY other words.,NO. The weighted score for your current partner (6.0*30 + 6.0*20 + 8.0*20 + 9.0*20 + 8.0*10 + 5.0*0 = 720) is higher than the new woman's (7.0*30 + 7.0*20 + 8.0*20 + 4.0*20 + 7.0*10 + 7.0*0 = 680).,527,536,538,0
Assume you are a 29-year-old man with career type Finance; currently matched with a partner. Your current partner's scores (out of 10): attractiveness: 7.0/10; sincerity: 8.0/10; intelligence: 8.0/10; being funny: 9.0/10; ambition: 8.0/10; shared interests: 8.0/10. A new woman is courting you with scores: attractiveness: 4.0/10; sincerity: 9.0/10; intelligence: 8.0/10; being funny: 4.0/10; ambition: 8.0/10; shared interests: 4.0/10. Your importance weights are: attractiveness: 30.0; sincerity: 20.0; intelligence: 20.0; being funny: 20.0; ambition: 10.0; shared interests: 0.0. Would you leave your current partner for the new woman? Your answer must be (YES) or (NO) followed by your reason. You must FOLLOW THIS RULE! You MUST NOT SAY other words.,NO. The new woman scores significantly lower in attractiveness (4.0 vs. 7.0) and being funny (4.0 vs. 9.0); which are weighted heavily (30.0 and 20.0; respectively). Despite her higher sincerity (9.0 vs. 8.0); the overall weighted score favors the current partner.,530,536,534,0
Assume you are a 23-year-old man with career type To go into Finance; currently matched with a partner. Your current partner's scores (out of 10): attractiveness: 7.0/10; sincerity: 6.0/10; intelligence: 5.0/10; being funny: 5.0/10; ambition: 5.0/10; shared interests: 4.0/10. A new woman is courting you with scores: attractiveness: 1.0/10; sincerity: 6.0/10; intelligence: 5.0/10; being funny: 4.0/10; ambition: 3.0/10; shared interests: 5.0/10. Your importance weights are: attractiveness: 25.0; sincerity: 15.0; intelligence: 20.0; being funny: 20.0; ambition: 10.0; shared interests: 10.0. Would you leave your current partner for the new woman? Your answer must be (YES) or (NO) followed by your reason. You must FOLLOW THIS RULE! You MUST NOT SAY other words.,NO. The new woman's significantly lower attractiveness score (1.0 vs. 7.0) and similar or lower scores in other categories do not outweigh the current partner's strengths; especially given the high weight you place on attractiveness (25.0). The current partner also has higher weighted scores overall.,529,542,533,0
Assume you are a 22-year-old man with career type Lawyer; currently matched with a partner. Your current partner's scores (out of 10): attractiveness: 6.0/10; sincerity: 5.0/10; intelligence: 8.0/10; being funny: 8.0/10; ambition: 8.0/10; shared interests: nan/10. A new woman is courting you with scores: attractiveness: 8.0/10; sincerity: 5.0/10; intelligence: 8.0/10; being funny: 6.0/10; ambition: 5.0/10; shared interests: 7.0/10. Your importance weights are: attractiveness: 30.0; sincerity: 10.0; intelligence: 20.0; being funny: 15.0; ambition: 15.0; shared interests: 10.0. Would you leave your current partner for the new woman? Your answer must be (YES) or (NO) followed by your reason. You must FOLLOW THIS RULE! You MUST NOT SAY other words.,NO. The weighted score for your current partner (6.85) is slightly higher than the new woman's (6.75); and the differences in key areas like ambition and humor outweigh the gains in attractiveness and shared interests.,515,539,537,0
Assume you are a 29-year-old man with career type Finance; currently matched with a partner. Your current partner's scores (out of 10): attractiveness: 6.0/10; sincerity: 5.0/10; intelligence: 7.0/10; being funny: 8.0/10; ambition: 6.0/10; shared interests: 6.0/10. A new woman is courting you with scores: attractiveness: 9.0/10; sincerity: 7.0/10; intelligence: 8.0/10; being funny: 4.0/10; ambition: 8.0/10; shared interests: 3.0/10. Your importance weights are: attractiveness: 30.0; sincerity: 20.0; intelligence: 20.0; being funny: 20.0; ambition: 10.0; shared interests: 0.0. Would you leave your current partner for the new woman? Your answer must be (YES) or (NO) followed by your reason. You must FOLLOW THIS RULE! You MUST NOT SAY other words.,YES. The new woman scores higher in attractiveness; sincerity; intelligence; and ambition; which are weighted more heavily in your priorities; outweighing the lower scores in being funny and shared interests; which are less important to you.,511,536,551,1
Assume you are a 27-year-old man with career type Banking; currently matched with a partner. Your current partner's scores (out of 10): attractiveness: 7.0/10; sincerity: 8.0/10; intelligence: 9.0/10; being funny: 7.0/10; ambition: 4.0/10; shared interests: 4.0/10. A new woman is courting you with scores: attractiveness: 6.0/10; sincerity: 6.0/10; intelligence: 6.0/10; being funny: 8.0/10; ambition: 5.0/10; shared interests: 5.0/10. Your importance weights are: attractiveness: 40.0; sincerity: 20.0; intelligence: 20.0; being funny: 20.0; ambition: 0.0; shared interests: 0.0. Would you leave your current partner for the new woman? Your answer must be (YES) or (NO) followed by your reason. You must FOLLOW THIS RULE! You MUST NOT SAY other words.,NO. The current partner scores higher in attractiveness (40% weight); sincerity (20% weight); and intelligence (20% weight); which are your most important criteria. The new woman only scores slightly higher in being funny (20% weight); which does not outweigh the other factors. Ambition and shared interests have 0% weight; so they do not influence the decision.,514,551,544,0
Assume you are a 22-year-old man with career type Lawyer; currently matched with a partner. Your current partner's scores (out of 10): attractiveness: 7.0/10; sincerity: 7.0/10; intelligence: 7.0/10; being funny: 8.0/10; ambition: 7.0/10; shared interests: 8.0/10. A new woman is courting you with scores: attractiveness: 9.0/10; sincerity: 4.0/10; intelligence: 5.0/10; being funny: 7.0/10; ambition: 8.0/10; shared interests: 9.0/10. Your importance weights are: attractiveness: 30.0; sincerity: 10.0; intelligence: 20.0; being funny: 15.0; ambition: 15.0; shared interests: 10.0. Would you leave your current partner for the new woman? Your answer must be (YES) or (NO) followed by your reason. You must FOLLOW THIS RULE! You MUST NOT SAY other words.,NO. The weighted score of your current partner (7.0*30 + 7.0*10 + 7.0*20 + 8.0*15 + 7.0*15 + 8.0*10 = 725) is higher than the new woman's (9.0*30 + 4.0*10 + 5.0*20 + 7.0*15 + 8.0*15 + 9.0*10 = 695).,516,539,552,0
Assume you are a 22-year-old man with career type Lawyer; currently matched with a partner. Your current partner's scores (out of 10): attractiveness: 10.0/10; sincerity: 10.0/10; intelligence: 10.0/10; being funny: 10.0/10; ambition: 10.0/10; shared interests: 10.0/10. A new woman is courting you with scores: attractiveness: 4.0/10; sincerity: 10.0/10; intelligence: 10.0/10; being funny: 8.0/10; ambition: 7.0/10; shared interests: 6.0/10. Your importance weights are: attractiveness: 30.0; sincerity: 10.0; intelligence: 20.0; being funny: 15.0; ambition: 15.0; shared interests: 10.0. Would you leave your current partner for the new woman? Your answer must be (YES) or (NO) followed by your reason. You must FOLLOW THIS RULE! You MUST NOT SAY other words.,NO. The current partner scores significantly higher in attractiveness; ambition; and shared interests; which are highly weighted in your priorities; making them a better overall match despite the new woman's strengths in sincerity and intelligence.,523,539,543,0
Assume you are a 27-year-old man with career type Banking; currently matched with a partner. Your current partner's scores (out of 10): attractiveness: 9.0/10; sincerity: 9.0/10; intelligence: 9.0/10; being funny: 8.0/10; ambition: 8.0/10; shared interests: 8.0/10. A new woman is courting you with scores: attractiveness: 6.0/10; sincerity: 7.0/10; intelligence: 7.0/10; being funny: 6.0/10; ambition: 9.0/10; shared interests: 5.0/10. Your importance weights are: attractiveness: 40.0; sincerity: 20.0; intelligence: 20.0; being funny: 20.0; ambition: 0.0; shared interests: 0.0. Would you leave your current partner for the new woman? Your answer must be (YES) or (NO) followed by your reason. You must FOLLOW THIS RULE! You MUST NOT SAY other words.,NO. The new woman scores lower in all the attributes you value most (attractiveness; sincerity; intelligence; and being funny); which are weighted heavily in your preferences. Your current partner outperforms her significantly in these key areas.,524,551,547,0
Assume you are a 22-year-old man with career type Lawyer; currently matched with a partner. Your current partner's scores (out of 10): attractiveness: 9.0/10; sincerity: 9.0/10; intelligence: 9.0/10; being funny: 8.0/10; ambition: 8.0/10; shared interests: 8.0/10. A new woman is courting you with scores: attractiveness: 7.0/10; sincerity: 8.0/10; intelligence: 8.0/10; being funny: 9.0/10; ambition: 9.0/10; shared interests: 7.0/10. Your importance weights are: attractiveness: 30.0; sincerity: 10.0; intelligence: 20.0; being funny: 15.0; ambition: 15.0; shared interests: 10.0. Would you leave your current partner for the new woman? Your answer must be (YES) or (NO) followed by your reason. You must FOLLOW THIS RULE! You MUST NOT SAY other words.,NO. The weighted score for your current partner (8.95) is higher than the new woman's (7.85); making your current relationship more favorable based on your priorities.,524,539,547,0
Assume you are a 27-year-old man with career type Banking; currently matched with a partner. Your current partner's scores (out of 10): attractiveness: 4.0/10; sincerity: 3.0/10; intelligence: 9.0/10; being funny: 4.0/10; ambition: 9.0/10; shared interests: 5.0/10. A new woman is courting you with scores: attractiveness: 7.0/10; sincerity: 7.0/10; intelligence: 7.0/10; being funny: 7.0/10; ambition: 7.0/10; shared interests: 7.0/10. Your importance weights are: attractiveness: 40.0; sincerity: 20.0; intelligence: 20.0; being funny: 20.0; ambition: 0.0; shared interests: 0.0. Would you leave your current partner for the new woman? Your answer must be (YES) or (NO) followed by your reason. You must FOLLOW THIS RULE! You MUST NOT SAY other words.,YES. The new woman scores higher in attractiveness (40.0 weight); sincerity (20.0 weight); intelligence (20.0 weight); and being funny (20.0 weight); which are your prioritized traits; while ambition and shared interests (0.0 weight) are irrelevant to your decision.,526,551,531,1
Assume you are a 23-year-old man with career type To go into Finance; currently matched with a partner. Your current partner's scores (out of 10): attractiveness: 6.0/10; sincerity: 6.0/10; intelligence: 8.0/10; being funny: 9.0/10; ambition: 8.0/10; shared interests: 5.0/10. A new woman is courting you with scores: attractiveness: 1.0/10; sincerity: 7.0/10; intelligence: 6.0/10; being funny: 5.0/10; ambition: 2.0/10; shared interests: 2.0/10. Your importance weights are: attractiveness: 25.0; sincerity: 15.0; intelligence: 20.0; being funny: 20.0; ambition: 10.0; shared interests: 10.0. Would you leave your current partner for the new woman? Your answer must be (YES) or (NO) followed by your reason. You must FOLLOW THIS RULE! You MUST NOT SAY other words.,NO. The new woman scores significantly lower in attractiveness; ambition; and shared interests; which are important to you; and does not offer enough compensatory strengths in other areas to justify leaving your current partner.,527,542,538,0
Assume you are a 23-year-old man with career type To go into Finance; currently matched with a partner. Your current partner's scores (out of 10): attractiveness: 7.0/10; sincerity: 8.0/10; intelligence: 8.0/10; being funny: 9.0/10; ambition: 8.0/10; shared interests: 8.0/10. A new woman is courting you with scores: attractiveness: 1.0/10; sincerity: 7.0/10; intelligence: 8.0/10; being funny: 2.0/10; ambition: 3.0/10; shared interests: 4.0/10. Your importance weights are: attractiveness: 25.0; sincerity: 15.0; intelligence: 20.0; being funny: 20.0; ambition: 10.0; shared interests: 10.0. Would you leave your current partner for the new woman? Your answer must be (YES) or (NO) followed by your reason. You must FOLLOW THIS RULE! You MUST NOT SAY other words.,NO. The new woman scores significantly lower in attractiveness; being funny; ambition; and shared interests; which are highly weighted in your priorities. Your current partner outperforms her in almost all key areas.,530,542,534,0
Assume you are a 22-year-old man with career type Lawyer; currently matched with a partner. Your current partner's scores (out of 10): attractiveness: 8.0/10; sincerity: 8.0/10; intelligence: 6.0/10; being funny: 7.0/10; ambition: 7.0/10; shared interests: 6.0/10. A new woman is courting you with scores: attractiveness: 6.0/10; sincerity: 7.0/10; intelligence: 6.0/10; being funny: 7.0/10; ambition: 5.0/10; shared interests: 4.0/10. Your importance weights are: attractiveness: 30.0; sincerity: 10.0; intelligence: 20.0; being funny: 15.0; ambition: 15.0; shared interests: 10.0. Would you leave your current partner for the new woman? Your answer must be (YES) or (NO) followed by your reason. You must FOLLOW THIS RULE! You MUST NOT SAY other words.,NO. The new woman's weighted total score is lower than your current partner's (525 vs. 665). Your current partner outperforms her in attractiveness; ambition; and shared interests; which are important to you.,525,539,549,0
Assume you are a 25-year-old man with career type TEACHING; currently matched with a partner. Your current partner's scores (out of 10): attractiveness: 7.0/10; sincerity: 6.0/10; intelligence: 6.0/10; being funny: 7.0/10; ambition: 6.0/10; shared interests: 5.0/10. A new woman is courting you with scores: attractiveness: 5.0/10; sincerity: 10.0/10; intelligence: 10.0/10; being funny: 8.0/10; ambition: 10.0/10; shared interests: 5.0/10. Your importance weights are: attractiveness: 15.0; sincerity: 30.0; intelligence: 20.0; being funny: 20.0; ambition: 10.0; shared interests: 5.0. Would you leave your current partner for the new woman? Your answer must be (YES) or (NO) followed by your reason. You must FOLLOW THIS RULE! You MUST NOT SAY other words.,YES. The new woman scores significantly higher in sincerity; intelligence; and ambition; which are weighted heavily in your priorities (30.0; 20.0; and 10.0 respectively). While attractiveness and shared interests are lower; their lower weights (15.0 and 5.0) make the new woman a better overall match based on your values.,511,531,536,1
Assume you are a 29-year-old man with career type Finance; currently matched with a partner. Your current partner's scores (out of 10): attractiveness: 6.0/10; sincerity: 5.0/10; intelligence: 8.0/10; being funny: 8.0/10; ambition: 8.0/10; shared interests: nan/10. A new woman is courting you with scores: attractiveness: 8.0/10; sincerity: 6.0/10; intelligence: 6.0/10; being funny: 8.0/10; ambition: 7.0/10; shared interests: 3.0/10. Your importance weights are: attractiveness: 30.0; sincerity: 20.0; intelligence: 20.0; being funny: 20.0; ambition: 10.0; shared interests: 0.0. Would you leave your current partner for the new woman? Your answer must be (YES) or (NO) followed by your reason. You must FOLLOW THIS RULE! You MUST NOT SAY other words.,NO. The weighted score of your current partner (6.9) is higher than the new woman's (6.8); and shared interests (which you weight at 0) do not offset the difference.,515,536,537,0
Assume you are a 29-year-old man with career type Finance; currently matched with a partner. Your current partner's scores (out of 10): attractiveness: 9.0/10; sincerity: 7.0/10; intelligence: 8.0/10; being funny: 6.0/10; ambition: 7.0/10; shared interests: nan/10. A new woman is courting you with scores: attractiveness: 8.0/10; sincerity: 7.0/10; intelligence: 7.0/10; being funny: 7.0/10; ambition: 6.0/10; shared interests: 4.0/10. Your importance weights are: attractiveness: 30.0; sincerity: 20.0; intelligence: 20.0; being funny: 20.0; ambition: 10.0; shared interests: 0.0. Would you leave your current partner for the new woman? Your answer must be (YES) or (NO) followed by your reason. You must FOLLOW THIS RULE! You MUST NOT SAY other words.,NO. The weighted score of your current partner (8.3) is higher than the new woman's (7.3); and shared interests (which could be a tiebreaker) are not weighted in your priorities.,518,536,548,0
Assume you are a 22-year-old man with career type Lawyer; currently matched with a partner. Your current partner's scores (out of 10): attractiveness: 7.0/10; sincerity: 6.0/10; intelligence: 5.0/10; being funny: 5.0/10; ambition: 5.0/10; shared interests: 4.0/10. A new woman is courting you with scores: attractiveness: 7.0/10; sincerity: 8.0/10; intelligence: 9.0/10; being funny: 8.0/10; ambition: 7.0/10; shared interests: 5.0/10. Your importance weights are: attractiveness: 30.0; sincerity: 10.0; intelligence: 20.0; being funny: 15.0; ambition: 15.0; shared interests: 10.0. Would you leave your current partner for the new woman? Your answer must be (YES) or (NO) followed by your reason. You must FOLLOW THIS RULE! You MUST NOT SAY other words.,YES. The new woman scores higher in key weighted categories (intelligence; being funny; ambition; and sincerity); outweighing the marginal difference in shared interests and matching attractiveness. The overall compatibility improvement justifies the switch.,529,539,533,1
Assume you are a 29-year-old man with career type Finance; currently matched with a partner. Your current partner's scores (out of 10): attractiveness: 10.0/10; sincerity: 10.0/10; intelligence: 10.0/10; being funny: 10.0/10; ambition: 10.0/10; shared interests: 10.0/10. A new woman is courting you with scores: attractiveness: 4.0/10; sincerity: 8.0/10; intelligence: 7.0/10; being funny: 6.0/10; ambition: 6.0/10; shared interests: 3.0/10. Your importance weights are: attractiveness: 30.0; sincerity: 20.0; intelligence: 20.0; being funny: 20.0; ambition: 10.0; shared interests: 0.0. Would you leave your current partner for the new woman? Your answer must be (YES) or (NO) followed by your reason. You must FOLLOW THIS RULE! You MUST NOT SAY other words.,NO. Your current partner scores perfectly in all categories that matter to you; while the new woman scores significantly lower in attractiveness (your highest priority) and lacks shared interests (though you weight this as 0). The new woman does not offer any compelling advantage over your existing partner.,523,536,543,0
Assume you are a 29-year-old man with career type Finance; currently matched with a partner. Your current partner's scores (out of 10): attractiveness: 8.0/10; sincerity: 8.0/10; intelligence: 6.0/10; being funny: 7.0/10; ambition: 7.0/10; shared interests: 6.0/10. A new woman is courting you with scores: attractiveness: 5.0/10; sincerity: 8.0/10; intelligence: 6.0/10; being funny: 6.0/10; ambition: 7.0/10; shared interests: 3.0/10. Your importance weights are: attractiveness: 30.0; sincerity: 20.0; intelligence: 20.0; being funny: 20.0; ambition: 10.0; shared interests: 0.0. Would you leave your current partner for the new woman? Your answer must be (YES) or (NO) followed by your reason. You must FOLLOW THIS RULE! You MUST NOT SAY other words.,NO. The new woman has lower scores in attractiveness; being funny; and shared interests; which are important to you based on your weights. The current partner has higher overall compatibility.,525,536,549,0
Assume you are a 29-year-old man with career type Finance; currently matched with a partner. Your current partner's scores (out of 10): attractiveness: 10.0/10; sincerity: 5.0/10; intelligence: 8.0/10; being funny: 6.0/10; ambition: 9.0/10; shared interests: 8.0/10. A new woman is courting you with scores: attractiveness: 4.0/10; sincerity: 8.0/10; intelligence: 4.0/10; being funny: 5.0/10; ambition: 5.0/10; shared interests: 3.0/10. Your importance weights are: attractiveness: 30.0; sincerity: 20.0; intelligence: 20.0; being funny: 20.0; ambition: 10.0; shared interests: 0.0. Would you leave your current partner for the new woman? Your answer must be (YES) or (NO) followed by your reason. You must FOLLOW THIS RULE! You MUST NOT SAY other words.,NO. The current partner has a higher weighted score (8.5) compared to the new woman (5.3); based on your importance weights.,526,536,551,0
Assume you are a 29-year-old man with career type Finance; currently matched with a partner. Your current partner's scores (out of 10): attractiveness: 7.0/10; sincerity: 8.0/10; intelligence: 9.0/10; being funny: 7.0/10; ambition: 4.0/10; shared interests: 4.0/10. A new woman is courting you with scores: attractiveness: 2.0/10; sincerity: 5.0/10; intelligence: 4.0/10; being funny: 1.0/10; ambition: 4.0/10; shared interests: 2.0/10. Your importance weights are: attractiveness: 30.0; sincerity: 20.0; intelligence: 20.0; being funny: 20.0; ambition: 10.0; shared interests: 0.0. Would you leave your current partner for the new woman? Your answer must be (YES) or (NO) followed by your reason. You must FOLLOW THIS RULE! You MUST NOT SAY other words.,NO. The new woman scores significantly lower in nearly all categories that are important to you (attractiveness; sincerity; intelligence; being funny); and your current partner outperforms her in every weighted aspect except ambition (which is equally low for both). The trade-off is not favorable.,514,536,544,0
Assume you are a 26-year-old man with career type Academic/ Finance; currently matched with a partner. Your current partner's scores (out of 10): attractiveness: 7.0/10; sincerity: 8.0/10; intelligence: 8.0/10; being funny: 9.0/10; ambition: 8.0/10; shared interests: 8.0/10. A new woman is courting you with scores: attractiveness: 4.0/10; sincerity: 10.0/10; intelligence: 9.0/10; being funny: 5.0/10; ambition: nan/10; shared interests: 2.0/10. Your importance weights are: attractiveness: 25.0; sincerity: 25.0; intelligence: 25.0; being funny: 13.0; ambition: 12.0; shared interests: 0.0. Would you leave your current partner for the new woman? Your answer must be (YES) or (NO) followed by your reason. You must FOLLOW THIS RULE! You MUST NOT SAY other words.,NO. The new woman scores significantly lower in attractiveness; being funny; and shared interests; while her higher sincerity and intelligence do not outweigh these drawbacks given your importance weights. Ambition is unknown; and shared interests carry no weight for you. Your current partner offers a more balanced and appealing profile overall.,530,533,534,0
Assume you are a 26-year-old man with career type Academic/ Finance; currently matched with a partner. Your current partner's scores (out of 10): attractiveness: 6.0/10; sincerity: 5.0/10; intelligence: 7.0/10; being funny: 7.0/10; ambition: 5.0/10; shared interests: 6.0/10. A new woman is courting you with scores: attractiveness: 6.0/10; sincerity: 8.0/10; intelligence: 8.0/10; being funny: 5.0/10; ambition: nan/10; shared interests: 5.0/10. Your importance weights are: attractiveness: 25.0; sincerity: 25.0; intelligence: 25.0; being funny: 13.0; ambition: 12.0; shared interests: 0.0. Would you leave your current partner for the new woman? Your answer must be (YES) or (NO) followed by your reason. You must FOLLOW THIS RULE! You MUST NOT SAY other words.,YES. The new woman scores higher in sincerity and intelligence; which are your top-weighted traits (25.0 each); while other scores are comparable or less critical based on your importance weights.,511,533,531,1
Assume you are a 25-year-old man with career type TEACHING; currently matched with a partner. Your current partner's scores (out of 10): attractiveness: 7.0/10; sincerity: 8.0/10; intelligence: 9.0/10; being funny: 7.0/10; ambition: 4.0/10; shared interests: 4.0/10. A new woman is courting you with scores: attractiveness: 5.0/10; sincerity: 10.0/10; intelligence: 10.0/10; being funny: 8.0/10; ambition: 10.0/10; shared interests: 5.0/10. Your importance weights are: attractiveness: 15.0; sincerity: 30.0; intelligence: 20.0; being funny: 20.0; ambition: 10.0; shared interests: 5.0. Would you leave your current partner for the new woman? Your answer must be (YES) or (NO) followed by your reason. You must FOLLOW THIS RULE! You MUST NOT SAY other words.,NO. The current partner has a higher weighted score (7.0*15 + 8.0*30 + 9.0*20 + 7.0*20 + 4.0*10 + 4.0*5 = 755) compared to the new woman (5.0*15 + 10.0*30 + 10.0*20 + 8.0*20 + 10.0*10 + 5.0*5 = 745); aligning better with your importance weights.,514,531,544,0
Assume you are a 25-year-old man with career type TEACHING; currently matched with a partner. Your current partner's scores (out of 10): attractiveness: 7.0/10; sincerity: 7.0/10; intelligence: 7.0/10; being funny: 8.0/10; ambition: 7.0/10; shared interests: 8.0/10. A new woman is courting you with scores: attractiveness: 10.0/10; sincerity: 8.0/10; intelligence: 10.0/10; being funny: 10.0/10; ambition: 10.0/10; shared interests: 5.0/10. Your importance weights are: attractiveness: 15.0; sincerity: 30.0; intelligence: 20.0; being funny: 20.0; ambition: 10.0; shared interests: 5.0. Would you leave your current partner for the new woman? Your answer must be (YES) or (NO) followed by your reason. You must FOLLOW THIS RULE! You MUST NOT SAY other words.,NO. The current partner has higher weighted scores overall (7.45 vs. 7.25) due to stronger alignment in sincerity and shared interests; which are more important to you.,516,531,552,0
Assume you are a 25-year-old man with career type TEACHING; currently matched with a partner. Your current partner's scores (out of 10): attractiveness: 9.0/10; sincerity: 9.0/10; intelligence: 9.0/10; being funny: 8.0/10; ambition: 8.0/10; shared interests: 8.0/10. A new woman is courting you with scores: attractiveness: 5.0/10; sincerity: 10.0/10; intelligence: 10.0/10; being funny: 10.0/10; ambition: 10.0/10; shared interests: 3.0/10. Your importance weights are: attractiveness: 15.0; sincerity: 30.0; intelligence: 20.0; being funny: 20.0; ambition: 10.0; shared interests: 5.0. Would you leave your current partner for the new woman? Your answer must be (YES) or (NO) followed by your reason. You must FOLLOW THIS RULE! You MUST NOT SAY other words.,NO. The weighted score of your current partner (8.65) is higher than the new woman's (8.35); and the new woman lacks shared interests; which could impact long-term compatibility despite her other high scores.,524,531,547,0
Assume you are a 25-year-old man with career type TEACHING; currently matched with a partner. Your current partner's scores (out of 10): attractiveness: 5.0/10; sincerity: 6.0/10; intelligence: 7.0/10; being funny: 6.0/10; ambition: 5.0/10; shared interests: nan/10. A new woman is courting you with scores: attractiveness: 5.0/10; sincerity: 10.0/10; intelligence: 10.0/10; being funny: 5.0/10; ambition: 10.0/10; shared interests: 8.0/10. Your importance weights are: attractiveness: 15.0; sincerity: 30.0; intelligence: 20.0; being funny: 20.0; ambition: 10.0; shared interests: 5.0. Would you leave your current partner for the new woman? Your answer must be (YES) or (NO) followed by your reason. You must FOLLOW THIS RULE! You MUST NOT SAY other words.,YES. The new woman scores significantly higher in sincerity; intelligence; ambition; and shared interests; which are highly weighted in your priorities; outweighing the slight trade-offs in attractiveness and humor.,529,531,539,1
Assume you are a 22-year-old man with career type Lawyer; currently matched with a partner. Your current partner's scores (out of 10): attractiveness: 9.0/10; sincerity: 7.0/10; intelligence: 8.0/10; being funny: 6.0/10; ambition: 7.0/10; shared interests: nan/10. A new woman is courting you with scores: attractiveness: 7.0/10; sincerity: 8.0/10; intelligence: 5.0/10; being funny: 7.0/10; ambition: 8.0/10; shared interests: 3.0/10. Your importance weights are: attractiveness: 30.0; sincerity: 10.0; intelligence: 20.0; being funny: 15.0; ambition: 15.0; shared interests: 10.0. Would you leave your current partner for the new woman? Your answer must be (YES) or (NO) followed by your reason. You must FOLLOW THIS RULE! You MUST NOT SAY other words.,NO. The current partner has higher weighted scores (7.55) compared to the new woman (6.45) based on your importance weights.,518,539,548,0
Assume you are a 22-year-old man with career type Lawyer; currently matched with a partner. Your current partner's scores (out of 10): attractiveness: 6.0/10; sincerity: 6.0/10; intelligence: 8.0/10; being funny: 9.0/10; ambition: 8.0/10; shared interests: 5.0/10. A new woman is courting you with scores: attractiveness: 5.0/10; sincerity: 7.0/10; intelligence: 8.0/10; being funny: 8.0/10; ambition: 8.0/10; shared interests: 5.0/10. Your importance weights are: attractiveness: 30.0; sincerity: 10.0; intelligence: 20.0; being funny: 15.0; ambition: 15.0; shared interests: 10.0. Would you leave your current partner for the new woman? Your answer must be (YES) or (NO) followed by your reason. You must FOLLOW THIS RULE! You MUST NOT SAY other words.,NO. The new woman's overall weighted score (6.45) is slightly lower than your current partner's (6.65); primarily due to the higher importance of attractiveness (30.0); where your current partner scores better.,527,539,538,0
