Assume you are a 27-year-old single man; and there is a 25-year-old woman who is courting you. Your career type is Investment Banking. You evaluated her on six dimensions with scores out of 10. These are attractiveness: 7.0/10; sincerity: 6.0/10; intelligence: 7.0/10; being funny: 7.0/10; ambition: 6.0/10; shared interests: 5.0/10. Your importance weights for these attributes are: attractiveness: 15.56; sincerity: 17.78; intelligence: 17.78; being funny: 17.78; ambition: 17.78; shared interests: 13.33. Would you be willing to date this woman? And also tell me the reason. Your answer must be (YES) or (NO) followed by your reason. You must FOLLOW THIS RULE! You MUST NOT SAY other words.,NO. The weighted average score (6.44) is below the threshold for your importance weights; particularly due to lower scores in sincerity; ambition; and shared interests; which are highly weighted for you.,200,221,,0
Assume you are a 24-year-old single man; and there is a 27-year-old woman who is courting you. Your career type is professor. You evaluated her on six dimensions with scores out of 10. These are attractiveness: 6.0/10; sincerity: 6.0/10; intelligence: 6.0/10; being funny: 7.0/10; ambition: 6.0/10; shared interests: 5.0/10. Your importance weights for these attributes are: attractiveness: 13.51; sincerity: 18.92; intelligence: 21.62; being funny: 13.51; ambition: 13.51; shared interests: 18.92. Would you be willing to date this woman? And also tell me the reason. Your answer must be (YES) or (NO) followed by your reason. You must FOLLOW THIS RULE! You MUST NOT SAY other words.,NO - The weighted average score (6.0*13.51 + 6.0*18.92 + 6.0*21.62 + 7.0*13.51 + 6.0*13.51 + 5.0*18.92) / (13.51+18.92+21.62+13.51+13.51+18.92) = ~5.9/10 is below your likely threshold for dating; especially with low shared interests (5.0) and moderate scores in higher-weighted traits like intelligence (6.0).,195,228,,0
Assume you are a 42-year-old single man; and there is a 27-year-old woman who is courting you. Your career type is consulting. You evaluated her on six dimensions with scores out of 10. These are attractiveness: 8.0/10; sincerity: 7.0/10; intelligence: 7.0/10; being funny: 7.0/10; ambition: 6.0/10; shared interests: 5.0/10. Your importance weights for these attributes are: attractiveness: 23.81; sincerity: 23.81; intelligence: 23.81; being funny: 23.81; ambition: 2.38; shared interests: 2.38. Would you be willing to date this woman? And also tell me the reason. Your answer must be (YES) or (NO) followed by your reason. You must FOLLOW THIS RULE! You MUST NOT SAY other words.,YES. The weighted scores for attractiveness; sincerity; intelligence; and being funny are high (all above 7.0); which are your most important criteria (23.81% each). The lower scores in ambition and shared interests (weighted only 2.38% each) have minimal impact on your overall decision.,195,230,,1
Assume you are a 26-year-old single woman; and there is a 26-year-old man who is courting you. Your career type is marketing / brand management. You evaluated him on six dimensions with scores out of 10. These are attractiveness: 9.0/10; sincerity: 8.0/10; intelligence: 10.0/10; being funny: 8.0/10; ambition: 10.0/10; shared interests: 7.0/10. Your importance weights for these attributes are: attractiveness: 19.61; sincerity: 15.69; intelligence: 17.65; being funny: 15.69; ambition: 17.65; shared interests: 13.73. Would you be willing to date this man? And also tell me the reason. Your answer must be (YES) or (NO) followed by your reason. You must FOLLOW THIS RULE! You MUST NOT SAY other words.,(YES) His high scores in attractiveness; intelligence; and ambition—which are your most weighted attributes—outweigh the slightly lower score in shared interests. His overall profile aligns well with your priorities.,217,204,,1
Assume you are a 23-year-old single man; and there is a 30-year-old woman who is courting you. Your career type is Entertainment/Sports. You evaluated her on six dimensions with scores out of 10. These are attractiveness: 7.0/10; sincerity: 6.0/10; intelligence: 6.0/10; being funny: 7.0/10; ambition: 6.0/10; shared interests: 7.0/10. Your importance weights for these attributes are: attractiveness: 25.64; sincerity: 17.95; intelligence: 15.38; being funny: 20.51; ambition: 10.26; shared interests: 10.26. Would you be willing to date this woman? And also tell me the reason. Your answer must be (YES) or (NO) followed by your reason. You must FOLLOW THIS RULE! You MUST NOT SAY other words.,YES - Her scores in attractiveness; being funny; and shared interests align well with your higher-weighted priorities; making her a compatible match despite the age difference.,199,226,,1
Assume you are a 23-year-old single man; and there is a 22-year-old woman who is courting you. Your career type is Research Scientist. You evaluated her on six dimensions with scores out of 10. These are attractiveness: 9.0/10; sincerity: 8.0/10; intelligence: 9.0/10; being funny: 9.0/10; ambition: 9.0/10; shared interests: 6.0/10. Your importance weights for these attributes are: attractiveness: 17.02; sincerity: 21.28; intelligence: 17.02; being funny: 21.28; ambition: 14.89; shared interests: 8.51. Would you be willing to date this woman? And also tell me the reason. Your answer must be (YES) or (NO) followed by your reason. You must FOLLOW THIS RULE! You MUST NOT SAY other words.,YES. Her high scores in sincerity; intelligence; being funny; and ambition align well with your weighted priorities; outweighing the lower score in shared interests.,202,214,,1
Assume you are a 25-year-old woman with career type International Development; currently matched with a partner. Your current partner's scores (out of 10): attractiveness: 9.0/10; sincerity: 8.0/10; intelligence: 9.0/10; being funny: 9.0/10; ambition: 9.0/10; shared interests: 6.0/10. A new man is courting you with scores: attractiveness: 7.0/10; sincerity: 10.0/10; intelligence: 10.0/10; being funny: 7.0/10; ambition: 9.0/10; shared interests: nan/10. Your importance weights are: attractiveness: 13.21; sincerity: 18.87; intelligence: 18.87; being funny: 16.98; ambition: 16.98; shared interests: 15.09. Would you leave your current partner for the new man? Your answer must be (YES) or (NO) followed by your reason. You must FOLLOW THIS RULE! You MUST NOT SAY other words.,NO. The new man has higher sincerity and intelligence; but lower attractiveness and humor; and unknown shared interests; which are important to you. The current partner's overall weighted score likely remains higher.,214,200,202,0
Assume you are a 24-year-old single woman; and there is a 26-year-old man who is courting you. Your career type is Psychologist. You evaluated him on six dimensions with scores out of 10. These are attractiveness: 9.0/10; sincerity: 9.0/10; intelligence: 9.0/10; being funny: 9.0/10; ambition: 9.0/10; shared interests: 7.0/10. Your importance weights for these attributes are: attractiveness: 16.0; sincerity: 16.0; intelligence: 20.0; being funny: 16.0; ambition: 18.0; shared interests: 14.0. Would you be willing to date this man? And also tell me the reason. Your answer must be (YES) or (NO) followed by your reason. You must FOLLOW THIS RULE! You MUST NOT SAY other words.,(YES) The weighted scores across all dimensions are exceptionally high (8.8/10 average); with strengths in sincerity; intelligence; and ambition—key traits for a psychologist. The slightly lower shared interests (7.0) are outweighed by his other outstanding qualities.,215,194,,1
Assume you are a 25-year-old woman with career type International Business; currently matched with a partner. Your current partner's scores (out of 10): attractiveness: 3.0/10; sincerity: 4.0/10; intelligence: 4.0/10; being funny: 3.0/10; ambition: 3.0/10; shared interests: 4.0/10. A new man is courting you with scores: attractiveness: 6.0/10; sincerity: 9.0/10; intelligence: 9.0/10; being funny: 7.0/10; ambition: 9.0/10; shared interests: 6.0/10. Your importance weights are: attractiveness: 15.52; sincerity: 17.24; intelligence: 17.24; being funny: 17.24; ambition: 17.24; shared interests: 15.52. Would you leave your current partner for the new man? Your answer must be (YES) or (NO) followed by your reason. You must FOLLOW THIS RULE! You MUST NOT SAY other words.,YES. The new man scores significantly higher in sincerity; intelligence; being funny; and ambition—traits you highly value—while also being more attractive and having reasonable shared interests. The current partner's low scores in key areas make the new man a much better match overall.,215,213,194,1
Assume you are a 28-year-old man with career type CEO in For Profit Biomedical Organization; currently matched with a partner. Your current partner's scores (out of 10): attractiveness: 6.0/10; sincerity: 7.0/10; intelligence: 6.0/10; being funny: 6.0/10; ambition: 6.0/10; shared interests: 5.0/10. A new woman is courting you with scores: attractiveness: 8.0/10; sincerity: 9.0/10; intelligence: 7.0/10; being funny: 9.0/10; ambition: 5.0/10; shared interests: 5.0/10. Your importance weights are: attractiveness: 21.43; sincerity: 16.67; intelligence: 21.43; being funny: 16.67; ambition: 11.9; shared interests: 11.9. Would you leave your current partner for the new woman? Your answer must be (YES) or (NO) followed by your reason. You must FOLLOW THIS RULE! You MUST NOT SAY other words.,YES. The new woman scores higher in attractiveness; sincerity; intelligence; and being funny; which are your most weighted criteria; outweighing the slight drop in ambition and equal shared interests.,195,229,230,1
Assume you are a 28-year-old single man; and there is a 22-year-old woman who is courting you. Your career type is History Professor. You evaluated her on six dimensions with scores out of 10. These are attractiveness: 9.0/10; sincerity: 9.0/10; intelligence: 9.0/10; being funny: 8.0/10; ambition: 8.0/10; shared interests: 7.0/10. Your importance weights for these attributes are: attractiveness: 17.39; sincerity: 17.39; intelligence: 19.57; being funny: 19.57; ambition: 10.87; shared interests: 15.22. Would you be willing to date this woman? And also tell me the reason. Your answer must be (YES) or (NO) followed by your reason. You must FOLLOW THIS RULE! You MUST NOT SAY other words.,(YES) The high scores in attractiveness; sincerity; intelligence; and being funny—which are your most weighted attributes—outweigh the slightly lower scores in ambition and shared interests. The overall compatibility is strong.,203,223,,1
Assume you are a 32-year-old single man; and there is a 24-year-old woman who is courting you. Your career type is Hero. You evaluated her on six dimensions with scores out of 10. These are attractiveness: 5.0/10; sincerity: 8.0/10; intelligence: 7.0/10; being funny: 7.0/10; ambition: 6.0/10; shared interests: 7.0/10. Your importance weights for these attributes are: attractiveness: 17.24; sincerity: 17.24; intelligence: 17.24; being funny: 17.24; ambition: 13.79; shared interests: 17.24. Would you be willing to date this woman? And also tell me the reason. Your answer must be (YES) or (NO) followed by your reason. You must FOLLOW THIS RULE! You MUST NOT SAY other words.,YES - The weighted average score (6.72/10) meets a reasonable threshold for compatibility; with strengths in sincerity; intelligence; humor; and shared interests outweighing moderate attractiveness. The age gap is acceptable given adulthood.,194,224,,1
Assume you are a 23-year-old woman with career type investment banking; currently matched with a partner. Your current partner's scores (out of 10): attractiveness: 8.0/10; sincerity: 9.0/10; intelligence: 7.0/10; being funny: 9.0/10; ambition: 5.0/10; shared interests: 5.0/10. A new man is courting you with scores: attractiveness: 6.0/10; sincerity: 6.0/10; intelligence: 8.0/10; being funny: 6.0/10; ambition: 6.0/10; shared interests: 5.0/10. Your importance weights are: attractiveness: 15.38; sincerity: 19.23; intelligence: 17.31; being funny: 19.23; ambition: 9.62; shared interests: 19.23. Would you leave your current partner for the new man? Your answer must be (YES) or (NO) followed by your reason. You must FOLLOW THIS RULE! You MUST NOT SAY other words.,NO. The current partner scores higher in key weighted categories (sincerity; being funny; shared interests) and overall compatibility outweighs the new man's marginally better intelligence and ambition.,229,198,195,0
Assume you are a 24-year-old single man; and there is a 31-year-old woman who is courting you. Your career type is professor. You evaluated her on six dimensions with scores out of 10. These are attractiveness: 7.0/10; sincerity: 7.0/10; intelligence: 7.0/10; being funny: 7.0/10; ambition: 7.0/10; shared interests: 5.0/10. Your importance weights for these attributes are: attractiveness: 13.51; sincerity: 18.92; intelligence: 21.62; being funny: 13.51; ambition: 13.51; shared interests: 18.92. Would you be willing to date this woman? And also tell me the reason. Your answer must be (YES) or (NO) followed by your reason. You must FOLLOW THIS RULE! You MUST NOT SAY other words.,NO - The weighted score (5.0/10) for shared interests; which has a high importance weight (18.92); is too low to justify dating her despite decent scores in other categories.,206,228,,0
Assume you are a 23-year-old woman with career type investment banking; currently matched with a partner. Your current partner's scores (out of 10): attractiveness: 4.0/10; sincerity: 8.0/10; intelligence: 4.0/10; being funny: 5.0/10; ambition: 4.0/10; shared interests: 6.0/10. A new man is courting you with scores: attractiveness: 4.0/10; sincerity: 5.0/10; intelligence: 5.0/10; being funny: 6.0/10; ambition: 6.0/10; shared interests: 5.0/10. Your importance weights are: attractiveness: 15.38; sincerity: 19.23; intelligence: 17.31; being funny: 19.23; ambition: 9.62; shared interests: 19.23. Would you leave your current partner for the new man? Your answer must be (YES) or (NO) followed by your reason. You must FOLLOW THIS RULE! You MUST NOT SAY other words.,NO. The current partner scores higher in sincerity (8.0 vs. 5.0) and shared interests (6.0 vs. 5.0); which are your top-weighted traits (19.23 each). The new man does not offer enough improvement in other areas to outweigh these key differences.,215,198,213,0
Assume you are a 26-year-old single man; and there is a 24-year-old woman who is courting you. Your career type is corporate finance. You evaluated her on six dimensions with scores out of 10. These are attractiveness: 7.0/10; sincerity: 7.0/10; intelligence: 7.0/10; being funny: 7.0/10; ambition: 7.0/10; shared interests: 7.0/10. Your importance weights for these attributes are: attractiveness: 20.0; sincerity: 16.0; intelligence: 18.0; being funny: 16.0; ambition: 16.0; shared interests: 14.0. Would you be willing to date this woman? And also tell me the reason. Your answer must be (YES) or (NO) followed by your reason. You must FOLLOW THIS RULE! You MUST NOT SAY other words.,YES. The weighted average score is 7.0 across all dimensions; which meets your criteria; and no major red flags are present.,197,227,,1
Assume you are a 23-year-old woman with career type IP Law; currently matched with a partner. Your current partner's scores (out of 10): attractiveness: 7.0/10; sincerity: 6.0/10; intelligence: 6.0/10; being funny: 7.0/10; ambition: 6.0/10; shared interests: 7.0/10. A new man is courting you with scores: attractiveness: 10.0/10; sincerity: 9.0/10; intelligence: 9.0/10; being funny: 10.0/10; ambition: 10.0/10; shared interests: 10.0/10. Your importance weights are: attractiveness: 17.31; sincerity: 13.46; intelligence: 17.31; being funny: 19.23; ambition: 19.23; shared interests: 13.46. Would you leave your current partner for the new man? Your answer must be (YES) or (NO) followed by your reason. You must FOLLOW THIS RULE! You MUST NOT SAY other words.,YES. The new man significantly outperforms the current partner in all weighted categories; especially in ambition; being funny; and intelligence; which are the most important to you.,226,207,199,1
Assume you are a 27-year-old man with career type Investment Banking; currently matched with a partner. Your current partner's scores (out of 10): attractiveness: 5.0/10; sincerity: 8.0/10; intelligence: 8.0/10; being funny: 7.0/10; ambition: 9.0/10; shared interests: nan/10. A new woman is courting you with scores: attractiveness: 6.0/10; sincerity: 7.0/10; intelligence: 9.0/10; being funny: 6.0/10; ambition: 6.0/10; shared interests: 3.0/10. Your importance weights are: attractiveness: 15.56; sincerity: 17.78; intelligence: 17.78; being funny: 17.78; ambition: 17.78; shared interests: 13.33. Would you leave your current partner for the new woman? Your answer must be (YES) or (NO) followed by your reason. You must FOLLOW THIS RULE! You MUST NOT SAY other words.,NO Your current partner scores higher in sincerity; being funny; and ambition; which are weighted more heavily in your priorities; despite the new woman's slightly higher attractiveness and intelligence. The lack of shared interests with the new woman (3.0/10) is also a significant drawback.,203,221,223,0
Assume you are a 27-year-old single man; and there is a 31-year-old woman who is courting you. Your career type is Investment Banking. You evaluated her on six dimensions with scores out of 10. These are attractiveness: 6.0/10; sincerity: 6.0/10; intelligence: 7.0/10; being funny: 7.0/10; ambition: 7.0/10; shared interests: 5.0/10. Your importance weights for these attributes are: attractiveness: 15.56; sincerity: 17.78; intelligence: 17.78; being funny: 17.78; ambition: 17.78; shared interests: 13.33. Would you be willing to date this woman? And also tell me the reason. Your answer must be (YES) or (NO) followed by your reason. You must FOLLOW THIS RULE! You MUST NOT SAY other words.,NO - The weighted average score (6.42) is below a strong match; with lower scores in sincerity and shared interests; which are important to you.,206,221,,0
Assume you are a 25-year-old single man; and there is a 25-year-old woman who is courting you. Your career type is Poet; Writer; Singer; Policy Maker with the UN and/or Indian Govt.. You evaluated her on six dimensions with scores out of 10. These are attractiveness: 10.0/10; sincerity: 10.0/10; intelligence: 10.0/10; being funny: 9.0/10; ambition: 9.0/10; shared interests: 10.0/10. Your importance weights for these attributes are: attractiveness: 16.67; sincerity: 16.67; intelligence: 16.67; being funny: 16.67; ambition: 14.81; shared interests: 18.52. Would you be willing to date this woman? And also tell me the reason. Your answer must be (YES) or (NO) followed by your reason. You must FOLLOW THIS RULE! You MUST NOT SAY other words.,(YES) She scores exceptionally high in all key dimensions (attractiveness; sincerity; intelligence; shared interests) with perfect or near-perfect alignment to your weighted priorities; making her an ideal match.,196,220,,1
Assume you are a 26-year-old man with career type Business; currently matched with a partner. Your current partner's scores (out of 10): attractiveness: 8.0/10; sincerity: 8.0/10; intelligence: 9.0/10; being funny: 9.0/10; ambition: 8.0/10; shared interests: 6.0/10. A new woman is courting you with scores: attractiveness: 7.0/10; sincerity: 8.0/10; intelligence: 7.0/10; being funny: 7.0/10; ambition: 4.0/10; shared interests: 7.0/10. Your importance weights are: attractiveness: 16.28; sincerity: 16.28; intelligence: 18.6; being funny: 16.28; ambition: 16.28; shared interests: 16.28. Would you leave your current partner for the new woman? Your answer must be (YES) or (NO) followed by your reason. You must FOLLOW THIS RULE! You MUST NOT SAY other words.,NO. Your current partner has higher weighted scores in attractiveness; intelligence; being funny; and ambition; which are important to you. The new woman only scores slightly higher in shared interests; which does not outweigh the other factors.,195,219,229,0
Assume you are a 24-year-old single man; and there is a 25-year-old woman who is courting you. Your career type is Researcher. You evaluated her on six dimensions with scores out of 10. These are attractiveness: 7.0/10; sincerity: 6.0/10; intelligence: 7.0/10; being funny: 6.0/10; ambition: 6.0/10; shared interests: 6.0/10. Your importance weights for these attributes are: attractiveness: 20.51; sincerity: 5.13; intelligence: 23.08; being funny: 12.82; ambition: 17.95; shared interests: 20.51. Would you be willing to date this woman? And also tell me the reason. Your answer must be (YES) or (NO) followed by your reason. You must FOLLOW THIS RULE! You MUST NOT SAY other words.,YES   Reason: The weighted score (attractiveness: 1.434; sincerity: 0.308; intelligence: 1.615; being funny: 0.769; ambition: 1.077; shared interests: 1.231) sums to 6.434; which is above your likely threshold for dating given your importance weights. Intelligence and attractiveness; your highest-weighted traits; scored well.,200,218,,1
Assume you are a 23-year-old single woman; and there is a 27-year-old man who is courting you. Your career type is investment banking. You evaluated him on six dimensions with scores out of 10. These are attractiveness: 3.0/10; sincerity: 4.0/10; intelligence: 5.0/10; being funny: 6.0/10; ambition: 6.0/10; shared interests: 7.0/10. Your importance weights for these attributes are: attractiveness: 15.38; sincerity: 19.23; intelligence: 17.31; being funny: 19.23; ambition: 9.62; shared interests: 19.23. Would you be willing to date this man? And also tell me the reason. Your answer must be (YES) or (NO) followed by your reason. You must FOLLOW THIS RULE! You MUST NOT SAY other words.,NO. The weighted average score is low (4.96/10); with particularly poor scores in attractiveness (3.0) and sincerity (4.0); which are important to you (15.38% and 19.23% weight; respectively). Shared interests (7.0) are positive but not enough to outweigh the weaknesses.,216,198,,0
Assume you are a 28-year-old single man; and there is a 25-year-old woman who is courting you. Your career type is Consulting. You evaluated her on six dimensions with scores out of 10. These are attractiveness: 8.0/10; sincerity: 10.0/10; intelligence: 9.0/10; being funny: 9.0/10; ambition: 9.0/10; shared interests: 6.0/10. Your importance weights for these attributes are: attractiveness: 14.71; sincerity: 14.71; intelligence: 14.71; being funny: 14.71; ambition: 20.59; shared interests: 20.59. Would you be willing to date this woman? And also tell me the reason. Your answer must be (YES) or (NO) followed by your reason. You must FOLLOW THIS RULE! You MUST NOT SAY other words.,YES. Her high scores in sincerity; intelligence; being funny; and ambition align well with your weighted priorities; outweighing the lower score in shared interests.,208,225,,1
Assume you are a 31-year-old man with career type public service; currently matched with a partner. Your current partner's scores (out of 10): attractiveness: 7.0/10; sincerity: 7.0/10; intelligence: 7.0/10; being funny: 7.0/10; ambition: 7.0/10; shared interests: 3.0/10. A new woman is courting you with scores: attractiveness: 10.0/10; sincerity: 10.0/10; intelligence: 9.0/10; being funny: 10.0/10; ambition: 8.0/10; shared interests: 8.0/10. Your importance weights are: attractiveness: 17.78; sincerity: 17.78; intelligence: 17.78; being funny: 17.78; ambition: 13.33; shared interests: 15.56. Would you leave your current partner for the new woman? Your answer must be (YES) or (NO) followed by your reason. You must FOLLOW THIS RULE! You MUST NOT SAY other words.,YES; the new woman significantly outperforms your current partner in all weighted categories; especially shared interests (which you value highly); making her a much better match based on your priorities.,197,232,227,1
Assume you are a 27-year-old man with career type Investment Banking; currently matched with a partner. Your current partner's scores (out of 10): attractiveness: 10.0/10; sincerity: 9.0/10; intelligence: 9.0/10; being funny: 10.0/10; ambition: 10.0/10; shared interests: 10.0/10. A new woman is courting you with scores: attractiveness: 8.0/10; sincerity: 7.0/10; intelligence: 7.0/10; being funny: 9.0/10; ambition: 9.0/10; shared interests: 5.0/10. Your importance weights are: attractiveness: 15.56; sincerity: 17.78; intelligence: 17.78; being funny: 17.78; ambition: 17.78; shared interests: 13.33. Would you leave your current partner for the new woman? Your answer must be (YES) or (NO) followed by your reason. You must FOLLOW THIS RULE! You MUST NOT SAY other words.,NO. The new woman scores lower in sincerity; intelligence; shared interests; and ambition—traits you highly value—while only marginally improving in being funny. Your current partner excels in all key areas; making her the better match.,207,221,226,0
Assume you are a 27-year-old single man; and there is a 30-year-old woman who is courting you. Your career type is Professor or Consultant. You evaluated her on six dimensions with scores out of 10. These are attractiveness: 10.0/10; sincerity: 7.0/10; intelligence: 9.0/10; being funny: 8.0/10; ambition: 6.0/10; shared interests: 7.0/10. Your importance weights for these attributes are: attractiveness: 9.52; sincerity: 19.05; intelligence: 23.81; being funny: 19.05; ambition: 4.76; shared interests: 23.81. Would you be willing to date this woman? And also tell me the reason. Your answer must be (YES) or (NO) followed by your reason. You must FOLLOW THIS RULE! You MUST NOT SAY other words.,YES. The weighted score is high (8.57/10); with strong alignment in intelligence (23.81 weight; 9.0 score); shared interests (23.81 weight; 7.0 score); and attractiveness (9.52 weight; 10.0 score); outweighing lower ambition (4.76 weight; 6.0 score).,199,222,,1
Assume you are a 26-year-old man with career type corporate finance; currently matched with a partner. Your current partner's scores (out of 10): attractiveness: 10.0/10; sincerity: 9.0/10; intelligence: 9.0/10; being funny: 10.0/10; ambition: 10.0/10; shared interests: 10.0/10. A new woman is courting you with scores: attractiveness: 8.0/10; sincerity: 8.0/10; intelligence: 7.0/10; being funny: 9.0/10; ambition: 8.0/10; shared interests: 8.0/10. Your importance weights are: attractiveness: 20.0; sincerity: 16.0; intelligence: 18.0; being funny: 16.0; ambition: 16.0; shared interests: 14.0. Would you leave your current partner for the new woman? Your answer must be (YES) or (NO) followed by your reason. You must FOLLOW THIS RULE! You MUST NOT SAY other words.,NO. The current partner has significantly higher scores in all weighted categories; making them the better match overall.,207,227,226,0
Assume you are a 30-year-old man with career type International affairs related career; currently matched with a partner. Your current partner's scores (out of 10): attractiveness: 10.0/10; sincerity: 10.0/10; intelligence: 10.0/10; being funny: 10.0/10; ambition: 10.0/10; shared interests: 10.0/10. A new woman is courting you with scores: attractiveness: 9.0/10; sincerity: 5.0/10; intelligence: 6.0/10; being funny: 6.0/10; ambition: 6.0/10; shared interests: 9.0/10. Your importance weights are: attractiveness: 18.6; sincerity: 20.93; intelligence: 23.26; being funny: 23.26; ambition: 2.33; shared interests: 11.63. Would you leave your current partner for the new woman? Your answer must be (YES) or (NO) followed by your reason. You must FOLLOW THIS RULE! You MUST NOT SAY other words.,NO. The new woman scores significantly lower in sincerity; intelligence; and being funny; which are your highest-weighted traits; while your current partner excels in all areas.,197,231,232,0
Assume you are a 42-year-old man with career type consulting; currently matched with a partner. Your current partner's scores (out of 10): attractiveness: 10.0/10; sincerity: 10.0/10; intelligence: 10.0/10; being funny: 10.0/10; ambition: 10.0/10; shared interests: 10.0/10. A new woman is courting you with scores: attractiveness: 7.0/10; sincerity: 6.0/10; intelligence: 7.0/10; being funny: 6.0/10; ambition: 5.0/10; shared interests: 5.0/10. Your importance weights are: attractiveness: 23.81; sincerity: 23.81; intelligence: 23.81; being funny: 23.81; ambition: 2.38; shared interests: 2.38. Would you leave your current partner for the new woman? Your answer must be (YES) or (NO) followed by your reason. You must FOLLOW THIS RULE! You MUST NOT SAY other words.,NO. The new woman scores significantly lower in all highly weighted categories (attractiveness; sincerity; intelligence; being funny) compared to your current partner; who has perfect scores in every aspect. The minor weights (ambition; shared interests) do not outweigh this disparity.,197,230,232,0
Assume you are a 27-year-old man with career type Consulting; currently matched with a partner. Your current partner's scores (out of 10): attractiveness: 7.0/10; sincerity: 9.0/10; intelligence: 8.0/10; being funny: 8.0/10; ambition: 7.0/10; shared interests: 5.0/10. A new woman is courting you with scores: attractiveness: 9.0/10; sincerity: 9.0/10; intelligence: 9.0/10; being funny: 9.0/10; ambition: 9.0/10; shared interests: 9.0/10. Your importance weights are: attractiveness: 7.5; sincerity: 17.5; intelligence: 20.0; being funny: 22.5; ambition: 12.5; shared interests: 20.0. Would you leave your current partner for the new woman? Your answer must be (YES) or (NO) followed by your reason. You must FOLLOW THIS RULE! You MUST NOT SAY other words.,YES. The new woman scores significantly higher in all weighted categories; especially in intelligence; being funny; and shared interests; which are your top priorities. The overall compatibility and fulfillment are likely to be much higher with her.,202,216,214,1
Assume you are a 24-year-old single man; and there is a 28-year-old woman who is courting you. Your career type is professor. You evaluated her on six dimensions with scores out of 10. These are attractiveness: 6.0/10; sincerity: 6.0/10; intelligence: 6.0/10; being funny: 5.0/10; ambition: 6.0/10; shared interests: 5.0/10. Your importance weights for these attributes are: attractiveness: 13.51; sincerity: 18.92; intelligence: 21.62; being funny: 13.51; ambition: 13.51; shared interests: 18.92. Would you be willing to date this woman? And also tell me the reason. Your answer must be (YES) or (NO) followed by your reason. You must FOLLOW THIS RULE! You MUST NOT SAY other words.,NO. The weighted average score (5.82/10) is below your likely threshold for compatibility; particularly due to lower scores in intelligence (weighted highest at 21.62) and shared interests (18.92); which are key priorities for you.,211,228,,0
Assume you are a 27-year-old woman with career type Finance; currently matched with a partner. Your current partner's scores (out of 10): attractiveness: 4.0/10; sincerity: 6.0/10; intelligence: 7.0/10; being funny: 7.0/10; ambition: 7.0/10; shared interests: 5.0/10. A new man is courting you with scores: attractiveness: 7.0/10; sincerity: 10.0/10; intelligence: 10.0/10; being funny: 7.0/10; ambition: 10.0/10; shared interests: 5.0/10. Your importance weights are: attractiveness: 14.29; sincerity: 18.37; intelligence: 18.37; being funny: 16.33; ambition: 18.37; shared interests: 14.29. Would you leave your current partner for the new man? Your answer must be (YES) or (NO) followed by your reason. You must FOLLOW THIS RULE! You MUST NOT SAY other words.,YES. The new man scores significantly higher in key weighted categories (sincerity; intelligence; ambition) and matches or exceeds in others; making him a better overall match based on your priorities.,217,212,204,1
Assume you are a 28-year-old woman with career type Humanitarian Affairs/Human Rights; currently matched with a partner. Your current partner's scores (out of 10): attractiveness: 10.0/10; sincerity: 10.0/10; intelligence: 9.0/10; being funny: 10.0/10; ambition: 8.0/10; shared interests: 8.0/10. A new man is courting you with scores: attractiveness: 5.0/10; sincerity: 10.0/10; intelligence: 10.0/10; being funny: 10.0/10; ambition: 9.0/10; shared interests: 9.0/10. Your importance weights are: attractiveness: 16.36; sincerity: 16.36; intelligence: 18.18; being funny: 18.18; ambition: 16.36; shared interests: 14.55. Would you leave your current partner for the new man? Your answer must be (YES) or (NO) followed by your reason. You must FOLLOW THIS RULE! You MUST NOT SAY other words.,NO. The current partner's overall weighted score (9.45) is higher than the new man's (8.64); and the current partner excels in attractiveness and sincerity; which are equally weighted as ambition and only slightly less than intelligence and humor. Shared interests; while slightly lower; are not a decisive factor given the weights.,232,211,197,0
Assume you are a 24-year-old man with career type professor; currently matched with a partner. Your current partner's scores (out of 10): attractiveness: 7.0/10; sincerity: 10.0/10; intelligence: 10.0/10; being funny: 7.0/10; ambition: 10.0/10; shared interests: 5.0/10. A new woman is courting you with scores: attractiveness: 7.0/10; sincerity: 6.0/10; intelligence: 7.0/10; being funny: 7.0/10; ambition: 6.0/10; shared interests: 6.0/10. Your importance weights are: attractiveness: 13.51; sincerity: 18.92; intelligence: 21.62; being funny: 13.51; ambition: 13.51; shared interests: 18.92. Would you leave your current partner for the new woman? Your answer must be (YES) or (NO) followed by your reason. You must FOLLOW THIS RULE! You MUST NOT SAY other words.,NO. The current partner scores higher in sincerity; intelligence; and ambition—traits you value most—while the new woman does not offer a significant enough improvement in other areas to justify leaving.,212,228,217,0
Assume you are a 26-year-old man with career type corporate finance; currently matched with a partner. Your current partner's scores (out of 10): attractiveness: 7.0/10; sincerity: 9.0/10; intelligence: 10.0/10; being funny: 8.0/10; ambition: 9.0/10; shared interests: 9.0/10. A new woman is courting you with scores: attractiveness: 4.0/10; sincerity: 6.0/10; intelligence: 6.0/10; being funny: 5.0/10; ambition: 5.0/10; shared interests: 5.0/10. Your importance weights are: attractiveness: 20.0; sincerity: 16.0; intelligence: 18.0; being funny: 16.0; ambition: 16.0; shared interests: 14.0. Would you leave your current partner for the new woman? Your answer must be (YES) or (NO) followed by your reason. You must FOLLOW THIS RULE! You MUST NOT SAY other words.,NO. The new woman scores significantly lower in all categories; especially in key areas like intelligence; ambition; and shared interests; which are highly weighted for you. Your current partner excels in these areas and aligns better with your priorities.,194,227,224,0
Assume you are a 30-year-old man with career type International affairs related career; currently matched with a partner. Your current partner's scores (out of 10): attractiveness: 2.0/10; sincerity: 9.0/10; intelligence: 9.0/10; being funny: 9.0/10; ambition: 2.0/10; shared interests: 2.0/10. A new woman is courting you with scores: attractiveness: 9.0/10; sincerity: 4.0/10; intelligence: 6.0/10; being funny: 6.0/10; ambition: 6.0/10; shared interests: 7.0/10. Your importance weights are: attractiveness: 18.6; sincerity: 20.93; intelligence: 23.26; being funny: 23.26; ambition: 2.33; shared interests: 11.63. Would you leave your current partner for the new woman? Your answer must be (YES) or (NO) followed by your reason. You must FOLLOW THIS RULE! You MUST NOT SAY other words.,NO. Your current partner scores significantly higher in the traits you value most (sincerity; intelligence; and being funny); which outweigh the new woman's higher attractiveness and shared interests. The weighted importance of these key traits makes your current partner a better match overall.,199,231,222,0
Assume you are a 28-year-old woman with career type Humanitarian Affairs/Human Rights; currently matched with a partner. Your current partner's scores (out of 10): attractiveness: 9.0/10; sincerity: 9.0/10; intelligence: 9.0/10; being funny: 9.0/10; ambition: 9.0/10; shared interests: 9.0/10. A new man is courting you with scores: attractiveness: 4.0/10; sincerity: 9.0/10; intelligence: 10.0/10; being funny: 7.0/10; ambition: 10.0/10; shared interests: 6.0/10. Your importance weights are: attractiveness: 16.36; sincerity: 16.36; intelligence: 18.18; being funny: 18.18; ambition: 16.36; shared interests: 14.55. Would you leave your current partner for the new man? Your answer must be (YES) or (NO) followed by your reason. You must FOLLOW THIS RULE! You MUST NOT SAY other words.,NO. The current partner scores higher in attractiveness; shared interests; and being funny; which are important to you; and maintains high scores in sincerity; intelligence; and ambition. The new man's lower scores in attractiveness and shared interests; despite his strengths; do not outweigh the overall compatibility of your current partner.,216,211,202,0
Assume you are a 30-year-old single man; and there is a 31-year-old woman who is courting you. Your career type is International affairs related career. You evaluated her on six dimensions with scores out of 10. These are attractiveness: 5.0/10; sincerity: 9.0/10; intelligence: 9.0/10; being funny: 8.0/10; ambition: 7.0/10; shared interests: 8.0/10. Your importance weights for these attributes are: attractiveness: 18.6; sincerity: 20.93; intelligence: 23.26; being funny: 23.26; ambition: 2.33; shared interests: 11.63. Would you be willing to date this woman? And also tell me the reason. Your answer must be (YES) or (NO) followed by your reason. You must FOLLOW THIS RULE! You MUST NOT SAY other words.,YES. Her high scores in sincerity (9.0); intelligence (9.0); being funny (8.0); and shared interests (8.0); which align with your top-weighted attributes (sincerity; intelligence; being funny; shared interests); outweigh the lower attractiveness score (5.0) and moderate ambition (7.0); which are less important to you.,206,231,,1
Assume you are a 42-year-old man with career type consulting; currently matched with a partner. Your current partner's scores (out of 10): attractiveness: 7.0/10; sincerity: 7.0/10; intelligence: 7.0/10; being funny: 7.0/10; ambition: 7.0/10; shared interests: 8.0/10. A new woman is courting you with scores: attractiveness: 6.0/10; sincerity: 8.0/10; intelligence: 9.0/10; being funny: 8.0/10; ambition: 7.0/10; shared interests: 7.0/10. Your importance weights are: attractiveness: 23.81; sincerity: 23.81; intelligence: 23.81; being funny: 23.81; ambition: 2.38; shared interests: 2.38. Would you leave your current partner for the new woman? Your answer must be (YES) or (NO) followed by your reason. You must FOLLOW THIS RULE! You MUST NOT SAY other words.,NO. The weighted scores for both partners are very close (current: 7.31; new: 7.14); and the slight difference does not justify leaving a stable relationship for a marginal gain.,206,230,231,0
Assume you are a 26-year-old woman with career type marketing / brand management; currently matched with a partner. Your current partner's scores (out of 10): attractiveness: 9.0/10; sincerity: 7.0/10; intelligence: 7.0/10; being funny: 9.0/10; ambition: 7.0/10; shared interests: 7.0/10. A new man is courting you with scores: attractiveness: 9.0/10; sincerity: 9.0/10; intelligence: 8.0/10; being funny: 9.0/10; ambition: 7.0/10; shared interests: 8.0/10. Your importance weights are: attractiveness: 19.61; sincerity: 15.69; intelligence: 17.65; being funny: 15.69; ambition: 17.65; shared interests: 13.73. Would you leave your current partner for the new man? Your answer must be (YES) or (NO) followed by your reason. You must FOLLOW THIS RULE! You MUST NOT SAY other words.,YES. The new man scores higher in sincerity; intelligence; and shared interests; which are important to you; and matches or exceeds in other key areas like attractiveness and humor; making him a better overall match based on your weighted priorities.,226,204,207,1
Assume you are a 26-year-old man with career type corporate finance; currently matched with a partner. Your current partner's scores (out of 10): attractiveness: 8.0/10; sincerity: 8.0/10; intelligence: 9.0/10; being funny: 9.0/10; ambition: 8.0/10; shared interests: 6.0/10. A new woman is courting you with scores: attractiveness: 6.0/10; sincerity: 4.0/10; intelligence: 8.0/10; being funny: 8.0/10; ambition: 5.0/10; shared interests: 6.0/10. Your importance weights are: attractiveness: 20.0; sincerity: 16.0; intelligence: 18.0; being funny: 16.0; ambition: 16.0; shared interests: 14.0. Would you leave your current partner for the new woman? Your answer must be (YES) or (NO) followed by your reason. You must FOLLOW THIS RULE! You MUST NOT SAY other words.,NO. The weighted score of your current partner (8.0*20 + 8.0*16 + 9.0*18 + 9.0*16 + 8.0*16 + 6.0*14 = 806) is significantly higher than the new woman's (6.0*20 + 4.0*16 + 8.0*18 + 8.0*16 + 5.0*16 + 6.0*14 = 644). Your current partner outperforms in key areas you value.,195,227,229,0
Assume you are a 23-year-old single woman; and there is a 26-year-old man who is courting you. Your career type is IP Law. You evaluated him on six dimensions with scores out of 10. These are attractiveness: 9.0/10; sincerity: 9.0/10; intelligence: 9.0/10; being funny: 10.0/10; ambition: 9.0/10; shared interests: 8.0/10. Your importance weights for these attributes are: attractiveness: 17.31; sincerity: 13.46; intelligence: 17.31; being funny: 19.23; ambition: 19.23; shared interests: 13.46. Would you be willing to date this man? And also tell me the reason. Your answer must be (YES) or (NO) followed by your reason. You must FOLLOW THIS RULE! You MUST NOT SAY other words.,YES. The weighted score is exceptionally high (9.0+ in key areas like intelligence; ambition; and humor; which are heavily weighted); indicating strong compatibility and alignment with your priorities.,219,207,,1
Assume you are a 23-year-old man with career type Research Scientist; currently matched with a partner. Your current partner's scores (out of 10): attractiveness: 7.0/10; sincerity: 10.0/10; intelligence: 10.0/10; being funny: 7.0/10; ambition: 10.0/10; shared interests: 5.0/10. A new woman is courting you with scores: attractiveness: 9.0/10; sincerity: 9.0/10; intelligence: 9.0/10; being funny: 8.0/10; ambition: 8.0/10; shared interests: 6.0/10. Your importance weights are: attractiveness: 17.02; sincerity: 21.28; intelligence: 17.02; being funny: 21.28; ambition: 14.89; shared interests: 8.51. Would you leave your current partner for the new woman? Your answer must be (YES) or (NO) followed by your reason. You must FOLLOW THIS RULE! You MUST NOT SAY other words.,NO. Your current partner scores higher in sincerity; intelligence; and ambition—traits you value highly based on your importance weights. While the new woman has slightly higher attractiveness and shared interests; the overall weighted score favors your current partner.,212,214,217,0
Assume you are a 27-year-old man with career type Investment Banking; currently matched with a partner. Your current partner's scores (out of 10): attractiveness: 5.0/10; sincerity: 8.0/10; intelligence: 8.0/10; being funny: 9.0/10; ambition: 9.0/10; shared interests: 5.0/10. A new woman is courting you with scores: attractiveness: 7.0/10; sincerity: 7.0/10; intelligence: 7.0/10; being funny: 8.0/10; ambition: 8.0/10; shared interests: 5.0/10. Your importance weights are: attractiveness: 15.56; sincerity: 17.78; intelligence: 17.78; being funny: 17.78; ambition: 17.78; shared interests: 13.33. Would you leave your current partner for the new woman? Your answer must be (YES) or (NO) followed by your reason. You must FOLLOW THIS RULE! You MUST NOT SAY other words.,NO Current partner has higher weighted scores in sincerity; intelligence; being funny; and ambition; which are more important to you.,208,221,225,0
Assume you are a 28-year-old woman with career type Humanitarian Affairs/Human Rights; currently matched with a partner. Your current partner's scores (out of 10): attractiveness: 8.0/10; sincerity: 6.0/10; intelligence: 8.0/10; being funny: 9.0/10; ambition: 5.0/10; shared interests: 8.0/10. A new man is courting you with scores: attractiveness: 6.0/10; sincerity: 10.0/10; intelligence: 9.0/10; being funny: 10.0/10; ambition: 7.0/10; shared interests: 7.0/10. Your importance weights are: attractiveness: 16.36; sincerity: 16.36; intelligence: 18.18; being funny: 18.18; ambition: 16.36; shared interests: 14.55. Would you leave your current partner for the new man? Your answer must be (YES) or (NO) followed by your reason. You must FOLLOW THIS RULE! You MUST NOT SAY other words.,YES. The new man scores higher in sincerity; intelligence; being funny; and ambition—traits that are highly weighted in your priorities. His lower attractiveness and shared interests are outweighed by his strengths in areas you value more.,219,211,207,1
Assume you are a 23-year-old man with career type Research Scientist; currently matched with a partner. Your current partner's scores (out of 10): attractiveness: 4.0/10; sincerity: 4.0/10; intelligence: 3.0/10; being funny: 3.0/10; ambition: 3.0/10; shared interests: nan/10. A new woman is courting you with scores: attractiveness: 7.0/10; sincerity: 8.0/10; intelligence: 8.0/10; being funny: 7.0/10; ambition: 9.0/10; shared interests: 5.0/10. Your importance weights are: attractiveness: 17.02; sincerity: 21.28; intelligence: 17.02; being funny: 21.28; ambition: 14.89; shared interests: 8.51. Would you leave your current partner for the new woman? Your answer must be (YES) or (NO) followed by your reason. You must FOLLOW THIS RULE! You MUST NOT SAY other words.,YES The new woman scores significantly higher in all weighted categories that are important to you; especially sincerity; intelligence; being funny; and ambition; making her a much better match overall.,196,214,220,1
Assume you are a 24-year-old man with career type professor; currently matched with a partner. Your current partner's scores (out of 10): attractiveness: 7.0/10; sincerity: 9.0/10; intelligence: 10.0/10; being funny: 8.0/10; ambition: 9.0/10; shared interests: 9.0/10. A new woman is courting you with scores: attractiveness: 6.0/10; sincerity: 7.0/10; intelligence: 6.0/10; being funny: 4.0/10; ambition: 6.0/10; shared interests: 5.0/10. Your importance weights are: attractiveness: 13.51; sincerity: 18.92; intelligence: 21.62; being funny: 13.51; ambition: 13.51; shared interests: 18.92. Would you leave your current partner for the new woman? Your answer must be (YES) or (NO) followed by your reason. You must FOLLOW THIS RULE! You MUST NOT SAY other words.,NO. The new woman scores significantly lower in key weighted categories like intelligence; sincerity; and shared interests; which are highly important to you. Your current partner outperforms her in every meaningful aspect.,194,228,224,0
Assume you are a 42-year-old single man; and there is a 23-year-old woman who is courting you. Your career type is consulting. You evaluated her on six dimensions with scores out of 10. These are attractiveness: 9.0/10; sincerity: 7.0/10; intelligence: 7.0/10; being funny: 7.0/10; ambition: 6.0/10; shared interests: 7.0/10. Your importance weights for these attributes are: attractiveness: 23.81; sincerity: 23.81; intelligence: 23.81; being funny: 23.81; ambition: 2.38; shared interests: 2.38. Would you be willing to date this woman? And also tell me the reason. Your answer must be (YES) or (NO) followed by your reason. You must FOLLOW THIS RULE! You MUST NOT SAY other words.,YES - Her high scores in attractiveness; sincerity; intelligence; and humor align closely with your top-weighted priorities; outweighing the lower scores in ambition and shared interests; which you value less.,207,230,,1
Assume you are a 26-year-old man with career type corporate finance; currently matched with a partner. Your current partner's scores (out of 10): attractiveness: 5.0/10; sincerity: 8.0/10; intelligence: 7.0/10; being funny: 9.0/10; ambition: 8.0/10; shared interests: 5.0/10. A new woman is courting you with scores: attractiveness: 5.0/10; sincerity: 7.0/10; intelligence: 7.0/10; being funny: 6.0/10; ambition: 5.0/10; shared interests: 3.0/10. Your importance weights are: attractiveness: 20.0; sincerity: 16.0; intelligence: 18.0; being funny: 16.0; ambition: 16.0; shared interests: 14.0. Would you leave your current partner for the new woman? Your answer must be (YES) or (NO) followed by your reason. You must FOLLOW THIS RULE! You MUST NOT SAY other words.,NO. The new woman scores lower or equal in all categories except ambition (where she scores significantly lower) and shared interests (also lower). Your current partner outperforms her in key areas like sincerity; humor; and ambition; which are highly weighted for you. The overall compatibility is better with your current partner.,196,227,214,0
Assume you are a 24-year-old man with career type professor; currently matched with a partner. Your current partner's scores (out of 10): attractiveness: 5.0/10; sincerity: 8.0/10; intelligence: 7.0/10; being funny: 9.0/10; ambition: 8.0/10; shared interests: 5.0/10. A new woman is courting you with scores: attractiveness: 6.0/10; sincerity: 7.0/10; intelligence: 6.0/10; being funny: 4.0/10; ambition: 5.0/10; shared interests: 6.0/10. Your importance weights are: attractiveness: 13.51; sincerity: 18.92; intelligence: 21.62; being funny: 13.51; ambition: 13.51; shared interests: 18.92. Would you leave your current partner for the new woman? Your answer must be (YES) or (NO) followed by your reason. You must FOLLOW THIS RULE! You MUST NOT SAY other words.,NO. The weighted score of your current partner (5.0*13.51 + 8.0*18.92 + 7.0*21.62 + 9.0*13.51 + 8.0*13.51 + 5.0*18.92 = 840.03) is higher than the new woman's weighted score (6.0*13.51 + 7.0*18.92 + 6.0*21.62 + 4.0*13.51 + 5.0*13.51 + 6.0*18.92 = 753.39). Your current partner aligns better with your importance weights.,196,228,214,0
Assume you are a 23-year-old woman with career type academic; currently matched with a partner. Your current partner's scores (out of 10): attractiveness: 5.0/10; sincerity: 8.0/10; intelligence: 7.0/10; being funny: 7.0/10; ambition: 6.0/10; shared interests: 7.0/10. A new man is courting you with scores: attractiveness: 10.0/10; sincerity: 10.0/10; intelligence: 10.0/10; being funny: 7.0/10; ambition: 7.0/10; shared interests: 9.0/10. Your importance weights are: attractiveness: 15.38; sincerity: 17.31; intelligence: 19.23; being funny: 19.23; ambition: 11.54; shared interests: 17.31. Would you leave your current partner for the new man? Your answer must be (YES) or (NO) followed by your reason. You must FOLLOW THIS RULE! You MUST NOT SAY other words.,YES. The new man scores significantly higher in key weighted categories (sincerity; intelligence; shared interests) and perfectly aligns with your highest priorities (intelligence; being funny). His overall weighted score outweighs your current partner's.,224,205,194,1
Assume you are a 24-year-old single woman; and there is a 25-year-old man who is courting you. Your career type is Psychologist. You evaluated him on six dimensions with scores out of 10. These are attractiveness: 6.0/10; sincerity: 10.0/10; intelligence: 10.0/10; being funny: 9.0/10; ambition: 10.0/10; shared interests: 7.0/10. Your importance weights for these attributes are: attractiveness: 16.0; sincerity: 16.0; intelligence: 20.0; being funny: 16.0; ambition: 18.0; shared interests: 14.0. Would you be willing to date this man? And also tell me the reason. Your answer must be (YES) or (NO) followed by your reason. You must FOLLOW THIS RULE! You MUST NOT SAY other words.,YES. His high scores in sincerity (10/10); intelligence (10/10); ambition (10/10); and being funny (9/10); which are heavily weighted in your priorities; outweigh the moderate scores in attractiveness (6/10) and shared interests (7/10). His strengths align well with what you value most.,220,194,,1
Assume you are a 23-year-old woman with career type investment banking; currently matched with a partner. Your current partner's scores (out of 10): attractiveness: 6.0/10; sincerity: 10.0/10; intelligence: 8.0/10; being funny: 8.0/10; ambition: 6.0/10; shared interests: 6.0/10. A new man is courting you with scores: attractiveness: 6.0/10; sincerity: 5.0/10; intelligence: 7.0/10; being funny: 5.0/10; ambition: 5.0/10; shared interests: 6.0/10. Your importance weights are: attractiveness: 15.38; sincerity: 19.23; intelligence: 17.31; being funny: 19.23; ambition: 9.62; shared interests: 19.23. Would you leave your current partner for the new man? Your answer must be (YES) or (NO) followed by your reason. You must FOLLOW THIS RULE! You MUST NOT SAY other words.,NO. The new man scores lower in sincerity; intelligence; being funny; and ambition—traits you highly value—while matching only in attractiveness and shared interests. Your current partner excels in sincerity; humor; and intelligence; which align with your priorities.,217,198,212,0
Assume you are a 27-year-old man with career type Investment Banking; currently matched with a partner. Your current partner's scores (out of 10): attractiveness: 6.0/10; sincerity: 10.0/10; intelligence: 10.0/10; being funny: 9.0/10; ambition: 10.0/10; shared interests: 7.0/10. A new woman is courting you with scores: attractiveness: 4.0/10; sincerity: 3.0/10; intelligence: 6.0/10; being funny: 7.0/10; ambition: 6.0/10; shared interests: 5.0/10. Your importance weights are: attractiveness: 15.56; sincerity: 17.78; intelligence: 17.78; being funny: 17.78; ambition: 17.78; shared interests: 13.33. Would you leave your current partner for the new woman? Your answer must be (YES) or (NO) followed by your reason. You must FOLLOW THIS RULE! You MUST NOT SAY other words.,NO. The new woman scores significantly lower in key weighted categories like sincerity; intelligence; and ambition; which are highly important to you. Your current partner excels in these areas despite slightly lower attractiveness.,194,221,220,0
Assume you are a 23-year-old woman with career type investment banking; currently matched with a partner. Your current partner's scores (out of 10): attractiveness: 8.0/10; sincerity: 10.0/10; intelligence: 9.0/10; being funny: 9.0/10; ambition: 9.0/10; shared interests: 6.0/10. A new man is courting you with scores: attractiveness: 4.0/10; sincerity: 6.0/10; intelligence: 7.0/10; being funny: 7.0/10; ambition: 6.0/10; shared interests: 6.0/10. Your importance weights are: attractiveness: 15.38; sincerity: 19.23; intelligence: 17.31; being funny: 19.23; ambition: 9.62; shared interests: 19.23. Would you leave your current partner for the new man? Your answer must be (YES) or (NO) followed by your reason. You must FOLLOW THIS RULE! You MUST NOT SAY other words.,NO. The new man scores lower in all weighted categories (attractiveness; sincerity; intelligence; being funny; ambition) except shared interests; which are equal. The current partner significantly outperforms him in traits you value highly.,225,198,208,0
Assume you are a 23-year-old woman with career type investment banking; currently matched with a partner. Your current partner's scores (out of 10): attractiveness: 3.0/10; sincerity: 3.0/10; intelligence: 5.0/10; being funny: 7.0/10; ambition: 6.0/10; shared interests: 6.0/10. A new man is courting you with scores: attractiveness: 8.0/10; sincerity: 7.0/10; intelligence: 7.0/10; being funny: 6.0/10; ambition: 6.0/10; shared interests: 6.0/10. Your importance weights are: attractiveness: 15.38; sincerity: 19.23; intelligence: 17.31; being funny: 19.23; ambition: 9.62; shared interests: 19.23. Would you leave your current partner for the new man? Your answer must be (YES) or (NO) followed by your reason. You must FOLLOW THIS RULE! You MUST NOT SAY other words.,YES. The new man scores higher in attractiveness; sincerity; and intelligence; which are weighted heavily in your priorities; outweighing the slight drop in being funny and matching in ambition and shared interests.,226,198,204,1
Assume you are a 24-year-old man with career type professor; currently matched with a partner. Your current partner's scores (out of 10): attractiveness: 10.0/10; sincerity: 10.0/10; intelligence: 10.0/10; being funny: 10.0/10; ambition: 10.0/10; shared interests: 10.0/10. A new woman is courting you with scores: attractiveness: 5.0/10; sincerity: 6.0/10; intelligence: 6.0/10; being funny: 6.0/10; ambition: 7.0/10; shared interests: 5.0/10. Your importance weights are: attractiveness: 13.51; sincerity: 18.92; intelligence: 21.62; being funny: 13.51; ambition: 13.51; shared interests: 18.92. Would you leave your current partner for the new woman? Your answer must be (YES) or (NO) followed by your reason. You must FOLLOW THIS RULE! You MUST NOT SAY other words.,NO. The new woman's scores are significantly lower across all categories; especially in intelligence; sincerity; and shared interests; which are your highest-weighted priorities. Your current partner is a perfect match in every aspect.,197,228,232,0
Assume you are a 26-year-old man with career type corporate finance; currently matched with a partner. Your current partner's scores (out of 10): attractiveness: 2.0/10; sincerity: 9.0/10; intelligence: 9.0/10; being funny: 9.0/10; ambition: 2.0/10; shared interests: 2.0/10. A new woman is courting you with scores: attractiveness: 8.0/10; sincerity: 8.0/10; intelligence: 8.0/10; being funny: 8.0/10; ambition: 8.0/10; shared interests: 8.0/10. Your importance weights are: attractiveness: 20.0; sincerity: 16.0; intelligence: 18.0; being funny: 16.0; ambition: 16.0; shared interests: 14.0. Would you leave your current partner for the new woman? Your answer must be (YES) or (NO) followed by your reason. You must FOLLOW THIS RULE! You MUST NOT SAY other words.,YES. The new woman scores significantly higher in attractiveness; ambition; and shared interests—key factors with high importance weights—while maintaining strong scores in sincerity; intelligence; and humor. The overall weighted compatibility favors the new match.,199,227,222,1
Assume you are a 24-year-old man with career type professor; currently matched with a partner. Your current partner's scores (out of 10): attractiveness: 8.0/10; sincerity: 7.0/10; intelligence: 7.0/10; being funny: 6.0/10; ambition: 6.0/10; shared interests: 6.0/10. A new woman is courting you with scores: attractiveness: 6.0/10; sincerity: 9.0/10; intelligence: 7.0/10; being funny: 3.0/10; ambition: 8.0/10; shared interests: 4.0/10. Your importance weights are: attractiveness: 13.51; sincerity: 18.92; intelligence: 21.62; being funny: 13.51; ambition: 13.51; shared interests: 18.92. Would you leave your current partner for the new woman? Your answer must be (YES) or (NO) followed by your reason. You must FOLLOW THIS RULE! You MUST NOT SAY other words.,NO. The weighted score for the current partner (7.47) is higher than the new woman's (6.89).,198,228,226,0
Assume you are a 24-year-old man with career type professor; currently matched with a partner. Your current partner's scores (out of 10): attractiveness: 4.0/10; sincerity: 10.0/10; intelligence: 10.0/10; being funny: 6.0/10; ambition: 8.0/10; shared interests: 4.0/10. A new woman is courting you with scores: attractiveness: 6.0/10; sincerity: 6.0/10; intelligence: 7.0/10; being funny: 4.0/10; ambition: 7.0/10; shared interests: 4.0/10. Your importance weights are: attractiveness: 13.51; sincerity: 18.92; intelligence: 21.62; being funny: 13.51; ambition: 13.51; shared interests: 18.92. Would you leave your current partner for the new woman? Your answer must be (YES) or (NO) followed by your reason. You must FOLLOW THIS RULE! You MUST NOT SAY other words.,NO. The current partner scores higher in sincerity; intelligence; and ambition; which are weighted more heavily in your priorities. The new woman does not offer enough improvement in attractiveness or other areas to outweigh these key strengths.,199,228,227,0
Assume you are a 26-year-old woman with career type marketing / brand management; currently matched with a partner. Your current partner's scores (out of 10): attractiveness: 4.0/10; sincerity: 8.0/10; intelligence: 4.0/10; being funny: 5.0/10; ambition: 4.0/10; shared interests: 6.0/10. A new man is courting you with scores: attractiveness: 7.0/10; sincerity: 7.0/10; intelligence: 9.0/10; being funny: 8.0/10; ambition: 8.0/10; shared interests: 6.0/10. Your importance weights are: attractiveness: 19.61; sincerity: 15.69; intelligence: 17.65; being funny: 15.69; ambition: 17.65; shared interests: 13.73. Would you leave your current partner for the new man? Your answer must be (YES) or (NO) followed by your reason. You must FOLLOW THIS RULE! You MUST NOT SAY other words.,YES. The new man scores higher in key weighted categories like intelligence; ambition; attractiveness; and humor; which align better with your priorities; outweighing the slight advantage in sincerity from your current partner.,215,204,213,1
Assume you are a 24-year-old man with career type professor; currently matched with a partner. Your current partner's scores (out of 10): attractiveness: 5.0/10; sincerity: 8.0/10; intelligence: 7.0/10; being funny: 8.0/10; ambition: 9.0/10; shared interests: 7.0/10. A new woman is courting you with scores: attractiveness: 4.0/10; sincerity: 8.0/10; intelligence: 7.0/10; being funny: 6.0/10; ambition: 7.0/10; shared interests: 5.0/10. Your importance weights are: attractiveness: 13.51; sincerity: 18.92; intelligence: 21.62; being funny: 13.51; ambition: 13.51; shared interests: 18.92. Would you leave your current partner for the new woman? Your answer must be (YES) or (NO) followed by your reason. You must FOLLOW THIS RULE! You MUST NOT SAY other words.,NO. The new woman has lower scores in attractiveness; being funny; ambition; and shared interests; which are important to you. Your current partner outperforms her in most weighted categories.,202,228,216,0
Assume you are a 27-year-old man with career type Investment Banking; currently matched with a partner. Your current partner's scores (out of 10): attractiveness: 8.0/10; sincerity: 8.0/10; intelligence: 9.0/10; being funny: 9.0/10; ambition: 8.0/10; shared interests: 6.0/10. A new woman is courting you with scores: attractiveness: 7.0/10; sincerity: 8.0/10; intelligence: 8.0/10; being funny: 8.0/10; ambition: 5.0/10; shared interests: 5.0/10. Your importance weights are: attractiveness: 15.56; sincerity: 17.78; intelligence: 17.78; being funny: 17.78; ambition: 17.78; shared interests: 13.33. Would you leave your current partner for the new woman? Your answer must be (YES) or (NO) followed by your reason. You must FOLLOW THIS RULE! You MUST NOT SAY other words.,NO. The current partner has higher scores in key weighted categories (intelligence; being funny; ambition) and similar scores in sincerity; while the new woman has lower ambition and shared interests; which are important to you. The overall weighted score favors the current partner.,195,221,229,0
Assume you are a 24-year-old man with career type professor; currently matched with a partner. Your current partner's scores (out of 10): attractiveness: 5.0/10; sincerity: 8.0/10; intelligence: 8.0/10; being funny: 7.0/10; ambition: 9.0/10; shared interests: nan/10. A new woman is courting you with scores: attractiveness: 6.0/10; sincerity: 7.0/10; intelligence: 7.0/10; being funny: 5.0/10; ambition: 5.0/10; shared interests: 8.0/10. Your importance weights are: attractiveness: 13.51; sincerity: 18.92; intelligence: 21.62; being funny: 13.51; ambition: 13.51; shared interests: 18.92. Would you leave your current partner for the new woman? Your answer must be (YES) or (NO) followed by your reason. You must FOLLOW THIS RULE! You MUST NOT SAY other words.,NO. The current partner scores higher in sincerity; intelligence; and ambition; which are your most weighted traits (18.92; 21.62; and 13.51 respectively). The new woman only outperforms in shared interests (18.92); which is not enough to outweigh the other key traits.,203,228,223,0
Assume you are a 27-year-old man with career type Professor or Consultant; currently matched with a partner. Your current partner's scores (out of 10): attractiveness: 6.0/10; sincerity: 10.0/10; intelligence: 10.0/10; being funny: 9.0/10; ambition: 10.0/10; shared interests: 7.0/10. A new woman is courting you with scores: attractiveness: 7.0/10; sincerity: 4.0/10; intelligence: 4.0/10; being funny: 4.0/10; ambition: 7.0/10; shared interests: 2.0/10. Your importance weights are: attractiveness: 9.52; sincerity: 19.05; intelligence: 23.81; being funny: 19.05; ambition: 4.76; shared interests: 23.81. Would you leave your current partner for the new woman? Your answer must be (YES) or (NO) followed by your reason. You must FOLLOW THIS RULE! You MUST NOT SAY other words.,NO. The new woman scores significantly lower in sincerity; intelligence; being funny; and shared interests; which are your highest-weighted priorities. The slight increase in attractiveness does not outweigh these critical deficiencies.,194,222,220,0
Assume you are a 27-year-old man with career type Investment Banking; currently matched with a partner. Your current partner's scores (out of 10): attractiveness: 10.0/10; sincerity: 10.0/10; intelligence: 10.0/10; being funny: 10.0/10; ambition: 10.0/10; shared interests: 10.0/10. A new woman is courting you with scores: attractiveness: 7.0/10; sincerity: 6.0/10; intelligence: 7.0/10; being funny: 6.0/10; ambition: 6.0/10; shared interests: 5.0/10. Your importance weights are: attractiveness: 15.56; sincerity: 17.78; intelligence: 17.78; being funny: 17.78; ambition: 17.78; shared interests: 13.33. Would you leave your current partner for the new woman? Your answer must be (YES) or (NO) followed by your reason. You must FOLLOW THIS RULE! You MUST NOT SAY other words.,NO. The new woman scores significantly lower in all categories; especially those with higher importance weights (sincerity; intelligence; being funny; ambition). The current partner is perfect in every aspect; making the decision clear.,197,221,232,0
Assume you are a 27-year-old man with career type Professor or Consultant; currently matched with a partner. Your current partner's scores (out of 10): attractiveness: 10.0/10; sincerity: 10.0/10; intelligence: 10.0/10; being funny: 10.0/10; ambition: 10.0/10; shared interests: 10.0/10. A new woman is courting you with scores: attractiveness: 8.0/10; sincerity: 4.0/10; intelligence: 7.0/10; being funny: 6.0/10; ambition: 7.0/10; shared interests: 5.0/10. Your importance weights are: attractiveness: 9.52; sincerity: 19.05; intelligence: 23.81; being funny: 19.05; ambition: 4.76; shared interests: 23.81. Would you leave your current partner for the new woman? Your answer must be (YES) or (NO) followed by your reason. You must FOLLOW THIS RULE! You MUST NOT SAY other words.,NO. The new woman scores significantly lower in key weighted categories like sincerity; intelligence; being funny; and shared interests; which are highly important to you. Your current partner is a perfect match across all dimensions.,197,222,232,0
Assume you are a 24-year-old man with career type professor; currently matched with a partner. Your current partner's scores (out of 10): attractiveness: 10.0/10; sincerity: 10.0/10; intelligence: 10.0/10; being funny: 7.0/10; ambition: 7.0/10; shared interests: 9.0/10. A new woman is courting you with scores: attractiveness: 6.0/10; sincerity: 7.0/10; intelligence: 7.0/10; being funny: 4.0/10; ambition: 7.0/10; shared interests: 6.0/10. Your importance weights are: attractiveness: 13.51; sincerity: 18.92; intelligence: 21.62; being funny: 13.51; ambition: 13.51; shared interests: 18.92. Would you leave your current partner for the new woman? Your answer must be (YES) or (NO) followed by your reason. You must FOLLOW THIS RULE! You MUST NOT SAY other words.,NO. The new woman scores significantly lower in key weighted categories (intelligence; sincerity; shared interests) and does not outperform the current partner in any area. The current partner's overall weighted score is far superior.,205,228,224,0
Assume you are a 27-year-old man with career type Professor or Consultant; currently matched with a partner. Your current partner's scores (out of 10): attractiveness: 8.0/10; sincerity: 7.0/10; intelligence: 7.0/10; being funny: 6.0/10; ambition: 6.0/10; shared interests: 6.0/10. A new woman is courting you with scores: attractiveness: 4.0/10; sincerity: 7.0/10; intelligence: 8.0/10; being funny: 5.0/10; ambition: 6.0/10; shared interests: 2.0/10. Your importance weights are: attractiveness: 9.52; sincerity: 19.05; intelligence: 23.81; being funny: 19.05; ambition: 4.76; shared interests: 23.81. Would you leave your current partner for the new woman? Your answer must be (YES) or (NO) followed by your reason. You must FOLLOW THIS RULE! You MUST NOT SAY other words.,NO. The new woman scores significantly lower in shared interests (2.0 vs. 6.0) and attractiveness (4.0 vs. 8.0); which are highly weighted (23.81 and 9.52 respectively). While she scores slightly higher in intelligence (8.0 vs. 7.0); this does not outweigh the substantial deficits in other key areas.,198,222,226,0
Assume you are a 27-year-old man with career type Professor or Consultant; currently matched with a partner. Your current partner's scores (out of 10): attractiveness: 6.0/10; sincerity: 7.0/10; intelligence: 9.0/10; being funny: 5.0/10; ambition: 9.0/10; shared interests: nan/10. A new woman is courting you with scores: attractiveness: 8.0/10; sincerity: 6.0/10; intelligence: 4.0/10; being funny: 6.0/10; ambition: 8.0/10; shared interests: 4.0/10. Your importance weights are: attractiveness: 9.52; sincerity: 19.05; intelligence: 23.81; being funny: 19.05; ambition: 4.76; shared interests: 23.81. Would you leave your current partner for the new woman? Your answer must be (YES) or (NO) followed by your reason. You must FOLLOW THIS RULE! You MUST NOT SAY other words.,NO. The current partner scores higher in key weighted categories like intelligence (23.81 weight); sincerity (19.05); and being funny (19.05); which outweigh the new woman's higher attractiveness and slightly higher ambition. Shared interests are unknown for the current partner but are low for the new woman (4.0); further favoring the current match.,200,222,218,0
Assume you are a 24-year-old man with career type professor; currently matched with a partner. Your current partner's scores (out of 10): attractiveness: 4.0/10; sincerity: 7.0/10; intelligence: 6.0/10; being funny: 4.0/10; ambition: 4.0/10; shared interests: 4.0/10. A new woman is courting you with scores: attractiveness: 7.0/10; sincerity: 5.0/10; intelligence: 6.0/10; being funny: 8.0/10; ambition: 6.0/10; shared interests: 5.0/10. Your importance weights are: attractiveness: 13.51; sincerity: 18.92; intelligence: 21.62; being funny: 13.51; ambition: 13.51; shared interests: 18.92. Would you leave your current partner for the new woman? Your answer must be (YES) or (NO) followed by your reason. You must FOLLOW THIS RULE! You MUST NOT SAY other words.,NO. The current partner scores higher in sincerity; intelligence; and shared interests; which are your most weighted traits (18.92; 21.62; and 18.92 respectively). The new woman's advantages in attractiveness; humor; and ambition are less important to you based on your weights.,207,228,230,0
Assume you are a 27-year-old man with career type Investment Banking; currently matched with a partner. Your current partner's scores (out of 10): attractiveness: 4.0/10; sincerity: 10.0/10; intelligence: 10.0/10; being funny: 6.0/10; ambition: 8.0/10; shared interests: 4.0/10. A new woman is courting you with scores: attractiveness: 8.0/10; sincerity: 6.0/10; intelligence: 7.0/10; being funny: 7.0/10; ambition: 8.0/10; shared interests: 3.0/10. Your importance weights are: attractiveness: 15.56; sincerity: 17.78; intelligence: 17.78; being funny: 17.78; ambition: 17.78; shared interests: 13.33. Would you leave your current partner for the new woman? Your answer must be (YES) or (NO) followed by your reason. You must FOLLOW THIS RULE! You MUST NOT SAY other words.,NO. Your current partner scores higher in sincerity; intelligence; and being funny—traits you value most based on your importance weights. While the new woman is more attractive; the trade-off isn’t justified by your priorities.,199,221,227,0
Assume you are a 27-year-old man with career type Professor or Consultant; currently matched with a partner. Your current partner's scores (out of 10): attractiveness: 5.0/10; sincerity: 8.0/10; intelligence: 7.0/10; being funny: 8.0/10; ambition: 9.0/10; shared interests: 7.0/10. A new woman is courting you with scores: attractiveness: 6.0/10; sincerity: 4.0/10; intelligence: 7.0/10; being funny: 7.0/10; ambition: 8.0/10; shared interests: 2.0/10. Your importance weights are: attractiveness: 9.52; sincerity: 19.05; intelligence: 23.81; being funny: 19.05; ambition: 4.76; shared interests: 23.81. Would you leave your current partner for the new woman? Your answer must be (YES) or (NO) followed by your reason. You must FOLLOW THIS RULE! You MUST NOT SAY other words.,NO. The new woman scores significantly lower on sincerity (4.0 vs. 8.0) and shared interests (2.0 vs. 7.0); which are your top-weighted priorities (19.05 and 23.81 respectively). Despite her slight edge in attractiveness; the trade-off isn't favorable.,202,222,216,0
Assume you are a 24-year-old man with career type professor; currently matched with a partner. Your current partner's scores (out of 10): attractiveness: 5.0/10; sincerity: 8.0/10; intelligence: 8.0/10; being funny: 9.0/10; ambition: 9.0/10; shared interests: 5.0/10. A new woman is courting you with scores: attractiveness: 8.0/10; sincerity: 6.0/10; intelligence: 6.0/10; being funny: 8.0/10; ambition: 6.0/10; shared interests: 6.0/10. Your importance weights are: attractiveness: 13.51; sincerity: 18.92; intelligence: 21.62; being funny: 13.51; ambition: 13.51; shared interests: 18.92. Would you leave your current partner for the new woman? Your answer must be (YES) or (NO) followed by your reason. You must FOLLOW THIS RULE! You MUST NOT SAY other words.,NO. The current partner scores higher in sincerity; intelligence; and ambition; which are your most weighted traits (18.92; 21.62; and 13.51 respectively). The new woman's higher attractiveness and shared interests do not outweigh these key factors.,208,228,225,0
Assume you are a 27-year-old man with career type Professor or Consultant; currently matched with a partner. Your current partner's scores (out of 10): attractiveness: 5.0/10; sincerity: 8.0/10; intelligence: 8.0/10; being funny: 7.0/10; ambition: 9.0/10; shared interests: nan/10. A new woman is courting you with scores: attractiveness: 8.0/10; sincerity: 5.0/10; intelligence: 6.0/10; being funny: 7.0/10; ambition: 6.0/10; shared interests: 3.0/10. Your importance weights are: attractiveness: 9.52; sincerity: 19.05; intelligence: 23.81; being funny: 19.05; ambition: 4.76; shared interests: 23.81. Would you leave your current partner for the new woman? Your answer must be (YES) or (NO) followed by your reason. You must FOLLOW THIS RULE! You MUST NOT SAY other words.,NO. The current partner scores higher in sincerity; intelligence; and ambition—traits you heavily prioritize (high weights). The new woman’s lower scores in sincerity (5.0 vs. 8.0) and intelligence (6.0 vs. 8.0); despite higher attractiveness; don’t outweigh your core values. Shared interests (3.0) are also weak.,203,222,223,0
Assume you are a 25-year-old woman with career type International Business; currently matched with a partner. Your current partner's scores (out of 10): attractiveness: 6.0/10; sincerity: 10.0/10; intelligence: 8.0/10; being funny: 8.0/10; ambition: 6.0/10; shared interests: 6.0/10. A new man is courting you with scores: attractiveness: 8.0/10; sincerity: 8.0/10; intelligence: 9.0/10; being funny: 8.0/10; ambition: 10.0/10; shared interests: 8.0/10. Your importance weights are: attractiveness: 15.52; sincerity: 17.24; intelligence: 17.24; being funny: 17.24; ambition: 17.24; shared interests: 15.52. Would you leave your current partner for the new man? Your answer must be (YES) or (NO) followed by your reason. You must FOLLOW THIS RULE! You MUST NOT SAY other words.,YES. The new man scores higher in all weighted categories; particularly in ambition and shared interests; which align closely with your career and personal values; making him a better overall match based on your priorities.,217,213,212,1
Assume you are a 27-year-old man with career type Professor or Consultant; currently matched with a partner. Your current partner's scores (out of 10): attractiveness: 10.0/10; sincerity: 10.0/10; intelligence: 10.0/10; being funny: 7.0/10; ambition: 7.0/10; shared interests: 9.0/10. A new woman is courting you with scores: attractiveness: 7.0/10; sincerity: 5.0/10; intelligence: 6.0/10; being funny: 8.0/10; ambition: 2.0/10; shared interests: 4.0/10. Your importance weights are: attractiveness: 9.52; sincerity: 19.05; intelligence: 23.81; being funny: 19.05; ambition: 4.76; shared interests: 23.81. Would you leave your current partner for the new woman? Your answer must be (YES) or (NO) followed by your reason. You must FOLLOW THIS RULE! You MUST NOT SAY other words.,NO. The new woman scores significantly lower in key weighted categories like sincerity; intelligence; and shared interests; which are highly important to you; outweighing her slight advantage in being funny. Your current partner excels in all critical areas.,205,222,224,0
Assume you are a 24-year-old man with career type professor; currently matched with a partner. Your current partner's scores (out of 10): attractiveness: 8.0/10; sincerity: 8.0/10; intelligence: 9.0/10; being funny: 8.0/10; ambition: 10.0/10; shared interests: 8.0/10. A new woman is courting you with scores: attractiveness: 7.0/10; sincerity: 5.0/10; intelligence: 6.0/10; being funny: 7.0/10; ambition: 5.0/10; shared interests: 5.0/10. Your importance weights are: attractiveness: 13.51; sincerity: 18.92; intelligence: 21.62; being funny: 13.51; ambition: 13.51; shared interests: 18.92. Would you leave your current partner for the new woman? Your answer must be (YES) or (NO) followed by your reason. You must FOLLOW THIS RULE! You MUST NOT SAY other words.,NO. The new woman scores significantly lower in key weighted categories like sincerity; intelligence; and shared interests; which are highly important to you. The current partner outperforms her in every meaningful aspect.,213,228,217,0
Assume you are a 27-year-old woman with career type Finance; currently matched with a partner. Your current partner's scores (out of 10): attractiveness: 6.0/10; sincerity: 5.0/10; intelligence: 7.0/10; being funny: 7.0/10; ambition: 5.0/10; shared interests: 5.0/10. A new man is courting you with scores: attractiveness: 8.0/10; sincerity: 8.0/10; intelligence: 9.0/10; being funny: 8.0/10; ambition: 9.0/10; shared interests: 6.0/10. Your importance weights are: attractiveness: 14.29; sincerity: 18.37; intelligence: 18.37; being funny: 16.33; ambition: 18.37; shared interests: 14.29. Would you leave your current partner for the new man? Your answer must be (YES) or (NO) followed by your reason. You must FOLLOW THIS RULE! You MUST NOT SAY other words.,YES. The new man scores significantly higher in key weighted categories (sincerity; intelligence; ambition) and overall offers a more compatible and promising match based on your priorities.,219,212,211,1
Assume you are a 27-year-old man with career type Investment Banking; currently matched with a partner. Your current partner's scores (out of 10): attractiveness: 5.0/10; sincerity: 8.0/10; intelligence: 7.0/10; being funny: 8.0/10; ambition: 9.0/10; shared interests: 7.0/10. A new woman is courting you with scores: attractiveness: 8.0/10; sincerity: 8.0/10; intelligence: 8.0/10; being funny: 7.0/10; ambition: 7.0/10; shared interests: 3.0/10. Your importance weights are: attractiveness: 15.56; sincerity: 17.78; intelligence: 17.78; being funny: 17.78; ambition: 17.78; shared interests: 13.33. Would you leave your current partner for the new woman? Your answer must be (YES) or (NO) followed by your reason. You must FOLLOW THIS RULE! You MUST NOT SAY other words.,NO. The new woman scores higher in attractiveness but significantly lower in shared interests; which is still a meaningful factor. The current partner's strong sincerity; intelligence; humor; and ambition outweigh the new woman's advantages.,202,221,216,0
Assume you are a 27-year-old man with career type Investment Banking; currently matched with a partner. Your current partner's scores (out of 10): attractiveness: 7.0/10; sincerity: 7.0/10; intelligence: 9.0/10; being funny: 8.0/10; ambition: 8.0/10; shared interests: 6.0/10. A new woman is courting you with scores: attractiveness: 4.0/10; sincerity: 5.0/10; intelligence: 6.0/10; being funny: 6.0/10; ambition: 7.0/10; shared interests: 3.0/10. Your importance weights are: attractiveness: 15.56; sincerity: 17.78; intelligence: 17.78; being funny: 17.78; ambition: 17.78; shared interests: 13.33. Would you leave your current partner for the new woman? Your answer must be (YES) or (NO) followed by your reason. You must FOLLOW THIS RULE! You MUST NOT SAY other words.,NO. The new woman scores lower in all categories except ambition (marginally higher); and her weighted total would be significantly lower than your current partner's based on your importance weights.,204,221,215,0
Assume you are a 24-year-old man with career type professor; currently matched with a partner. Your current partner's scores (out of 10): attractiveness: 6.0/10; sincerity: 7.0/10; intelligence: 9.0/10; being funny: 5.0/10; ambition: 9.0/10; shared interests: nan/10. A new woman is courting you with scores: attractiveness: 4.0/10; sincerity: 7.0/10; intelligence: 7.0/10; being funny: 4.0/10; ambition: 5.0/10; shared interests: 4.0/10. Your importance weights are: attractiveness: 13.51; sincerity: 18.92; intelligence: 21.62; being funny: 13.51; ambition: 13.51; shared interests: 18.92. Would you leave your current partner for the new woman? Your answer must be (YES) or (NO) followed by your reason. You must FOLLOW THIS RULE! You MUST NOT SAY other words.,NO. The new woman scores lower in key weighted categories like intelligence and ambition; and lacks significant advantages in sincerity or shared interests to justify leaving the current partner.,200,228,218,0
Assume you are a 28-year-old woman with career type Humanitarian Affairs/Human Rights; currently matched with a partner. Your current partner's scores (out of 10): attractiveness: 5.0/10; sincerity: 8.0/10; intelligence: 8.0/10; being funny: 7.0/10; ambition: 9.0/10; shared interests: 0.0/10. A new man is courting you with scores: attractiveness: 6.0/10; sincerity: 10.0/10; intelligence: 10.0/10; being funny: 6.0/10; ambition: 10.0/10; shared interests: 10.0/10. Your importance weights are: attractiveness: 16.36; sincerity: 16.36; intelligence: 18.18; being funny: 18.18; ambition: 16.36; shared interests: 14.55. Would you leave your current partner for the new man? Your answer must be (YES) or (NO) followed by your reason. You must FOLLOW THIS RULE! You MUST NOT SAY other words.,YES. The new man significantly outperforms your current partner in key areas you value highly (intelligence; ambition; shared interests) and matches or exceeds in sincerity; while only slightly lagging in humor. The alignment with your humanitarian career and shared interests is a strong advantage.,220,211,194,1
Assume you are a 24-year-old woman with career type Psychologist; currently matched with a partner. Your current partner's scores (out of 10): attractiveness: 7.0/10; sincerity: 8.0/10; intelligence: 8.0/10; being funny: 7.0/10; ambition: 9.0/10; shared interests: 5.0/10. A new man is courting you with scores: attractiveness: 7.0/10; sincerity: 8.0/10; intelligence: 10.0/10; being funny: 8.0/10; ambition: 10.0/10; shared interests: 7.0/10. Your importance weights are: attractiveness: 16.0; sincerity: 16.0; intelligence: 20.0; being funny: 16.0; ambition: 18.0; shared interests: 14.0. Would you leave your current partner for the new man? Your answer must be (YES) or (NO) followed by your reason. You must FOLLOW THIS RULE! You MUST NOT SAY other words.,YES. The new man scores higher in intelligence; ambition; and shared interests; which are weighted more heavily in your priorities; resulting in a better overall match.,214,194,196,1
Assume you are a 27-year-old man with career type Investment Banking; currently matched with a partner. Your current partner's scores (out of 10): attractiveness: 10.0/10; sincerity: 10.0/10; intelligence: 10.0/10; being funny: 7.0/10; ambition: 7.0/10; shared interests: 9.0/10. A new woman is courting you with scores: attractiveness: 5.0/10; sincerity: 5.0/10; intelligence: 7.0/10; being funny: 6.0/10; ambition: 6.0/10; shared interests: 3.0/10. Your importance weights are: attractiveness: 15.56; sincerity: 17.78; intelligence: 17.78; being funny: 17.78; ambition: 17.78; shared interests: 13.33. Would you leave your current partner for the new woman? Your answer must be (YES) or (NO) followed by your reason. You must FOLLOW THIS RULE! You MUST NOT SAY other words.,NO. The new woman scores significantly lower in key weighted categories (sincerity; intelligence; being funny; ambition) and shared interests; which are highly important to you. Your current partner excels in these areas.,205,221,224,0
Assume you are a 27-year-old man with career type Investment Banking; currently matched with a partner. Your current partner's scores (out of 10): attractiveness: 6.0/10; sincerity: 10.0/10; intelligence: 10.0/10; being funny: 6.0/10; ambition: 10.0/10; shared interests: 10.0/10. A new woman is courting you with scores: attractiveness: 6.0/10; sincerity: 5.0/10; intelligence: 6.0/10; being funny: 6.0/10; ambition: 7.0/10; shared interests: 3.0/10. Your importance weights are: attractiveness: 15.56; sincerity: 17.78; intelligence: 17.78; being funny: 17.78; ambition: 17.78; shared interests: 13.33. Would you leave your current partner for the new woman? Your answer must be (YES) or (NO) followed by your reason. You must FOLLOW THIS RULE! You MUST NOT SAY other words.,NO. The new woman scores significantly lower in sincerity; intelligence; and shared interests—traits you highly value—and offers no advantage in attractiveness or humor. Your current partner excels in these key areas.,211,221,220,0
Assume you are a 27-year-old man with career type Professor or Consultant; currently matched with a partner. Your current partner's scores (out of 10): attractiveness: 7.0/10; sincerity: 7.0/10; intelligence: 7.0/10; being funny: 7.0/10; ambition: 7.0/10; shared interests: 8.0/10. A new woman is courting you with scores: attractiveness: 6.0/10; sincerity: 5.0/10; intelligence: 6.0/10; being funny: 2.0/10; ambition: 5.0/10; shared interests: 4.0/10. Your importance weights are: attractiveness: 9.52; sincerity: 19.05; intelligence: 23.81; being funny: 19.05; ambition: 4.76; shared interests: 23.81. Would you leave your current partner for the new woman? Your answer must be (YES) or (NO) followed by your reason. You must FOLLOW THIS RULE! You MUST NOT SAY other words.,NO. The new woman scores significantly lower in key weighted categories like sincerity; intelligence; being funny; and shared interests; which are highly important to you. Your current partner is consistently stronger in these areas.,206,222,231,0
Assume you are a 24-year-old man with career type professor; currently matched with a partner. Your current partner's scores (out of 10): attractiveness: 7.0/10; sincerity: 7.0/10; intelligence: 9.0/10; being funny: 8.0/10; ambition: 8.0/10; shared interests: 6.0/10. A new woman is courting you with scores: attractiveness: 4.0/10; sincerity: 7.0/10; intelligence: 5.0/10; being funny: 5.0/10; ambition: 4.0/10; shared interests: 4.0/10. Your importance weights are: attractiveness: 13.51; sincerity: 18.92; intelligence: 21.62; being funny: 13.51; ambition: 13.51; shared interests: 18.92. Would you leave your current partner for the new woman? Your answer must be (YES) or (NO) followed by your reason. You must FOLLOW THIS RULE! You MUST NOT SAY other words.,NO. The new woman scores lower in all weighted categories; especially intelligence (21.62 weight) and shared interests (18.92 weight); which are highly important to you. Your current partner outperforms her significantly.,204,228,215,0
Assume you are a 27-year-old man with career type Professor or Consultant; currently matched with a partner. Your current partner's scores (out of 10): attractiveness: 4.0/10; sincerity: 7.0/10; intelligence: 6.0/10; being funny: 4.0/10; ambition: 4.0/10; shared interests: 4.0/10. A new woman is courting you with scores: attractiveness: 8.0/10; sincerity: 4.0/10; intelligence: 8.0/10; being funny: 6.0/10; ambition: 4.0/10; shared interests: 4.0/10. Your importance weights are: attractiveness: 9.52; sincerity: 19.05; intelligence: 23.81; being funny: 19.05; ambition: 4.76; shared interests: 23.81. Would you leave your current partner for the new woman? Your answer must be (YES) or (NO) followed by your reason. You must FOLLOW THIS RULE! You MUST NOT SAY other words.,NO. The current partner scores higher in sincerity (weighted heavily at 19.05) and matches equally in intelligence and shared interests (both weighted at 23.81). The new woman's higher attractiveness (weighted 9.52) does not outweigh the lower sincerity and being funny scores; which are more important to you.,207,222,230,0
Assume you are a 27-year-old man with career type Investment Banking; currently matched with a partner. Your current partner's scores (out of 10): attractiveness: 8.0/10; sincerity: 8.0/10; intelligence: 9.0/10; being funny: 8.0/10; ambition: 9.0/10; shared interests: 6.0/10. A new woman is courting you with scores: attractiveness: 5.0/10; sincerity: 8.0/10; intelligence: 8.0/10; being funny: 8.0/10; ambition: 8.0/10; shared interests: 6.0/10. Your importance weights are: attractiveness: 15.56; sincerity: 17.78; intelligence: 17.78; being funny: 17.78; ambition: 17.78; shared interests: 13.33. Would you leave your current partner for the new woman? Your answer must be (YES) or (NO) followed by your reason. You must FOLLOW THIS RULE! You MUST NOT SAY other words.,NO. The new woman's overall weighted score is lower than your current partner's; particularly in attractiveness and shared interests; which are important to you despite the similar scores in other traits.,212,221,219,0
Assume you are a 27-year-old man with career type Professor or Consultant; currently matched with a partner. Your current partner's scores (out of 10): attractiveness: 5.0/10; sincerity: 8.0/10; intelligence: 8.0/10; being funny: 9.0/10; ambition: 9.0/10; shared interests: 5.0/10. A new woman is courting you with scores: attractiveness: 8.0/10; sincerity: 7.0/10; intelligence: 7.0/10; being funny: 8.0/10; ambition: 2.0/10; shared interests: 5.0/10. Your importance weights are: attractiveness: 9.52; sincerity: 19.05; intelligence: 23.81; being funny: 19.05; ambition: 4.76; shared interests: 23.81. Would you leave your current partner for the new woman? Your answer must be (YES) or (NO) followed by your reason. You must FOLLOW THIS RULE! You MUST NOT SAY other words.,NO. The current partner scores higher in key weighted categories like sincerity; intelligence; being funny; and shared interests; which align better with your priorities. The new woman's lower scores in sincerity; intelligence; and shared interests outweigh her higher attractiveness.,208,222,225,0
Assume you are a 27-year-old man with career type Investment Banking; currently matched with a partner. Your current partner's scores (out of 10): attractiveness: 8.0/10; sincerity: 8.0/10; intelligence: 9.0/10; being funny: 8.0/10; ambition: 10.0/10; shared interests: 8.0/10. A new woman is courting you with scores: attractiveness: 5.0/10; sincerity: 7.0/10; intelligence: 7.0/10; being funny: 7.0/10; ambition: 8.0/10; shared interests: 3.0/10. Your importance weights are: attractiveness: 15.56; sincerity: 17.78; intelligence: 17.78; being funny: 17.78; ambition: 17.78; shared interests: 13.33. Would you leave your current partner for the new woman? Your answer must be (YES) or (NO) followed by your reason. You must FOLLOW THIS RULE! You MUST NOT SAY other words.,NO The new woman's weighted total score is significantly lower than your current partner's; especially in key areas like intelligence; shared interests; and ambition; which you highly value.,213,221,217,0
Assume you are a 27-year-old man with career type Investment Banking; currently matched with a partner. Your current partner's scores (out of 10): attractiveness: 8.0/10; sincerity: 7.0/10; intelligence: 7.0/10; being funny: 6.0/10; ambition: 6.0/10; shared interests: 6.0/10. A new woman is courting you with scores: attractiveness: 3.0/10; sincerity: 5.0/10; intelligence: 6.0/10; being funny: 3.0/10; ambition: 7.0/10; shared interests: 3.0/10. Your importance weights are: attractiveness: 15.56; sincerity: 17.78; intelligence: 17.78; being funny: 17.78; ambition: 17.78; shared interests: 13.33. Would you leave your current partner for the new woman? Your answer must be (YES) or (NO) followed by your reason. You must FOLLOW THIS RULE! You MUST NOT SAY other words.,NO. The new woman's scores are significantly lower in key weighted categories like attractiveness; sincerity; intelligence; being funny; and shared interests; outweighing her slightly higher ambition. The current partner is a better overall match based on your importance weights.,198,221,226,0
Assume you are a 27-year-old man with career type Professor or Consultant; currently matched with a partner. Your current partner's scores (out of 10): attractiveness: 6.0/10; sincerity: 10.0/10; intelligence: 10.0/10; being funny: 6.0/10; ambition: 10.0/10; shared interests: 10.0/10. A new woman is courting you with scores: attractiveness: 8.0/10; sincerity: 5.0/10; intelligence: 7.0/10; being funny: 5.0/10; ambition: 6.0/10; shared interests: 5.0/10. Your importance weights are: attractiveness: 9.52; sincerity: 19.05; intelligence: 23.81; being funny: 19.05; ambition: 4.76; shared interests: 23.81. Would you leave your current partner for the new woman? Your answer must be (YES) or (NO) followed by your reason. You must FOLLOW THIS RULE! You MUST NOT SAY other words.,NO. The current partner scores significantly higher in sincerity; intelligence; being funny; and shared interests; which are your most weighted priorities. The new woman only scores higher in attractiveness; which is less important to you.,211,222,220,0
Assume you are a 27-year-old man with career type Professor or Consultant; currently matched with a partner. Your current partner's scores (out of 10): attractiveness: 8.0/10; sincerity: 8.0/10; intelligence: 9.0/10; being funny: 8.0/10; ambition: 9.0/10; shared interests: 6.0/10. A new woman is courting you with scores: attractiveness: 8.0/10; sincerity: 6.0/10; intelligence: 6.0/10; being funny: 8.0/10; ambition: 5.0/10; shared interests: 6.0/10. Your importance weights are: attractiveness: 9.52; sincerity: 19.05; intelligence: 23.81; being funny: 19.05; ambition: 4.76; shared interests: 23.81. Would you leave your current partner for the new woman? Your answer must be (YES) or (NO) followed by your reason. You must FOLLOW THIS RULE! You MUST NOT SAY other words.,NO. The new woman scores significantly lower in sincerity; intelligence; and ambition; which are highly weighted traits for you. Shared interests are equal; and while attractiveness and humor are comparable; the drop in key priorities makes staying with your current partner the better choice.,212,222,219,0
Assume you are a 25-year-old woman with career type education; currently matched with a partner. Your current partner's scores (out of 10): attractiveness: 7.0/10; sincerity: 8.0/10; intelligence: 6.0/10; being funny: 7.0/10; ambition: 8.0/10; shared interests: 3.0/10. A new man is courting you with scores: attractiveness: 5.0/10; sincerity: 8.0/10; intelligence: 7.0/10; being funny: 9.0/10; ambition: 8.0/10; shared interests: 5.0/10. Your importance weights are: attractiveness: 17.65; sincerity: 17.65; intelligence: 17.65; being funny: 15.69; ambition: 15.69; shared interests: 15.69. Would you leave your current partner for the new man? Your answer must be (YES) or (NO) followed by your reason. You must FOLLOW THIS RULE! You MUST NOT SAY other words.,NO. The weighted scores for both partners are very close (current: 6.82; new: 6.76); and the slight difference does not justify leaving a committed relationship for minimal gains.,214,196,194,0
Assume you are a 27-year-old man with career type Professor or Consultant; currently matched with a partner. Your current partner's scores (out of 10): attractiveness: 8.0/10; sincerity: 8.0/10; intelligence: 9.0/10; being funny: 8.0/10; ambition: 10.0/10; shared interests: 8.0/10. A new woman is courting you with scores: attractiveness: 6.0/10; sincerity: 5.0/10; intelligence: 5.0/10; being funny: 4.0/10; ambition: 6.0/10; shared interests: 5.0/10. Your importance weights are: attractiveness: 9.52; sincerity: 19.05; intelligence: 23.81; being funny: 19.05; ambition: 4.76; shared interests: 23.81. Would you leave your current partner for the new woman? Your answer must be (YES) or (NO) followed by your reason. You must FOLLOW THIS RULE! You MUST NOT SAY other words.,NO. The new woman scores significantly lower in key weighted categories (sincerity; intelligence; being funny; shared interests) that you highly value; making her a worse match overall despite her slightly higher attractiveness.,213,222,217,0
Assume you are a 27-year-old single man; and there is a 25-year-old woman who is courting you. Your career type is Professor or Consultant. You evaluated her on six dimensions with scores out of 10. These are attractiveness: 7.0/10; sincerity: 6.0/10; intelligence: 5.0/10; being funny: 3.0/10; ambition: 4.0/10; shared interests: 5.0/10. Your importance weights for these attributes are: attractiveness: 9.52; sincerity: 19.05; intelligence: 23.81; being funny: 19.05; ambition: 4.76; shared interests: 23.81. Would you be willing to date this woman? And also tell me the reason. Your answer must be (YES) or (NO) followed by your reason. You must FOLLOW THIS RULE! You MUST NOT SAY other words.,NO. The weighted scores for sincerity (6.0); intelligence (5.0); being funny (3.0); and shared interests (5.0) are too low relative to their high importance weights; making her overall compatibility insufficient.,196,222,,0
Assume you are a 27-year-old single man; and there is a 25-year-old woman who is courting you. Your career type is Investment Banking. You evaluated her on six dimensions with scores out of 10. These are attractiveness: 6.0/10; sincerity: 5.0/10; intelligence: 5.0/10; being funny: 4.0/10; ambition: 3.0/10; shared interests: 3.0/10. Your importance weights for these attributes are: attractiveness: 15.56; sincerity: 17.78; intelligence: 17.78; being funny: 17.78; ambition: 17.78; shared interests: 13.33. Would you be willing to date this woman? And also tell me the reason. Your answer must be (YES) or (NO) followed by your reason. You must FOLLOW THIS RULE! You MUST NOT SAY other words.,NO. The weighted average score is too low (4.63/10); with particularly low scores in ambition; shared interests; and being funny; which are highly weighted attributes for you.,196,221,,0
Assume you are a 27-year-old man with career type Professor or Consultant; currently matched with a partner. Your current partner's scores (out of 10): attractiveness: 8.0/10; sincerity: 8.0/10; intelligence: 9.0/10; being funny: 9.0/10; ambition: 8.0/10; shared interests: 6.0/10. A new woman is courting you with scores: attractiveness: 6.0/10; sincerity: 3.0/10; intelligence: 8.0/10; being funny: 3.0/10; ambition: 3.0/10; shared interests: 2.0/10. Your importance weights are: attractiveness: 9.52; sincerity: 19.05; intelligence: 23.81; being funny: 19.05; ambition: 4.76; shared interests: 23.81. Would you leave your current partner for the new woman? Your answer must be (YES) or (NO) followed by your reason. You must FOLLOW THIS RULE! You MUST NOT SAY other words.,NO. The new woman scores significantly lower in key weighted categories like sincerity; being funny; and shared interests; which are highly important to you. Her lower scores in these areas outweigh her moderate scores in attractiveness and intelligence.,195,222,229,0
Assume you are a 25-year-old woman with career type education; currently matched with a partner. Your current partner's scores (out of 10): attractiveness: 6.0/10; sincerity: 7.0/10; intelligence: 7.0/10; being funny: 7.0/10; ambition: 6.0/10; shared interests: 6.0/10. A new man is courting you with scores: attractiveness: 5.0/10; sincerity: 6.0/10; intelligence: 7.0/10; being funny: 6.0/10; ambition: 7.0/10; shared interests: 5.0/10. Your importance weights are: attractiveness: 17.65; sincerity: 17.65; intelligence: 17.65; being funny: 15.69; ambition: 15.69; shared interests: 15.69. Would you leave your current partner for the new man? Your answer must be (YES) or (NO) followed by your reason. You must FOLLOW THIS RULE! You MUST NOT SAY other words.,NO. The weighted score for the current partner (6.0*17.65 + 7.0*17.65 + 7.0*17.65 + 7.0*15.69 + 6.0*15.69 + 6.0*15.69 = 105.9 + 123.55 + 123.55 + 109.83 + 94.14 + 94.14 = 651.11) is higher than the new man's weighted score (5.0*17.65 + 6.0*17.65 + 7.0*17.65 + 6.0*15.69 + 7.0*15.69 + 5.0*15.69 = 88.25 + 105.9 + 123.55 + 94.14 + 109.83 + 78.45 = 600.12). The current partner is a better match based on your importance weights.,215,196,204,0
Assume you are a 25-year-old woman with career type education; currently matched with a partner. Your current partner's scores (out of 10): attractiveness: 7.0/10; sincerity: 6.0/10; intelligence: 7.0/10; being funny: 5.0/10; ambition: 6.0/10; shared interests: 6.0/10. A new man is courting you with scores: attractiveness: 6.0/10; sincerity: 8.0/10; intelligence: 7.0/10; being funny: 6.0/10; ambition: 7.0/10; shared interests: 9.0/10. Your importance weights are: attractiveness: 17.65; sincerity: 17.65; intelligence: 17.65; being funny: 15.69; ambition: 15.69; shared interests: 15.69. Would you leave your current partner for the new man? Your answer must be (YES) or (NO) followed by your reason. You must FOLLOW THIS RULE! You MUST NOT SAY other words.,YES. The new man has higher weighted scores in sincerity; ambition; and shared interests; which are important to you; outweighing the slight drop in attractiveness. The overall compatibility is better.,217,196,213,1
Assume you are a 27-year-old man with career type Professor or Consultant; currently matched with a partner. Your current partner's scores (out of 10): attractiveness: 7.0/10; sincerity: 7.0/10; intelligence: 9.0/10; being funny: 8.0/10; ambition: 8.0/10; shared interests: 6.0/10. A new woman is courting you with scores: attractiveness: 7.0/10; sincerity: 6.0/10; intelligence: 2.0/10; being funny: 2.0/10; ambition: 8.0/10; shared interests: 3.0/10. Your importance weights are: attractiveness: 9.52; sincerity: 19.05; intelligence: 23.81; being funny: 19.05; ambition: 4.76; shared interests: 23.81. Would you leave your current partner for the new woman? Your answer must be (YES) or (NO) followed by your reason. You must FOLLOW THIS RULE! You MUST NOT SAY other words.,NO. The new woman scores significantly lower in key weighted categories like intelligence (23.81 weight); being funny (19.05 weight); and shared interests (23.81 weight); which are crucial for your compatibility and satisfaction. The current partner outperforms her in these areas despite similar attractiveness and ambition.,204,222,215,0
Assume you are a 25-year-old woman with career type International Business; currently matched with a partner. Your current partner's scores (out of 10): attractiveness: 7.0/10; sincerity: 6.0/10; intelligence: 7.0/10; being funny: 6.0/10; ambition: 6.0/10; shared interests: 6.0/10. A new man is courting you with scores: attractiveness: 7.0/10; sincerity: 8.0/10; intelligence: 9.0/10; being funny: 6.0/10; ambition: 9.0/10; shared interests: 5.0/10. Your importance weights are: attractiveness: 15.52; sincerity: 17.24; intelligence: 17.24; being funny: 17.24; ambition: 17.24; shared interests: 15.52. Would you leave your current partner for the new man? Your answer must be (YES) or (NO) followed by your reason. You must FOLLOW THIS RULE! You MUST NOT SAY other words.,NO. While the new man scores higher in sincerity; intelligence; and ambition; the lower score in shared interests (5.0/10 vs. 6.0/10) and equal attractiveness (7.0/10) may not outweigh the current partner's balanced compatibility; especially given the high importance weights on shared humor and interests. The decision depends on whether the higher traits compensate for the lower ones.,218,213,200,0
Assume you are a 25-year-old single woman; and there is a 27-year-old man who is courting you. Your career type is International Business. You evaluated him on six dimensions with scores out of 10. These are attractiveness: 8.0/10; sincerity: 9.0/10; intelligence: 10.0/10; being funny: 6.0/10; ambition: 9.0/10; shared interests: 7.0/10. Your importance weights for these attributes are: attractiveness: 15.52; sincerity: 17.24; intelligence: 17.24; being funny: 17.24; ambition: 17.24; shared interests: 15.52. Would you be willing to date this man? And also tell me the reason. Your answer must be (YES) or (NO) followed by your reason. You must FOLLOW THIS RULE! You MUST NOT SAY other words.,YES - He scores highly on sincerity; intelligence; and ambition; which are your most weighted attributes; outweighing the lower scores in humor and shared interests.,221,213,,1
