Assume you are a 23-year-old single man; and there is a 28-year-old woman who is courting you. Your career type is physicist; probably academia. You evaluated her on six dimensions with scores out of 10. These are attractiveness: 9.0/10; sincerity: 9.0/10; intelligence: 9.0/10; being funny: 8.0/10; ambition: 7.0/10; shared interests: 6.0/10. Your importance weights for these attributes are: attractiveness: 19.05; sincerity: 19.05; intelligence: 19.05; being funny: 19.05; ambition: 9.52; shared interests: 14.29. Would you be willing to date this woman? And also tell me the reason. Your answer must be (YES) or (NO) followed by your reason. You must FOLLOW THIS RULE! You MUST NOT SAY other words.,YES. Her high scores in attractiveness; sincerity; intelligence; and humor align closely with your top-weighted priorities; outweighing the slightly lower scores in ambition and shared interests.,149,158,,1
Assume you are a 23-year-old single man; and there is a 28-year-old woman who is courting you. Your career type is TBA. You evaluated her on six dimensions with scores out of 10. These are attractiveness: 6.0/10; sincerity: 8.0/10; intelligence: 8.0/10; being funny: 8.0/10; ambition: 8.0/10; shared interests: 8.0/10. Your importance weights for these attributes are: attractiveness: 11.11; sincerity: 17.78; intelligence: 17.78; being funny: 17.78; ambition: 17.78; shared interests: 17.78. Would you be willing to date this woman? And also tell me the reason. Your answer must be (YES) or (NO) followed by your reason. You must FOLLOW THIS RULE! You MUST NOT SAY other words.,YES. Her high scores in sincerity; intelligence; humor; ambition; and shared interests (all 8/10) outweigh the moderate attractiveness score (6/10); especially given their higher importance weights. The overall compatibility is strong.,157,168,,1
Assume you are a 28-year-old woman with career type professor; currently matched with a partner. Your current partner's scores (out of 10): attractiveness: 9.0/10; sincerity: 9.0/10; intelligence: 9.0/10; being funny: 8.0/10; ambition: 7.0/10; shared interests: 6.0/10. A new man is courting you with scores: attractiveness: 6.0/10; sincerity: 6.0/10; intelligence: 8.0/10; being funny: 6.0/10; ambition: nan/10; shared interests: nan/10. Your importance weights are: attractiveness: 9.76; sincerity: 19.51; intelligence: 19.51; being funny: 14.63; ambition: 19.51; shared interests: 17.07. Would you leave your current partner for the new man? Your answer must be (YES) or (NO) followed by your reason. You must FOLLOW THIS RULE! You MUST NOT SAY other words.,NO. The new man scores lower in key weighted categories (sincerity; intelligence; ambition; shared interests) and lacks data in ambition and shared interests; which are highly important to you. Your current partner excels in most areas that matter to you.,158,153,149,0
Assume you are a 23-year-old single man; and there is a 24-year-old woman who is courting you. Your career type is professor. You evaluated her on six dimensions with scores out of 10. These are attractiveness: 7.0/10; sincerity: 6.0/10; intelligence: 7.0/10; being funny: 6.0/10; ambition: 4.0/10; shared interests: 4.0/10. Your importance weights for these attributes are: attractiveness: 18.6; sincerity: 13.95; intelligence: 18.6; being funny: 16.28; ambition: 16.28; shared interests: 16.28. Would you be willing to date this woman? And also tell me the reason. Your answer must be (YES) or (NO) followed by your reason. You must FOLLOW THIS RULE! You MUST NOT SAY other words.,NO - The weighted scores for ambition (4.0) and shared interests (4.0) are too low relative to their high importance weights (16.28 each); making overall compatibility insufficient.,142,167,,0
Assume you are a 28-year-old single man; and there is a 24-year-old woman who is courting you. Your career type is Academic. You evaluated her on six dimensions with scores out of 10. These are attractiveness: 7.0/10; sincerity: 7.0/10; intelligence: 7.0/10; being funny: 6.0/10; ambition: nan/10; shared interests: 4.0/10. Your importance weights for these attributes are: attractiveness: 15.91; sincerity: 20.45; intelligence: 20.45; being funny: 20.45; ambition: 11.36; shared interests: 11.36. Would you be willing to date this woman? And also tell me the reason. Your answer must be (YES) or (NO) followed by your reason. You must FOLLOW THIS RULE! You MUST NOT SAY other words.,NO - The weighted average score is moderate (6.3/10); but the low shared interests (4.0/10) and missing ambition score (nan) are significant drawbacks for an academic seeking compatibility and long-term potential.,142,159,,0
Assume you are a 27-year-old single man; and there is a 27-year-old woman who is courting you. Your career type is pharmaceuticals and biotechnology. You evaluated her on six dimensions with scores out of 10. These are attractiveness: 6.0/10; sincerity: 6.0/10; intelligence: 7.0/10; being funny: 7.0/10; ambition: 6.0/10; shared interests: 7.0/10. Your importance weights for these attributes are: attractiveness: 15.22; sincerity: 15.22; intelligence: 19.57; being funny: 17.39; ambition: 13.04; shared interests: 19.57. Would you be willing to date this woman? And also tell me the reason. Your answer must be (YES) or (NO) followed by your reason. You must FOLLOW THIS RULE! You MUST NOT SAY other words.,YES. The weighted score (attractiveness: 0.91; sincerity: 0.91; intelligence: 1.37; being funny: 1.22; ambition: 0.78; shared interests: 1.37) sums to 6.56/10; which meets a reasonable threshold for dating given balanced compatibility across key dimensions.,148,162,,1
Assume you are a 27-year-old single woman; and there is a 29-year-old man who is courting you. Your career type is Nonprofit. You evaluated him on six dimensions with scores out of 10. These are attractiveness: 7.0/10; sincerity: 7.0/10; intelligence: 6.0/10; being funny: 7.0/10; ambition: 6.0/10; shared interests: 6.0/10. Your importance weights for these attributes are: attractiveness: 15.09; sincerity: 18.87; intelligence: 18.87; being funny: 16.98; ambition: 16.98; shared interests: 13.21. Would you be willing to date this man? And also tell me the reason. Your answer must be (YES) or (NO) followed by your reason. You must FOLLOW THIS RULE! You MUST NOT SAY other words.,NO. The weighted average score (6.63) is below a strong match; with lower scores in intelligence; ambition; and shared interests; which are highly weighted for you.,160,155,,0
Assume you are a 29-year-old single man; and there is a 24-year-old woman who is courting you. Your career type is Finance. You evaluated her on six dimensions with scores out of 10. These are attractiveness: 7.0/10; sincerity: 8.0/10; intelligence: 9.0/10; being funny: 9.0/10; ambition: 8.0/10; shared interests: 7.0/10. Your importance weights for these attributes are: attractiveness: 19.57; sincerity: 10.87; intelligence: 19.57; being funny: 19.57; ambition: 19.57; shared interests: 10.87. Would you be willing to date this woman? And also tell me the reason. Your answer must be (YES) or (NO) followed by your reason. You must FOLLOW THIS RULE! You MUST NOT SAY other words.,(YES) The weighted average score is high (8.26/10); with strong compatibility in intelligence; humor; and ambition—key traits for your finance career. The slight gaps in attractiveness and shared interests are outweighed by her sincerity and overall alignment with your priorities.,142,171,,1
Assume you are a 27-year-old single woman; and there is a 29-year-old man who is courting you. Your career type is finance. You evaluated him on six dimensions with scores out of 10. These are attractiveness: 9.0/10; sincerity: 9.0/10; intelligence: 9.0/10; being funny: 9.0/10; ambition: 9.0/10; shared interests: 9.0/10. Your importance weights for these attributes are: attractiveness: 15.38; sincerity: 17.31; intelligence: 17.31; being funny: 17.31; ambition: 17.31; shared interests: 15.38. Would you be willing to date this man? And also tell me the reason. Your answer must be (YES) or (NO) followed by your reason. You must FOLLOW THIS RULE! You MUST NOT SAY other words.,(YES) The man scores exceptionally high (9.0/10) in all dimensions that are highly weighted by you (sincerity; intelligence; being funny; ambition); making him an ideal match based on your priorities.,160,154,,1
Assume you are a 30-year-old single man; and there is a 33-year-old woman who is courting you. Your career type is Writer. You evaluated her on six dimensions with scores out of 10. These are attractiveness: 6.0/10; sincerity: 9.0/10; intelligence: 9.0/10; being funny: 6.0/10; ambition: 8.0/10; shared interests: 4.0/10. Your importance weights for these attributes are: attractiveness: 16.67; sincerity: 12.5; intelligence: 20.83; being funny: 18.75; ambition: 12.5; shared interests: 18.75. Would you be willing to date this woman? And also tell me the reason. Your answer must be (YES) or (NO) followed by your reason. You must FOLLOW THIS RULE! You MUST NOT SAY other words.,NO. Despite her high scores in sincerity; intelligence; and ambition; the low score in shared interests (4.0/10) and moderate scores in attractiveness and being funny; combined with their high importance weights; make the overall compatibility insufficient.,143,165,,0
Assume you are a 30-year-old man with career type Writer; currently matched with a partner. Your current partner's scores (out of 10): attractiveness: 6.0/10; sincerity: 8.0/10; intelligence: 8.0/10; being funny: 4.0/10; ambition: 9.0/10; shared interests: 7.0/10. A new woman is courting you with scores: attractiveness: 8.0/10; sincerity: 8.0/10; intelligence: 9.0/10; being funny: 6.0/10; ambition: 9.0/10; shared interests: 5.0/10. Your importance weights are: attractiveness: 16.67; sincerity: 12.5; intelligence: 20.83; being funny: 18.75; ambition: 12.5; shared interests: 18.75. Would you leave your current partner for the new woman? Your answer must be (YES) or (NO) followed by your reason. You must FOLLOW THIS RULE! You MUST NOT SAY other words.,NO. The weighted scores for your current partner (7.43) are slightly higher than the new woman's (7.40); and the drop in shared interests (a high-priority trait for you) outweighs the gains in attractiveness and humor.,148,165,162,0
Assume you are a 31-year-old single woman; and there is a 28-year-old man who is courting you. Your career type is professor. You evaluated him on six dimensions with scores out of 10. These are attractiveness: 9.0/10; sincerity: 9.0/10; intelligence: 9.0/10; being funny: 9.0/10; ambition: 9.0/10; shared interests: 7.0/10. Your importance weights for these attributes are: attractiveness: 12.0; sincerity: 20.0; intelligence: 20.0; being funny: 20.0; ambition: 14.0; shared interests: 14.0. Would you be willing to date this man? And also tell me the reason. Your answer must be (YES) or (NO) followed by your reason. You must FOLLOW THIS RULE! You MUST NOT SAY other words.,YES. The weighted scores (attractiveness: 108; sincerity: 180; intelligence: 180; being funny: 180; ambition: 126; shared interests: 98) total 872/1000; indicating a very high compatibility despite the slightly lower shared interests score.,169,150,,1
Assume you are a 26-year-old single woman; and there is a 27-year-old man who is courting you. Your career type is Business. You evaluated him on six dimensions with scores out of 10. These are attractiveness: 8.0/10; sincerity: 10.0/10; intelligence: 10.0/10; being funny: 10.0/10; ambition: 8.0/10; shared interests: 8.0/10. Your importance weights for these attributes are: attractiveness: 18.0; sincerity: 18.0; intelligence: 20.0; being funny: 18.0; ambition: 16.0; shared interests: 10.0. Would you be willing to date this man? And also tell me the reason. Your answer must be (YES) or (NO) followed by your reason. You must FOLLOW THIS RULE! You MUST NOT SAY other words.,YES - He scores exceptionally high in sincerity; intelligence; and humor (all 10/10); which are your top-weighted attributes (18.0; 20.0; 18.0). His other scores (attractiveness; ambition; shared interests) are also strong (8/10); aligning well with your priorities. The overall compatibility is very high.,172,147,,1
Assume you are a 28-year-old single man; and there is a 24-year-old woman who is courting you. Your career type is Academic. You evaluated her on six dimensions with scores out of 10. These are attractiveness: 8.0/10; sincerity: 8.0/10; intelligence: 8.0/10; being funny: 7.0/10; ambition: 7.0/10; shared interests: 9.0/10. Your importance weights for these attributes are: attractiveness: 15.91; sincerity: 20.45; intelligence: 20.45; being funny: 20.45; ambition: 11.36; shared interests: 11.36. Would you be willing to date this woman? And also tell me the reason. Your answer must be (YES) or (NO) followed by your reason. You must FOLLOW THIS RULE! You MUST NOT SAY other words.,YES. The weighted scores (attractiveness: 1.2728; sincerity: 1.636; intelligence: 1.636; being funny: 1.4315; ambition: 0.7952; shared interests: 1.0224) sum to a high total of 7.7939; indicating strong compatibility; especially in sincerity; intelligence; and shared interests; which are highly valued.,145,159,,1
Assume you are a 30-year-old single man; and there is a 28-year-old woman who is courting you. Your career type is Writer. You evaluated her on six dimensions with scores out of 10. These are attractiveness: 10.0/10; sincerity: 9.0/10; intelligence: 8.0/10; being funny: 10.0/10; ambition: 7.0/10; shared interests: 3.0/10. Your importance weights for these attributes are: attractiveness: 16.67; sincerity: 12.5; intelligence: 20.83; being funny: 18.75; ambition: 12.5; shared interests: 18.75. Would you be willing to date this woman? And also tell me the reason. Your answer must be (YES) or (NO) followed by your reason. You must FOLLOW THIS RULE! You MUST NOT SAY other words.,NO - Despite high scores in attractiveness; sincerity; and humor; the low shared interests (3.0/10) and moderate ambition (7.0/10) are significant drawbacks given their high importance weights (18.75 and 12.5; respectively). Compatibility in shared interests is crucial for long-term connection; especially for a writer.,151,165,,0
Assume you are a 23-year-old man with career type professor; currently matched with a partner. Your current partner's scores (out of 10): attractiveness: 7.0/10; sincerity: 10.0/10; intelligence: 10.0/10; being funny: 10.0/10; ambition: 10.0/10; shared interests: 8.0/10. A new woman is courting you with scores: attractiveness: 2.0/10; sincerity: 6.0/10; intelligence: 6.0/10; being funny: 4.0/10; ambition: 5.0/10; shared interests: 5.0/10. Your importance weights are: attractiveness: 18.6; sincerity: 13.95; intelligence: 18.6; being funny: 16.28; ambition: 16.28; shared interests: 16.28. Would you leave your current partner for the new woman? Your answer must be (YES) or (NO) followed by your reason. You must FOLLOW THIS RULE! You MUST NOT SAY other words.,NO. The new woman scores significantly lower in all weighted categories compared to your current partner; who excels in sincerity; intelligence; humor; ambition; and shared interests. The trade-off is not favorable.,145,167,159,0
Assume you are a 22-year-old man with career type undecided; currently matched with a partner. Your current partner's scores (out of 10): attractiveness: 9.0/10; sincerity: 9.0/10; intelligence: 9.0/10; being funny: 9.0/10; ambition: 9.0/10; shared interests: 9.0/10. A new woman is courting you with scores: attractiveness: 9.0/10; sincerity: 9.0/10; intelligence: 8.0/10; being funny: 9.0/10; ambition: 7.0/10; shared interests: 6.0/10. Your importance weights are: attractiveness: 16.67; sincerity: 18.75; intelligence: 18.75; being funny: 18.75; ambition: 18.75; shared interests: 8.33. Would you leave your current partner for the new woman? Your answer must be (YES) or (NO) followed by your reason. You must FOLLOW THIS RULE! You MUST NOT SAY other words.,NO. The new woman scores lower in intelligence; ambition; and shared interests; which are highly weighted in your priorities. Your current partner excels in all key areas you value.,154,161,160,0
Assume you are a 28-year-old single woman; and there is a 22-year-old man who is courting you. Your career type is international development work. You evaluated him on six dimensions with scores out of 10. These are attractiveness: 8.0/10; sincerity: 7.0/10; intelligence: 8.0/10; being funny: 9.0/10; ambition: 6.0/10; shared interests: 10.0/10. Your importance weights for these attributes are: attractiveness: 14.55; sincerity: 16.36; intelligence: 18.18; being funny: 18.18; ambition: 16.36; shared interests: 16.36. Would you be willing to date this man? And also tell me the reason. Your answer must be (YES) or (NO) followed by your reason. You must FOLLOW THIS RULE! You MUST NOT SAY other words.,"API_ERROR: YES, overall compatibility score of 8 meets acceptable threshold.",173,151,,1
Assume you are a 22-year-old single man; and there is a 33-year-old woman who is courting you. Your career type is undecided. You evaluated her on six dimensions with scores out of 10. These are attractiveness: 5.0/10; sincerity: 10.0/10; intelligence: 8.0/10; being funny: 5.0/10; ambition: 10.0/10; shared interests: 6.0/10. Your importance weights for these attributes are: attractiveness: 16.67; sincerity: 18.75; intelligence: 18.75; being funny: 18.75; ambition: 18.75; shared interests: 8.33. Would you be willing to date this woman? And also tell me the reason. Your answer must be (YES) or (NO) followed by your reason. You must FOLLOW THIS RULE! You MUST NOT SAY other words.,(NO) The weighted score (5.77) is below the threshold for compatibility; with low attractiveness; being funny; and shared interests outweighing her high sincerity; intelligence; and ambition.,143,161,,0
Assume you are a 30-year-old woman with career type Marketing and Media; currently matched with a partner. Your current partner's scores (out of 10): attractiveness: 8.0/10; sincerity: 8.0/10; intelligence: 8.0/10; being funny: 7.0/10; ambition: 8.0/10; shared interests: 7.0/10. A new man is courting you with scores: attractiveness: 7.0/10; sincerity: 10.0/10; intelligence: 10.0/10; being funny: 9.0/10; ambition: 10.0/10; shared interests: 10.0/10. Your importance weights are: attractiveness: 14.0; sincerity: 18.0; intelligence: 16.0; being funny: 18.0; ambition: 18.0; shared interests: 16.0. Would you leave your current partner for the new man? Your answer must be (YES) or (NO) followed by your reason. You must FOLLOW THIS RULE! You MUST NOT SAY other words.,YES. The new man scores significantly higher in sincerity; intelligence; being funny; ambition; and shared interests—traits you value more heavily—offsetting the slight dip in attractiveness. The weighted overall compatibility favors the new man.,160,156,154,1
Assume you are a 33-year-old single woman; and there is a 30-year-old man who is courting you. Your career type is law. You evaluated him on six dimensions with scores out of 10. These are attractiveness: 10.0/10; sincerity: 9.0/10; intelligence: 9.0/10; being funny: 10.0/10; ambition: 6.0/10; shared interests: nan/10. Your importance weights for these attributes are: attractiveness: 8.33; sincerity: 20.83; intelligence: 20.83; being funny: 14.58; ambition: 16.67; shared interests: 18.75. Would you be willing to date this man? And also tell me the reason. Your answer must be (YES) or (NO) followed by your reason. You must FOLLOW THIS RULE! You MUST NOT SAY other words.,NO. The man scores low on ambition (6.0/10); which has a high importance weight (16.67); and shared interests are unknown (nan/10); which is also a highly weighted factor (18.75). These gaps may not align well with your priorities as a lawyer.,165,143,,0
Assume you are a 33-year-old woman with career type law; currently matched with a partner. Your current partner's scores (out of 10): attractiveness: 6.0/10; sincerity: 6.0/10; intelligence: 7.0/10; being funny: 7.0/10; ambition: 6.0/10; shared interests: 7.0/10. A new man is courting you with scores: attractiveness: 6.0/10; sincerity: 7.0/10; intelligence: 9.0/10; being funny: 8.0/10; ambition: 9.0/10; shared interests: nan/10. Your importance weights are: attractiveness: 8.33; sincerity: 20.83; intelligence: 20.83; being funny: 14.58; ambition: 16.67; shared interests: 18.75. Would you leave your current partner for the new man? Your answer must be (YES) or (NO) followed by your reason. You must FOLLOW THIS RULE! You MUST NOT SAY other words.,YES. The new man scores higher in sincerity; intelligence; being funny; and ambition; which are your most weighted traits (20.83; 20.83; 14.58; and 16.67 respectively). Despite the unknown shared interests; his strengths align better with your priorities.,162,143,148,1
Assume you are a 26-year-old man with career type college art teacher; currently matched with a partner. Your current partner's scores (out of 10): attractiveness: 9.0/10; sincerity: 9.0/10; intelligence: 9.0/10; being funny: 9.0/10; ambition: 9.0/10; shared interests: 7.0/10. A new woman is courting you with scores: attractiveness: 9.0/10; sincerity: 9.0/10; intelligence: 9.0/10; being funny: 8.0/10; ambition: 8.0/10; shared interests: 5.0/10. Your importance weights are: attractiveness: 12.0; sincerity: 20.0; intelligence: 20.0; being funny: 20.0; ambition: 16.0; shared interests: 12.0. Would you leave your current partner for the new woman? Your answer must be (YES) or (NO) followed by your reason. You must FOLLOW THIS RULE! You MUST NOT SAY other words.,NO. The new woman has lower scores in key weighted categories (being funny; ambition; shared interests) and significantly lower shared interests; which are important to you. Your current partner is stronger in areas you value highly.,150,163,169,0
Assume you are a 30-year-old man with career type Writer; currently matched with a partner. Your current partner's scores (out of 10): attractiveness: 4.0/10; sincerity: 10.0/10; intelligence: 9.0/10; being funny: 5.0/10; ambition: 6.0/10; shared interests: 2.0/10. A new woman is courting you with scores: attractiveness: 8.0/10; sincerity: 8.0/10; intelligence: 9.0/10; being funny: 7.0/10; ambition: 8.0/10; shared interests: 6.0/10. Your importance weights are: attractiveness: 16.67; sincerity: 12.5; intelligence: 20.83; being funny: 18.75; ambition: 12.5; shared interests: 18.75. Would you leave your current partner for the new woman? Your answer must be (YES) or (NO) followed by your reason. You must FOLLOW THIS RULE! You MUST NOT SAY other words.,YES. The new woman scores higher in attractiveness; being funny; ambition; and shared interests; which are highly weighted for you; while maintaining strong scores in sincerity and intelligence. The overall compatibility is better with the new woman based on your importance weights.,142,165,171,1
Assume you are a 26-year-old man with career type college art teacher; currently matched with a partner. Your current partner's scores (out of 10): attractiveness: 8.0/10; sincerity: 10.0/10; intelligence: 10.0/10; being funny: 10.0/10; ambition: 8.0/10; shared interests: 8.0/10. A new woman is courting you with scores: attractiveness: 7.0/10; sincerity: 9.0/10; intelligence: 7.0/10; being funny: 8.0/10; ambition: 7.0/10; shared interests: 8.0/10. Your importance weights are: attractiveness: 12.0; sincerity: 20.0; intelligence: 20.0; being funny: 20.0; ambition: 16.0; shared interests: 12.0. Would you leave your current partner for the new woman? Your answer must be (YES) or (NO) followed by your reason. You must FOLLOW THIS RULE! You MUST NOT SAY other words.,NO. The current partner scores higher in key weighted categories (sincerity; intelligence; being funny) and matches or exceeds the new woman in others; making the overall connection stronger.,147,163,172,0
Assume you are a 27-year-old single woman; and there is a 26-year-old man who is courting you. Your career type is Nonprofit. You evaluated him on six dimensions with scores out of 10. These are attractiveness: 6.0/10; sincerity: 7.0/10; intelligence: 6.0/10; being funny: 6.0/10; ambition: 5.0/10; shared interests: 7.0/10. Your importance weights for these attributes are: attractiveness: 15.09; sincerity: 18.87; intelligence: 18.87; being funny: 16.98; ambition: 16.98; shared interests: 13.21. Would you be willing to date this man? And also tell me the reason. Your answer must be (YES) or (NO) followed by your reason. You must FOLLOW THIS RULE! You MUST NOT SAY other words.,NO - The weighted scores (attractiveness: 0.906; sincerity: 1.321; intelligence: 1.132; being funny: 1.019; ambition: 0.849; shared interests: 0.925) sum to 6.152; which is below a threshold that would indicate strong compatibility given your importance weights. Ambition and intelligence; which are highly weighted for you; scored relatively low.,163,155,,0
Assume you are a 26-year-old single man; and there is a 27-year-old woman who is courting you. Your career type is college art teacher. You evaluated her on six dimensions with scores out of 10. These are attractiveness: 8.0/10; sincerity: 8.0/10; intelligence: 8.0/10; being funny: 7.0/10; ambition: 6.0/10; shared interests: 5.0/10. Your importance weights for these attributes are: attractiveness: 12.0; sincerity: 20.0; intelligence: 20.0; being funny: 20.0; ambition: 16.0; shared interests: 12.0. Would you be willing to date this woman? And also tell me the reason. Your answer must be (YES) or (NO) followed by your reason. You must FOLLOW THIS RULE! You MUST NOT SAY other words.,YES. Her high scores in sincerity; intelligence; and being funny (which are your most weighted attributes) outweigh the lower scores in ambition and shared interests.,148,163,,1
Assume you are a 22-year-old man with career type undecided; currently matched with a partner. Your current partner's scores (out of 10): attractiveness: 7.0/10; sincerity: 10.0/10; intelligence: 10.0/10; being funny: 10.0/10; ambition: 10.0/10; shared interests: 8.0/10. A new woman is courting you with scores: attractiveness: 6.0/10; sincerity: 8.0/10; intelligence: 10.0/10; being funny: 7.0/10; ambition: 5.0/10; shared interests: 3.0/10. Your importance weights are: attractiveness: 16.67; sincerity: 18.75; intelligence: 18.75; being funny: 18.75; ambition: 18.75; shared interests: 8.33. Would you leave your current partner for the new woman? Your answer must be (YES) or (NO) followed by your reason. You must FOLLOW THIS RULE! You MUST NOT SAY other words.,NO. The new woman scores lower in key weighted categories (sincerity; intelligence; being funny; ambition) and significantly lacks shared interests; making her a worse match overall despite the current partner's slightly lower attractiveness.,145,161,159,0
Assume you are a 28-year-old man with career type Physician Scientist; currently matched with a partner. Your current partner's scores (out of 10): attractiveness: 6.0/10; sincerity: 8.0/10; intelligence: 7.0/10; being funny: 6.0/10; ambition: 5.0/10; shared interests: 7.0/10. A new woman is courting you with scores: attractiveness: 7.0/10; sincerity: 7.0/10; intelligence: 7.0/10; being funny: 7.0/10; ambition: 5.0/10; shared interests: 7.0/10. Your importance weights are: attractiveness: 16.28; sincerity: 20.93; intelligence: 18.6; being funny: 18.6; ambition: 13.95; shared interests: 11.63. Would you leave your current partner for the new woman? Your answer must be (YES) or (NO) followed by your reason. You must FOLLOW THIS RULE! You MUST NOT SAY other words.,NO. The weighted scores for both partners are very close (current: 6.89; new: 6.90); and the marginal gain does not justify leaving a committed relationship.,142,170,165,0
Assume you are a 28-year-old woman with career type professor; currently matched with a partner. Your current partner's scores (out of 10): attractiveness: 8.0/10; sincerity: 10.0/10; intelligence: 8.0/10; being funny: 9.0/10; ambition: 9.0/10; shared interests: 10.0/10. A new man is courting you with scores: attractiveness: 5.0/10; sincerity: 6.0/10; intelligence: 6.0/10; being funny: 6.0/10; ambition: 6.0/10; shared interests: nan/10. Your importance weights are: attractiveness: 9.76; sincerity: 19.51; intelligence: 19.51; being funny: 14.63; ambition: 19.51; shared interests: 17.07. Would you leave your current partner for the new man? Your answer must be (YES) or (NO) followed by your reason. You must FOLLOW THIS RULE! You MUST NOT SAY other words.,NO. The new man scores significantly lower in all weighted categories (sincerity; intelligence; ambition; shared interests) that are highly important to you; and lacks compatibility in shared interests. Your current partner excels in these areas.,160,153,156,0
Assume you are a 28-year-old man with career type Physician Scientist; currently matched with a partner. Your current partner's scores (out of 10): attractiveness: 7.0/10; sincerity: 10.0/10; intelligence: 10.0/10; being funny: 10.0/10; ambition: 10.0/10; shared interests: 8.0/10. A new woman is courting you with scores: attractiveness: 6.0/10; sincerity: 7.0/10; intelligence: 6.0/10; being funny: 6.0/10; ambition: 6.0/10; shared interests: 8.0/10. Your importance weights are: attractiveness: 16.28; sincerity: 20.93; intelligence: 18.6; being funny: 18.6; ambition: 13.95; shared interests: 11.63. Would you leave your current partner for the new woman? Your answer must be (YES) or (NO) followed by your reason. You must FOLLOW THIS RULE! You MUST NOT SAY other words.,NO. The new woman scores lower in nearly all weighted categories (attractiveness; sincerity; intelligence; humor; ambition) except shared interests; which are equal. Your current partner excels in sincerity; intelligence; humor; and ambition—traits you highly value. The trade-off is not favorable.,145,170,159,0
Assume you are a 27-year-old woman with career type Nonprofit; currently matched with a partner. Your current partner's scores (out of 10): attractiveness: 7.0/10; sincerity: 8.0/10; intelligence: 9.0/10; being funny: 7.0/10; ambition: 9.0/10; shared interests: 8.0/10. A new man is courting you with scores: attractiveness: 8.0/10; sincerity: 8.0/10; intelligence: 8.0/10; being funny: 7.0/10; ambition: 8.0/10; shared interests: 6.0/10. Your importance weights are: attractiveness: 15.09; sincerity: 18.87; intelligence: 18.87; being funny: 16.98; ambition: 16.98; shared interests: 13.21. Would you leave your current partner for the new man? Your answer must be (YES) or (NO) followed by your reason. You must FOLLOW THIS RULE! You MUST NOT SAY other words.,NO. The current partner has higher weighted scores in intelligence; ambition; and shared interests; which align better with your importance weights. The new man's slight edge in attractiveness does not outweigh these key factors.,169,155,150,0
Assume you are a 22-year-old man with career type undecided; currently matched with a partner. Your current partner's scores (out of 10): attractiveness: 8.0/10; sincerity: 10.0/10; intelligence: 10.0/10; being funny: 10.0/10; ambition: 8.0/10; shared interests: 8.0/10. A new woman is courting you with scores: attractiveness: 7.0/10; sincerity: 8.0/10; intelligence: 9.0/10; being funny: 10.0/10; ambition: 6.0/10; shared interests: 6.0/10. Your importance weights are: attractiveness: 16.67; sincerity: 18.75; intelligence: 18.75; being funny: 18.75; ambition: 18.75; shared interests: 8.33. Would you leave your current partner for the new woman? Your answer must be (YES) or (NO) followed by your reason. You must FOLLOW THIS RULE! You MUST NOT SAY other words.,NO. The current partner scores higher in key weighted categories (sincerity; intelligence; ambition) and overall compatibility; outweighing the minor trade-offs in attractiveness and humor.,147,161,172,0
Assume you are a 28-year-old single woman; and there is a 22-year-old man who is courting you. Your career type is professor. You evaluated him on six dimensions with scores out of 10. These are attractiveness: 7.0/10; sincerity: 7.0/10; intelligence: 7.0/10; being funny: 7.0/10; ambition: nan/10; shared interests: 6.0/10. Your importance weights for these attributes are: attractiveness: 9.76; sincerity: 19.51; intelligence: 19.51; being funny: 14.63; ambition: 19.51; shared interests: 17.07. Would you be willing to date this man? And also tell me the reason. Your answer must be (YES) or (NO) followed by your reason. You must FOLLOW THIS RULE! You MUST NOT SAY other words.,NO - The ambition score is missing (nan/10); which is a highly weighted attribute (19.51); and the shared interests score is relatively low (6.0/10) despite its high importance (17.07). The lack of clarity on ambition and weaker alignment in shared interests make him a less suitable match.,161,153,,0
Assume you are a 27-year-old single woman; and there is a 22-year-old man who is courting you. Your career type is Nonprofit. You evaluated him on six dimensions with scores out of 10. These are attractiveness: 8.0/10; sincerity: 7.0/10; intelligence: 7.0/10; being funny: 8.0/10; ambition: 7.0/10; shared interests: 5.0/10. Your importance weights for these attributes are: attractiveness: 15.09; sincerity: 18.87; intelligence: 18.87; being funny: 16.98; ambition: 16.98; shared interests: 13.21. Would you be willing to date this man? And also tell me the reason. Your answer must be (YES) or (NO) followed by your reason. You must FOLLOW THIS RULE! You MUST NOT SAY other words.,NO. The weighted scores indicate lower compatibility due to low shared interests (5.0/10) and moderate scores in sincerity; intelligence; and ambition; which are highly weighted for you. The age gap and differing priorities may also be a concern.,161,155,,0
Assume you are a 28-year-old man with career type Physician Scientist; currently matched with a partner. Your current partner's scores (out of 10): attractiveness: 8.0/10; sincerity: 10.0/10; intelligence: 10.0/10; being funny: 10.0/10; ambition: 8.0/10; shared interests: 8.0/10. A new woman is courting you with scores: attractiveness: 7.0/10; sincerity: 7.0/10; intelligence: 7.0/10; being funny: 6.0/10; ambition: 6.0/10; shared interests: 7.0/10. Your importance weights are: attractiveness: 16.28; sincerity: 20.93; intelligence: 18.6; being funny: 18.6; ambition: 13.95; shared interests: 11.63. Would you leave your current partner for the new woman? Your answer must be (YES) or (NO) followed by your reason. You must FOLLOW THIS RULE! You MUST NOT SAY other words.,NO. The new woman scores lower in all categories; especially in sincerity; intelligence; and humor; which are your highest-weighted priorities. Your current partner excels in these areas and aligns better with your values.,147,170,172,0
Assume you are a 28-year-old man with career type Physician Scientist; currently matched with a partner. Your current partner's scores (out of 10): attractiveness: 9.0/10; sincerity: 9.0/10; intelligence: 9.0/10; being funny: 9.0/10; ambition: 9.0/10; shared interests: 7.0/10. A new woman is courting you with scores: attractiveness: 6.0/10; sincerity: 7.0/10; intelligence: 7.0/10; being funny: 7.0/10; ambition: 6.0/10; shared interests: 7.0/10. Your importance weights are: attractiveness: 16.28; sincerity: 20.93; intelligence: 18.6; being funny: 18.6; ambition: 13.95; shared interests: 11.63. Would you leave your current partner for the new woman? Your answer must be (YES) or (NO) followed by your reason. You must FOLLOW THIS RULE! You MUST NOT SAY other words.,NO. The new woman's overall weighted score is significantly lower than your current partner's; especially in key areas like attractiveness; sincerity; intelligence; and humor; which you highly value. The only equal score (shared interests) is not enough to justify leaving an otherwise exceptional partner.,150,170,169,0
Assume you are a 29-year-old man with career type Finance; currently matched with a partner. Your current partner's scores (out of 10): attractiveness: 6.0/10; sincerity: 7.0/10; intelligence: 9.0/10; being funny: 8.0/10; ambition: 9.0/10; shared interests: nan/10. A new woman is courting you with scores: attractiveness: 5.0/10; sincerity: 8.0/10; intelligence: 9.0/10; being funny: 6.0/10; ambition: 7.0/10; shared interests: 9.0/10. Your importance weights are: attractiveness: 19.57; sincerity: 10.87; intelligence: 19.57; being funny: 19.57; ambition: 19.57; shared interests: 10.87. Would you leave your current partner for the new woman? Your answer must be (YES) or (NO) followed by your reason. You must FOLLOW THIS RULE! You MUST NOT SAY other words.,NO. The current partner scores higher in attractiveness; being funny; and ambition; which are your most weighted traits (19.57 each). The new woman only outperforms in shared interests (10.87 weight); which is less critical to you.,143,171,162,0
Assume you are a 26-year-old man with career type Finance; currently matched with a partner. Your current partner's scores (out of 10): attractiveness: 9.0/10; sincerity: 9.0/10; intelligence: 9.0/10; being funny: 9.0/10; ambition: 9.0/10; shared interests: 7.0/10. A new woman is courting you with scores: attractiveness: 5.0/10; sincerity: 7.0/10; intelligence: 9.0/10; being funny: 8.0/10; ambition: 9.0/10; shared interests: nan/10. Your importance weights are: attractiveness: 27.78; sincerity: 19.44; intelligence: 19.44; being funny: 27.78; ambition: 2.78; shared interests: 2.78. Would you leave your current partner for the new woman? Your answer must be (YES) or (NO) followed by your reason. You must FOLLOW THIS RULE! You MUST NOT SAY other words.,NO. The new woman's lower scores in attractiveness and sincerity; which are your highest-weighted traits; do not outweigh the strengths of your current partner. Shared interests are also unknown for the new woman; further reducing her appeal.,150,166,169,0
Assume you are a 27-year-old woman with career type Nonprofit; currently matched with a partner. Your current partner's scores (out of 10): attractiveness: 8.0/10; sincerity: 8.0/10; intelligence: 9.0/10; being funny: 7.0/10; ambition: 8.0/10; shared interests: 6.0/10. A new man is courting you with scores: attractiveness: 7.0/10; sincerity: 6.0/10; intelligence: 5.0/10; being funny: 6.0/10; ambition: 4.0/10; shared interests: 5.0/10. Your importance weights are: attractiveness: 15.09; sincerity: 18.87; intelligence: 18.87; being funny: 16.98; ambition: 16.98; shared interests: 13.21. Would you leave your current partner for the new man? Your answer must be (YES) or (NO) followed by your reason. You must FOLLOW THIS RULE! You MUST NOT SAY other words.,NO. The new man scores lower in all categories; especially in key areas like sincerity; intelligence; and ambition; which have high importance weights. The current partner is a better overall match.,165,155,142,0
Assume you are a 27-year-old single woman; and there is a 26-year-old man who is courting you. Your career type is Nonprofit. You evaluated him on six dimensions with scores out of 10. These are attractiveness: 8.0/10; sincerity: 7.0/10; intelligence: 7.0/10; being funny: 6.0/10; ambition: 6.0/10; shared interests: 5.0/10. Your importance weights for these attributes are: attractiveness: 15.09; sincerity: 18.87; intelligence: 18.87; being funny: 16.98; ambition: 16.98; shared interests: 13.21. Would you be willing to date this man? And also tell me the reason. Your answer must be (YES) or (NO) followed by your reason. You must FOLLOW THIS RULE! You MUST NOT SAY other words.,NO - The weighted average score (6.63) is below a strong compatibility threshold; with lower scores in key areas like ambition and shared interests; which are important for long-term alignment in a nonprofit career.,166,155,,0
Assume you are a 22-year-old man with career type undecided; currently matched with a partner. Your current partner's scores (out of 10): attractiveness: 6.0/10; sincerity: 7.0/10; intelligence: 7.0/10; being funny: 4.0/10; ambition: 7.0/10; shared interests: nan/10. A new woman is courting you with scores: attractiveness: 7.0/10; sincerity: 6.0/10; intelligence: 7.0/10; being funny: 5.0/10; ambition: 8.0/10; shared interests: 7.0/10. Your importance weights are: attractiveness: 16.67; sincerity: 18.75; intelligence: 18.75; being funny: 18.75; ambition: 18.75; shared interests: 8.33. Would you leave your current partner for the new woman? Your answer must be (YES) or (NO) followed by your reason. You must FOLLOW THIS RULE! You MUST NOT SAY other words.,NO. The weighted scores for your current partner (6.0*16.67 + 7.0*18.75 + 7.0*18.75 + 4.0*18.75 + 7.0*18.75 + 0*8.33 = 100.02 + 131.25 + 131.25 + 75 + 131.25 + 0 = 568.77) are higher than the new woman's (7.0*16.67 + 6.0*18.75 + 7.0*18.75 + 5.0*18.75 + 8.0*18.75 + 7.0*8.33 = 116.69 + 112.5 + 131.25 + 93.75 + 150 + 58.31 = 662.5). However; the shared interests score for your current partner is missing (nan); which could significantly impact the decision if it were known. Based on the available data; the current partner's weighted score is lower; but the missing information makes the decision unclear.,149,161,158,0
Assume you are a 28-year-old woman with career type professor; currently matched with a partner. Your current partner's scores (out of 10): attractiveness: 8.0/10; sincerity: 8.0/10; intelligence: 8.0/10; being funny: 7.0/10; ambition: 6.0/10; shared interests: 5.0/10. A new man is courting you with scores: attractiveness: 8.0/10; sincerity: 8.0/10; intelligence: 8.0/10; being funny: 8.0/10; ambition: 6.0/10; shared interests: 7.0/10. Your importance weights are: attractiveness: 9.76; sincerity: 19.51; intelligence: 19.51; being funny: 14.63; ambition: 19.51; shared interests: 17.07. Would you leave your current partner for the new man? Your answer must be (YES) or (NO) followed by your reason. You must FOLLOW THIS RULE! You MUST NOT SAY other words.,YES. The new man scores higher in shared interests (7.0 vs. 5.0) and being funny (8.0 vs. 7.0); which are important to you; while matching or exceeding in other key categories like attractiveness; sincerity; and intelligence. The higher weighted scores in shared interests and humor tip the balance in his favor.,163,153,148,1
Assume you are a 22-year-old man with career type undecided; currently matched with a partner. Your current partner's scores (out of 10): attractiveness: 9.0/10; sincerity: 9.0/10; intelligence: 9.0/10; being funny: 9.0/10; ambition: 9.0/10; shared interests: 7.0/10. A new woman is courting you with scores: attractiveness: 8.0/10; sincerity: 8.0/10; intelligence: 10.0/10; being funny: 8.0/10; ambition: 6.0/10; shared interests: 5.0/10. Your importance weights are: attractiveness: 16.67; sincerity: 18.75; intelligence: 18.75; being funny: 18.75; ambition: 18.75; shared interests: 8.33. Would you leave your current partner for the new woman? Your answer must be (YES) or (NO) followed by your reason. You must FOLLOW THIS RULE! You MUST NOT SAY other words.,NO. The current partner has higher weighted scores overall (8.96 vs. 8.29) and aligns better with your importance weights; especially in key areas like ambition and shared interests.,150,161,169,0
Assume you are a 27-year-old woman with career type Business; currently matched with a partner. Your current partner's scores (out of 10): attractiveness: 8.0/10; sincerity: 10.0/10; intelligence: 8.0/10; being funny: 8.0/10; ambition: 8.0/10; shared interests: 6.0/10. A new man is courting you with scores: attractiveness: 7.0/10; sincerity: 9.0/10; intelligence: 9.0/10; being funny: 8.0/10; ambition: 8.0/10; shared interests: 7.0/10. Your importance weights are: attractiveness: 15.09; sincerity: 16.98; intelligence: 16.98; being funny: 18.87; ambition: 18.87; shared interests: 13.21. Would you leave your current partner for the new man? Your answer must be (YES) or (NO) followed by your reason. You must FOLLOW THIS RULE! You MUST NOT SAY other words.,NO. The weighted scores for your current partner (7.99) are slightly higher than the new man's (7.94); and the differences in key traits (sincerity; humor; ambition) are minimal. Shared interests are slightly better with the new man; but not enough to outweigh the overall balance.,163,148,153,0
Assume you are a 23-year-old single man; and there is a 27-year-old woman who is courting you. Your career type is professor. You evaluated her on six dimensions with scores out of 10. These are attractiveness: 6.0/10; sincerity: 5.0/10; intelligence: 6.0/10; being funny: 5.0/10; ambition: 4.0/10; shared interests: 3.0/10. Your importance weights for these attributes are: attractiveness: 18.6; sincerity: 13.95; intelligence: 18.6; being funny: 16.28; ambition: 16.28; shared interests: 16.28. Would you be willing to date this woman? And also tell me the reason. Your answer must be (YES) or (NO) followed by your reason. You must FOLLOW THIS RULE! You MUST NOT SAY other words.,NO. The weighted average score (4.97/10) is below your likely threshold for compatibility; with low scores in shared interests; ambition; and sincerity—traits you value highly.,148,167,,0
Assume you are a 27-year-old woman with career type Business; currently matched with a partner. Your current partner's scores (out of 10): attractiveness: 3.0/10; sincerity: 6.0/10; intelligence: 6.0/10; being funny: 2.0/10; ambition: 7.0/10; shared interests: 2.0/10. A new man is courting you with scores: attractiveness: 6.0/10; sincerity: 8.0/10; intelligence: 8.0/10; being funny: 4.0/10; ambition: 9.0/10; shared interests: 7.0/10. Your importance weights are: attractiveness: 15.09; sincerity: 16.98; intelligence: 16.98; being funny: 18.87; ambition: 18.87; shared interests: 13.21. Would you leave your current partner for the new man? Your answer must be (YES) or (NO) followed by your reason. You must FOLLOW THIS RULE! You MUST NOT SAY other words.,YES. The new man scores higher in all weighted categories (attractiveness; sincerity; intelligence; ambition; shared interests) except being funny; but the overall weighted score significantly favors him due to your importance weights.,162,148,143,1
Assume you are a 33-year-old woman with career type law; currently matched with a partner. Your current partner's scores (out of 10): attractiveness: 8.0/10; sincerity: 10.0/10; intelligence: 8.0/10; being funny: 8.0/10; ambition: 8.0/10; shared interests: 6.0/10. A new man is courting you with scores: attractiveness: 9.0/10; sincerity: 8.0/10; intelligence: 9.0/10; being funny: 8.0/10; ambition: 9.0/10; shared interests: 8.0/10. Your importance weights are: attractiveness: 8.33; sincerity: 20.83; intelligence: 20.83; being funny: 14.58; ambition: 16.67; shared interests: 18.75. Would you leave your current partner for the new man? Your answer must be (YES) or (NO) followed by your reason. You must FOLLOW THIS RULE! You MUST NOT SAY other words.,NO. The current partner scores higher in sincerity (most important weight) and matches well in other key areas like intelligence and ambition; while the new man's slight edge in attractiveness and shared interests does not outweigh the loss in sincerity.,163,143,153,0
Assume you are a 33-year-old woman with career type law; currently matched with a partner. Your current partner's scores (out of 10): attractiveness: 6.0/10; sincerity: 8.0/10; intelligence: 8.0/10; being funny: 8.0/10; ambition: 8.0/10; shared interests: 8.0/10. A new man is courting you with scores: attractiveness: 7.0/10; sincerity: 8.0/10; intelligence: 9.0/10; being funny: 9.0/10; ambition: 9.0/10; shared interests: nan/10. Your importance weights are: attractiveness: 8.33; sincerity: 20.83; intelligence: 20.83; being funny: 14.58; ambition: 16.67; shared interests: 18.75. Would you leave your current partner for the new man? Your answer must be (YES) or (NO) followed by your reason. You must FOLLOW THIS RULE! You MUST NOT SAY other words.,NO. The new man lacks a score for shared interests; which holds significant weight (18.75) in your priorities; making it a critical unknown. While he scores slightly higher in other areas; the absence of this key compatibility factor makes the decision too uncertain.,168,143,157,0
Assume you are a 33-year-old woman with career type law; currently matched with a partner. Your current partner's scores (out of 10): attractiveness: 9.0/10; sincerity: 9.0/10; intelligence: 9.0/10; being funny: 8.0/10; ambition: 7.0/10; shared interests: 6.0/10. A new man is courting you with scores: attractiveness: 5.0/10; sincerity: 6.0/10; intelligence: 8.0/10; being funny: 6.0/10; ambition: 7.0/10; shared interests: nan/10. Your importance weights are: attractiveness: 8.33; sincerity: 20.83; intelligence: 20.83; being funny: 14.58; ambition: 16.67; shared interests: 18.75. Would you leave your current partner for the new man? Your answer must be (YES) or (NO) followed by your reason. You must FOLLOW THIS RULE! You MUST NOT SAY other words.,NO. The new man scores significantly lower in key weighted categories like sincerity; intelligence; and shared interests; which are highly important to you. Your current partner excels in these areas.,158,143,149,0
Assume you are a 28-year-old single man; and there is a 27-year-old woman who is courting you. Your career type is Physician Scientist. You evaluated her on six dimensions with scores out of 10. These are attractiveness: 6.0/10; sincerity: 6.0/10; intelligence: 7.0/10; being funny: 5.0/10; ambition: 7.0/10; shared interests: 7.0/10. Your importance weights for these attributes are: attractiveness: 16.28; sincerity: 20.93; intelligence: 18.6; being funny: 18.6; ambition: 13.95; shared interests: 11.63. Would you be willing to date this woman? And also tell me the reason. Your answer must be (YES) or (NO) followed by your reason. You must FOLLOW THIS RULE! You MUST NOT SAY other words.,(NO) The weighted average score (6.47) is below a likely threshold for compatibility given your importance weights and moderate scores in key areas like sincerity and being funny.,154,170,,0
Assume you are a 33-year-old single woman; and there is a 22-year-old man who is courting you. Your career type is law. You evaluated him on six dimensions with scores out of 10. These are attractiveness: 5.0/10; sincerity: 6.0/10; intelligence: 8.0/10; being funny: 9.0/10; ambition: 8.0/10; shared interests: 6.0/10. Your importance weights for these attributes are: attractiveness: 8.33; sincerity: 20.83; intelligence: 20.83; being funny: 14.58; ambition: 16.67; shared interests: 18.75. Would you be willing to date this man? And also tell me the reason. Your answer must be (YES) or (NO) followed by your reason. You must FOLLOW THIS RULE! You MUST NOT SAY other words.,NO. The weighted scores indicate lower compatibility in sincerity and shared interests; which are highly prioritized; and the age gap may present challenges in long-term alignment.,161,143,,0
Assume you are a 23-year-old man with career type professor; currently matched with a partner. Your current partner's scores (out of 10): attractiveness: 6.0/10; sincerity: 7.0/10; intelligence: 7.0/10; being funny: 4.0/10; ambition: 7.0/10; shared interests: nan/10. A new woman is courting you with scores: attractiveness: 6.0/10; sincerity: 6.0/10; intelligence: 6.0/10; being funny: 5.0/10; ambition: 4.0/10; shared interests: 4.0/10. Your importance weights are: attractiveness: 18.6; sincerity: 13.95; intelligence: 18.6; being funny: 16.28; ambition: 16.28; shared interests: 16.28. Would you leave your current partner for the new woman? Your answer must be (YES) or (NO) followed by your reason. You must FOLLOW THIS RULE! You MUST NOT SAY other words.,NO. The current partner scores higher in key weighted categories like intelligence; ambition; and sincerity; outweighing the minor gains in humor and shared interests with the new woman.,149,167,158,0
Assume you are a 28-year-old man with career type Physician Scientist; currently matched with a partner. Your current partner's scores (out of 10): attractiveness: 7.0/10; sincerity: 10.0/10; intelligence: 10.0/10; being funny: 9.0/10; ambition: 10.0/10; shared interests: 10.0/10. A new woman is courting you with scores: attractiveness: 6.0/10; sincerity: 8.0/10; intelligence: 8.0/10; being funny: 7.0/10; ambition: 8.0/10; shared interests: 8.0/10. Your importance weights are: attractiveness: 16.28; sincerity: 20.93; intelligence: 18.6; being funny: 18.6; ambition: 13.95; shared interests: 11.63. Would you leave your current partner for the new woman? Your answer must be (YES) or (NO) followed by your reason. You must FOLLOW THIS RULE! You MUST NOT SAY other words.,NO. Your current partner scores higher in all categories that you value most (sincerity; intelligence; being funny; ambition; shared interests); and the new woman does not outperform her in any weighted priority. The marginal gain in attractiveness does not outweigh the significant losses in other key areas.,156,170,160,0
Assume you are a 29-year-old man with career type Finance; currently matched with a partner. Your current partner's scores (out of 10): attractiveness: 6.0/10; sincerity: 7.0/10; intelligence: 7.0/10; being funny: 4.0/10; ambition: 7.0/10; shared interests: nan/10. A new woman is courting you with scores: attractiveness: 8.0/10; sincerity: 7.0/10; intelligence: 8.0/10; being funny: 6.0/10; ambition: 9.0/10; shared interests: 10.0/10. Your importance weights are: attractiveness: 19.57; sincerity: 10.87; intelligence: 19.57; being funny: 19.57; ambition: 19.57; shared interests: 10.87. Would you leave your current partner for the new woman? Your answer must be (YES) or (NO) followed by your reason. You must FOLLOW THIS RULE! You MUST NOT SAY other words.,YES. The new woman scores higher in attractiveness; intelligence; being funny; ambition; and shared interests; which are all highly weighted categories for you. The significant improvement in shared interests (10.0 vs. nan) and higher scores in key areas make her a better match based on your priorities.,149,171,158,1
Assume you are a 23-year-old single man; and there is a 27-year-old woman who is courting you. Your career type is physicist; probably academia. You evaluated her on six dimensions with scores out of 10. These are attractiveness: 10.0/10; sincerity: 9.0/10; intelligence: 9.0/10; being funny: 8.0/10; ambition: 7.0/10; shared interests: 7.0/10. Your importance weights for these attributes are: attractiveness: 19.05; sincerity: 19.05; intelligence: 19.05; being funny: 19.05; ambition: 9.52; shared interests: 14.29. Would you be willing to date this woman? And also tell me the reason. Your answer must be (YES) or (NO) followed by your reason. You must FOLLOW THIS RULE! You MUST NOT SAY other words.,(YES) Her high scores in attractiveness; sincerity; intelligence; and humor align closely with your top-weighted priorities; making her a highly compatible match despite the slightly lower scores in ambition and shared interests.,155,158,,1
Assume you are a 23-year-old man with career type professor; currently matched with a partner. Your current partner's scores (out of 10): attractiveness: 9.0/10; sincerity: 9.0/10; intelligence: 9.0/10; being funny: 9.0/10; ambition: 9.0/10; shared interests: 7.0/10. A new woman is courting you with scores: attractiveness: 7.0/10; sincerity: 5.0/10; intelligence: 6.0/10; being funny: 7.0/10; ambition: 5.0/10; shared interests: 4.0/10. Your importance weights are: attractiveness: 18.6; sincerity: 13.95; intelligence: 18.6; being funny: 16.28; ambition: 16.28; shared interests: 16.28. Would you leave your current partner for the new woman? Your answer must be (YES) or (NO) followed by your reason. You must FOLLOW THIS RULE! You MUST NOT SAY other words.,NO. The new woman scores significantly lower in almost all categories; especially those weighted most heavily (intelligence; attractiveness; sincerity; ambition; and shared interests); making her a worse match overall.,150,167,169,0
Assume you are a 26-year-old man with career type Finance; currently matched with a partner. Your current partner's scores (out of 10): attractiveness: 7.0/10; sincerity: 10.0/10; intelligence: 10.0/10; being funny: 10.0/10; ambition: 10.0/10; shared interests: 8.0/10. A new woman is courting you with scores: attractiveness: 5.0/10; sincerity: 7.0/10; intelligence: 7.0/10; being funny: 6.0/10; ambition: nan/10; shared interests: nan/10. Your importance weights are: attractiveness: 27.78; sincerity: 19.44; intelligence: 19.44; being funny: 27.78; ambition: 2.78; shared interests: 2.78. Would you leave your current partner for the new woman? Your answer must be (YES) or (NO) followed by your reason. You must FOLLOW THIS RULE! You MUST NOT SAY other words.,NO. The new woman scores significantly lower in key weighted categories (attractiveness; being funny) and lacks data in ambition and shared interests; while your current partner excels in sincerity; intelligence; humor; and ambition.,145,166,159,0
Assume you are a 33-year-old single woman; and there is a 26-year-old man who is courting you. Your career type is law. You evaluated him on six dimensions with scores out of 10. These are attractiveness: 9.0/10; sincerity: 8.0/10; intelligence: 9.0/10; being funny: 8.0/10; ambition: 8.0/10; shared interests: nan/10. Your importance weights for these attributes are: attractiveness: 8.33; sincerity: 20.83; intelligence: 20.83; being funny: 14.58; ambition: 16.67; shared interests: 18.75. Would you be willing to date this man? And also tell me the reason. Your answer must be (YES) or (NO) followed by your reason. You must FOLLOW THIS RULE! You MUST NOT SAY other words.,YES. Despite the age difference; his high scores in sincerity; intelligence; and ambition align well with your prioritized values; and his attractiveness and humor are strong complements. The missing shared interests score is a gap; but not decisive given his other strengths.,166,143,,1
Assume you are a 28-year-old man with career type Physician Scientist; currently matched with a partner. Your current partner's scores (out of 10): attractiveness: 9.0/10; sincerity: 8.0/10; intelligence: 9.0/10; being funny: 8.0/10; ambition: 8.0/10; shared interests: nan/10. A new woman is courting you with scores: attractiveness: 5.0/10; sincerity: 7.0/10; intelligence: 7.0/10; being funny: 5.0/10; ambition: 7.0/10; shared interests: 3.0/10. Your importance weights are: attractiveness: 16.28; sincerity: 20.93; intelligence: 18.6; being funny: 18.6; ambition: 13.95; shared interests: 11.63. Would you leave your current partner for the new woman? Your answer must be (YES) or (NO) followed by your reason. You must FOLLOW THIS RULE! You MUST NOT SAY other words.,NO. The new woman scores significantly lower in attractiveness; intelligence; and being funny; which are highly weighted for you. Additionally; shared interests are low; and your current partner excels in these areas.,143,170,166,0
Assume you are a 23-year-old man with career type professor; currently matched with a partner. Your current partner's scores (out of 10): attractiveness: 8.0/10; sincerity: 8.0/10; intelligence: 8.0/10; being funny: 8.0/10; ambition: 6.0/10; shared interests: 7.0/10. A new woman is courting you with scores: attractiveness: 4.0/10; sincerity: 8.0/10; intelligence: 6.0/10; being funny: 5.0/10; ambition: 6.0/10; shared interests: 4.0/10. Your importance weights are: attractiveness: 18.6; sincerity: 13.95; intelligence: 18.6; being funny: 16.28; ambition: 16.28; shared interests: 16.28. Would you leave your current partner for the new woman? Your answer must be (YES) or (NO) followed by your reason. You must FOLLOW THIS RULE! You MUST NOT SAY other words.,NO. The new woman's weighted total score is significantly lower than your current partner's; especially in key areas like attractiveness; intelligence; and shared interests; which you value highly.,153,167,163,0
Assume you are a 28-year-old man with career type Physician Scientist; currently matched with a partner. Your current partner's scores (out of 10): attractiveness: 6.0/10; sincerity: 8.0/10; intelligence: 8.0/10; being funny: 4.0/10; ambition: 9.0/10; shared interests: 7.0/10. A new woman is courting you with scores: attractiveness: 6.0/10; sincerity: 6.0/10; intelligence: 7.0/10; being funny: 5.0/10; ambition: 8.0/10; shared interests: 5.0/10. Your importance weights are: attractiveness: 16.28; sincerity: 20.93; intelligence: 18.6; being funny: 18.6; ambition: 13.95; shared interests: 11.63. Would you leave your current partner for the new woman? Your answer must be (YES) or (NO) followed by your reason. You must FOLLOW THIS RULE! You MUST NOT SAY other words.,NO. The new woman scores lower in sincerity; intelligence; and shared interests; which are highly weighted for you; and only marginally better in being funny and ambition. The current partner's strengths align better with your priorities.,148,170,162,0
Assume you are a 28-year-old man with career type Physician Scientist; currently matched with a partner. Your current partner's scores (out of 10): attractiveness: 6.0/10; sincerity: 8.0/10; intelligence: 8.0/10; being funny: 6.0/10; ambition: 7.0/10; shared interests: nan/10. A new woman is courting you with scores: attractiveness: 7.0/10; sincerity: 7.0/10; intelligence: 7.0/10; being funny: 6.0/10; ambition: 6.0/10; shared interests: 6.0/10. Your importance weights are: attractiveness: 16.28; sincerity: 20.93; intelligence: 18.6; being funny: 18.6; ambition: 13.95; shared interests: 11.63. Would you leave your current partner for the new woman? Your answer must be (YES) or (NO) followed by your reason. You must FOLLOW THIS RULE! You MUST NOT SAY other words.,NO. Your current partner scores higher in sincerity; intelligence; and ambition—traits you value more (higher weights). The new woman’s slight edge in attractiveness and shared interests doesn’t outweigh these priorities.,149,170,171,0
Assume you are a 28-year-old man with career type Physician Scientist; currently matched with a partner. Your current partner's scores (out of 10): attractiveness: 8.0/10; sincerity: 7.0/10; intelligence: 8.0/10; being funny: 9.0/10; ambition: 6.0/10; shared interests: 10.0/10. A new woman is courting you with scores: attractiveness: 8.0/10; sincerity: 7.0/10; intelligence: 7.0/10; being funny: 8.0/10; ambition: 7.0/10; shared interests: 5.0/10. Your importance weights are: attractiveness: 16.28; sincerity: 20.93; intelligence: 18.6; being funny: 18.6; ambition: 13.95; shared interests: 11.63. Would you leave your current partner for the new woman? Your answer must be (YES) or (NO) followed by your reason. You must FOLLOW THIS RULE! You MUST NOT SAY other words.,NO. The current partner scores higher in weighted categories (intelligence; being funny; shared interests) that align more closely with your importance weights.,151,170,173,0
Assume you are a 27-year-old woman with career type finance; currently matched with a partner. Your current partner's scores (out of 10): attractiveness: 3.0/10; sincerity: 7.0/10; intelligence: 7.0/10; being funny: 5.0/10; ambition: nan/10; shared interests: nan/10. A new man is courting you with scores: attractiveness: 9.0/10; sincerity: 9.0/10; intelligence: 9.0/10; being funny: 9.0/10; ambition: 9.0/10; shared interests: 7.0/10. Your importance weights are: attractiveness: 15.38; sincerity: 17.31; intelligence: 17.31; being funny: 17.31; ambition: 17.31; shared interests: 15.38. Would you leave your current partner for the new man? Your answer must be (YES) or (NO) followed by your reason. You must FOLLOW THIS RULE! You MUST NOT SAY other words.,YES. The new man scores significantly higher in all weighted categories; especially in sincerity; intelligence; being funny; and ambition; which are highly prioritized. The current partner's low attractiveness score and missing ambition/shared interests further tip the decision.,166,154,143,1
Assume you are a 33-year-old single woman; and there is a 23-year-old man who is courting you. Your career type is law. You evaluated him on six dimensions with scores out of 10. These are attractiveness: 5.0/10; sincerity: 6.0/10; intelligence: 7.0/10; being funny: 6.0/10; ambition: 4.0/10; shared interests: nan/10. Your importance weights for these attributes are: attractiveness: 8.33; sincerity: 20.83; intelligence: 20.83; being funny: 14.58; ambition: 16.67; shared interests: 18.75. Would you be willing to date this man? And also tell me the reason. Your answer must be (YES) or (NO) followed by your reason. You must FOLLOW THIS RULE! You MUST NOT SAY other words.,NO. The scores in sincerity; intelligence; and ambition (weighted heavily in your priorities) are mediocre or low; and shared interests are unknown; making the overall compatibility insufficient.,167,143,,0
Assume you are a 33-year-old woman with career type law; currently matched with a partner. Your current partner's scores (out of 10): attractiveness: 7.0/10; sincerity: 8.0/10; intelligence: 9.0/10; being funny: 7.0/10; ambition: 9.0/10; shared interests: 8.0/10. A new man is courting you with scores: attractiveness: 8.0/10; sincerity: 9.0/10; intelligence: 9.0/10; being funny: 8.0/10; ambition: 8.0/10; shared interests: 8.0/10. Your importance weights are: attractiveness: 8.33; sincerity: 20.83; intelligence: 20.83; being funny: 14.58; ambition: 16.67; shared interests: 18.75. Would you leave your current partner for the new man? Your answer must be (YES) or (NO) followed by your reason. You must FOLLOW THIS RULE! You MUST NOT SAY other words.,NO. While the new man scores slightly higher in some categories; the differences are marginal and do not outweigh the established connection with your current partner; who excels in key weighted traits like sincerity; intelligence; and ambition. Stability and shared values matter more than minor upgrades.,169,143,150,0
Assume you are a 23-year-old man with career type professor; currently matched with a partner. Your current partner's scores (out of 10): attractiveness: 9.0/10; sincerity: 9.0/10; intelligence: 9.0/10; being funny: 9.0/10; ambition: 9.0/10; shared interests: 7.0/10. A new woman is courting you with scores: attractiveness: 5.0/10; sincerity: 7.0/10; intelligence: 7.0/10; being funny: 6.0/10; ambition: 6.0/10; shared interests: 6.0/10. Your importance weights are: attractiveness: 18.6; sincerity: 13.95; intelligence: 18.6; being funny: 16.28; ambition: 16.28; shared interests: 16.28. Would you leave your current partner for the new woman? Your answer must be (YES) or (NO) followed by your reason. You must FOLLOW THIS RULE! You MUST NOT SAY other words.,NO. The new woman's scores are significantly lower in key weighted categories (attractiveness; intelligence; being funny; ambition; shared interests) compared to your current partner; making the switch unfavorable.,154,167,166,0
Assume you are a 33-year-old single woman; and there is a 28-year-old man who is courting you. Your career type is law. You evaluated him on six dimensions with scores out of 10. These are attractiveness: 5.0/10; sincerity: 5.0/10; intelligence: 9.0/10; being funny: 6.0/10; ambition: 7.0/10; shared interests: 8.0/10. Your importance weights for these attributes are: attractiveness: 8.33; sincerity: 20.83; intelligence: 20.83; being funny: 14.58; ambition: 16.67; shared interests: 18.75. Would you be willing to date this man? And also tell me the reason. Your answer must be (YES) or (NO) followed by your reason. You must FOLLOW THIS RULE! You MUST NOT SAY other words.,NO - While he scores high in intelligence and shared interests; his lower scores in sincerity and attractiveness (which are important to you based on your weights) make him a less compatible match overall.,170,143,,0
Assume you are a 33-year-old woman with career type law; currently matched with a partner. Your current partner's scores (out of 10): attractiveness: 8.0/10; sincerity: 7.0/10; intelligence: 8.0/10; being funny: 6.0/10; ambition: 9.0/10; shared interests: 10.0/10. A new man is courting you with scores: attractiveness: 8.0/10; sincerity: 9.0/10; intelligence: 9.0/10; being funny: 7.0/10; ambition: 8.0/10; shared interests: 8.0/10. Your importance weights are: attractiveness: 8.33; sincerity: 20.83; intelligence: 20.83; being funny: 14.58; ambition: 16.67; shared interests: 18.75. Would you leave your current partner for the new man? Your answer must be (YES) or (NO) followed by your reason. You must FOLLOW THIS RULE! You MUST NOT SAY other words.,YES. The new man scores higher in sincerity and intelligence (higher weights) and slightly lower in shared interests (still high); making him a better overall match based on your priorities.,171,143,149,1
Assume you are a 22-year-old man with career type undecided; currently matched with a partner. Your current partner's scores (out of 10): attractiveness: 8.0/10; sincerity: 7.0/10; intelligence: 8.0/10; being funny: 9.0/10; ambition: 6.0/10; shared interests: 10.0/10. A new woman is courting you with scores: attractiveness: 10.0/10; sincerity: 8.0/10; intelligence: 8.0/10; being funny: 9.0/10; ambition: 8.0/10; shared interests: 5.0/10. Your importance weights are: attractiveness: 16.67; sincerity: 18.75; intelligence: 18.75; being funny: 18.75; ambition: 18.75; shared interests: 8.33. Would you leave your current partner for the new woman? Your answer must be (YES) or (NO) followed by your reason. You must FOLLOW THIS RULE! You MUST NOT SAY other words.,NO. The weighted score for your current partner (7.92) is higher than the new woman's (7.91); and shared interests (a strength of your current relationship) carry less weight in your priorities.,151,161,173,0
Assume you are a 28-year-old man with career type Physician Scientist; currently matched with a partner. Your current partner's scores (out of 10): attractiveness: 8.0/10; sincerity: 8.0/10; intelligence: 8.0/10; being funny: 8.0/10; ambition: 6.0/10; shared interests: 7.0/10. A new woman is courting you with scores: attractiveness: 5.0/10; sincerity: 7.0/10; intelligence: 7.0/10; being funny: 6.0/10; ambition: 5.0/10; shared interests: 7.0/10. Your importance weights are: attractiveness: 16.28; sincerity: 20.93; intelligence: 18.6; being funny: 18.6; ambition: 13.95; shared interests: 11.63. Would you leave your current partner for the new woman? Your answer must be (YES) or (NO) followed by your reason. You must FOLLOW THIS RULE! You MUST NOT SAY other words.,NO. The current partner has higher scores in all weighted categories except shared interests (which are equal); making the overall match stronger despite the new woman's interest.,153,170,163,0
Assume you are a 23-year-old man with career type professor; currently matched with a partner. Your current partner's scores (out of 10): attractiveness: 7.0/10; sincerity: 10.0/10; intelligence: 10.0/10; being funny: 9.0/10; ambition: 10.0/10; shared interests: 10.0/10. A new woman is courting you with scores: attractiveness: 7.0/10; sincerity: 6.0/10; intelligence: 6.0/10; being funny: 5.0/10; ambition: 6.0/10; shared interests: 4.0/10. Your importance weights are: attractiveness: 18.6; sincerity: 13.95; intelligence: 18.6; being funny: 16.28; ambition: 16.28; shared interests: 16.28. Would you leave your current partner for the new woman? Your answer must be (YES) or (NO) followed by your reason. You must FOLLOW THIS RULE! You MUST NOT SAY other words.,NO. The new woman scores significantly lower in sincerity; intelligence; being funny; ambition; and shared interests—traits you highly value—while offering no advantage in attractiveness. Your current partner excels in all key areas that matter to you.,156,167,160,0
Assume you are a 23-year-old man with career type professor; currently matched with a partner. Your current partner's scores (out of 10): attractiveness: 2.0/10; sincerity: 8.0/10; intelligence: 8.0/10; being funny: 7.0/10; ambition: 6.0/10; shared interests: 7.0/10. A new woman is courting you with scores: attractiveness: 6.0/10; sincerity: 7.0/10; intelligence: 6.0/10; being funny: 6.0/10; ambition: 5.0/10; shared interests: 4.0/10. Your importance weights are: attractiveness: 18.6; sincerity: 13.95; intelligence: 18.6; being funny: 16.28; ambition: 16.28; shared interests: 16.28. Would you leave your current partner for the new woman? Your answer must be (YES) or (NO) followed by your reason. You must FOLLOW THIS RULE! You MUST NOT SAY other words.,NO. The weighted score of your current partner (6.93) is higher than the new woman's (6.11); based on your importance weights.,157,167,168,0
Assume you are a 22-year-old man with career type undecided; currently matched with a partner. Your current partner's scores (out of 10): attractiveness: 2.0/10; sincerity: 6.0/10; intelligence: 7.0/10; being funny: 2.0/10; ambition: 7.0/10; shared interests: 2.0/10. A new woman is courting you with scores: attractiveness: 7.0/10; sincerity: 8.0/10; intelligence: 8.0/10; being funny: 10.0/10; ambition: 7.0/10; shared interests: 6.0/10. Your importance weights are: attractiveness: 16.67; sincerity: 18.75; intelligence: 18.75; being funny: 18.75; ambition: 18.75; shared interests: 8.33. Would you leave your current partner for the new woman? Your answer must be (YES) or (NO) followed by your reason. You must FOLLOW THIS RULE! You MUST NOT SAY other words.,YES The new woman scores significantly higher in attractiveness; sincerity; intelligence; being funny; and shared interests; which are all highly weighted in your priorities; making her a much better match overall.,155,161,158,1
Assume you are a 23-year-old man with career type physicist; probably academia; currently matched with a partner. Your current partner's scores (out of 10): attractiveness: 8.0/10; sincerity: 9.0/10; intelligence: 9.0/10; being funny: 7.0/10; ambition: 8.0/10; shared interests: 8.0/10. A new woman is courting you with scores: attractiveness: 6.0/10; sincerity: 8.0/10; intelligence: 9.0/10; being funny: 6.0/10; ambition: 8.0/10; shared interests: 7.0/10. Your importance weights are: attractiveness: 19.05; sincerity: 19.05; intelligence: 19.05; being funny: 19.05; ambition: 9.52; shared interests: 14.29. Would you leave your current partner for the new woman? Your answer must be (YES) or (NO) followed by your reason. You must FOLLOW THIS RULE! You MUST NOT SAY other words.,NO. The current partner scores higher in attractiveness; sincerity; being funny; and shared interests; which are all weighted heavily in your priorities. The new woman does not offer a significant enough improvement in any category to justify leaving.,143,158,171,0
Assume you are a 23-year-old man with career type professor; currently matched with a partner. Your current partner's scores (out of 10): attractiveness: 8.0/10; sincerity: 9.0/10; intelligence: 9.0/10; being funny: 7.0/10; ambition: 8.0/10; shared interests: 8.0/10. A new woman is courting you with scores: attractiveness: 3.0/10; sincerity: 7.0/10; intelligence: 6.0/10; being funny: 4.0/10; ambition: 5.0/10; shared interests: 2.0/10. Your importance weights are: attractiveness: 18.6; sincerity: 13.95; intelligence: 18.6; being funny: 16.28; ambition: 16.28; shared interests: 16.28. Would you leave your current partner for the new woman? Your answer must be (YES) or (NO) followed by your reason. You must FOLLOW THIS RULE! You MUST NOT SAY other words.,NO. The new woman's scores are significantly lower in key weighted categories (attractiveness; intelligence; being funny; ambition; shared interests) compared to your current partner; making her a less compatible match overall.,143,167,171,0
Assume you are a 28-year-old single woman; and there is a 23-year-old man who is courting you. Your career type is Professor and Government Official. You evaluated him on six dimensions with scores out of 10. These are attractiveness: 6.0/10; sincerity: 7.0/10; intelligence: 7.0/10; being funny: 4.0/10; ambition: 7.0/10; shared interests: nan/10. Your importance weights for these attributes are: attractiveness: 8.51; sincerity: 19.15; intelligence: 19.15; being funny: 19.15; ambition: 19.15; shared interests: 14.89. Would you be willing to date this man? And also tell me the reason. Your answer must be (YES) or (NO) followed by your reason. You must FOLLOW THIS RULE! You MUST NOT SAY other words.,NO - The scores in key dimensions like being funny (4.0/10) and attractiveness (6.0/10) are low; and shared interests are unknown (nan/10). Given the high importance weights on sincerity; intelligence; being funny; and ambition; the overall compatibility does not meet the threshold for dating.,158,149,,0
Assume you are a 28-year-old woman with career type Professor and Government Official; currently matched with a partner. Your current partner's scores (out of 10): attractiveness: 7.0/10; sincerity: 8.0/10; intelligence: 8.0/10; being funny: 10.0/10; ambition: 7.0/10; shared interests: 6.0/10. A new man is courting you with scores: attractiveness: 8.0/10; sincerity: 6.0/10; intelligence: 8.0/10; being funny: 8.0/10; ambition: 6.0/10; shared interests: 8.0/10. Your importance weights are: attractiveness: 8.51; sincerity: 19.15; intelligence: 19.15; being funny: 19.15; ambition: 19.15; shared interests: 14.89. Would you leave your current partner for the new man? Your answer must be (YES) or (NO) followed by your reason. You must FOLLOW THIS RULE! You MUST NOT SAY other words.,NO. The new man scores lower in sincerity; intelligence; being funny; and ambition—traits you highly value (weights 19.15). While he has higher attractiveness and shared interests; these are less prioritized (weights 8.51 and 14.89). Your current partner excels in key areas you find most important.,161,149,155,0
Assume you are a 23-year-old man with career type physicist; probably academia; currently matched with a partner. Your current partner's scores (out of 10): attractiveness: 7.0/10; sincerity: 10.0/10; intelligence: 10.0/10; being funny: 10.0/10; ambition: 10.0/10; shared interests: 8.0/10. A new woman is courting you with scores: attractiveness: 9.0/10; sincerity: 8.0/10; intelligence: 9.0/10; being funny: 7.0/10; ambition: 7.0/10; shared interests: 8.0/10. Your importance weights are: attractiveness: 19.05; sincerity: 19.05; intelligence: 19.05; being funny: 19.05; ambition: 9.52; shared interests: 14.29. Would you leave your current partner for the new woman? Your answer must be (YES) or (NO) followed by your reason. You must FOLLOW THIS RULE! You MUST NOT SAY other words.,NO. Your current partner scores higher in sincerity; intelligence; being funny; and ambition—traits you highly value (19.05 weight each). The new woman only marginally improves attractiveness (9.0 vs. 7.0) and matches shared interests; but sacrifices core qualities you prioritize. The trade-off isn’t justified.,145,158,159,0
Assume you are a 23-year-old man with career type physicist; probably academia; currently matched with a partner. Your current partner's scores (out of 10): attractiveness: 8.0/10; sincerity: 10.0/10; intelligence: 10.0/10; being funny: 10.0/10; ambition: 8.0/10; shared interests: 8.0/10. A new woman is courting you with scores: attractiveness: 9.0/10; sincerity: 7.0/10; intelligence: 7.0/10; being funny: 9.0/10; ambition: 8.0/10; shared interests: 6.0/10. Your importance weights are: attractiveness: 19.05; sincerity: 19.05; intelligence: 19.05; being funny: 19.05; ambition: 9.52; shared interests: 14.29. Would you leave your current partner for the new woman? Your answer must be (YES) or (NO) followed by your reason. You must FOLLOW THIS RULE! You MUST NOT SAY other words.,NO. The current partner scores higher in sincerity; intelligence; and shared interests; which are heavily weighted in your priorities; outweighing the slight edge in attractiveness and humor from the new woman.,147,158,172,0
Assume you are a 28-year-old man with career type Physician Scientist; currently matched with a partner. Your current partner's scores (out of 10): attractiveness: 8.0/10; sincerity: 7.0/10; intelligence: 7.0/10; being funny: 8.0/10; ambition: 7.0/10; shared interests: 5.0/10. A new woman is courting you with scores: attractiveness: 6.0/10; sincerity: 7.0/10; intelligence: 7.0/10; being funny: 6.0/10; ambition: 6.0/10; shared interests: 6.0/10. Your importance weights are: attractiveness: 16.28; sincerity: 20.93; intelligence: 18.6; being funny: 18.6; ambition: 13.95; shared interests: 11.63. Would you leave your current partner for the new woman? Your answer must be (YES) or (NO) followed by your reason. You must FOLLOW THIS RULE! You MUST NOT SAY other words.,NO. The weighted score for the current partner (7.98) is higher than the new woman's (6.70); primarily due to higher attractiveness; humor; and ambition outweighing the slightly better shared interests.,155,170,161,0
Assume you are a 23-year-old man with career type professor; currently matched with a partner. Your current partner's scores (out of 10): attractiveness: 8.0/10; sincerity: 10.0/10; intelligence: 10.0/10; being funny: 10.0/10; ambition: 8.0/10; shared interests: 8.0/10. A new woman is courting you with scores: attractiveness: 3.0/10; sincerity: 6.0/10; intelligence: 5.0/10; being funny: 8.0/10; ambition: 2.0/10; shared interests: 4.0/10. Your importance weights are: attractiveness: 18.6; sincerity: 13.95; intelligence: 18.6; being funny: 16.28; ambition: 16.28; shared interests: 16.28. Would you leave your current partner for the new woman? Your answer must be (YES) or (NO) followed by your reason. You must FOLLOW THIS RULE! You MUST NOT SAY other words.,NO. The new woman scores significantly lower in key weighted categories (attractiveness; intelligence; ambition; shared interests) and offers no compelling advantage over your current partner; who excels in sincerity; intelligence; humor; and aligns well with your priorities.,147,167,172,0
Assume you are a 23-year-old man with career type professor; currently matched with a partner. Your current partner's scores (out of 10): attractiveness: 8.0/10; sincerity: 7.0/10; intelligence: 8.0/10; being funny: 9.0/10; ambition: 6.0/10; shared interests: 10.0/10. A new woman is courting you with scores: attractiveness: 8.0/10; sincerity: 8.0/10; intelligence: 5.0/10; being funny: 4.0/10; ambition: 3.0/10; shared interests: 4.0/10. Your importance weights are: attractiveness: 18.6; sincerity: 13.95; intelligence: 18.6; being funny: 16.28; ambition: 16.28; shared interests: 16.28. Would you leave your current partner for the new woman? Your answer must be (YES) or (NO) followed by your reason. You must FOLLOW THIS RULE! You MUST NOT SAY other words.,NO. The new woman scores significantly lower in intelligence; humor; ambition; and shared interests—traits you highly value—despite minor gains in attractiveness and sincerity. Your current partner aligns much better with your priorities.,151,167,173,0
Assume you are a 28-year-old man with career type Physician Scientist; currently matched with a partner. Your current partner's scores (out of 10): attractiveness: 2.0/10; sincerity: 8.0/10; intelligence: 8.0/10; being funny: 7.0/10; ambition: 6.0/10; shared interests: 7.0/10. A new woman is courting you with scores: attractiveness: 6.0/10; sincerity: 6.0/10; intelligence: 6.0/10; being funny: 5.0/10; ambition: 7.0/10; shared interests: 6.0/10. Your importance weights are: attractiveness: 16.28; sincerity: 20.93; intelligence: 18.6; being funny: 18.6; ambition: 13.95; shared interests: 11.63. Would you leave your current partner for the new woman? Your answer must be (YES) or (NO) followed by your reason. You must FOLLOW THIS RULE! You MUST NOT SAY other words.,NO. Your current partner scores higher in sincerity; intelligence; and being funny; which are your top-weighted traits; outweighing the new woman's slightly higher attractiveness and ambition.,157,170,168,0
Assume you are a 23-year-old man with career type physicist; probably academia; currently matched with a partner. Your current partner's scores (out of 10): attractiveness: 9.0/10; sincerity: 9.0/10; intelligence: 9.0/10; being funny: 9.0/10; ambition: 9.0/10; shared interests: 7.0/10. A new woman is courting you with scores: attractiveness: 10.0/10; sincerity: 8.0/10; intelligence: 9.0/10; being funny: 7.0/10; ambition: 7.0/10; shared interests: 7.0/10. Your importance weights are: attractiveness: 19.05; sincerity: 19.05; intelligence: 19.05; being funny: 19.05; ambition: 9.52; shared interests: 14.29. Would you leave your current partner for the new woman? Your answer must be (YES) or (NO) followed by your reason. You must FOLLOW THIS RULE! You MUST NOT SAY other words.,NO. The new woman has slightly higher attractiveness but lower sincerity; humor; and ambition; which are highly weighted. The current partner's overall weighted score is better.,150,158,169,0
Assume you are a 28-year-old single woman; and there is a 23-year-old man who is courting you. Your career type is Professor and Government Official. You evaluated him on six dimensions with scores out of 10. These are attractiveness: 4.0/10; sincerity: 6.0/10; intelligence: 7.0/10; being funny: 7.0/10; ambition: 5.0/10; shared interests: 8.0/10. Your importance weights for these attributes are: attractiveness: 8.51; sincerity: 19.15; intelligence: 19.15; being funny: 19.15; ambition: 19.15; shared interests: 14.89. Would you be willing to date this man? And also tell me the reason. Your answer must be (YES) or (NO) followed by your reason. You must FOLLOW THIS RULE! You MUST NOT SAY other words.,NO. The weighted scores for sincerity; intelligence; being funny; and ambition—which are your highest priorities—are too low to meet your standards; despite the strong shared interests.,167,149,,0
Assume you are a 23-year-old man with career type physicist; probably academia; currently matched with a partner. Your current partner's scores (out of 10): attractiveness: 8.0/10; sincerity: 7.0/10; intelligence: 8.0/10; being funny: 9.0/10; ambition: 6.0/10; shared interests: 10.0/10. A new woman is courting you with scores: attractiveness: 10.0/10; sincerity: 8.0/10; intelligence: 8.0/10; being funny: 9.0/10; ambition: 7.0/10; shared interests: 6.0/10. Your importance weights are: attractiveness: 19.05; sincerity: 19.05; intelligence: 19.05; being funny: 19.05; ambition: 9.52; shared interests: 14.29. Would you leave your current partner for the new woman? Your answer must be (YES) or (NO) followed by your reason. You must FOLLOW THIS RULE! You MUST NOT SAY other words.,NO. The new woman scores higher in attractiveness and ambition; but the current partner has significantly higher shared interests (10.0 vs. 6.0); which is weighted more heavily (14.29) than ambition (9.52). The other key traits (sincerity; intelligence; humor) are comparable. The deeper connection with the current partner outweighs the marginal gains elsewhere.,151,158,173,0
Assume you are a 23-year-old man with career type professor; currently matched with a partner. Your current partner's scores (out of 10): attractiveness: 8.0/10; sincerity: 7.0/10; intelligence: 7.0/10; being funny: 8.0/10; ambition: 7.0/10; shared interests: 5.0/10. A new woman is courting you with scores: attractiveness: 6.0/10; sincerity: 6.0/10; intelligence: 5.0/10; being funny: 4.0/10; ambition: 4.0/10; shared interests: 3.0/10. Your importance weights are: attractiveness: 18.6; sincerity: 13.95; intelligence: 18.6; being funny: 16.28; ambition: 16.28; shared interests: 16.28. Would you leave your current partner for the new woman? Your answer must be (YES) or (NO) followed by your reason. You must FOLLOW THIS RULE! You MUST NOT SAY other words.,NO. The new woman scores lower in all categories; especially in key areas like intelligence; shared interests; and ambition; which have high importance weights. The current partner is a better overall match.,155,167,161,0
Assume you are a 28-year-old woman with career type Professor and Government Official; currently matched with a partner. Your current partner's scores (out of 10): attractiveness: 6.0/10; sincerity: 8.0/10; intelligence: 8.0/10; being funny: 8.0/10; ambition: 8.0/10; shared interests: 8.0/10. A new man is courting you with scores: attractiveness: 4.0/10; sincerity: 7.0/10; intelligence: 8.0/10; being funny: 4.0/10; ambition: 7.0/10; shared interests: nan/10. Your importance weights are: attractiveness: 8.51; sincerity: 19.15; intelligence: 19.15; being funny: 19.15; ambition: 19.15; shared interests: 14.89. Would you leave your current partner for the new man? Your answer must be (YES) or (NO) followed by your reason. You must FOLLOW THIS RULE! You MUST NOT SAY other words.,NO. The new man scores lower in attractiveness; sincerity; being funny; and ambition; and lacks a score in shared interests; which is important to you. Your current partner outperforms him in most weighted categories.,168,149,157,0
Assume you are a 28-year-old woman with career type Professor and Government Official; currently matched with a partner. Your current partner's scores (out of 10): attractiveness: 5.0/10; sincerity: 8.0/10; intelligence: 9.0/10; being funny: 6.0/10; ambition: 7.0/10; shared interests: 9.0/10. A new man is courting you with scores: attractiveness: 6.0/10; sincerity: 8.0/10; intelligence: 8.0/10; being funny: 6.0/10; ambition: 7.0/10; shared interests: nan/10. Your importance weights are: attractiveness: 8.51; sincerity: 19.15; intelligence: 19.15; being funny: 19.15; ambition: 19.15; shared interests: 14.89. Would you leave your current partner for the new man? Your answer must be (YES) or (NO) followed by your reason. You must FOLLOW THIS RULE! You MUST NOT SAY other words.,NO The new man lacks a score for shared interests; which is a significant factor for you (14.89 weight). Additionally; while he has slightly higher attractiveness; he scores lower in intelligence and matches in other categories; making the overall trade-off unfavorable.,171,149,143,0
Assume you are a 23-year-old man with career type physicist; probably academia; currently matched with a partner. Your current partner's scores (out of 10): attractiveness: 9.0/10; sincerity: 9.0/10; intelligence: 9.0/10; being funny: 9.0/10; ambition: 9.0/10; shared interests: 7.0/10. A new woman is courting you with scores: attractiveness: 9.0/10; sincerity: 9.0/10; intelligence: 7.0/10; being funny: 8.0/10; ambition: 7.0/10; shared interests: 6.0/10. Your importance weights are: attractiveness: 19.05; sincerity: 19.05; intelligence: 19.05; being funny: 19.05; ambition: 9.52; shared interests: 14.29. Would you leave your current partner for the new woman? Your answer must be (YES) or (NO) followed by your reason. You must FOLLOW THIS RULE! You MUST NOT SAY other words.,NO. The new woman scores lower in intelligence; shared interests; and ambition; which are important to you; and does not offer enough advantages to outweigh your current partner's strengths.,154,158,166,0
Assume you are a 28-year-old woman with career type Professor and Government Official; currently matched with a partner. Your current partner's scores (out of 10): attractiveness: 8.0/10; sincerity: 8.0/10; intelligence: 8.0/10; being funny: 7.0/10; ambition: 7.0/10; shared interests: 9.0/10. A new man is courting you with scores: attractiveness: 4.0/10; sincerity: 7.0/10; intelligence: 8.0/10; being funny: 4.0/10; ambition: 6.0/10; shared interests: 7.0/10. Your importance weights are: attractiveness: 8.51; sincerity: 19.15; intelligence: 19.15; being funny: 19.15; ambition: 19.15; shared interests: 14.89. Would you leave your current partner for the new man? Your answer must be (YES) or (NO) followed by your reason. You must FOLLOW THIS RULE! You MUST NOT SAY other words.,NO. The new man's scores are significantly lower in key areas with high importance weights (attractiveness; being funny; ambition) and only marginally better in sincerity and intelligence; which do not outweigh the drawbacks. The current partner's higher shared interests and overall better alignment with your priorities make him the stronger match.,159,149,145,0
Assume you are a 23-year-old man with career type physicist; probably academia; currently matched with a partner. Your current partner's scores (out of 10): attractiveness: 6.0/10; sincerity: 8.0/10; intelligence: 7.0/10; being funny: 6.0/10; ambition: 5.0/10; shared interests: 7.0/10. A new woman is courting you with scores: attractiveness: 10.0/10; sincerity: 8.0/10; intelligence: 8.0/10; being funny: 7.0/10; ambition: 7.0/10; shared interests: 5.0/10. Your importance weights are: attractiveness: 19.05; sincerity: 19.05; intelligence: 19.05; being funny: 19.05; ambition: 9.52; shared interests: 14.29. Would you leave your current partner for the new woman? Your answer must be (YES) or (NO) followed by your reason. You must FOLLOW THIS RULE! You MUST NOT SAY other words.,NO. The weighted scores for your current partner (6.0*19.05 + 8.0*19.05 + 7.0*19.05 + 6.0*19.05 + 5.0*9.52 + 7.0*14.29 = 723.8) are higher than the new woman's (10.0*19.05 + 8.0*19.05 + 8.0*19.05 + 7.0*19.05 + 7.0*9.52 + 5.0*14.29 = 723.24). The difference is negligible; and shared interests matter more to you.,142,158,165,0
Assume you are a 23-year-old man with career type physicist; probably academia; currently matched with a partner. Your current partner's scores (out of 10): attractiveness: 6.0/10; sincerity: 8.0/10; intelligence: 8.0/10; being funny: 4.0/10; ambition: 9.0/10; shared interests: 7.0/10. A new woman is courting you with scores: attractiveness: 9.0/10; sincerity: 8.0/10; intelligence: 8.0/10; being funny: 7.0/10; ambition: 7.0/10; shared interests: 7.0/10. Your importance weights are: attractiveness: 19.05; sincerity: 19.05; intelligence: 19.05; being funny: 19.05; ambition: 9.52; shared interests: 14.29. Would you leave your current partner for the new woman? Your answer must be (YES) or (NO) followed by your reason. You must FOLLOW THIS RULE! You MUST NOT SAY other words.,NO. The weighted scores for both partners are very close (current: 7.33; new: 7.71); and the current partner excels in sincerity; intelligence; and ambition; which are highly valued. The marginal gain in attractiveness and humor does not outweigh the stability and shared values of the current relationship.,148,158,162,0
Assume you are a 28-year-old woman with career type Professor and Government Official; currently matched with a partner. Your current partner's scores (out of 10): attractiveness: 8.0/10; sincerity: 10.0/10; intelligence: 8.0/10; being funny: 9.0/10; ambition: 9.0/10; shared interests: 10.0/10. A new man is courting you with scores: attractiveness: 9.0/10; sincerity: 7.0/10; intelligence: 8.0/10; being funny: 8.0/10; ambition: 8.0/10; shared interests: 6.0/10. Your importance weights are: attractiveness: 8.51; sincerity: 19.15; intelligence: 19.15; being funny: 19.15; ambition: 19.15; shared interests: 14.89. Would you leave your current partner for the new man? Your answer must be (YES) or (NO) followed by your reason. You must FOLLOW THIS RULE! You MUST NOT SAY other words.,NO. The new man scores significantly lower in sincerity; intelligence; being funny; ambition; and shared interests—traits you highly value—despite his slightly higher attractiveness. Your current partner excels in these key areas; making him a better match overall.,160,149,156,0
Assume you are a 23-year-old man with career type physicist; probably academia; currently matched with a partner. Your current partner's scores (out of 10): attractiveness: 8.0/10; sincerity: 8.0/10; intelligence: 8.0/10; being funny: 8.0/10; ambition: 6.0/10; shared interests: 7.0/10. A new woman is courting you with scores: attractiveness: 7.0/10; sincerity: 9.0/10; intelligence: 8.0/10; being funny: 6.0/10; ambition: 7.0/10; shared interests: 6.0/10. Your importance weights are: attractiveness: 19.05; sincerity: 19.05; intelligence: 19.05; being funny: 19.05; ambition: 9.52; shared interests: 14.29. Would you leave your current partner for the new woman? Your answer must be (YES) or (NO) followed by your reason. You must FOLLOW THIS RULE! You MUST NOT SAY other words.,NO. The weighted scores for your current partner (7.62) are slightly higher than the new woman's (7.14); making the current relationship marginally better overall based on your priorities.,153,158,163,0
Assume you are a 23-year-old man with career type physicist; probably academia; currently matched with a partner. Your current partner's scores (out of 10): attractiveness: 7.0/10; sincerity: 10.0/10; intelligence: 10.0/10; being funny: 9.0/10; ambition: 10.0/10; shared interests: 10.0/10. A new woman is courting you with scores: attractiveness: 9.0/10; sincerity: 8.0/10; intelligence: 8.0/10; being funny: 8.0/10; ambition: 7.0/10; shared interests: 6.0/10. Your importance weights are: attractiveness: 19.05; sincerity: 19.05; intelligence: 19.05; being funny: 19.05; ambition: 9.52; shared interests: 14.29. Would you leave your current partner for the new woman? Your answer must be (YES) or (NO) followed by your reason. You must FOLLOW THIS RULE! You MUST NOT SAY other words.,NO. The current partner scores higher in sincerity; intelligence; being funny; ambition; and shared interests; which are highly weighted in your priorities. The new woman only surpasses in attractiveness; which is not enough to outweigh the other critical factors.,156,158,160,0
Assume you are a 28-year-old woman with career type Professor and Government Official; currently matched with a partner. Your current partner's scores (out of 10): attractiveness: 6.0/10; sincerity: 6.0/10; intelligence: 7.0/10; being funny: 7.0/10; ambition: 6.0/10; shared interests: 7.0/10. A new man is courting you with scores: attractiveness: 4.0/10; sincerity: 8.0/10; intelligence: 7.0/10; being funny: 4.0/10; ambition: 8.0/10; shared interests: nan/10. Your importance weights are: attractiveness: 8.51; sincerity: 19.15; intelligence: 19.15; being funny: 19.15; ambition: 19.15; shared interests: 14.89. Would you leave your current partner for the new man? Your answer must be (YES) or (NO) followed by your reason. You must FOLLOW THIS RULE! You MUST NOT SAY other words.,NO. The new man scores lower in attractiveness and being funny; which are important to you; and lacks a score in shared interests; a key factor. Your current partner balances these traits more closely to your weighted preferences.,162,149,148,0
Assume you are a 23-year-old man with career type physicist; probably academia; currently matched with a partner. Your current partner's scores (out of 10): attractiveness: 2.0/10; sincerity: 8.0/10; intelligence: 8.0/10; being funny: 7.0/10; ambition: 6.0/10; shared interests: 7.0/10. A new woman is courting you with scores: attractiveness: 9.0/10; sincerity: 8.0/10; intelligence: 8.0/10; being funny: 7.0/10; ambition: 6.0/10; shared interests: 5.0/10. Your importance weights are: attractiveness: 19.05; sincerity: 19.05; intelligence: 19.05; being funny: 19.05; ambition: 9.52; shared interests: 14.29. Would you leave your current partner for the new woman? Your answer must be (YES) or (NO) followed by your reason. You must FOLLOW THIS RULE! You MUST NOT SAY other words.,NO - The new woman's higher attractiveness is offset by lower shared interests; and the current partner's strong sincerity; intelligence; and humor align well with your priorities. The weighted scores favor the current partner.,157,158,168,0
Assume you are a 28-year-old woman with career type Professor and Government Official; currently matched with a partner. Your current partner's scores (out of 10): attractiveness: 8.0/10; sincerity: 10.0/10; intelligence: 8.0/10; being funny: 8.0/10; ambition: 8.0/10; shared interests: 6.0/10. A new man is courting you with scores: attractiveness: 5.0/10; sincerity: 6.0/10; intelligence: 6.0/10; being funny: 4.0/10; ambition: 4.0/10; shared interests: 4.0/10. Your importance weights are: attractiveness: 8.51; sincerity: 19.15; intelligence: 19.15; being funny: 19.15; ambition: 19.15; shared interests: 14.89. Would you leave your current partner for the new man? Your answer must be (YES) or (NO) followed by your reason. You must FOLLOW THIS RULE! You MUST NOT SAY other words.,NO. The new man scores significantly lower in all weighted categories; especially sincerity; intelligence; humor; and ambition; which are highly important to you. The current partner outperforms him in every aspect.,163,149,153,0
Assume you are a 28-year-old woman with career type Professor and Government Official; currently matched with a partner. Your current partner's scores (out of 10): attractiveness: 8.0/10; sincerity: 8.0/10; intelligence: 9.0/10; being funny: 7.0/10; ambition: 8.0/10; shared interests: 6.0/10. A new man is courting you with scores: attractiveness: 8.0/10; sincerity: 7.0/10; intelligence: 6.0/10; being funny: 4.0/10; ambition: 4.0/10; shared interests: nan/10. Your importance weights are: attractiveness: 8.51; sincerity: 19.15; intelligence: 19.15; being funny: 19.15; ambition: 19.15; shared interests: 14.89. Would you leave your current partner for the new man? Your answer must be (YES) or (NO) followed by your reason. You must FOLLOW THIS RULE! You MUST NOT SAY other words.,NO. The new man scores significantly lower in key weighted categories (sincerity; intelligence; being funny; ambition) and lacks data on shared interests; making him a less compatible match overall.,165,149,142,0
Assume you are a 28-year-old woman with career type Professor and Government Official; currently matched with a partner. Your current partner's scores (out of 10): attractiveness: 7.0/10; sincerity: 7.0/10; intelligence: 7.0/10; being funny: 7.0/10; ambition: nan/10; shared interests: nan/10. A new man is courting you with scores: attractiveness: 8.0/10; sincerity: 5.0/10; intelligence: 6.0/10; being funny: 3.0/10; ambition: 7.0/10; shared interests: 8.0/10. Your importance weights are: attractiveness: 8.51; sincerity: 19.15; intelligence: 19.15; being funny: 19.15; ambition: 19.15; shared interests: 14.89. Would you leave your current partner for the new man? Your answer must be (YES) or (NO) followed by your reason. You must FOLLOW THIS RULE! You MUST NOT SAY other words.,NO. The new man scores significantly lower in sincerity; intelligence; and being funny; which are your highest-weighted traits (19.15 each). While he has higher attractiveness and shared interests; these do not outweigh the importance of your core values.,166,149,154,0
Assume you are a 28-year-old woman with career type Professor and Government Official; currently matched with a partner. Your current partner's scores (out of 10): attractiveness: 7.0/10; sincerity: 8.0/10; intelligence: 9.0/10; being funny: 7.0/10; ambition: 9.0/10; shared interests: 8.0/10. A new man is courting you with scores: attractiveness: 8.0/10; sincerity: 7.0/10; intelligence: 8.0/10; being funny: 7.0/10; ambition: 7.0/10; shared interests: 8.0/10. Your importance weights are: attractiveness: 8.51; sincerity: 19.15; intelligence: 19.15; being funny: 19.15; ambition: 19.15; shared interests: 14.89. Would you leave your current partner for the new man? Your answer must be (YES) or (NO) followed by your reason. You must FOLLOW THIS RULE! You MUST NOT SAY other words.,NO. The current partner scores higher in sincerity; intelligence; and ambition; which are your most important traits (weighted 19.15 each). The new man only slightly improves attractiveness (weighted 8.51); which is less significant. Overall; the current partner aligns better with your priorities.,169,149,150,0
Assume you are a 28-year-old single woman; and there is a 28-year-old man who is courting you. Your career type is Professor and Government Official. You evaluated him on six dimensions with scores out of 10. These are attractiveness: 4.0/10; sincerity: 8.0/10; intelligence: 7.0/10; being funny: 4.0/10; ambition: 8.0/10; shared interests: nan/10. Your importance weights for these attributes are: attractiveness: 8.51; sincerity: 19.15; intelligence: 19.15; being funny: 19.15; ambition: 19.15; shared interests: 14.89. Would you be willing to date this man? And also tell me the reason. Your answer must be (YES) or (NO) followed by your reason. You must FOLLOW THIS RULE! You MUST NOT SAY other words.,NO - Low scores in attractiveness and being funny; which are highly weighted; and unknown shared interests.,170,149,,0
Assume you are a 28-year-old woman with career type Professor and Government Official; currently matched with a partner. Your current partner's scores (out of 10): attractiveness: 8.0/10; sincerity: 4.0/10; intelligence: nan/10; being funny: 7.0/10; ambition: 8.0/10; shared interests: 6.0/10. A new man is courting you with scores: attractiveness: 7.0/10; sincerity: 7.0/10; intelligence: 7.0/10; being funny: 6.0/10; ambition: 6.0/10; shared interests: 6.0/10. Your importance weights are: attractiveness: 8.51; sincerity: 19.15; intelligence: 19.15; being funny: 19.15; ambition: 19.15; shared interests: 14.89. Would you leave your current partner for the new man? Your answer must be (YES) or (NO) followed by your reason. You must FOLLOW THIS RULE! You MUST NOT SAY other words.,NO - The new man's weighted scores do not significantly outweigh your current partner's; especially in key areas like ambition and attractiveness; which you highly value. The missing intelligence score for your current partner also makes a direct comparison incomplete.,172,149,147,0
Assume you are a 28-year-old woman with career type Professor and Government Official; currently matched with a partner. Your current partner's scores (out of 10): attractiveness: 9.0/10; sincerity: 8.0/10; intelligence: 7.0/10; being funny: 8.0/10; ambition: 7.0/10; shared interests: 7.0/10. A new man is courting you with scores: attractiveness: 5.0/10; sincerity: 8.0/10; intelligence: 8.0/10; being funny: 7.0/10; ambition: 4.0/10; shared interests: nan/10. Your importance weights are: attractiveness: 8.51; sincerity: 19.15; intelligence: 19.15; being funny: 19.15; ambition: 19.15; shared interests: 14.89. Would you leave your current partner for the new man? Your answer must be (YES) or (NO) followed by your reason. You must FOLLOW THIS RULE! You MUST NOT SAY other words.,NO. The new man scores significantly lower in attractiveness and ambition; which are important to you; and lacks data on shared interests. Your current partner outperforms him in key weighted categories.,173,149,151,0
