Assume you are a 24-year-old single woman; and there is a 22-year-old man who is courting you. Your career type is Sex Therapist. You evaluated him on six dimensions with scores out of 10. These are attractiveness: 8.0/10; sincerity: 8.0/10; intelligence: 8.0/10; being funny: 8.0/10; ambition: 9.0/10; shared interests: 9.0/10. Your importance weights for these attributes are: attractiveness: 10.0; sincerity: 15.0; intelligence: 30.0; being funny: 20.0; ambition: 15.0; shared interests: 10.0. Would you be willing to date this man? And also tell me the reason. Your answer must be (YES) or (NO) followed by your reason. You must FOLLOW THIS RULE! You MUST NOT SAY other words.,YES; because his overall weighted score; calculated based on the importance of each attribute; suggests a high compatibility with what you value in a relationship.,537,525,,1
Assume you are a 22-year-old single woman; and there is a 25-year-old man who is courting you. Your career type is Engineer. You evaluated him on six dimensions with scores out of 10. These are attractiveness: 4.0/10; sincerity: 6.0/10; intelligence: 5.0/10; being funny: 5.0/10; ambition: 6.0/10; shared interests: 5.0/10. Your importance weights for these attributes are: attractiveness: 10.0; sincerity: 25.0; intelligence: 25.0; being funny: 10.0; ambition: 10.0; shared interests: 20.0. Would you be willing to date this man? And also tell me the reason. Your answer must be (YES) or (NO) followed by your reason. You must FOLLOW THIS RULE! You MUST NOT SAY other words.,NO; because the weighted average score; which reflects your priorities; is relatively low; indicating a lack of strong alignment with your most valued attributes.,531,529,,0
Assume you are a 23-year-old single woman; and there is a 25-year-old man who is courting you. Your career type is Business Management and Information Technology. You evaluated him on six dimensions with scores out of 10. These are attractiveness: 6.0/10; sincerity: 5.0/10; intelligence: 7.0/10; being funny: 7.0/10; ambition: 5.0/10; shared interests: 6.0/10. Your importance weights for these attributes are: attractiveness: 20.0; sincerity: 10.0; intelligence: 10.0; being funny: 30.0; ambition: 15.0; shared interests: 15.0. Would you be willing to date this man? And also tell me the reason. Your answer must be (YES) or (NO) followed by your reason. You must FOLLOW THIS RULE! You MUST NOT SAY other words.,NO; the weighted scores for sincerity and ambition are relatively low; reflecting values that might be crucial for long-term compatibility and career supportiveness; given your field and potential aspirations.,531,511,,0
Assume you are a 25-year-old single woman; and there is a 22-year-old man who is courting you. Your career type is physician/healthcare. You evaluated him on six dimensions with scores out of 10. These are attractiveness: 6.0/10; sincerity: 8.0/10; intelligence: 9.0/10; being funny: 9.0/10; ambition: 9.0/10; shared interests: 8.0/10. Your importance weights for these attributes are: attractiveness: 15.0; sincerity: 20.0; intelligence: 25.0; being funny: 20.0; ambition: 10.0; shared interests: 10.0. Would you be willing to date this man? And also tell me the reason. Your answer must be (YES) or (NO) followed by your reason. You must FOLLOW THIS RULE! You MUST NOT SAY other words.,YES; because his high scores in intelligence; being funny; ambition; and shared interests align well with your higher weighted preferences; suggesting potential for a compatible and fulfilling relationship.,539,524,,1
Assume you are a 30-year-old single man; and there is a 23-year-old woman who is courting you. Your career type is Private Equity - Leveraged Buy-Outs. You evaluated her on six dimensions with scores out of 10. These are attractiveness: 6.0/10; sincerity: 6.0/10; intelligence: 7.0/10; being funny: 8.0/10; ambition: 10.0/10; shared interests: 1.0/10. Your importance weights for these attributes are: attractiveness: 25.0; sincerity: 20.0; intelligence: 20.0; being funny: 20.0; ambition: 0.0; shared interests: 15.0. Would you be willing to date this woman? And also tell me the reason. Your answer must be (YES) or (NO) followed by your reason. You must FOLLOW THIS RULE! You MUST NOT SAY other words.,NO; because the score for shared interests is significantly low; which implies a lack of common ground that may hinder a deeper connection despite other attributes scoring reasonably well.,514,547,,0
Assume you are a 30-year-old single man; and there is a 23-year-old woman who is courting you. Your career type is Management. You evaluated her on six dimensions with scores out of 10. These are attractiveness: 9.0/10; sincerity: 9.0/10; intelligence: 9.0/10; being funny: 5.0/10; ambition: 8.0/10; shared interests: 5.0/10. Your importance weights for these attributes are: attractiveness: 40.0; sincerity: 10.0; intelligence: 20.0; being funny: 10.0; ambition: 0.0; shared interests: 20.0. Would you be willing to date this woman? And also tell me the reason. Your answer must be (YES) or (NO) followed by your reason. You must FOLLOW THIS RULE! You MUST NOT SAY other words.,YES; because the overall weighted score based on your priorities and her attributes is high; especially in the areas you value most: attractiveness; sincerity; and intelligence.,511,548,,1
Assume you are a 27-year-old man with career type Banking; currently matched with a partner. Your current partner's scores (out of 10): attractiveness: 5.0/10; sincerity: 3.0/10; intelligence: 5.0/10; being funny: 5.0/10; ambition: 2.0/10; shared interests: 2.0/10. A new woman is courting you with scores: attractiveness: 5.0/10; sincerity: 8.0/10; intelligence: 9.0/10; being funny: 6.0/10; ambition: 8.0/10; shared interests: 7.0/10. Your importance weights are: attractiveness: 40.0; sincerity: 20.0; intelligence: 20.0; being funny: 20.0; ambition: 0.0; shared interests: 0.0. Would you leave your current partner for the new woman? Your answer must be (YES) or (NO) followed by your reason. You must FOLLOW THIS RULE! You MUST NOT SAY other words.,YES; because the new woman has significantly higher sincerity; intelligence; and being funny scores which align better with your weighted values; especially in areas you prioritize such as sincerity and intelligence.,511,551,548,1
Assume you are a 32-year-old single man; and there is a 23-year-old woman who is courting you. Your career type is self-made millionare. You evaluated her on six dimensions with scores out of 10. These are attractiveness: 6.0/10; sincerity: 6.0/10; intelligence: 6.0/10; being funny: 6.0/10; ambition: 6.0/10; shared interests: 6.0/10. Your importance weights for these attributes are: attractiveness: 50.0; sincerity: 0.0; intelligence: 10.0; being funny: 30.0; ambition: 0.0; shared interests: 10.0. Would you be willing to date this woman? And also tell me the reason. Your answer must be (YES) or (NO) followed by your reason. You must FOLLOW THIS RULE! You MUST NOT SAY other words.,NO; because the scores relative to your highest weighted attribute; attractiveness; are not sufficiently high; impacting the overall satisfaction based on your prioritized attributes.,518,538,,0
Assume you are a 23-year-old man with career type To go into Finance; currently matched with a partner. Your current partner's scores (out of 10): attractiveness: 6.0/10; sincerity: 5.0/10; intelligence: 7.0/10; being funny: 8.0/10; ambition: 6.0/10; shared interests: 6.0/10. A new woman is courting you with scores: attractiveness: 4.0/10; sincerity: 5.0/10; intelligence: 8.0/10; being funny: 6.0/10; ambition: 7.0/10; shared interests: 9.0/10. Your importance weights are: attractiveness: 25.0; sincerity: 15.0; intelligence: 20.0; being funny: 20.0; ambition: 10.0; shared interests: 10.0. Would you leave your current partner for the new woman? Your answer must be (YES) or (NO) followed by your reason. You must FOLLOW THIS RULE! You MUST NOT SAY other words.,NO; because your current partner scores higher in attractiveness and being funny; which are heavily weighted in your preferences; and overall maintains a better average across the traits you value most.,511,542,551,0
Assume you are a 24-year-old man with career type Academic Work; Consultant; currently matched with a partner. Your current partner's scores (out of 10): attractiveness: 6.0/10; sincerity: 5.0/10; intelligence: 7.0/10; being funny: 8.0/10; ambition: 6.0/10; shared interests: 6.0/10. A new woman is courting you with scores: attractiveness: 7.0/10; sincerity: 8.0/10; intelligence: 7.0/10; being funny: 7.0/10; ambition: 5.0/10; shared interests: 3.0/10. Your importance weights are: attractiveness: 20.0; sincerity: 15.0; intelligence: 20.0; being funny: 20.0; ambition: 15.0; shared interests: 10.0. Would you leave your current partner for the new woman? Your answer must be (YES) or (NO) followed by your reason. You must FOLLOW THIS RULE! You MUST NOT SAY other words.,NO; because the overall weighted scores calculated based on your importance weights indicate your current partner better matches your preferences compared to the new woman.,511,540,551,0
Assume you are a 23-year-old single woman; and there is a 26-year-old man who is courting you. Your career type is teacher and performer. You evaluated him on six dimensions with scores out of 10. These are attractiveness: 8.0/10; sincerity: 9.0/10; intelligence: 9.0/10; being funny: 6.0/10; ambition: 5.0/10; shared interests: 5.0/10. Your importance weights for these attributes are: attractiveness: 20.0; sincerity: 20.0; intelligence: 20.0; being funny: 15.0; ambition: 5.0; shared interests: 20.0. Would you be willing to date this man? And also tell me the reason. Your answer must be (YES) or (NO) followed by your reason. You must FOLLOW THIS RULE! You MUST NOT SAY other words.,YES; because his high scores in sincerity; intelligence; and attractiveness align well with your weighted importance on these attributes; outweighing the lower scores on ambition and shared interests.,533,514,,1
Assume you are a 27-year-old single woman; and there is a 24-year-old man who is courting you. Your career type is ??. You evaluated him on six dimensions with scores out of 10. These are attractiveness: 10.0/10; sincerity: 10.0/10; intelligence: 10.0/10; being funny: 10.0/10; ambition: 10.0/10; shared interests: 10.0/10. Your importance weights for these attributes are: attractiveness: 10.0; sincerity: 25.0; intelligence: 20.0; being funny: 20.0; ambition: 5.0; shared interests: 20.0. Would you be willing to date this man? And also tell me the reason. Your answer must be (YES) or (NO) followed by your reason. You must FOLLOW THIS RULE! You MUST NOT SAY other words.,YES; because he scores perfectly on all dimensions which match closely with your high importance weights; suggesting a strong compatibility in essential areas that matter most to you.,543,523,,1
Assume you are a 22-year-old single woman; and there is a 29-year-old man who is courting you. Your career type is Engineer. You evaluated him on six dimensions with scores out of 10. These are attractiveness: 5.0/10; sincerity: 4.0/10; intelligence: 6.0/10; being funny: 6.0/10; ambition: 5.0/10; shared interests: 4.0/10. Your importance weights for these attributes are: attractiveness: 10.0; sincerity: 25.0; intelligence: 25.0; being funny: 10.0; ambition: 10.0; shared interests: 20.0. Would you be willing to date this man? And also tell me the reason. Your answer must be (YES) or (NO) followed by your reason. You must FOLLOW THIS RULE! You MUST NOT SAY other words.,NO; because his scores are relatively low on sincerity and shared interests; which are highly important to you; suggesting less compatibility in crucial areas of a relationship.,536,529,,0
Assume you are a 23-year-old man with career type Physician; currently matched with a partner. Your current partner's scores (out of 10): attractiveness: 8.0/10; sincerity: 9.0/10; intelligence: 9.0/10; being funny: 6.0/10; ambition: 5.0/10; shared interests: 5.0/10. A new woman is courting you with scores: attractiveness: 6.0/10; sincerity: 7.0/10; intelligence: 7.0/10; being funny: 9.0/10; ambition: 7.0/10; shared interests: 8.0/10. Your importance weights are: attractiveness: 15.0; sincerity: 25.0; intelligence: 20.0; being funny: 10.0; ambition: 10.0; shared interests: 20.0. Would you leave your current partner for the new woman? Your answer must be (YES) or (NO) followed by your reason. You must FOLLOW THIS RULE! You MUST NOT SAY other words.,NO; because your current partner scores higher in the categories you value most: sincerity and intelligence; which align more closely with your higher weighted preferences.,514,544,533,0
Assume you are a 30-year-old single man; and there is a 23-year-old woman who is courting you. Your career type is Finance. You evaluated her on six dimensions with scores out of 10. These are attractiveness: 6.0/10; sincerity: 6.0/10; intelligence: 7.0/10; being funny: 6.0/10; ambition: 4.0/10; shared interests: 4.0/10. Your importance weights for these attributes are: attractiveness: 30.0; sincerity: 3.0; intelligence: 30.0; being funny: 30.0; ambition: 3.0; shared interests: 4.0. Would you be willing to date this woman? And also tell me the reason. Your answer must be (YES) or (NO) followed by your reason. You must FOLLOW THIS RULE! You MUST NOT SAY other words.,NO; because the scores on shared interests and ambition are low; which are crucial for long-term compatibility and fulfillment; especially considering her scores on attributes you highly value like being funny and intelligence don't fully align with your importance weights.,515,550,,0
Assume you are a 26-year-old single woman; and there is a 32-year-old man who is courting you. Your career type is Social Work. You evaluated him on six dimensions with scores out of 10. These are attractiveness: 5.0/10; sincerity: 7.0/10; intelligence: 9.0/10; being funny: 9.0/10; ambition: 9.0/10; shared interests: 4.0/10. Your importance weights for these attributes are: attractiveness: 10.0; sincerity: 10.0; intelligence: 30.0; being funny: 20.0; ambition: 10.0; shared interests: 15.0. Would you be willing to date this man? And also tell me the reason. Your answer must be (YES) or (NO) followed by your reason. You must FOLLOW THIS RULE! You MUST NOT SAY other words.,YES; because his high scores in intelligence; being funny; and ambition strongly align with the high importance you place on these traits; despite lower scores in attractiveness and shared interests.,538,526,,1
Assume you are a 22-year-old woman with career type Engineer; currently matched with a partner. Your current partner's scores (out of 10): attractiveness: 5.0/10; sincerity: 8.0/10; intelligence: 7.0/10; being funny: 8.0/10; ambition: 5.0/10; shared interests: 4.0/10. A new man is courting you with scores: attractiveness: 6.0/10; sincerity: 5.0/10; intelligence: 6.0/10; being funny: 5.0/10; ambition: 6.0/10; shared interests: nan/10. Your importance weights are: attractiveness: 10.0; sincerity: 25.0; intelligence: 25.0; being funny: 10.0; ambition: 10.0; shared interests: 20.0. Would you leave your current partner for the new man? Your answer must be (YES) or (NO) followed by your reason. You must FOLLOW THIS RULE! You MUST NOT SAY other words.,NO; because your current partner scores higher in sincerity and intelligence; which have the highest importance weights according to your preferences.,537,529,525,0
Assume you are a 25-year-old man with career type TEACHING; currently matched with a partner. Your current partner's scores (out of 10): attractiveness: 5.0/10; sincerity: 7.0/10; intelligence: 9.0/10; being funny: 9.0/10; ambition: 9.0/10; shared interests: 4.0/10. A new woman is courting you with scores: attractiveness: 5.0/10; sincerity: 10.0/10; intelligence: 10.0/10; being funny: 10.0/10; ambition: 10.0/10; shared interests: 5.0/10. Your importance weights are: attractiveness: 15.0; sincerity: 30.0; intelligence: 20.0; being funny: 20.0; ambition: 10.0; shared interests: 5.0. Would you leave your current partner for the new woman? Your answer must be (YES) or (NO) followed by your reason. You must FOLLOW THIS RULE! You MUST NOT SAY other words.,NO; because your current partner's sincerity and shared interests scores; combined with the importance weights you place on these attributes; suggest a stronger emotional and intellectual connection which is crucial in a long-term partnership.,526,531,538,0
Assume you are a 23-year-old single man; and there is a 22-year-old woman who is courting you. Your career type is Physician. You evaluated her on six dimensions with scores out of 10. These are attractiveness: 6.0/10; sincerity: 6.0/10; intelligence: 6.0/10; being funny: 6.0/10; ambition: 6.0/10; shared interests: 6.0/10. Your importance weights for these attributes are: attractiveness: 15.0; sincerity: 25.0; intelligence: 20.0; being funny: 10.0; ambition: 10.0; shared interests: 20.0. Would you be willing to date this woman? And also tell me the reason. Your answer must be (YES) or (NO) followed by your reason. You must FOLLOW THIS RULE! You MUST NOT SAY other words.,NO; because her scores across all dimensions do not meet your higher weighted criteria in sincerity; intelligence; and shared interests sufficiently; suggesting that she may not completely align with your most valued attributes.,529,544,,0
Assume you are a 23-year-old man with career type To go into Finance; currently matched with a partner. Your current partner's scores (out of 10): attractiveness: 6.0/10; sincerity: 8.0/10; intelligence: 9.0/10; being funny: 9.0/10; ambition: 9.0/10; shared interests: 8.0/10. A new woman is courting you with scores: attractiveness: 6.0/10; sincerity: 7.0/10; intelligence: 7.0/10; being funny: 6.0/10; ambition: 7.0/10; shared interests: 7.0/10. Your importance weights are: attractiveness: 25.0; sincerity: 15.0; intelligence: 20.0; being funny: 20.0; ambition: 10.0; shared interests: 10.0. Would you leave your current partner for the new woman? Your answer must be (YES) or (NO) followed by your reason. You must FOLLOW THIS RULE! You MUST NOT SAY other words.,NO; because your current partner scores higher in every category that is important to you based on your weighted priorities; suggesting a more compatible and fulfilling match.,524,542,539,0
Assume you are a 22-year-old woman with career type Engineer; currently matched with a partner. Your current partner's scores (out of 10): attractiveness: 3.0/10; sincerity: 6.0/10; intelligence: 5.0/10; being funny: 6.0/10; ambition: 5.0/10; shared interests: 4.0/10. A new man is courting you with scores: attractiveness: 6.0/10; sincerity: 7.0/10; intelligence: 7.0/10; being funny: 5.0/10; ambition: 5.0/10; shared interests: nan/10. Your importance weights are: attractiveness: 10.0; sincerity: 25.0; intelligence: 25.0; being funny: 10.0; ambition: 10.0; shared interests: 20.0. Would you leave your current partner for the new man? Your answer must be (YES) or (NO) followed by your reason. You must FOLLOW THIS RULE! You MUST NOT SAY other words.,NO; because the lack of information on shared interests with the new man could be crucial for long-term compatibility; especially given the high weight you place on that attribute.,538,529,526,0
Assume you are a 23-year-old single man; and there is a 23-year-old woman who is courting you. Your career type is Entrepreneur. You evaluated her on six dimensions with scores out of 10. These are attractiveness: 9.0/10; sincerity: 9.0/10; intelligence: 9.0/10; being funny: 8.0/10; ambition: 7.0/10; shared interests: 5.0/10. Your importance weights for these attributes are: attractiveness: 40.0; sincerity: 30.0; intelligence: 0.0; being funny: 20.0; ambition: 0.0; shared interests: 10.0. Would you be willing to date this woman? And also tell me the reason. Your answer must be (YES) or (NO) followed by your reason. You must FOLLOW THIS RULE! You MUST NOT SAY other words.,YES; because the scores in attractiveness; sincerity; and humor align closely with your weighted preferences; outweighing lower scores in less prioritized areas like shared interests; ambition; and intelligence.,515,541,,1
Assume you are a 22-year-old woman with career type Engineer; currently matched with a partner. Your current partner's scores (out of 10): attractiveness: 7.0/10; sincerity: 8.0/10; intelligence: 8.0/10; being funny: 9.0/10; ambition: 9.0/10; shared interests: 7.0/10. A new man is courting you with scores: attractiveness: 5.0/10; sincerity: 6.0/10; intelligence: 7.0/10; being funny: 6.0/10; ambition: 5.0/10; shared interests: nan/10. Your importance weights are: attractiveness: 10.0; sincerity: 25.0; intelligence: 25.0; being funny: 10.0; ambition: 10.0; shared interests: 20.0. Would you leave your current partner for the new man? Your answer must be (YES) or (NO) followed by your reason. You must FOLLOW THIS RULE! You MUST NOT SAY other words.,NO; because your current partner has higher scores in all categories that are important to you; which align with your weighted preferences for a relationship.,539,529,524,0
Assume you are a 30-year-old single man; and there is a 23-year-old woman who is courting you. Your career type is Private Equity - Leveraged Buy-Outs. You evaluated her on six dimensions with scores out of 10. These are attractiveness: 6.0/10; sincerity: 7.0/10; intelligence: 7.0/10; being funny: 10.0/10; ambition: 6.0/10; shared interests: 6.0/10. Your importance weights for these attributes are: attractiveness: 25.0; sincerity: 20.0; intelligence: 20.0; being funny: 20.0; ambition: 0.0; shared interests: 15.0. Would you be willing to date this woman? And also tell me the reason. Your answer must be (YES) or (NO) followed by your reason. You must FOLLOW THIS RULE! You MUST NOT SAY other words.,NO; because the weighted score calculated based on your priorities does not meet a high enough threshold for compatibility in a relationship.,518,547,,0
Assume you are a 24-year-old man with career type Academic Work; Consultant; currently matched with a partner. Your current partner's scores (out of 10): attractiveness: 8.0/10; sincerity: 9.0/10; intelligence: 9.0/10; being funny: 6.0/10; ambition: 5.0/10; shared interests: 5.0/10. A new woman is courting you with scores: attractiveness: 6.0/10; sincerity: 7.0/10; intelligence: 6.0/10; being funny: 7.0/10; ambition: 6.0/10; shared interests: 5.0/10. Your importance weights are: attractiveness: 20.0; sincerity: 15.0; intelligence: 20.0; being funny: 20.0; ambition: 15.0; shared interests: 10.0. Would you leave your current partner for the new woman? Your answer must be (YES) or (NO) followed by your reason. You must FOLLOW THIS RULE! You MUST NOT SAY other words.,NO; because your current partner scores higher in attributes that are more important to you; such as intelligence and sincerity; which align with your heavily weighted preferences.,514,540,533,0
Assume you are a 23-year-old man with career type Physician; currently matched with a partner. Your current partner's scores (out of 10): attractiveness: 6.0/10; sincerity: 5.0/10; intelligence: 7.0/10; being funny: 8.0/10; ambition: 6.0/10; shared interests: 6.0/10. A new woman is courting you with scores: attractiveness: 8.0/10; sincerity: 8.0/10; intelligence: 5.0/10; being funny: 7.0/10; ambition: 6.0/10; shared interests: 5.0/10. Your importance weights are: attractiveness: 15.0; sincerity: 25.0; intelligence: 20.0; being funny: 10.0; ambition: 10.0; shared interests: 20.0. Would you leave your current partner for the new woman? Your answer must be (YES) or (NO) followed by your reason. You must FOLLOW THIS RULE! You MUST NOT SAY other words.,NO; because the current partner scores higher in sincerity and shared interests; which have higher importance weights in your preferences; suggesting a deeper and more meaningful connection based on your values.,511,544,551,0
Assume you are a 30-year-old single man; and there is a 27-year-old woman who is courting you. Your career type is Finance. You evaluated her on six dimensions with scores out of 10. These are attractiveness: 7.0/10; sincerity: 6.0/10; intelligence: 6.0/10; being funny: 6.0/10; ambition: 6.0/10; shared interests: 4.0/10. Your importance weights for these attributes are: attractiveness: 30.0; sincerity: 3.0; intelligence: 30.0; being funny: 30.0; ambition: 3.0; shared interests: 4.0. Would you be willing to date this woman? And also tell me the reason. Your answer must be (YES) or (NO) followed by your reason. You must FOLLOW THIS RULE! You MUST NOT SAY other words.,NO; because the scores in key areas like intelligence; being funny; and shared interests; which are highly weighted in your priorities; are not high enough to meet your expectations; indicating a lower overall compatibility based on your criteria.,516,550,,0
Assume you are a 26-year-old man with career type ASIC Engineer; currently matched with a partner. Your current partner's scores (out of 10): attractiveness: 10.0/10; sincerity: 10.0/10; intelligence: 10.0/10; being funny: 10.0/10; ambition: 10.0/10; shared interests: 10.0/10. A new woman is courting you with scores: attractiveness: 6.0/10; sincerity: 8.0/10; intelligence: 9.0/10; being funny: 7.0/10; ambition: 8.0/10; shared interests: 9.0/10. Your importance weights are: attractiveness: 25.0; sincerity: 20.0; intelligence: 20.0; being funny: 20.0; ambition: 5.0; shared interests: 10.0. Would you leave your current partner for the new woman? Your answer must be (YES) or (NO) followed by your reason. You must FOLLOW THIS RULE! You MUST NOT SAY other words.,NO; because your current partner scores higher across all valued categories and aligns better with your prioritized preferences.,523,532,543,0
Assume you are a 30-year-old single man; and there is a 22-year-old woman who is courting you. Your career type is Private Equity - Leveraged Buy-Outs. You evaluated her on six dimensions with scores out of 10. These are attractiveness: 6.0/10; sincerity: 8.0/10; intelligence: 6.0/10; being funny: 7.0/10; ambition: 8.0/10; shared interests: 6.0/10. Your importance weights for these attributes are: attractiveness: 25.0; sincerity: 20.0; intelligence: 20.0; being funny: 20.0; ambition: 0.0; shared interests: 15.0. Would you be willing to date this woman? And also tell me the reason. Your answer must be (YES) or (NO) followed by your reason. You must FOLLOW THIS RULE! You MUST NOT SAY other words.,NO; because the weighted scores based on your importance for each dimension suggest that her overall compatibility with your preferences and priorities might not be sufficiently high to meet your expectations for a partner.,522,547,,0
Assume you are a 22-year-old woman with career type dont know yet; currently matched with a partner. Your current partner's scores (out of 10): attractiveness: 3.0/10; sincerity: 6.0/10; intelligence: 5.0/10; being funny: 6.0/10; ambition: 5.0/10; shared interests: 4.0/10. A new man is courting you with scores: attractiveness: 9.0/10; sincerity: 9.0/10; intelligence: 8.0/10; being funny: 10.0/10; ambition: 8.0/10; shared interests: 7.0/10. Your importance weights are: attractiveness: 20.0; sincerity: 20.0; intelligence: 10.0; being funny: 15.0; ambition: 5.0; shared interests: 30.0. Would you leave your current partner for the new man? Your answer must be (YES) or (NO) followed by your reason. You must FOLLOW THIS RULE! You MUST NOT SAY other words.,YES; based on your importance weights and the higher scores of the new man across all categories that matter to you.,538,530,526,1
Assume you are a 23-year-old single woman; and there is a 24-year-old man who is courting you. Your career type is Actress. You evaluated him on six dimensions with scores out of 10. These are attractiveness: 3.0/10; sincerity: 10.0/10; intelligence: 9.0/10; being funny: 7.0/10; ambition: nan/10; shared interests: 5.0/10. Your importance weights for these attributes are: attractiveness: 20.0; sincerity: 25.0; intelligence: 25.0; being funny: 30.0; ambition: 5.0; shared interests: 5.0. Would you be willing to date this man? And also tell me the reason. Your answer must be (YES) or (NO) followed by your reason. You must FOLLOW THIS RULE! You MUST NOT SAY other words.,YES; because his high ratings in sincerity and intelligence align with the significant importance you place on these traits; and his overall compatibility seems to complement your values; despite the lower score in attractiveness.,540,518,,1
Assume you are a 30-year-old man with career type Consulting; currently matched with a partner. Your current partner's scores (out of 10): attractiveness: 6.0/10; sincerity: 5.0/10; intelligence: 7.0/10; being funny: 8.0/10; ambition: 6.0/10; shared interests: 6.0/10. A new woman is courting you with scores: attractiveness: 6.0/10; sincerity: 6.0/10; intelligence: 7.0/10; being funny: 5.0/10; ambition: 6.0/10; shared interests: 6.0/10. Your importance weights are: attractiveness: 35.0; sincerity: 10.0; intelligence: 20.0; being funny: 25.0; ambition: 5.0; shared interests: 5.0. Would you leave your current partner for the new woman? Your answer must be (YES) or (NO) followed by your reason. You must FOLLOW THIS RULE! You MUST NOT SAY other words.,NO; because your current partner scores higher in being funny; which is a significant component of your weighted preferences.,511,546,551,0
Assume you are a 23-year-old man with career type Physician; currently matched with a partner. Your current partner's scores (out of 10): attractiveness: 3.0/10; sincerity: 10.0/10; intelligence: 9.0/10; being funny: 7.0/10; ambition: nan/10; shared interests: 5.0/10. A new woman is courting you with scores: attractiveness: 7.0/10; sincerity: 7.0/10; intelligence: 6.0/10; being funny: 6.0/10; ambition: 6.0/10; shared interests: 5.0/10. Your importance weights are: attractiveness: 15.0; sincerity: 25.0; intelligence: 20.0; being funny: 10.0; ambition: 10.0; shared interests: 20.0. Would you leave your current partner for the new woman? Your answer must be (YES) or (NO) followed by your reason. You must FOLLOW THIS RULE! You MUST NOT SAY other words.,NO; because your current partner scores significantly higher in sincerity and intelligence; which are your highest weighted categories; indicating a deeper level of compatibility and alignment with your values.,518,544,540,0
Assume you are a 23-year-old man with career type To go into Finance; currently matched with a partner. Your current partner's scores (out of 10): attractiveness: 8.0/10; sincerity: 9.0/10; intelligence: 9.0/10; being funny: 6.0/10; ambition: 5.0/10; shared interests: 5.0/10. A new woman is courting you with scores: attractiveness: 4.0/10; sincerity: 7.0/10; intelligence: 6.0/10; being funny: 4.0/10; ambition: 6.0/10; shared interests: 7.0/10. Your importance weights are: attractiveness: 25.0; sincerity: 15.0; intelligence: 20.0; being funny: 20.0; ambition: 10.0; shared interests: 10.0. Would you leave your current partner for the new woman? Your answer must be (YES) or (NO) followed by your reason. You must FOLLOW THIS RULE! You MUST NOT SAY other words.,NO; because the overall weighted scores of your current partner are higher in the categories that you value more; such as attractiveness; sincerity; and intelligence.,514,542,533,0
Assume you are a 30-year-old man with career type Management; currently matched with a partner. Your current partner's scores (out of 10): attractiveness: 3.0/10; sincerity: 10.0/10; intelligence: 9.0/10; being funny: 7.0/10; ambition: nan/10; shared interests: 5.0/10. A new woman is courting you with scores: attractiveness: 8.0/10; sincerity: 7.0/10; intelligence: 7.0/10; being funny: 8.0/10; ambition: 2.0/10; shared interests: 5.0/10. Your importance weights are: attractiveness: 40.0; sincerity: 10.0; intelligence: 20.0; being funny: 10.0; ambition: 0.0; shared interests: 20.0. Would you leave your current partner for the new woman? Your answer must be (YES) or (NO) followed by your reason. You must FOLLOW THIS RULE! You MUST NOT SAY other words.,NO; because your current partner scores significantly higher in sincerity and intelligence; which are important qualities for a lasting relationship; while the new woman scores lower in these critical areas despite her higher attractiveness.,518,548,540,0
Assume you are a 25-year-old man with career type TEACHING; currently matched with a partner. Your current partner's scores (out of 10): attractiveness: 6.0/10; sincerity: 5.0/10; intelligence: 7.0/10; being funny: 8.0/10; ambition: 6.0/10; shared interests: 6.0/10. A new woman is courting you with scores: attractiveness: 5.0/10; sincerity: 10.0/10; intelligence: 10.0/10; being funny: 8.0/10; ambition: 10.0/10; shared interests: 5.0/10. Your importance weights are: attractiveness: 15.0; sincerity: 30.0; intelligence: 20.0; being funny: 20.0; ambition: 10.0; shared interests: 5.0. Would you leave your current partner for the new woman? Your answer must be (YES) or (NO) followed by your reason. You must FOLLOW THIS RULE! You MUST NOT SAY other words.,NO; because the overall weighted score calculated based on your stated importance weights results in a higher score for your current partner compared to the new woman.,511,531,551,0
Assume you are a 24-year-old man with career type software engr; network engr; currently matched with a partner. Your current partner's scores (out of 10): attractiveness: 3.0/10; sincerity: 10.0/10; intelligence: 9.0/10; being funny: 7.0/10; ambition: nan/10; shared interests: 5.0/10. A new woman is courting you with scores: attractiveness: 8.0/10; sincerity: 9.0/10; intelligence: 8.0/10; being funny: 9.0/10; ambition: 9.0/10; shared interests: 8.0/10. Your importance weights are: attractiveness: 30.0; sincerity: 30.0; intelligence: 30.0; being funny: 5.0; ambition: 2.0; shared interests: 3.0. Would you leave your current partner for the new woman? Your answer must be (YES) or (NO) followed by your reason. You must FOLLOW THIS RULE! You MUST NOT SAY other words.,NO; because the high sincerity and intelligence scores of your current partner align closely with your highest weighted values.,518,534,540,0
Assume you are a 28-year-old man with career type General management/consulting; currently matched with a partner. Your current partner's scores (out of 10): attractiveness: 6.0/10; sincerity: 8.0/10; intelligence: 9.0/10; being funny: 9.0/10; ambition: 9.0/10; shared interests: 8.0/10. A new woman is courting you with scores: attractiveness: 6.0/10; sincerity: 8.0/10; intelligence: 10.0/10; being funny: 7.0/10; ambition: 7.0/10; shared interests: 6.0/10. Your importance weights are: attractiveness: 20.0; sincerity: 20.0; intelligence: 20.0; being funny: 20.0; ambition: 0.0; shared interests: 20.0. Would you leave your current partner for the new woman? Your answer must be (YES) or (NO) followed by your reason. You must FOLLOW THIS RULE! You MUST NOT SAY other words.,NO; because your current partner scores higher overall based on your stated importance weights in each category.,524,549,539,0
Assume you are a 22-year-old woman with career type Engineer; currently matched with a partner. Your current partner's scores (out of 10): attractiveness: 9.0/10; sincerity: 9.0/10; intelligence: 9.0/10; being funny: 8.0/10; ambition: 7.0/10; shared interests: 5.0/10. A new man is courting you with scores: attractiveness: 5.0/10; sincerity: 7.0/10; intelligence: 6.0/10; being funny: 6.0/10; ambition: 5.0/10; shared interests: 8.0/10. Your importance weights are: attractiveness: 10.0; sincerity: 25.0; intelligence: 25.0; being funny: 10.0; ambition: 10.0; shared interests: 20.0. Would you leave your current partner for the new man? Your answer must be (YES) or (NO) followed by your reason. You must FOLLOW THIS RULE! You MUST NOT SAY other words.,NO; because your current partner scores higher in categories you value more based on your importance weights; such as sincerity; intelligence; and attractiveness.,541,529,515,0
Assume you are a 24-year-old man with career type software engr; network engr; currently matched with a partner. Your current partner's scores (out of 10): attractiveness: 6.0/10; sincerity: 8.0/10; intelligence: 9.0/10; being funny: 9.0/10; ambition: 9.0/10; shared interests: 8.0/10. A new woman is courting you with scores: attractiveness: 9.0/10; sincerity: 8.0/10; intelligence: 9.0/10; being funny: 9.0/10; ambition: 9.0/10; shared interests: 8.0/10. Your importance weights are: attractiveness: 30.0; sincerity: 30.0; intelligence: 30.0; being funny: 5.0; ambition: 2.0; shared interests: 3.0. Would you leave your current partner for the new woman? Your answer must be (YES) or (NO) followed by your reason. You must FOLLOW THIS RULE! You MUST NOT SAY other words.,NO; because the primary valued traits (sincerity; intelligence; being funny; ambition; shared interests) are almost equivalent; and the potential gain in attractiveness does not outweigh the established relationship and trust with your current partner.,524,534,539,0
Assume you are a 27-year-old single woman; and there is a 25-year-old man who is courting you. Your career type is Scientist. You evaluated him on six dimensions with scores out of 10. These are attractiveness: 6.0/10; sincerity: 7.0/10; intelligence: 8.0/10; being funny: 7.0/10; ambition: 8.0/10; shared interests: 6.0/10. Your importance weights for these attributes are: attractiveness: 58.0; sincerity: 5.0; intelligence: 8.0; being funny: 10.0; ambition: 7.0; shared interests: 12.0. Would you be willing to date this man? And also tell me the reason. Your answer must be (YES) or (NO) followed by your reason. You must FOLLOW THIS RULE! You MUST NOT SAY other words.,NO; because the combined weighted score based on your importance weights and his scores do not result in a sufficiently high overall rating to meet your expectations.,531,516,,0
Assume you are a 30-year-old man with career type Finance; currently matched with a partner. Your current partner's scores (out of 10): attractiveness: 3.0/10; sincerity: 10.0/10; intelligence: 9.0/10; being funny: 7.0/10; ambition: nan/10; shared interests: 5.0/10. A new woman is courting you with scores: attractiveness: 7.0/10; sincerity: 6.0/10; intelligence: 5.0/10; being funny: 6.0/10; ambition: 5.0/10; shared interests: 4.0/10. Your importance weights are: attractiveness: 30.0; sincerity: 3.0; intelligence: 30.0; being funny: 30.0; ambition: 3.0; shared interests: 4.0. Would you leave your current partner for the new woman? Your answer must be (YES) or (NO) followed by your reason. You must FOLLOW THIS RULE! You MUST NOT SAY other words.,NO; because the current partner has significantly higher scores in intelligence and sincerity; which are heavily weighted in your importance scale; suggesting a deeper compatibility compared to the new woman whose higher attractiveness does not offset these crucial factors.,518,550,540,0
Assume you are a 30-year-old single man; and there is a 22-year-old woman who is courting you. Your career type is Finance. You evaluated her on six dimensions with scores out of 10. These are attractiveness: 6.0/10; sincerity: 7.0/10; intelligence: 6.0/10; being funny: 4.0/10; ambition: 4.0/10; shared interests: 5.0/10. Your importance weights for these attributes are: attractiveness: 30.0; sincerity: 3.0; intelligence: 30.0; being funny: 30.0; ambition: 3.0; shared interests: 4.0. Would you be willing to date this woman? And also tell me the reason. Your answer must be (YES) or (NO) followed by your reason. You must FOLLOW THIS RULE! You MUST NOT SAY other words.,NO; because the scores on intelligence and being funny; which are highly weighted in importance; are relatively low.,522,550,,0
Assume you are a 30-year-old man with career type Finance; currently matched with a partner. Your current partner's scores (out of 10): attractiveness: 6.0/10; sincerity: 8.0/10; intelligence: 9.0/10; being funny: 9.0/10; ambition: 9.0/10; shared interests: 8.0/10. A new woman is courting you with scores: attractiveness: 7.0/10; sincerity: 6.0/10; intelligence: 6.0/10; being funny: 6.0/10; ambition: 5.0/10; shared interests: 6.0/10. Your importance weights are: attractiveness: 30.0; sincerity: 3.0; intelligence: 30.0; being funny: 30.0; ambition: 3.0; shared interests: 4.0. Would you leave your current partner for the new woman? Your answer must be (YES) or (NO) followed by your reason. You must FOLLOW THIS RULE! You MUST NOT SAY other words.,NO; because your current partner scores much higher in the attributes you value most (intelligence; being funny; ambition); aligning better with your weighted priorities.,524,550,539,0
Assume you are a 22-year-old woman with career type Engineer; currently matched with a partner. Your current partner's scores (out of 10): attractiveness: 10.0/10; sincerity: 10.0/10; intelligence: 10.0/10; being funny: 10.0/10; ambition: 10.0/10; shared interests: 10.0/10. A new man is courting you with scores: attractiveness: 5.0/10; sincerity: 7.0/10; intelligence: 6.0/10; being funny: 6.0/10; ambition: 4.0/10; shared interests: 5.0/10. Your importance weights are: attractiveness: 10.0; sincerity: 25.0; intelligence: 25.0; being funny: 10.0; ambition: 10.0; shared interests: 20.0. Would you leave your current partner for the new man? Your answer must be (YES) or (NO) followed by your reason. You must FOLLOW THIS RULE! You MUST NOT SAY other words.,NO; because your current partner scores significantly higher in all the qualities you value according to your importance weights; indicating a stronger compatibility.,543,529,523,0
Assume you are a 30-year-old man with career type Private Equity - Leveraged Buy-Outs; currently matched with a partner. Your current partner's scores (out of 10): attractiveness: 10.0/10; sincerity: 10.0/10; intelligence: 10.0/10; being funny: 10.0/10; ambition: 10.0/10; shared interests: 10.0/10. A new woman is courting you with scores: attractiveness: 3.0/10; sincerity: 8.0/10; intelligence: 8.0/10; being funny: 7.0/10; ambition: 6.0/10; shared interests: 5.0/10. Your importance weights are: attractiveness: 25.0; sincerity: 20.0; intelligence: 20.0; being funny: 20.0; ambition: 0.0; shared interests: 15.0. Would you leave your current partner for the new woman? Your answer must be (YES) or (NO) followed by your reason. You must FOLLOW THIS RULE! You MUST NOT SAY other words.,NO; because your current partner scores perfectly across all important facets; aligning exactly with your weighted priorities; making your relationship satisfaction potentially very high compared to the new interest who scores lower in every category.,523,547,543,0
Assume you are a 30-year-old man with career type Management; currently matched with a partner. Your current partner's scores (out of 10): attractiveness: 6.0/10; sincerity: 8.0/10; intelligence: 9.0/10; being funny: 9.0/10; ambition: 9.0/10; shared interests: 8.0/10. A new woman is courting you with scores: attractiveness: 9.0/10; sincerity: 7.0/10; intelligence: 7.0/10; being funny: 8.0/10; ambition: 4.0/10; shared interests: 6.0/10. Your importance weights are: attractiveness: 40.0; sincerity: 10.0; intelligence: 20.0; being funny: 10.0; ambition: 0.0; shared interests: 20.0. Would you leave your current partner for the new woman? Your answer must be (YES) or (NO) followed by your reason. You must FOLLOW THIS RULE! You MUST NOT SAY other words.,NO because your current partner scores higher overall based on your weighted importance of each attribute.,524,548,539,0
Assume you are a 25-year-old man with career type assistant master of the universe (otherwise it's too much work); currently matched with a partner. Your current partner's scores (out of 10): attractiveness: 8.0/10; sincerity: 9.0/10; intelligence: 9.0/10; being funny: 6.0/10; ambition: 5.0/10; shared interests: 5.0/10. A new woman is courting you with scores: attractiveness: 4.0/10; sincerity: 6.0/10; intelligence: 8.0/10; being funny: 7.0/10; ambition: 8.0/10; shared interests: 8.0/10. Your importance weights are: attractiveness: 70.0; sincerity: 0.0; intelligence: 15.0; being funny: 15.0; ambition: 0.0; shared interests: 0.0. Would you leave your current partner for the new woman? Your answer must be (YES) or (NO) followed by your reason. You must FOLLOW THIS RULE! You MUST NOT SAY other words.,NO; because based on your importance weights; attractiveness is most significant to you and your current partner scores higher in that category.,514,552,533,0
Assume you are a 30-year-old man with career type Consulting; currently matched with a partner. Your current partner's scores (out of 10): attractiveness: 3.0/10; sincerity: 10.0/10; intelligence: 9.0/10; being funny: 7.0/10; ambition: nan/10; shared interests: 5.0/10. A new woman is courting you with scores: attractiveness: 7.0/10; sincerity: 7.0/10; intelligence: 6.0/10; being funny: 8.0/10; ambition: 6.0/10; shared interests: 7.0/10. Your importance weights are: attractiveness: 35.0; sincerity: 10.0; intelligence: 20.0; being funny: 25.0; ambition: 5.0; shared interests: 5.0. Would you leave your current partner for the new woman? Your answer must be (YES) or (NO) followed by your reason. You must FOLLOW THIS RULE! You MUST NOT SAY other words.,NO; because the high scores in sincerity and intelligence of your current partner align closely with your values; outweighing the higher attractiveness and humor scores of the new woman.,518,546,540,0
Assume you are a 24-year-old woman with career type Social Worker; currently matched with a partner. Your current partner's scores (out of 10): attractiveness: 5.0/10; sincerity: 6.0/10; intelligence: 5.0/10; being funny: 5.0/10; ambition: 5.0/10; shared interests: 3.0/10. A new man is courting you with scores: attractiveness: 6.0/10; sincerity: 6.0/10; intelligence: 8.0/10; being funny: 9.0/10; ambition: 8.0/10; shared interests: 5.0/10. Your importance weights are: attractiveness: 50.0; sincerity: 20.0; intelligence: 10.0; being funny: 5.0; ambition: 10.0; shared interests: 5.0. Would you leave your current partner for the new man? Your answer must be (YES) or (NO) followed by your reason. You must FOLLOW THIS RULE! You MUST NOT SAY other words.,NO; because the weighted importance of sincerity in your values is significant and both partners have the same sincerity score; suggesting your emotional needs may not improve with the change.,538,527,530,0
Assume you are a 26-year-old man with career type ASIC Engineer; currently matched with a partner. Your current partner's scores (out of 10): attractiveness: 6.0/10; sincerity: 5.0/10; intelligence: 7.0/10; being funny: 8.0/10; ambition: 6.0/10; shared interests: 6.0/10. A new woman is courting you with scores: attractiveness: 7.0/10; sincerity: 6.0/10; intelligence: 7.0/10; being funny: 6.0/10; ambition: 5.0/10; shared interests: 8.0/10. Your importance weights are: attractiveness: 25.0; sincerity: 20.0; intelligence: 20.0; being funny: 20.0; ambition: 5.0; shared interests: 10.0. Would you leave your current partner for the new woman? Your answer must be (YES) or (NO) followed by your reason. You must FOLLOW THIS RULE! You MUST NOT SAY other words.,NO; as your current partner still has a higher overall weighted score based on the criteria you value most.,511,532,551,0
Assume you are a 22-year-old woman with career type Assistant District Attorney; currently matched with a partner. Your current partner's scores (out of 10): attractiveness: 5.0/10; sincerity: 8.0/10; intelligence: 7.0/10; being funny: 8.0/10; ambition: 5.0/10; shared interests: 4.0/10. A new man is courting you with scores: attractiveness: 6.0/10; sincerity: 8.0/10; intelligence: 9.0/10; being funny: 9.0/10; ambition: 7.0/10; shared interests: 7.0/10. Your importance weights are: attractiveness: 10.0; sincerity: 20.0; intelligence: 15.0; being funny: 20.0; ambition: 15.0; shared interests: 20.0. Would you leave your current partner for the new man? Your answer must be (YES) or (NO) followed by your reason. You must FOLLOW THIS RULE! You MUST NOT SAY other words.,NO. Given the high importance you place on sincerity; the scores for both partners are equal in this category; suggesting you value a genuine connection which your current partner satisfies. Additionally; the difference in scores across other categories might not significantly outweigh the established bond and holistic compatibility with your current partner.,537,522,525,0
Assume you are a 28-year-old man with career type General management/consulting; currently matched with a partner. Your current partner's scores (out of 10): attractiveness: 8.0/10; sincerity: 8.0/10; intelligence: 8.0/10; being funny: 8.0/10; ambition: 9.0/10; shared interests: 9.0/10. A new woman is courting you with scores: attractiveness: 6.0/10; sincerity: 8.0/10; intelligence: 8.0/10; being funny: 9.0/10; ambition: 7.0/10; shared interests: 7.0/10. Your importance weights are: attractiveness: 20.0; sincerity: 20.0; intelligence: 20.0; being funny: 20.0; ambition: 0.0; shared interests: 20.0. Would you leave your current partner for the new woman? Your answer must be (YES) or (NO) followed by your reason. You must FOLLOW THIS RULE! You MUST NOT SAY other words.,NO; because your current partner has higher scores in categories that are crucial to you; providing overall more alignment with your weighted importance on these traits.,525,549,537,0
Assume you are a 24-year-old single woman; and there is a 25-year-old man who is courting you. Your career type is Social Worker. You evaluated him on six dimensions with scores out of 10. These are attractiveness: 4.0/10; sincerity: 8.0/10; intelligence: 9.0/10; being funny: 3.0/10; ambition: 8.0/10; shared interests: 2.0/10. Your importance weights for these attributes are: attractiveness: 50.0; sincerity: 20.0; intelligence: 10.0; being funny: 5.0; ambition: 10.0; shared interests: 5.0. Would you be willing to date this man? And also tell me the reason. Your answer must be (YES) or (NO) followed by your reason. You must FOLLOW THIS RULE! You MUST NOT SAY other words.,NO; because the weighted average score calculated based on importance is low; indicating he may not meet your primary needs and expectations in a relationship.,531,527,,0
Assume you are a 24-year-old single woman; and there is a 29-year-old man who is courting you. Your career type is Social Worker. You evaluated him on six dimensions with scores out of 10. These are attractiveness: 7.0/10; sincerity: 7.0/10; intelligence: 7.0/10; being funny: 7.0/10; ambition: 7.0/10; shared interests: 3.0/10. Your importance weights for these attributes are: attractiveness: 50.0; sincerity: 20.0; intelligence: 10.0; being funny: 5.0; ambition: 10.0; shared interests: 5.0. Would you be willing to date this man? And also tell me the reason. Your answer must be (YES) or (NO) followed by your reason. You must FOLLOW THIS RULE! You MUST NOT SAY other words.,NO; because the score for shared interests is significantly low; indicating a lack of common ground which is crucial for long-term compatibility.,536,527,,0
Assume you are a 30-year-old man with career type Private Equity - Leveraged Buy-Outs; currently matched with a partner. Your current partner's scores (out of 10): attractiveness: 6.0/10; sincerity: 8.0/10; intelligence: 9.0/10; being funny: 9.0/10; ambition: 9.0/10; shared interests: 8.0/10. A new woman is courting you with scores: attractiveness: 7.0/10; sincerity: 7.0/10; intelligence: 8.0/10; being funny: 8.0/10; ambition: 5.0/10; shared interests: 6.0/10. Your importance weights are: attractiveness: 25.0; sincerity: 20.0; intelligence: 20.0; being funny: 20.0; ambition: 0.0; shared interests: 15.0. Would you leave your current partner for the new woman? Your answer must be (YES) or (NO) followed by your reason. You must FOLLOW THIS RULE! You MUST NOT SAY other words.,NO; your current partner has higher scores in intelligence; sincerity; being funny; and shared interests; all of which carry significant weight in your valuation; outweighing the slight advantage in attractiveness of the new woman.,524,547,539,0
Assume you are a 24-year-old man with career type software engr; network engr; currently matched with a partner. Your current partner's scores (out of 10): attractiveness: 6.0/10; sincerity: 5.0/10; intelligence: 7.0/10; being funny: 8.0/10; ambition: 6.0/10; shared interests: 6.0/10. A new woman is courting you with scores: attractiveness: 8.0/10; sincerity: 9.0/10; intelligence: 8.0/10; being funny: 8.0/10; ambition: 9.0/10; shared interests: 7.0/10. Your importance weights are: attractiveness: 30.0; sincerity: 30.0; intelligence: 30.0; being funny: 5.0; ambition: 2.0; shared interests: 3.0. Would you leave your current partner for the new woman? Your answer must be (YES) or (NO) followed by your reason. You must FOLLOW THIS RULE! You MUST NOT SAY other words.,NO; because the weighted importance of characteristics doesn't sufficiently justify leaving a current relationship based on higher scores alone; as integrity and commitment are also critical factors in a partnership.,511,534,551,0
Assume you are a 22-year-old single woman; and there is a 30-year-old man who is courting you. Your career type is Engineer. You evaluated him on six dimensions with scores out of 10. These are attractiveness: 6.0/10; sincerity: 6.0/10; intelligence: 7.0/10; being funny: 5.0/10; ambition: 5.0/10; shared interests: nan/10. Your importance weights for these attributes are: attractiveness: 10.0; sincerity: 25.0; intelligence: 25.0; being funny: 10.0; ambition: 10.0; shared interests: 20.0. Would you be willing to date this man? And also tell me the reason. Your answer must be (YES) or (NO) followed by your reason. You must FOLLOW THIS RULE! You MUST NOT SAY other words.,NO; because the low scores in sincerity; ambition; and humor; along with a significant weight on shared interests which is undefined; suggest that the alignment and long-term compatibility might be insufficient.,546,529,,0
Assume you are a 24-year-old single man; and there is a 27-year-old woman who is courting you. Your career type is software engr; network engr. You evaluated her on six dimensions with scores out of 10. These are attractiveness: 7.0/10; sincerity: 8.0/10; intelligence: 8.0/10; being funny: 8.0/10; ambition: 7.0/10; shared interests: 8.0/10. Your importance weights for these attributes are: attractiveness: 30.0; sincerity: 30.0; intelligence: 30.0; being funny: 5.0; ambition: 2.0; shared interests: 3.0. Would you be willing to date this woman? And also tell me the reason. Your answer must be (YES) or (NO) followed by your reason. You must FOLLOW THIS RULE! You MUST NOT SAY other words.,YES; because her scores align well with the attributes you prioritize most: attractiveness; sincerity; and intelligence.,516,534,,1
Assume you are a 22-year-old single woman; and there is a 30-year-old man who is courting you. Your career type is Engineer. You evaluated him on six dimensions with scores out of 10. These are attractiveness: 6.0/10; sincerity: 7.0/10; intelligence: 7.0/10; being funny: 5.0/10; ambition: 5.0/10; shared interests: 5.0/10. Your importance weights for these attributes are: attractiveness: 10.0; sincerity: 25.0; intelligence: 25.0; being funny: 10.0; ambition: 10.0; shared interests: 20.0. Would you be willing to date this man? And also tell me the reason. Your answer must be (YES) or (NO) followed by your reason. You must FOLLOW THIS RULE! You MUST NOT SAY other words.,NO; the weighted scores reveal lower compatibility in key areas that are highly valued: ambition; shared interests; and humor; which could hinder a fulfilling long-term relationship.,548,529,,0
Assume you are a 22-year-old woman with career type Assistant District Attorney; currently matched with a partner. Your current partner's scores (out of 10): attractiveness: 9.0/10; sincerity: 9.0/10; intelligence: 9.0/10; being funny: 8.0/10; ambition: 7.0/10; shared interests: 5.0/10. A new man is courting you with scores: attractiveness: 5.0/10; sincerity: 9.0/10; intelligence: 9.0/10; being funny: 6.0/10; ambition: 9.0/10; shared interests: 5.0/10. Your importance weights are: attractiveness: 10.0; sincerity: 20.0; intelligence: 15.0; being funny: 20.0; ambition: 15.0; shared interests: 20.0. Would you leave your current partner for the new man? Your answer must be (YES) or (NO) followed by your reason. You must FOLLOW THIS RULE! You MUST NOT SAY other words.,NO; because your current partner ranks higher in attractiveness and being funny; which carry significant weight according to your importance preferences. Additionally; shared interests are equally low with both; diminishing the impact of that category in your decision.,541,522,515,0
Assume you are a 30-year-old man with career type Private Equity - Leveraged Buy-Outs; currently matched with a partner. Your current partner's scores (out of 10): attractiveness: 9.0/10; sincerity: 9.0/10; intelligence: 8.0/10; being funny: 10.0/10; ambition: 8.0/10; shared interests: 7.0/10. A new woman is courting you with scores: attractiveness: 3.0/10; sincerity: 8.0/10; intelligence: 8.0/10; being funny: 5.0/10; ambition: 6.0/10; shared interests: 4.0/10. Your importance weights are: attractiveness: 25.0; sincerity: 20.0; intelligence: 20.0; being funny: 20.0; ambition: 0.0; shared interests: 15.0. Would you leave your current partner for the new woman? Your answer must be (YES) or (NO) followed by your reason. You must FOLLOW THIS RULE! You MUST NOT SAY other words.,NO because the new woman scores significantly lower in categories that are highly important to you; such as attractiveness and being funny; and she does not present a better alignment with your weighted interests compared to your current partner.,530,547,538,0
Assume you are a 23-year-old single man; and there is a 22-year-old woman who is courting you. Your career type is Physician. You evaluated her on six dimensions with scores out of 10. These are attractiveness: 7.0/10; sincerity: 7.0/10; intelligence: 7.0/10; being funny: 7.0/10; ambition: 7.0/10; shared interests: 7.0/10. Your importance weights for these attributes are: attractiveness: 15.0; sincerity: 25.0; intelligence: 20.0; being funny: 10.0; ambition: 10.0; shared interests: 20.0. Would you be willing to date this woman? And also tell me the reason. Your answer must be (YES) or (NO) followed by your reason. You must FOLLOW THIS RULE! You MUST NOT SAY other words.,YES; because the overall weighted average of her scores aligns well with your weighted importance for each attribute; indicating a compatible match based on your criteria.,522,544,,1
Assume you are a 25-year-old man with career type assistant master of the universe (otherwise it's too much work); currently matched with a partner. Your current partner's scores (out of 10): attractiveness: 5.0/10; sincerity: 8.0/10; intelligence: 7.0/10; being funny: 5.0/10; ambition: 6.0/10; shared interests: 6.0/10. A new woman is courting you with scores: attractiveness: 8.0/10; sincerity: 7.0/10; intelligence: 8.0/10; being funny: 9.0/10; ambition: 8.0/10; shared interests: 8.0/10. Your importance weights are: attractiveness: 70.0; sincerity: 0.0; intelligence: 15.0; being funny: 15.0; ambition: 0.0; shared interests: 0.0. Would you leave your current partner for the new woman? Your answer must be (YES) or (NO) followed by your reason. You must FOLLOW THIS RULE! You MUST NOT SAY other words.,NO because based on your importance weights; the primary focus is on attractiveness where the new woman scores higher; but sincerity and ambition which your current partner scores decently on are more stable basis for lasting relationships according to your previous value indications.,516,552,534,0
Assume you are a 25-year-old man with career type assistant master of the universe (otherwise it's too much work); currently matched with a partner. Your current partner's scores (out of 10): attractiveness: 3.0/10; sincerity: 10.0/10; intelligence: 9.0/10; being funny: 7.0/10; ambition: nan/10; shared interests: 5.0/10. A new woman is courting you with scores: attractiveness: 5.0/10; sincerity: 8.0/10; intelligence: 8.0/10; being funny: 7.0/10; ambition: 7.0/10; shared interests: 8.0/10. Your importance weights are: attractiveness: 70.0; sincerity: 0.0; intelligence: 15.0; being funny: 15.0; ambition: 0.0; shared interests: 0.0. Would you leave your current partner for the new woman? Your answer must be (YES) or (NO) followed by your reason. You must FOLLOW THIS RULE! You MUST NOT SAY other words.,NO; because your highest importance weight is placed on attractiveness; and the new woman only scores slightly higher in this area which may not outweigh the high sincerity and intelligence scores of your current partner.,518,552,540,0
Assume you are a 24-year-old woman with career type Social Worker; currently matched with a partner. Your current partner's scores (out of 10): attractiveness: 5.0/10; sincerity: 8.0/10; intelligence: 7.0/10; being funny: 8.0/10; ambition: 5.0/10; shared interests: 4.0/10. A new man is courting you with scores: attractiveness: 5.0/10; sincerity: 5.0/10; intelligence: 8.0/10; being funny: 6.0/10; ambition: 8.0/10; shared interests: 3.0/10. Your importance weights are: attractiveness: 50.0; sincerity: 20.0; intelligence: 10.0; being funny: 5.0; ambition: 10.0; shared interests: 5.0. Would you leave your current partner for the new man? Your answer must be (YES) or (NO) followed by your reason. You must FOLLOW THIS RULE! You MUST NOT SAY other words.,NO; because your current partner scores higher overall based on your weighted importance; particularly in sincerity and shared interests which align more closely with your values and relational satisfaction.,537,527,525,0
Assume you are a 30-year-old man with career type Consulting; currently matched with a partner. Your current partner's scores (out of 10): attractiveness: 5.0/10; sincerity: 8.0/10; intelligence: 8.0/10; being funny: 8.0/10; ambition: nan/10; shared interests: 8.0/10. A new woman is courting you with scores: attractiveness: 7.0/10; sincerity: 8.0/10; intelligence: 8.0/10; being funny: 8.0/10; ambition: 6.0/10; shared interests: 9.0/10. Your importance weights are: attractiveness: 35.0; sincerity: 10.0; intelligence: 20.0; being funny: 25.0; ambition: 5.0; shared interests: 5.0. Would you leave your current partner for the new woman? Your answer must be (YES) or (NO) followed by your reason. You must FOLLOW THIS RULE! You MUST NOT SAY other words.,NO; because the weighted scores calculated based on your importance for each category indicate that the overall compatibility with your current partner is higher than with the new woman.,522,546,544,0
Assume you are a 29-year-old man with career type Finance; currently matched with a partner. Your current partner's scores (out of 10): attractiveness: 5.0/10; sincerity: 8.0/10; intelligence: 7.0/10; being funny: 5.0/10; ambition: 6.0/10; shared interests: 6.0/10. A new woman is courting you with scores: attractiveness: 10.0/10; sincerity: 8.0/10; intelligence: 9.0/10; being funny: 9.0/10; ambition: 9.0/10; shared interests: 7.0/10. Your importance weights are: attractiveness: 30.0; sincerity: 20.0; intelligence: 20.0; being funny: 20.0; ambition: 10.0; shared interests: 0.0. Would you leave your current partner for the new woman? Your answer must be (YES) or (NO) followed by your reason. You must FOLLOW THIS RULE! You MUST NOT SAY other words.,NO; because relationship decisions should not be based only on quantitative scores and attributes. Emotional connection; commitment; and dynamics of the relationship are also crucial factors to consider.,516,536,534,0
Assume you are a 29-year-old man with career type Finance; currently matched with a partner. Your current partner's scores (out of 10): attractiveness: 6.0/10; sincerity: 8.0/10; intelligence: 9.0/10; being funny: 9.0/10; ambition: 9.0/10; shared interests: 8.0/10. A new woman is courting you with scores: attractiveness: 8.0/10; sincerity: 8.0/10; intelligence: 9.0/10; being funny: 9.0/10; ambition: 8.0/10; shared interests: 7.0/10. Your importance weights are: attractiveness: 30.0; sincerity: 20.0; intelligence: 20.0; being funny: 20.0; ambition: 10.0; shared interests: 0.0. Would you leave your current partner for the new woman? Your answer must be (YES) or (NO) followed by your reason. You must FOLLOW THIS RULE! You MUST NOT SAY other words.,NO; the overall compatibility with your current partner is higher when considering your personal importance weights for each attribute.,524,536,539,0
Assume you are a 29-year-old single man; and there is a 22-year-old woman who is courting you. Your career type is Finance. You evaluated her on six dimensions with scores out of 10. These are attractiveness: 6.0/10; sincerity: 9.0/10; intelligence: 9.0/10; being funny: 6.0/10; ambition: 8.0/10; shared interests: 7.0/10. Your importance weights for these attributes are: attractiveness: 30.0; sincerity: 20.0; intelligence: 20.0; being funny: 20.0; ambition: 10.0; shared interests: 0.0. Would you be willing to date this woman? And also tell me the reason. Your answer must be (YES) or (NO) followed by your reason. You must FOLLOW THIS RULE! You MUST NOT SAY other words.,YES; because her overall weighted score is high based on the importance you place on each attribute; indicating strong compatibility in areas you value most.,529,536,,1
Assume you are a 26-year-old single woman; and there is a 25-year-old man who is courting you. Your career type is Social Work. You evaluated him on six dimensions with scores out of 10. These are attractiveness: 4.0/10; sincerity: 3.0/10; intelligence: 9.0/10; being funny: 4.0/10; ambition: 9.0/10; shared interests: 5.0/10. Your importance weights for these attributes are: attractiveness: 10.0; sincerity: 10.0; intelligence: 30.0; being funny: 20.0; ambition: 10.0; shared interests: 15.0. Would you be willing to date this man? And also tell me the reason. Your answer must be (YES) or (NO) followed by your reason. You must FOLLOW THIS RULE! You MUST NOT SAY other words.,NO; because the low scores in sincerity and attractiveness; both of which are highly weighted in importance; suggest that this relationship might not meet your emotional and physical expectations.,531,526,,0
Assume you are a 30-year-old man with career type Finance; currently matched with a partner. Your current partner's scores (out of 10): attractiveness: 8.0/10; sincerity: 8.0/10; intelligence: 8.0/10; being funny: 8.0/10; ambition: 9.0/10; shared interests: 9.0/10. A new woman is courting you with scores: attractiveness: 5.0/10; sincerity: 8.0/10; intelligence: 6.0/10; being funny: 5.0/10; ambition: 4.0/10; shared interests: 4.0/10. Your importance weights are: attractiveness: 30.0; sincerity: 3.0; intelligence: 30.0; being funny: 30.0; ambition: 3.0; shared interests: 4.0. Would you leave your current partner for the new woman? Your answer must be (YES) or (NO) followed by your reason. You must FOLLOW THIS RULE! You MUST NOT SAY other words.,NO; because your current partner scores higher in categories you deem most important; such as attractiveness; intelligence; and being funny; which aligns better with your stated priorities.,525,550,537,0
Assume you are a 30-year-old man with career type Private Equity - Leveraged Buy-Outs; currently matched with a partner. Your current partner's scores (out of 10): attractiveness: 4.0/10; sincerity: 5.0/10; intelligence: 8.0/10; being funny: 5.0/10; ambition: 8.0/10; shared interests: 4.0/10. A new woman is courting you with scores: attractiveness: 5.0/10; sincerity: 7.0/10; intelligence: 7.0/10; being funny: 5.0/10; ambition: 5.0/10; shared interests: 1.0/10. Your importance weights are: attractiveness: 25.0; sincerity: 20.0; intelligence: 20.0; being funny: 20.0; ambition: 0.0; shared interests: 15.0. Would you leave your current partner for the new woman? Your answer must be (YES) or (NO) followed by your reason. You must FOLLOW THIS RULE! You MUST NOT SAY other words.,NO; because your current partner has a higher total score based on your weighted importance; making a better overall match under your specified criteria.,515,547,541,0
Assume you are a 23-year-old man with career type To go into Finance; currently matched with a partner. Your current partner's scores (out of 10): attractiveness: 4.0/10; sincerity: 5.0/10; intelligence: 8.0/10; being funny: 5.0/10; ambition: 8.0/10; shared interests: 4.0/10. A new woman is courting you with scores: attractiveness: 8.0/10; sincerity: 4.0/10; intelligence: 6.0/10; being funny: 7.0/10; ambition: 4.0/10; shared interests: 2.0/10. Your importance weights are: attractiveness: 25.0; sincerity: 15.0; intelligence: 20.0; being funny: 20.0; ambition: 10.0; shared interests: 10.0. Would you leave your current partner for the new woman? Your answer must be (YES) or (NO) followed by your reason. You must FOLLOW THIS RULE! You MUST NOT SAY other words.,NO; because your current partner scores higher overall when factoring in your weighted importance on sincerity; intelligence; and ambition; which are critical for a stable and fulfilling long-term relationship.,515,542,541,0
Assume you are a 30-year-old man with career type Private Equity - Leveraged Buy-Outs; currently matched with a partner. Your current partner's scores (out of 10): attractiveness: 5.0/10; sincerity: 8.0/10; intelligence: 7.0/10; being funny: 5.0/10; ambition: 6.0/10; shared interests: 6.0/10. A new woman is courting you with scores: attractiveness: 5.0/10; sincerity: 7.0/10; intelligence: 7.0/10; being funny: 5.0/10; ambition: 5.0/10; shared interests: 1.0/10. Your importance weights are: attractiveness: 25.0; sincerity: 20.0; intelligence: 20.0; being funny: 20.0; ambition: 0.0; shared interests: 15.0. Would you leave your current partner for the new woman? Your answer must be (YES) or (NO) followed by your reason. You must FOLLOW THIS RULE! You MUST NOT SAY other words.,NO; because your current partner has higher scores in sincerity; ambition; and significantly higher in shared interests; which aligns better with your weighted priorities.,516,547,534,0
Assume you are a 28-year-old man with career type General management/consulting; currently matched with a partner. Your current partner's scores (out of 10): attractiveness: 6.0/10; sincerity: 5.0/10; intelligence: 7.0/10; being funny: 8.0/10; ambition: 6.0/10; shared interests: 6.0/10. A new woman is courting you with scores: attractiveness: 6.0/10; sincerity: 8.0/10; intelligence: 6.0/10; being funny: 5.0/10; ambition: 8.0/10; shared interests: 5.0/10. Your importance weights are: attractiveness: 20.0; sincerity: 20.0; intelligence: 20.0; being funny: 20.0; ambition: 0.0; shared interests: 20.0. Would you leave your current partner for the new woman? Your answer must be (YES) or (NO) followed by your reason. You must FOLLOW THIS RULE! You MUST NOT SAY other words.,NO; because your current partner has higher scores in intelligence; being funny; and shared interests; which are equally important to you based on your weighting; outweighing the sincerity and ambition benefits from the new woman.,511,549,551,0
Assume you are a 26-year-old man with career type ASIC Engineer; currently matched with a partner. Your current partner's scores (out of 10): attractiveness: 6.0/10; sincerity: 8.0/10; intelligence: 9.0/10; being funny: 9.0/10; ambition: 9.0/10; shared interests: 8.0/10. A new woman is courting you with scores: attractiveness: 7.0/10; sincerity: 9.0/10; intelligence: 8.0/10; being funny: 8.0/10; ambition: 6.0/10; shared interests: 5.0/10. Your importance weights are: attractiveness: 25.0; sincerity: 20.0; intelligence: 20.0; being funny: 20.0; ambition: 5.0; shared interests: 10.0. Would you leave your current partner for the new woman? Your answer must be (YES) or (NO) followed by your reason. You must FOLLOW THIS RULE! You MUST NOT SAY other words.,NO; because your current partner scores higher overall in key areas of importance to you; such as shared interests and ambition; which are essential for long-term compatibility.,524,532,539,0
Assume you are a 24-year-old woman with career type Social Worker; currently matched with a partner. Your current partner's scores (out of 10): attractiveness: 7.0/10; sincerity: 8.0/10; intelligence: 8.0/10; being funny: 9.0/10; ambition: 9.0/10; shared interests: 7.0/10. A new man is courting you with scores: attractiveness: 5.0/10; sincerity: 5.0/10; intelligence: 8.0/10; being funny: 8.0/10; ambition: 8.0/10; shared interests: 2.0/10. Your importance weights are: attractiveness: 50.0; sincerity: 20.0; intelligence: 10.0; being funny: 5.0; ambition: 10.0; shared interests: 5.0. Would you leave your current partner for the new man? Your answer must be (YES) or (NO) followed by your reason. You must FOLLOW THIS RULE! You MUST NOT SAY other words.,NO; because your current partner scores higher in categories that are more important to you based on your set importance weights; specifically in attractiveness and sincerity.,539,527,524,0
Assume you are a 30-year-old man with career type Consulting; currently matched with a partner. Your current partner's scores (out of 10): attractiveness: 6.0/10; sincerity: 8.0/10; intelligence: 9.0/10; being funny: 9.0/10; ambition: 9.0/10; shared interests: 8.0/10. A new woman is courting you with scores: attractiveness: 7.0/10; sincerity: 7.0/10; intelligence: 6.0/10; being funny: 7.0/10; ambition: 6.0/10; shared interests: 7.0/10. Your importance weights are: attractiveness: 35.0; sincerity: 10.0; intelligence: 20.0; being funny: 25.0; ambition: 5.0; shared interests: 5.0. Would you leave your current partner for the new woman? Your answer must be (YES) or (NO) followed by your reason. You must FOLLOW THIS RULE! You MUST NOT SAY other words.,NO; because your current partner scores higher in sincerity; intelligence; being funny; and ambition which are important traits as per your weighted preferences.,524,546,539,0
Assume you are a 30-year-old single man; and there is a 26-year-old woman who is courting you. Your career type is Finance. You evaluated her on six dimensions with scores out of 10. These are attractiveness: 4.0/10; sincerity: 5.0/10; intelligence: 6.0/10; being funny: 6.0/10; ambition: 4.0/10; shared interests: 4.0/10. Your importance weights for these attributes are: attractiveness: 30.0; sincerity: 3.0; intelligence: 30.0; being funny: 30.0; ambition: 3.0; shared interests: 4.0. Would you be willing to date this woman? And also tell me the reason. Your answer must be (YES) or (NO) followed by your reason. You must FOLLOW THIS RULE! You MUST NOT SAY other words.,NO; the scores in key areas such as attractiveness; intelligence; and being funny; which are highly weighted in your evaluation; are relatively low; suggesting a mismatch in priorities and possibly less overall satisfaction in the relationship.,526,550,,0
Assume you are a 30-year-old single man; and there is a 24-year-old woman who is courting you. Your career type is Finance. You evaluated her on six dimensions with scores out of 10. These are attractiveness: 5.0/10; sincerity: 5.0/10; intelligence: 6.0/10; being funny: 5.0/10; ambition: 5.0/10; shared interests: 4.0/10. Your importance weights for these attributes are: attractiveness: 30.0; sincerity: 3.0; intelligence: 30.0; being funny: 30.0; ambition: 3.0; shared interests: 4.0. Would you be willing to date this woman? And also tell me the reason. Your answer must be (YES) or (NO) followed by your reason. You must FOLLOW THIS RULE! You MUST NOT SAY other words.,NO; the overall compatibility scores are low in key areas you value highly such as intelligence; being funny; and attractiveness; which suggests the relationship may not meet your expectations or needs.,527,550,,0
Assume you are a 30-year-old man with career type Finance; currently matched with a partner. Your current partner's scores (out of 10): attractiveness: 6.0/10; sincerity: 5.0/10; intelligence: 7.0/10; being funny: 8.0/10; ambition: 6.0/10; shared interests: 6.0/10. A new woman is courting you with scores: attractiveness: 5.0/10; sincerity: 4.0/10; intelligence: 5.0/10; being funny: 5.0/10; ambition: 5.0/10; shared interests: 4.0/10. Your importance weights are: attractiveness: 30.0; sincerity: 3.0; intelligence: 30.0; being funny: 30.0; ambition: 3.0; shared interests: 4.0. Would you leave your current partner for the new woman? Your answer must be (YES) or (NO) followed by your reason. You must FOLLOW THIS RULE! You MUST NOT SAY other words.,NO; because the current partner scores higher in every category that aligns with your weighted importance; indicating a better overall compatibility.,511,550,551,0
Assume you are a 30-year-old man with career type Management; currently matched with a partner. Your current partner's scores (out of 10): attractiveness: 5.0/10; sincerity: 8.0/10; intelligence: 7.0/10; being funny: 5.0/10; ambition: 6.0/10; shared interests: 6.0/10. A new woman is courting you with scores: attractiveness: 6.0/10; sincerity: 4.0/10; intelligence: 4.0/10; being funny: 6.0/10; ambition: 4.0/10; shared interests: 3.0/10. Your importance weights are: attractiveness: 40.0; sincerity: 10.0; intelligence: 20.0; being funny: 10.0; ambition: 0.0; shared interests: 20.0. Would you leave your current partner for the new woman? Your answer must be (YES) or (NO) followed by your reason. You must FOLLOW THIS RULE! You MUST NOT SAY other words.,NO; because your current partner has higher scores in sincerity; intelligence; and shared interests; which are significant considering your assigned importance weights.,516,548,534,0
Assume you are a 24-year-old woman with career type Social Worker; currently matched with a partner. Your current partner's scores (out of 10): attractiveness: 10.0/10; sincerity: 10.0/10; intelligence: 10.0/10; being funny: 10.0/10; ambition: 10.0/10; shared interests: 10.0/10. A new man is courting you with scores: attractiveness: 5.0/10; sincerity: 6.0/10; intelligence: 8.0/10; being funny: 5.0/10; ambition: 8.0/10; shared interests: 2.0/10. Your importance weights are: attractiveness: 50.0; sincerity: 20.0; intelligence: 10.0; being funny: 5.0; ambition: 10.0; shared interests: 5.0. Would you leave your current partner for the new man? Your answer must be (YES) or (NO) followed by your reason. You must FOLLOW THIS RULE! You MUST NOT SAY other words.,NO; because your current partner scores significantly higher in all the categories that are most important to you.,543,527,523,0
Assume you are a 30-year-old man with career type Finance; currently matched with a partner. Your current partner's scores (out of 10): attractiveness: 8.0/10; sincerity: 9.0/10; intelligence: 9.0/10; being funny: 6.0/10; ambition: 5.0/10; shared interests: 5.0/10. A new woman is courting you with scores: attractiveness: 4.0/10; sincerity: 5.0/10; intelligence: 5.0/10; being funny: 8.0/10; ambition: 5.0/10; shared interests: 4.0/10. Your importance weights are: attractiveness: 30.0; sincerity: 3.0; intelligence: 30.0; being funny: 30.0; ambition: 3.0; shared interests: 4.0. Would you leave your current partner for the new woman? Your answer must be (YES) or (NO) followed by your reason. You must FOLLOW THIS RULE! You MUST NOT SAY other words.,NO because your current partner significantly outmatches the new woman in both attractiveness and intelligence; which hold the highest importance weights in your criteria.,514,550,533,0
Assume you are a 25-year-old man with career type TEACHING; currently matched with a partner. Your current partner's scores (out of 10): attractiveness: 8.0/10; sincerity: 9.0/10; intelligence: 9.0/10; being funny: 6.0/10; ambition: 5.0/10; shared interests: 5.0/10. A new woman is courting you with scores: attractiveness: 5.0/10; sincerity: 10.0/10; intelligence: 10.0/10; being funny: 8.0/10; ambition: 10.0/10; shared interests: 5.0/10. Your importance weights are: attractiveness: 15.0; sincerity: 30.0; intelligence: 20.0; being funny: 20.0; ambition: 10.0; shared interests: 5.0. Would you leave your current partner for the new woman? Your answer must be (YES) or (NO) followed by your reason. You must FOLLOW THIS RULE! You MUST NOT SAY other words.,NO; because your current partner has a high score in areas you value significantly such as sincerity and intelligence while also maintaining a decent level of attractiveness; which is important to you.,514,531,533,0
Assume you are a 28-year-old man with career type General management/consulting; currently matched with a partner. Your current partner's scores (out of 10): attractiveness: 8.0/10; sincerity: 9.0/10; intelligence: 9.0/10; being funny: 6.0/10; ambition: 5.0/10; shared interests: 5.0/10. A new woman is courting you with scores: attractiveness: 2.0/10; sincerity: 7.0/10; intelligence: 7.0/10; being funny: 8.0/10; ambition: 6.0/10; shared interests: 6.0/10. Your importance weights are: attractiveness: 20.0; sincerity: 20.0; intelligence: 20.0; being funny: 20.0; ambition: 0.0; shared interests: 20.0. Would you leave your current partner for the new woman? Your answer must be (YES) or (NO) followed by your reason. You must FOLLOW THIS RULE! You MUST NOT SAY other words.,NO; because the current partner has higher weighted scores in categories you value most: attractiveness; sincerity; and intelligence; which align better with your weighted preferences.,514,549,533,0
Assume you are a 30-year-old man with career type Private Equity - Leveraged Buy-Outs; currently matched with a partner. Your current partner's scores (out of 10): attractiveness: 6.0/10; sincerity: 5.0/10; intelligence: 7.0/10; being funny: 8.0/10; ambition: 6.0/10; shared interests: 6.0/10. A new woman is courting you with scores: attractiveness: 4.0/10; sincerity: 7.0/10; intelligence: 6.0/10; being funny: 4.0/10; ambition: 2.0/10; shared interests: 1.0/10. Your importance weights are: attractiveness: 25.0; sincerity: 20.0; intelligence: 20.0; being funny: 20.0; ambition: 0.0; shared interests: 15.0. Would you leave your current partner for the new woman? Your answer must be (YES) or (NO) followed by your reason. You must FOLLOW THIS RULE! You MUST NOT SAY other words.,NO; because your current partner rates better overall based on the importance weights assigned to each trait.,511,547,551,0
Assume you are a 26-year-old single woman; and there is a 28-year-old man who is courting you. Your career type is Social Work. You evaluated him on six dimensions with scores out of 10. These are attractiveness: 10.0/10; sincerity: 5.0/10; intelligence: 8.0/10; being funny: 10.0/10; ambition: 5.0/10; shared interests: 5.0/10. Your importance weights for these attributes are: attractiveness: 10.0; sincerity: 10.0; intelligence: 30.0; being funny: 20.0; ambition: 10.0; shared interests: 15.0. Would you be willing to date this man? And also tell me the reason. Your answer must be (YES) or (NO) followed by your reason. You must FOLLOW THIS RULE! You MUST NOT SAY other words.,NO; because the weighted scores for sincerity; ambition; and shared interests; which are important attributes; are relatively low; suggesting potential fundamental mismatches in value systems and future goals.,549,526,,0
Assume you are a 23-year-old man with career type To go into Finance; currently matched with a partner. Your current partner's scores (out of 10): attractiveness: 5.0/10; sincerity: 8.0/10; intelligence: 7.0/10; being funny: 5.0/10; ambition: 6.0/10; shared interests: 6.0/10. A new woman is courting you with scores: attractiveness: 9.0/10; sincerity: 4.0/10; intelligence: 6.0/10; being funny: 7.0/10; ambition: 6.0/10; shared interests: 6.0/10. Your importance weights are: attractiveness: 25.0; sincerity: 15.0; intelligence: 20.0; being funny: 20.0; ambition: 10.0; shared interests: 10.0. Would you leave your current partner for the new woman? Your answer must be (YES) or (NO) followed by your reason. You must FOLLOW THIS RULE! You MUST NOT SAY other words.,NO; because your current partner's overall weighted score across all attributes of importance is slightly higher which suggests a better overall compatibility considering the values important to you.,516,542,534,0
Assume you are a 25-year-old man with career type TEACHING; currently matched with a partner. Your current partner's scores (out of 10): attractiveness: 5.0/10; sincerity: 8.0/10; intelligence: 7.0/10; being funny: 5.0/10; ambition: 6.0/10; shared interests: 6.0/10. A new woman is courting you with scores: attractiveness: 10.0/10; sincerity: 8.0/10; intelligence: 10.0/10; being funny: 10.0/10; ambition: 10.0/10; shared interests: 5.0/10. Your importance weights are: attractiveness: 15.0; sincerity: 30.0; intelligence: 20.0; being funny: 20.0; ambition: 10.0; shared interests: 5.0. Would you leave your current partner for the new woman? Your answer must be (YES) or (NO) followed by your reason. You must FOLLOW THIS RULE! You MUST NOT SAY other words.,NO; because the sincerity score; weighted heavily in your importance ratings; is equal for both your current partner and the new woman; and the slightly lower score in shared interests for the new woman would impact long-term compatibility given everything else.,516,531,534,0
Assume you are a 30-year-old man with career type Private Equity - Leveraged Buy-Outs; currently matched with a partner. Your current partner's scores (out of 10): attractiveness: 8.0/10; sincerity: 8.0/10; intelligence: 8.0/10; being funny: 8.0/10; ambition: 9.0/10; shared interests: 9.0/10. A new woman is courting you with scores: attractiveness: 3.0/10; sincerity: 5.0/10; intelligence: 6.0/10; being funny: 6.0/10; ambition: 3.0/10; shared interests: 1.0/10. Your importance weights are: attractiveness: 25.0; sincerity: 20.0; intelligence: 20.0; being funny: 20.0; ambition: 0.0; shared interests: 15.0. Would you leave your current partner for the new woman? Your answer must be (YES) or (NO) followed by your reason. You must FOLLOW THIS RULE! You MUST NOT SAY other words.,NO; because the new woman scores significantly lower in all categories that are important to you; including attractiveness; sincerity; intelligence; being funny; and shared interests; making her overall a less compatible match compared to your current partner.,525,547,537,0
Assume you are a 25-year-old man with career type assistant master of the universe (otherwise it's too much work); currently matched with a partner. Your current partner's scores (out of 10): attractiveness: 5.0/10; sincerity: 8.0/10; intelligence: 8.0/10; being funny: 8.0/10; ambition: nan/10; shared interests: 8.0/10. A new woman is courting you with scores: attractiveness: 3.0/10; sincerity: 3.0/10; intelligence: 9.0/10; being funny: 6.0/10; ambition: 9.0/10; shared interests: 6.0/10. Your importance weights are: attractiveness: 70.0; sincerity: 0.0; intelligence: 15.0; being funny: 15.0; ambition: 0.0; shared interests: 0.0. Would you leave your current partner for the new woman? Your answer must be (YES) or (NO) followed by your reason. You must FOLLOW THIS RULE! You MUST NOT SAY other words.,NO; because your highest priority is attractiveness; in which your current partner scores significantly higher than the new woman.,522,552,544,0
Assume you are a 24-year-old woman with career type Social Worker; currently matched with a partner. Your current partner's scores (out of 10): attractiveness: 7.0/10; sincerity: 7.0/10; intelligence: 7.0/10; being funny: 7.0/10; ambition: 7.0/10; shared interests: 7.0/10. A new man is courting you with scores: attractiveness: 5.0/10; sincerity: 4.0/10; intelligence: 8.0/10; being funny: 5.0/10; ambition: 9.0/10; shared interests: 2.0/10. Your importance weights are: attractiveness: 50.0; sincerity: 20.0; intelligence: 10.0; being funny: 5.0; ambition: 10.0; shared interests: 5.0. Would you leave your current partner for the new man? Your answer must be (YES) or (NO) followed by your reason. You must FOLLOW THIS RULE! You MUST NOT SAY other words.,NO; because the new man scores lower overall according to your importance weights; particularly in sincerity and shared interests which are crucial for a long-term relationship.,544,527,522,0
Assume you are a 30-year-old man with career type Finance; currently matched with a partner. Your current partner's scores (out of 10): attractiveness: 10.0/10; sincerity: 10.0/10; intelligence: 10.0/10; being funny: 10.0/10; ambition: 10.0/10; shared interests: 10.0/10. A new woman is courting you with scores: attractiveness: 3.0/10; sincerity: 5.0/10; intelligence: 5.0/10; being funny: 5.0/10; ambition: 5.0/10; shared interests: 3.0/10. Your importance weights are: attractiveness: 30.0; sincerity: 3.0; intelligence: 30.0; being funny: 30.0; ambition: 3.0; shared interests: 4.0. Would you leave your current partner for the new woman? Your answer must be (YES) or (NO) followed by your reason. You must FOLLOW THIS RULE! You MUST NOT SAY other words.,NO; because your current partner scores significantly higher in all categories that are important to you.,523,550,543,0
Assume you are a 30-year-old man with career type Consulting; currently matched with a partner. Your current partner's scores (out of 10): attractiveness: 8.0/10; sincerity: 8.0/10; intelligence: 8.0/10; being funny: 8.0/10; ambition: 9.0/10; shared interests: 9.0/10. A new woman is courting you with scores: attractiveness: 4.0/10; sincerity: 6.0/10; intelligence: 6.0/10; being funny: 6.0/10; ambition: 7.0/10; shared interests: 6.0/10. Your importance weights are: attractiveness: 35.0; sincerity: 10.0; intelligence: 20.0; being funny: 25.0; ambition: 5.0; shared interests: 5.0. Would you leave your current partner for the new woman? Your answer must be (YES) or (NO) followed by your reason. You must FOLLOW THIS RULE! You MUST NOT SAY other words.,NO; because your current partner scores higher in all categories that are important to you; especially attractiveness and being funny; which have the highest weights in your importance scale.,525,546,537,0
Assume you are a 28-year-old man with career type General management/consulting; currently matched with a partner. Your current partner's scores (out of 10): attractiveness: 4.0/10; sincerity: 5.0/10; intelligence: 8.0/10; being funny: 5.0/10; ambition: 8.0/10; shared interests: 4.0/10. A new woman is courting you with scores: attractiveness: 6.0/10; sincerity: 7.0/10; intelligence: 7.0/10; being funny: 8.0/10; ambition: 7.0/10; shared interests: 5.0/10. Your importance weights are: attractiveness: 20.0; sincerity: 20.0; intelligence: 20.0; being funny: 20.0; ambition: 0.0; shared interests: 20.0. Would you leave your current partner for the new woman? Your answer must be (YES) or (NO) followed by your reason. You must FOLLOW THIS RULE! You MUST NOT SAY other words.,NO because the overall compatibility and values within your current relationship outweigh slightly higher scores in select categories by the new woman; especially considering the importance you place on sincerity and shared interests; where your current partner is not significantly behind.,515,549,541,0
Assume you are a 26-year-old man with career type ASIC Engineer; currently matched with a partner. Your current partner's scores (out of 10): attractiveness: 8.0/10; sincerity: 8.0/10; intelligence: 8.0/10; being funny: 8.0/10; ambition: 9.0/10; shared interests: 9.0/10. A new woman is courting you with scores: attractiveness: 6.0/10; sincerity: 7.0/10; intelligence: 6.0/10; being funny: 7.0/10; ambition: nan/10; shared interests: 5.0/10. Your importance weights are: attractiveness: 25.0; sincerity: 20.0; intelligence: 20.0; being funny: 20.0; ambition: 5.0; shared interests: 10.0. Would you leave your current partner for the new woman? Your answer must be (YES) or (NO) followed by your reason. You must FOLLOW THIS RULE! You MUST NOT SAY other words.,NO; because your current partner scores higher in all categories that are important to you.,525,532,537,0
Assume you are a 25-year-old man with career type TEACHING; currently matched with a partner. Your current partner's scores (out of 10): attractiveness: 6.0/10; sincerity: 8.0/10; intelligence: 9.0/10; being funny: 9.0/10; ambition: 9.0/10; shared interests: 8.0/10. A new woman is courting you with scores: attractiveness: 5.0/10; sincerity: 10.0/10; intelligence: 10.0/10; being funny: 10.0/10; ambition: 10.0/10; shared interests: 3.0/10. Your importance weights are: attractiveness: 15.0; sincerity: 30.0; intelligence: 20.0; being funny: 20.0; ambition: 10.0; shared interests: 5.0. Would you leave your current partner for the new woman? Your answer must be (YES) or (NO) followed by your reason. You must FOLLOW THIS RULE! You MUST NOT SAY other words.,NO; because the new woman has significantly lower shared interests score; which according to your value system only carries a weight of 5.0; but still plays an important role in sustained relationship compatibility; particularly in a context like teaching where shared values and interests can deeply affect daily satisfaction and connection.,524,531,539,0
Assume you are a 24-year-old single woman; and there is a 30-year-old man who is courting you. Your career type is Social Worker. You evaluated him on six dimensions with scores out of 10. These are attractiveness: 6.0/10; sincerity: 5.0/10; intelligence: 8.0/10; being funny: 8.0/10; ambition: 7.0/10; shared interests: 2.0/10. Your importance weights for these attributes are: attractiveness: 50.0; sincerity: 20.0; intelligence: 10.0; being funny: 5.0; ambition: 10.0; shared interests: 5.0. Would you be willing to date this man? And also tell me the reason. Your answer must be (YES) or (NO) followed by your reason. You must FOLLOW THIS RULE! You MUST NOT SAY other words.,NO; because the low score on sincerity; which is highly weighted in importance; and shared interests indicate potential challenges in creating a deep and compatible connection.,546,527,,0
Assume you are a 25-year-old man with career type TEACHING; currently matched with a partner. Your current partner's scores (out of 10): attractiveness: 5.0/10; sincerity: 4.0/10; intelligence: 6.0/10; being funny: 6.0/10; ambition: 5.0/10; shared interests: 4.0/10. A new woman is courting you with scores: attractiveness: 5.0/10; sincerity: 10.0/10; intelligence: 10.0/10; being funny: 5.0/10; ambition: 10.0/10; shared interests: 8.0/10. Your importance weights are: attractiveness: 15.0; sincerity: 30.0; intelligence: 20.0; being funny: 20.0; ambition: 10.0; shared interests: 5.0. Would you leave your current partner for the new woman? Your answer must be (YES) or (NO) followed by your reason. You must FOLLOW THIS RULE! You MUST NOT SAY other words.,YES; because the new woman scores significantly higher in areas you value most; such as sincerity; intelligence; and ambition; aligning better with your weighted priorities.,529,531,536,1
Assume you are a 26-year-old single man; and there is a 24-year-old woman who is courting you. Your career type is ASIC Engineer. You evaluated her on six dimensions with scores out of 10. These are attractiveness: 7.0/10; sincerity: 6.0/10; intelligence: 7.0/10; being funny: 6.0/10; ambition: 5.0/10; shared interests: 5.0/10. Your importance weights for these attributes are: attractiveness: 25.0; sincerity: 20.0; intelligence: 20.0; being funny: 20.0; ambition: 5.0; shared interests: 10.0. Would you be willing to date this woman? And also tell me the reason. Your answer must be (YES) or (NO) followed by your reason. You must FOLLOW THIS RULE! You MUST NOT SAY other words.,YES; the weighted scores meet your criteria sufficiently based on the importance of these attributes to you.,527,532,,1
Assume you are a 30-year-old single man; and there is a 26-year-old woman who is courting you. Your career type is Private Equity - Leveraged Buy-Outs. You evaluated her on six dimensions with scores out of 10. These are attractiveness: 3.0/10; sincerity: 6.0/10; intelligence: 7.0/10; being funny: 6.0/10; ambition: 3.0/10; shared interests: 1.0/10. Your importance weights for these attributes are: attractiveness: 25.0; sincerity: 20.0; intelligence: 20.0; being funny: 20.0; ambition: 0.0; shared interests: 15.0. Would you be willing to date this woman? And also tell me the reason. Your answer must be (YES) or (NO) followed by your reason. You must FOLLOW THIS RULE! You MUST NOT SAY other words.,NO; because the weighted scores calculated from the importance weights and her scores reveal a low overall compatibility score based on your priorities.,526,547,,0
Assume you are a 30-year-old man with career type Finance; currently matched with a partner. Your current partner's scores (out of 10): attractiveness: 4.0/10; sincerity: 6.0/10; intelligence: 5.0/10; being funny: 5.0/10; ambition: 6.0/10; shared interests: 5.0/10. A new woman is courting you with scores: attractiveness: 4.0/10; sincerity: 7.0/10; intelligence: 6.0/10; being funny: 3.0/10; ambition: 6.0/10; shared interests: 2.0/10. Your importance weights are: attractiveness: 30.0; sincerity: 3.0; intelligence: 30.0; being funny: 30.0; ambition: 3.0; shared interests: 4.0. Would you leave your current partner for the new woman? Your answer must be (YES) or (NO) followed by your reason. You must FOLLOW THIS RULE! You MUST NOT SAY other words.,NO; because your current partner scores higher in being funny and shared interests; which are important based on your weightings.,529,550,531,0
Assume you are a 30-year-old man with career type Private Equity - Leveraged Buy-Outs; currently matched with a partner. Your current partner's scores (out of 10): attractiveness: 4.0/10; sincerity: 7.0/10; intelligence: 8.0/10; being funny: 3.0/10; ambition: 8.0/10; shared interests: 2.0/10. A new woman is courting you with scores: attractiveness: 6.0/10; sincerity: 6.0/10; intelligence: 5.0/10; being funny: 4.0/10; ambition: 3.0/10; shared interests: 1.0/10. Your importance weights are: attractiveness: 25.0; sincerity: 20.0; intelligence: 20.0; being funny: 20.0; ambition: 0.0; shared interests: 15.0. Would you leave your current partner for the new woman? Your answer must be (YES) or (NO) followed by your reason. You must FOLLOW THIS RULE! You MUST NOT SAY other words.,NO; because your current partner has higher overall weighted scores in sincerity; intelligence; and shared interests which are more aligned with your importance weights.,527,547,532,0
Assume you are a 30-year-old man with career type Consulting; currently matched with a partner. Your current partner's scores (out of 10): attractiveness: 4.0/10; sincerity: 7.0/10; intelligence: 8.0/10; being funny: 3.0/10; ambition: 8.0/10; shared interests: 2.0/10. A new woman is courting you with scores: attractiveness: 5.0/10; sincerity: 6.0/10; intelligence: 7.0/10; being funny: 7.0/10; ambition: 6.0/10; shared interests: 6.0/10. Your importance weights are: attractiveness: 35.0; sincerity: 10.0; intelligence: 20.0; being funny: 25.0; ambition: 5.0; shared interests: 5.0. Would you leave your current partner for the new woman? Your answer must be (YES) or (NO) followed by your reason. You must FOLLOW THIS RULE! You MUST NOT SAY other words.,NO; because the current partner scores higher in intelligence and ambition; which are weighted more significantly in your importance criteria.,527,546,532,0
Assume you are a 29-year-old man with career type Finance; currently matched with a partner. Your current partner's scores (out of 10): attractiveness: 5.0/10; sincerity: 8.0/10; intelligence: 8.0/10; being funny: 8.0/10; ambition: nan/10; shared interests: 8.0/10. A new woman is courting you with scores: attractiveness: 7.0/10; sincerity: 8.0/10; intelligence: 9.0/10; being funny: 7.0/10; ambition: 8.0/10; shared interests: 5.0/10. Your importance weights are: attractiveness: 30.0; sincerity: 20.0; intelligence: 20.0; being funny: 20.0; ambition: 10.0; shared interests: 0.0. Would you leave your current partner for the new woman? Your answer must be (YES) or (NO) followed by your reason. You must FOLLOW THIS RULE! You MUST NOT SAY other words.,NO; because the difference in total weighted scores between the current partner and the new woman is not significant enough to justify leaving a relationship where other qualitative factors such as trust and emotional investment are already established.,522,536,544,0
Assume you are a 28-year-old man with career type General management/consulting; currently matched with a partner. Your current partner's scores (out of 10): attractiveness: 5.0/10; sincerity: 8.0/10; intelligence: 7.0/10; being funny: 5.0/10; ambition: 6.0/10; shared interests: 6.0/10. A new woman is courting you with scores: attractiveness: 5.0/10; sincerity: 7.0/10; intelligence: 6.0/10; being funny: 6.0/10; ambition: 6.0/10; shared interests: 6.0/10. Your importance weights are: attractiveness: 20.0; sincerity: 20.0; intelligence: 20.0; being funny: 20.0; ambition: 0.0; shared interests: 20.0. Would you leave your current partner for the new woman? Your answer must be (YES) or (NO) followed by your reason. You must FOLLOW THIS RULE! You MUST NOT SAY other words.,NO; because your current partner scores higher in sincerity and intelligence; which are important traits to you as indicated by your importance weights.,516,549,534,0
Assume you are a 30-year-old man with career type Private Equity - Leveraged Buy-Outs; currently matched with a partner. Your current partner's scores (out of 10): attractiveness: 4.0/10; sincerity: 6.0/10; intelligence: 5.0/10; being funny: 5.0/10; ambition: 6.0/10; shared interests: 5.0/10. A new woman is courting you with scores: attractiveness: 2.0/10; sincerity: 7.0/10; intelligence: 7.0/10; being funny: 3.0/10; ambition: 6.0/10; shared interests: 1.0/10. Your importance weights are: attractiveness: 25.0; sincerity: 20.0; intelligence: 20.0; being funny: 20.0; ambition: 0.0; shared interests: 15.0. Would you leave your current partner for the new woman? Your answer must be (YES) or (NO) followed by your reason. You must FOLLOW THIS RULE! You MUST NOT SAY other words.,NO; because the overall weighted scores calculated based on your importance weights suggest your current partner aligns better with your prioritized criteria than the new woman does.,529,547,531,0
Assume you are a 30-year-old man with career type Finance; currently matched with a partner. Your current partner's scores (out of 10): attractiveness: 9.0/10; sincerity: 9.0/10; intelligence: 8.0/10; being funny: 10.0/10; ambition: 8.0/10; shared interests: 7.0/10. A new woman is courting you with scores: attractiveness: 4.0/10; sincerity: 7.0/10; intelligence: 6.0/10; being funny: 3.0/10; ambition: 6.0/10; shared interests: 2.0/10. Your importance weights are: attractiveness: 30.0; sincerity: 3.0; intelligence: 30.0; being funny: 30.0; ambition: 3.0; shared interests: 4.0. Would you leave your current partner for the new woman? Your answer must be (YES) or (NO) followed by your reason. You must FOLLOW THIS RULE! You MUST NOT SAY other words.,NO; because your current partner has significantly higher scores in the categories you value most; such as attractiveness; intelligence; and being funny; which align more closely with your importance weights.,530,550,538,0
Assume you are a 26-year-old woman with career type Social Work; currently matched with a partner. Your current partner's scores (out of 10): attractiveness: 5.0/10; sincerity: 8.0/10; intelligence: 9.0/10; being funny: 6.0/10; ambition: 8.0/10; shared interests: 7.0/10. A new man is courting you with scores: attractiveness: 10.0/10; sincerity: 5.0/10; intelligence: 8.0/10; being funny: 6.0/10; ambition: 9.0/10; shared interests: 8.0/10. Your importance weights are: attractiveness: 10.0; sincerity: 10.0; intelligence: 30.0; being funny: 20.0; ambition: 10.0; shared interests: 15.0. Would you leave your current partner for the new man? Your answer must be (YES) or (NO) followed by your reason. You must FOLLOW THIS RULE! You MUST NOT SAY other words.,NO; because sincerity and intelligence; which are highly valued in your importance weights; are stronger with your current partner.,551,526,511,0
Assume you are a 30-year-old man with career type Management; currently matched with a partner. Your current partner's scores (out of 10): attractiveness: 4.0/10; sincerity: 5.0/10; intelligence: 8.0/10; being funny: 5.0/10; ambition: 8.0/10; shared interests: 4.0/10. A new woman is courting you with scores: attractiveness: 7.0/10; sincerity: 7.0/10; intelligence: 5.0/10; being funny: 3.0/10; ambition: 3.0/10; shared interests: 3.0/10. Your importance weights are: attractiveness: 40.0; sincerity: 10.0; intelligence: 20.0; being funny: 10.0; ambition: 0.0; shared interests: 20.0. Would you leave your current partner for the new woman? Your answer must be (YES) or (NO) followed by your reason. You must FOLLOW THIS RULE! You MUST NOT SAY other words.,NO; because your current partner scores higher in areas you find more important; such as intelligence and ambition; which align better with your weighted preferences.,515,548,541,0
Assume you are a 30-year-old man with career type Consulting; currently matched with a partner. Your current partner's scores (out of 10): attractiveness: 8.0/10; sincerity: 9.0/10; intelligence: 9.0/10; being funny: 6.0/10; ambition: 5.0/10; shared interests: 5.0/10. A new woman is courting you with scores: attractiveness: 5.0/10; sincerity: 8.0/10; intelligence: 5.0/10; being funny: 8.0/10; ambition: 6.0/10; shared interests: 7.0/10. Your importance weights are: attractiveness: 35.0; sincerity: 10.0; intelligence: 20.0; being funny: 25.0; ambition: 5.0; shared interests: 5.0. Would you leave your current partner for the new woman? Your answer must be (YES) or (NO) followed by your reason. You must FOLLOW THIS RULE! You MUST NOT SAY other words.,NO because the overall weighted scores of your current partner are higher based on your importance weights.,514,546,533,0
Assume you are a 25-year-old man with career type assistant master of the universe (otherwise it's too much work); currently matched with a partner. Your current partner's scores (out of 10): attractiveness: 10.0/10; sincerity: 10.0/10; intelligence: 10.0/10; being funny: 10.0/10; ambition: 10.0/10; shared interests: 10.0/10. A new woman is courting you with scores: attractiveness: 2.0/10; sincerity: 7.0/10; intelligence: 9.0/10; being funny: 8.0/10; ambition: 7.0/10; shared interests: 8.0/10. Your importance weights are: attractiveness: 70.0; sincerity: 0.0; intelligence: 15.0; being funny: 15.0; ambition: 0.0; shared interests: 0.0. Would you leave your current partner for the new woman? Your answer must be (YES) or (NO) followed by your reason. You must FOLLOW THIS RULE! You MUST NOT SAY other words.,NO; because your current partner scores perfectly on all attributes; aligning with your high priority on attractiveness where she scores a 10.0/10; significantly higher than the new woman's 2.0/10; which is emphasized by your substantial weight on attractiveness (70.0).,523,552,543,0
Assume you are a 25-year-old man with career type assistant master of the universe (otherwise it's too much work); currently matched with a partner. Your current partner's scores (out of 10): attractiveness: 6.0/10; sincerity: 8.0/10; intelligence: 9.0/10; being funny: 9.0/10; ambition: 9.0/10; shared interests: 8.0/10. A new woman is courting you with scores: attractiveness: 8.0/10; sincerity: 7.0/10; intelligence: 8.0/10; being funny: 8.0/10; ambition: nan/10; shared interests: nan/10. Your importance weights are: attractiveness: 70.0; sincerity: 0.0; intelligence: 15.0; being funny: 15.0; ambition: 0.0; shared interests: 0.0. Would you leave your current partner for the new woman? Your answer must be (YES) or (NO) followed by your reason. You must FOLLOW THIS RULE! You MUST NOT SAY other words.,NO; because your current partner has higher overall scores in categories you value.,524,552,539,0
Assume you are a 25-year-old man with career type assistant master of the universe (otherwise it's too much work); currently matched with a partner. Your current partner's scores (out of 10): attractiveness: 8.0/10; sincerity: 8.0/10; intelligence: 8.0/10; being funny: 8.0/10; ambition: 9.0/10; shared interests: 9.0/10. A new woman is courting you with scores: attractiveness: 7.0/10; sincerity: 5.0/10; intelligence: 5.0/10; being funny: 5.0/10; ambition: 6.0/10; shared interests: nan/10. Your importance weights are: attractiveness: 70.0; sincerity: 0.0; intelligence: 15.0; being funny: 15.0; ambition: 0.0; shared interests: 0.0. Would you leave your current partner for the new woman? Your answer must be (YES) or (NO) followed by your reason. You must FOLLOW THIS RULE! You MUST NOT SAY other words.,NO because your current partner has significantly higher ratings in categories you care about; especially attractiveness; which is weighted most heavily in your importance scale.,525,552,537,0
Assume you are a 30-year-old man with career type Consulting; currently matched with a partner. Your current partner's scores (out of 10): attractiveness: 4.0/10; sincerity: 5.0/10; intelligence: 8.0/10; being funny: 5.0/10; ambition: 8.0/10; shared interests: 4.0/10. A new woman is courting you with scores: attractiveness: 5.0/10; sincerity: 5.0/10; intelligence: 5.0/10; being funny: 6.0/10; ambition: 8.0/10; shared interests: 6.0/10. Your importance weights are: attractiveness: 35.0; sincerity: 10.0; intelligence: 20.0; being funny: 25.0; ambition: 5.0; shared interests: 5.0. Would you leave your current partner for the new woman? Your answer must be (YES) or (NO) followed by your reason. You must FOLLOW THIS RULE! You MUST NOT SAY other words.,NO; because your current partner has significantly higher intelligence; which aligns better with your weighting of this trait.,515,546,541,0
Assume you are a 23-year-old man with career type To go into Finance; currently matched with a partner. Your current partner's scores (out of 10): attractiveness: 3.0/10; sincerity: 10.0/10; intelligence: 9.0/10; being funny: 7.0/10; ambition: nan/10; shared interests: 5.0/10. A new woman is courting you with scores: attractiveness: 7.0/10; sincerity: 10.0/10; intelligence: 6.0/10; being funny: 7.0/10; ambition: 6.0/10; shared interests: 0.0/10. Your importance weights are: attractiveness: 25.0; sincerity: 15.0; intelligence: 20.0; being funny: 20.0; ambition: 10.0; shared interests: 10.0. Would you leave your current partner for the new woman? Your answer must be (YES) or (NO) followed by your reason. You must FOLLOW THIS RULE! You MUST NOT SAY other words.,NO; because your current partner scores higher in sincerity and intelligence; which are important traits weighted heavily in your preferences; suggesting a deeper and potentially more meaningful connection.,518,542,540,0
Assume you are a 30-year-old man with career type Management; currently matched with a partner. Your current partner's scores (out of 10): attractiveness: 5.0/10; sincerity: 8.0/10; intelligence: 8.0/10; being funny: 8.0/10; ambition: nan/10; shared interests: 8.0/10. A new woman is courting you with scores: attractiveness: 4.0/10; sincerity: 4.0/10; intelligence: 7.0/10; being funny: 1.0/10; ambition: 7.0/10; shared interests: 1.0/10. Your importance weights are: attractiveness: 40.0; sincerity: 10.0; intelligence: 20.0; being funny: 10.0; ambition: 0.0; shared interests: 20.0. Would you leave your current partner for the new woman? Your answer must be (YES) or (NO) followed by your reason. You must FOLLOW THIS RULE! You MUST NOT SAY other words.,NO; because your current partner scores significantly higher in almost all the categories that are important to you; including attractiveness; sincerity; being funny; and shared interests; compared to the new woman.,522,548,544,0
Assume you are a 29-year-old man with career type Finance; currently matched with a partner. Your current partner's scores (out of 10): attractiveness: 4.0/10; sincerity: 7.0/10; intelligence: 8.0/10; being funny: 3.0/10; ambition: 8.0/10; shared interests: 2.0/10. A new woman is courting you with scores: attractiveness: 7.0/10; sincerity: 7.0/10; intelligence: 8.0/10; being funny: 4.0/10; ambition: 7.0/10; shared interests: 7.0/10. Your importance weights are: attractiveness: 30.0; sincerity: 20.0; intelligence: 20.0; being funny: 20.0; ambition: 10.0; shared interests: 0.0. Would you leave your current partner for the new woman? Your answer must be (YES) or (NO) followed by your reason. You must FOLLOW THIS RULE! You MUST NOT SAY other words.,NO; because shared interests; despite having a weight of 0; fundamentally impact long-term relationship satisfaction; which is not reflected in the numerical scoring system.,527,536,532,0
Assume you are a 30-year-old single man; and there is a 26-year-old woman who is courting you. Your career type is Management. You evaluated her on six dimensions with scores out of 10. These are attractiveness: 1.0/10; sincerity: 9.0/10; intelligence: 3.0/10; being funny: 6.0/10; ambition: 2.0/10; shared interests: 1.0/10. Your importance weights for these attributes are: attractiveness: 40.0; sincerity: 10.0; intelligence: 20.0; being funny: 10.0; ambition: 0.0; shared interests: 20.0. Would you be willing to date this woman? And also tell me the reason. Your answer must be (YES) or (NO) followed by your reason. You must FOLLOW THIS RULE! You MUST NOT SAY other words.,NO; because her scores on dimensions you highly value such as attractiveness; intelligence; and shared interests are low; which overall may lead to less compatibility based on your priorities.,526,548,,0
Assume you are a 30-year-old man with career type Consulting; currently matched with a partner. Your current partner's scores (out of 10): attractiveness: 5.0/10; sincerity: 8.0/10; intelligence: 7.0/10; being funny: 5.0/10; ambition: 6.0/10; shared interests: 6.0/10. A new woman is courting you with scores: attractiveness: 5.0/10; sincerity: 3.0/10; intelligence: 5.0/10; being funny: 6.0/10; ambition: 8.0/10; shared interests: 5.0/10. Your importance weights are: attractiveness: 35.0; sincerity: 10.0; intelligence: 20.0; being funny: 25.0; ambition: 5.0; shared interests: 5.0. Would you leave your current partner for the new woman? Your answer must be (YES) or (NO) followed by your reason. You must FOLLOW THIS RULE! You MUST NOT SAY other words.,NO; because your current partner has higher overall scores in sincerity; intelligence; and shared interests; which according to your importance weights; values sincerity and intelligence more than the other attributes where the new woman might score higher (ambition and being funny).,516,546,534,0
Assume you are a 29-year-old man with career type Finance; currently matched with a partner. Your current partner's scores (out of 10): attractiveness: 9.0/10; sincerity: 9.0/10; intelligence: 8.0/10; being funny: 10.0/10; ambition: 8.0/10; shared interests: 7.0/10. A new woman is courting you with scores: attractiveness: 4.0/10; sincerity: 9.0/10; intelligence: 8.0/10; being funny: 4.0/10; ambition: 8.0/10; shared interests: 4.0/10. Your importance weights are: attractiveness: 30.0; sincerity: 20.0; intelligence: 20.0; being funny: 20.0; ambition: 10.0; shared interests: 0.0. Would you leave your current partner for the new woman? Your answer must be (YES) or (NO) followed by your reason. You must FOLLOW THIS RULE! You MUST NOT SAY other words.,NO; because your current partner scores significantly higher in categories that hold more weight for you; such as attractiveness and being funny; making them a better match based on your prioritized preferences.,530,536,538,0
Assume you are a 28-year-old man with career type General management/consulting; currently matched with a partner. Your current partner's scores (out of 10): attractiveness: 3.0/10; sincerity: 10.0/10; intelligence: 9.0/10; being funny: 7.0/10; ambition: nan/10; shared interests: 5.0/10. A new woman is courting you with scores: attractiveness: 7.0/10; sincerity: 7.0/10; intelligence: 8.0/10; being funny: 8.0/10; ambition: 7.0/10; shared interests: 6.0/10. Your importance weights are: attractiveness: 20.0; sincerity: 20.0; intelligence: 20.0; being funny: 20.0; ambition: 0.0; shared interests: 20.0. Would you leave your current partner for the new woman? Your answer must be (YES) or (NO) followed by your reason. You must FOLLOW THIS RULE! You MUST NOT SAY other words.,NO; because the higher sincerity and intelligence scores of your current partner align better with your weighted values; indicating a deeper connection based on trust and intellectual compatibility; which are crucial for a long-term relationship.,518,549,540,0
Assume you are a 30-year-old man with career type Consulting; currently matched with a partner. Your current partner's scores (out of 10): attractiveness: 10.0/10; sincerity: 10.0/10; intelligence: 10.0/10; being funny: 10.0/10; ambition: 10.0/10; shared interests: 10.0/10. A new woman is courting you with scores: attractiveness: 6.0/10; sincerity: 5.0/10; intelligence: 5.0/10; being funny: 6.0/10; ambition: 6.0/10; shared interests: 6.0/10. Your importance weights are: attractiveness: 35.0; sincerity: 10.0; intelligence: 20.0; being funny: 25.0; ambition: 5.0; shared interests: 5.0. Would you leave your current partner for the new woman? Your answer must be (YES) or (NO) followed by your reason. You must FOLLOW THIS RULE! You MUST NOT SAY other words.,NO; because your current partner scores higher in every category that is important to you; suggesting a more compatible and satisfying relationship.,523,546,543,0
Assume you are a 26-year-old woman with career type Social Work; currently matched with a partner. Your current partner's scores (out of 10): attractiveness: 7.0/10; sincerity: 8.0/10; intelligence: 8.0/10; being funny: 8.0/10; ambition: 7.0/10; shared interests: 8.0/10. A new man is courting you with scores: attractiveness: 6.0/10; sincerity: 5.0/10; intelligence: 3.0/10; being funny: 7.0/10; ambition: 8.0/10; shared interests: 8.0/10. Your importance weights are: attractiveness: 10.0; sincerity: 10.0; intelligence: 30.0; being funny: 20.0; ambition: 10.0; shared interests: 15.0. Would you leave your current partner for the new man? Your answer must be (YES) or (NO) followed by your reason. You must FOLLOW THIS RULE! You MUST NOT SAY other words.,NO; because your current partner has higher overall compatibility based on your importance weights; particularly in sincerity and intelligence which are highly valued by you.,534,526,516,0
Assume you are a 23-year-old man with career type To go into Finance; currently matched with a partner. Your current partner's scores (out of 10): attractiveness: 5.0/10; sincerity: 8.0/10; intelligence: 8.0/10; being funny: 8.0/10; ambition: nan/10; shared interests: 8.0/10. A new woman is courting you with scores: attractiveness: 6.0/10; sincerity: 5.0/10; intelligence: 4.0/10; being funny: 6.0/10; ambition: 7.0/10; shared interests: 2.0/10. Your importance weights are: attractiveness: 25.0; sincerity: 15.0; intelligence: 20.0; being funny: 20.0; ambition: 10.0; shared interests: 10.0. Would you leave your current partner for the new woman? Your answer must be (YES) or (NO) followed by your reason. You must FOLLOW THIS RULE! You MUST NOT SAY other words.,NO; the current partner has higher compatibility in important traits such as sincerity; intelligence; and being funny; which are more aligned with your weighted preferences.,522,542,544,0
Assume you are a 28-year-old man with career type General management/consulting; currently matched with a partner. Your current partner's scores (out of 10): attractiveness: 5.0/10; sincerity: 8.0/10; intelligence: 8.0/10; being funny: 8.0/10; ambition: nan/10; shared interests: 8.0/10. A new woman is courting you with scores: attractiveness: 6.0/10; sincerity: 8.0/10; intelligence: 8.0/10; being funny: 8.0/10; ambition: 7.0/10; shared interests: 5.0/10. Your importance weights are: attractiveness: 20.0; sincerity: 20.0; intelligence: 20.0; being funny: 20.0; ambition: 0.0; shared interests: 20.0. Would you leave your current partner for the new woman? Your answer must be (YES) or (NO) followed by your reason. You must FOLLOW THIS RULE! You MUST NOT SAY other words.,NO; because the total weighted score for your current partner is higher; indicating better overall compatibility based on your importance weights.,522,549,544,0
Assume you are a 23-year-old man with career type To go into Finance; currently matched with a partner. Your current partner's scores (out of 10): attractiveness: 8.0/10; sincerity: 8.0/10; intelligence: 8.0/10; being funny: 8.0/10; ambition: 9.0/10; shared interests: 9.0/10. A new woman is courting you with scores: attractiveness: 2.0/10; sincerity: 6.0/10; intelligence: 7.0/10; being funny: 6.0/10; ambition: 5.0/10; shared interests: 4.0/10. Your importance weights are: attractiveness: 25.0; sincerity: 15.0; intelligence: 20.0; being funny: 20.0; ambition: 10.0; shared interests: 10.0. Would you leave your current partner for the new woman? Your answer must be (YES) or (NO) followed by your reason. You must FOLLOW THIS RULE! You MUST NOT SAY other words.,NO; because your current partner rates higher in every category; aligning better with your weighted preferences.,525,542,537,0
Assume you are a 30-year-old man with career type Management; currently matched with a partner. Your current partner's scores (out of 10): attractiveness: 4.0/10; sincerity: 6.0/10; intelligence: 5.0/10; being funny: 5.0/10; ambition: 6.0/10; shared interests: 5.0/10. A new woman is courting you with scores: attractiveness: 1.0/10; sincerity: 10.0/10; intelligence: 8.0/10; being funny: 1.0/10; ambition: 8.0/10; shared interests: 1.0/10. Your importance weights are: attractiveness: 40.0; sincerity: 10.0; intelligence: 20.0; being funny: 10.0; ambition: 0.0; shared interests: 20.0. Would you leave your current partner for the new woman? Your answer must be (YES) or (NO) followed by your reason. You must FOLLOW THIS RULE! You MUST NOT SAY other words.,NO; because the current partner scores higher in attractiveness and shared interests; which are heavily weighted in your preference.,529,548,531,0
Assume you are a 28-year-old man with career type General management/consulting; currently matched with a partner. Your current partner's scores (out of 10): attractiveness: 10.0/10; sincerity: 10.0/10; intelligence: 10.0/10; being funny: 10.0/10; ambition: 10.0/10; shared interests: 10.0/10. A new woman is courting you with scores: attractiveness: 3.0/10; sincerity: 7.0/10; intelligence: 6.0/10; being funny: 8.0/10; ambition: 9.0/10; shared interests: 5.0/10. Your importance weights are: attractiveness: 20.0; sincerity: 20.0; intelligence: 20.0; being funny: 20.0; ambition: 0.0; shared interests: 20.0. Would you leave your current partner for the new woman? Your answer must be (YES) or (NO) followed by your reason. You must FOLLOW THIS RULE! You MUST NOT SAY other words.,NO; because your current partner scores perfectly in all categories that are important to you; significantly higher than the new woman courting you.,523,549,543,0
Assume you are a 25-year-old man with career type assistant master of the universe (otherwise it's too much work); currently matched with a partner. Your current partner's scores (out of 10): attractiveness: 4.0/10; sincerity: 7.0/10; intelligence: 8.0/10; being funny: 3.0/10; ambition: 8.0/10; shared interests: 2.0/10. A new woman is courting you with scores: attractiveness: 4.0/10; sincerity: 6.0/10; intelligence: 8.0/10; being funny: 4.0/10; ambition: 4.0/10; shared interests: nan/10. Your importance weights are: attractiveness: 70.0; sincerity: 0.0; intelligence: 15.0; being funny: 15.0; ambition: 0.0; shared interests: 0.0. Would you leave your current partner for the new woman? Your answer must be (YES) or (NO) followed by your reason. You must FOLLOW THIS RULE! You MUST NOT SAY other words.,NO; because the new woman scores lower or equal in every category that you prioritize based on your importance weights; particularly in attractiveness where both score equally and it is your highest weighted factor.,527,552,532,0
Assume you are a 29-year-old man with career type Finance; currently matched with a partner. Your current partner's scores (out of 10): attractiveness: 6.0/10; sincerity: 5.0/10; intelligence: 7.0/10; being funny: 8.0/10; ambition: 6.0/10; shared interests: 6.0/10. A new woman is courting you with scores: attractiveness: 9.0/10; sincerity: 7.0/10; intelligence: 8.0/10; being funny: 4.0/10; ambition: 8.0/10; shared interests: 3.0/10. Your importance weights are: attractiveness: 30.0; sincerity: 20.0; intelligence: 20.0; being funny: 20.0; ambition: 10.0; shared interests: 0.0. Would you leave your current partner for the new woman? Your answer must be (YES) or (NO) followed by your reason. You must FOLLOW THIS RULE! You MUST NOT SAY other words.,NO; because the current partner has a higher score in being funny; which is highly valued; and overall compatibility seems better given the total score calculation based on your weighted preferences.,511,536,551,0
Assume you are a 30-year-old single man; and there is a 26-year-old woman who is courting you. Your career type is Consulting. You evaluated her on six dimensions with scores out of 10. These are attractiveness: 6.0/10; sincerity: 5.0/10; intelligence: 4.0/10; being funny: 3.0/10; ambition: 6.0/10; shared interests: 6.0/10. Your importance weights for these attributes are: attractiveness: 35.0; sincerity: 10.0; intelligence: 20.0; being funny: 25.0; ambition: 5.0; shared interests: 5.0. Would you be willing to date this woman? And also tell me the reason. Your answer must be (YES) or (NO) followed by your reason. You must FOLLOW THIS RULE! You MUST NOT SAY other words.,NO; because the scores and weights indicate a misalignment in key areas that are substantial for your contentment and relationship success; particularly intelligence and humor which are highly valued yet have low scores.,526,546,,0
Assume you are a 28-year-old single man; and there is a 26-year-old woman who is courting you. Your career type is General management/consulting. You evaluated her on six dimensions with scores out of 10. These are attractiveness: 2.0/10; sincerity: 7.0/10; intelligence: 7.0/10; being funny: 8.0/10; ambition: 7.0/10; shared interests: 6.0/10. Your importance weights for these attributes are: attractiveness: 20.0; sincerity: 20.0; intelligence: 20.0; being funny: 20.0; ambition: 0.0; shared interests: 20.0. Would you be willing to date this woman? And also tell me the reason. Your answer must be (YES) or (NO) followed by your reason. You must FOLLOW THIS RULE! You MUST NOT SAY other words.,NO; because the importance weight on attractiveness; which has a low score; significantly impacts the overall compatibility assessment based on your given criteria.,526,549,,0
Assume you are a 30-year-old man with career type Consulting; currently matched with a partner. Your current partner's scores (out of 10): attractiveness: 4.0/10; sincerity: 6.0/10; intelligence: 5.0/10; being funny: 5.0/10; ambition: 6.0/10; shared interests: 5.0/10. A new woman is courting you with scores: attractiveness: 4.0/10; sincerity: 7.0/10; intelligence: 7.0/10; being funny: 4.0/10; ambition: 5.0/10; shared interests: 2.0/10. Your importance weights are: attractiveness: 35.0; sincerity: 10.0; intelligence: 20.0; being funny: 25.0; ambition: 5.0; shared interests: 5.0. Would you leave your current partner for the new woman? Your answer must be (YES) or (NO) followed by your reason. You must FOLLOW THIS RULE! You MUST NOT SAY other words.,NO; because the new woman has significant low scores in being funny and shared interests which are important to you.,529,546,531,0
Assume you are a 30-year-old man with career type Consulting; currently matched with a partner. Your current partner's scores (out of 10): attractiveness: 9.0/10; sincerity: 9.0/10; intelligence: 8.0/10; being funny: 10.0/10; ambition: 8.0/10; shared interests: 7.0/10. A new woman is courting you with scores: attractiveness: 4.0/10; sincerity: 6.0/10; intelligence: 7.0/10; being funny: 4.0/10; ambition: 5.0/10; shared interests: 2.0/10. Your importance weights are: attractiveness: 35.0; sincerity: 10.0; intelligence: 20.0; being funny: 25.0; ambition: 5.0; shared interests: 5.0. Would you leave your current partner for the new woman? Your answer must be (YES) or (NO) followed by your reason. You must FOLLOW THIS RULE! You MUST NOT SAY other words.,NO; your current partner scores higher in areas important to you; particularly attractiveness and being funny; which are highly weighted in your preferences.,530,546,538,0
Assume you are a 23-year-old single man; and there is a 26-year-old woman who is courting you. Your career type is To go into Finance. You evaluated her on six dimensions with scores out of 10. These are attractiveness: 4.0/10; sincerity: 5.0/10; intelligence: 7.0/10; being funny: 6.0/10; ambition: 4.0/10; shared interests: 3.0/10. Your importance weights for these attributes are: attractiveness: 25.0; sincerity: 15.0; intelligence: 20.0; being funny: 20.0; ambition: 10.0; shared interests: 10.0. Would you be willing to date this woman? And also tell me the reason. Your answer must be (YES) or (NO) followed by your reason. You must FOLLOW THIS RULE! You MUST NOT SAY other words.,NO. Based on your weighted importance of each attribute and the scores given; the overall compatibility is relatively low; suggesting that this relationship may not meet your priorities and expectations.,526,542,,0
Assume you are a 25-year-old man with career type assistant master of the universe (otherwise it's too much work); currently matched with a partner. Your current partner's scores (out of 10): attractiveness: 4.0/10; sincerity: 6.0/10; intelligence: 5.0/10; being funny: 5.0/10; ambition: 6.0/10; shared interests: 5.0/10. A new woman is courting you with scores: attractiveness: 4.0/10; sincerity: 6.0/10; intelligence: 5.0/10; being funny: 4.0/10; ambition: nan/10; shared interests: 5.0/10. Your importance weights are: attractiveness: 70.0; sincerity: 0.0; intelligence: 15.0; being funny: 15.0; ambition: 0.0; shared interests: 0.0. Would you leave your current partner for the new woman? Your answer must be (YES) or (NO) followed by your reason. You must FOLLOW THIS RULE! You MUST NOT SAY other words.,NO; because the new woman has the same or lower scores in categories you highly value such as attractiveness and being funny; offering no improvement over your current partner.,529,552,531,0
Assume you are a 28-year-old man with career type General management/consulting; currently matched with a partner. Your current partner's scores (out of 10): attractiveness: 4.0/10; sincerity: 7.0/10; intelligence: 8.0/10; being funny: 3.0/10; ambition: 8.0/10; shared interests: 2.0/10. A new woman is courting you with scores: attractiveness: 5.0/10; sincerity: 7.0/10; intelligence: 7.0/10; being funny: 7.0/10; ambition: 8.0/10; shared interests: 6.0/10. Your importance weights are: attractiveness: 20.0; sincerity: 20.0; intelligence: 20.0; being funny: 20.0; ambition: 0.0; shared interests: 20.0. Would you leave your current partner for the new woman? Your answer must be (YES) or (NO) followed by your reason. You must FOLLOW THIS RULE! You MUST NOT SAY other words.,NO; because the overall weighted scores when calculated based on your importance weights suggest that the qualities improvement in the new woman isn't significantly higher to justify leaving your current partner; especially considering the emotional and relational investments already made.,527,549,532,0
Assume you are a 26-year-old single woman; and there is a 29-year-old man who is courting you. Your career type is Social Work. You evaluated him on six dimensions with scores out of 10. These are attractiveness: 7.0/10; sincerity: 3.0/10; intelligence: 6.0/10; being funny: 5.0/10; ambition: 6.0/10; shared interests: 5.0/10. Your importance weights for these attributes are: attractiveness: 10.0; sincerity: 10.0; intelligence: 30.0; being funny: 20.0; ambition: 10.0; shared interests: 15.0. Would you be willing to date this man? And also tell me the reason. Your answer must be (YES) or (NO) followed by your reason. You must FOLLOW THIS RULE! You MUST NOT SAY other words.,NO; because sincerity is highly important to you and his score is particularly low in this dimension; which might indicate a fundamental values mismatch; potentially leading to trust issues in the relationship.,536,526,,0
Assume you are a 23-year-old man with career type To go into Finance; currently matched with a partner. Your current partner's scores (out of 10): attractiveness: 10.0/10; sincerity: 10.0/10; intelligence: 10.0/10; being funny: 10.0/10; ambition: 10.0/10; shared interests: 10.0/10. A new woman is courting you with scores: attractiveness: 1.0/10; sincerity: 2.0/10; intelligence: 4.0/10; being funny: 6.0/10; ambition: 5.0/10; shared interests: 6.0/10. Your importance weights are: attractiveness: 25.0; sincerity: 15.0; intelligence: 20.0; being funny: 20.0; ambition: 10.0; shared interests: 10.0. Would you leave your current partner for the new woman? Your answer must be (YES) or (NO) followed by your reason. You must FOLLOW THIS RULE! You MUST NOT SAY other words.,NO; because your current partner's scores are significantly higher in every category that matters to you; which suggests a higher overall compatibility and satisfaction with your current partner.,523,542,543,0
Assume you are a 26-year-old woman with career type Social Work; currently matched with a partner. Your current partner's scores (out of 10): attractiveness: 5.0/10; sincerity: 8.0/10; intelligence: 7.0/10; being funny: 8.0/10; ambition: 5.0/10; shared interests: 4.0/10. A new man is courting you with scores: attractiveness: 4.0/10; sincerity: 5.0/10; intelligence: 7.0/10; being funny: 8.0/10; ambition: 6.0/10; shared interests: 5.0/10. Your importance weights are: attractiveness: 10.0; sincerity: 10.0; intelligence: 30.0; being funny: 20.0; ambition: 10.0; shared interests: 15.0. Would you leave your current partner for the new man? Your answer must be (YES) or (NO) followed by your reason. You must FOLLOW THIS RULE! You MUST NOT SAY other words.,NO; because your current partner scores higher in sincerity and they match your weighted importance on intelligence and being funny better than the new man.,537,526,525,0
Assume you are a 23-year-old man with career type To go into Finance; currently matched with a partner. Your current partner's scores (out of 10): attractiveness: 4.0/10; sincerity: 6.0/10; intelligence: 5.0/10; being funny: 5.0/10; ambition: 6.0/10; shared interests: 5.0/10. A new woman is courting you with scores: attractiveness: 1.0/10; sincerity: 6.0/10; intelligence: 5.0/10; being funny: 4.0/10; ambition: 3.0/10; shared interests: 5.0/10. Your importance weights are: attractiveness: 25.0; sincerity: 15.0; intelligence: 20.0; being funny: 20.0; ambition: 10.0; shared interests: 10.0. Would you leave your current partner for the new woman? Your answer must be (YES) or (NO) followed by your reason. You must FOLLOW THIS RULE! You MUST NOT SAY other words.,NO; because the new woman has lower weighted scores in key attributes that are important to you; such as attractiveness and ambition.,529,542,531,0
Assume you are a 23-year-old man with career type To go into Finance; currently matched with a partner. Your current partner's scores (out of 10): attractiveness: 4.0/10; sincerity: 7.0/10; intelligence: 8.0/10; being funny: 3.0/10; ambition: 8.0/10; shared interests: 2.0/10. A new woman is courting you with scores: attractiveness: 1.0/10; sincerity: 7.0/10; intelligence: 6.0/10; being funny: 5.0/10; ambition: 2.0/10; shared interests: 2.0/10. Your importance weights are: attractiveness: 25.0; sincerity: 15.0; intelligence: 20.0; being funny: 20.0; ambition: 10.0; shared interests: 10.0. Would you leave your current partner for the new woman? Your answer must be (YES) or (NO) followed by your reason. You must FOLLOW THIS RULE! You MUST NOT SAY other words.,NO; because your current partner has higher scores in categories that are more important to you; such as intelligence and ambition.,527,542,532,0
Assume you are a 25-year-old man with career type assistant master of the universe (otherwise it's too much work); currently matched with a partner. Your current partner's scores (out of 10): attractiveness: 4.0/10; sincerity: 5.0/10; intelligence: 8.0/10; being funny: 5.0/10; ambition: 8.0/10; shared interests: 4.0/10. A new woman is courting you with scores: attractiveness: 7.0/10; sincerity: nan/10; intelligence: 5.0/10; being funny: 5.0/10; ambition: 5.0/10; shared interests: 4.0/10. Your importance weights are: attractiveness: 70.0; sincerity: 0.0; intelligence: 15.0; being funny: 15.0; ambition: 0.0; shared interests: 0.0. Would you leave your current partner for the new woman? Your answer must be (YES) or (NO) followed by your reason. You must FOLLOW THIS RULE! You MUST NOT SAY other words.,NO; because your current partner has a higher intelligence score; which is significant given its 15.0 importance weight in your evaluation criteria. The new woman; despite her higher attractiveness score; does not surpass the combined value of intelligence and ambition that your current partner offers.,515,552,541,0
Assume you are a 25-year-old single man; and there is a 26-year-old woman who is courting you. Your career type is assistant master of the universe (otherwise it's too much work). You evaluated her on six dimensions with scores out of 10. These are attractiveness: 3.0/10; sincerity: 5.0/10; intelligence: 5.0/10; being funny: 5.0/10; ambition: nan/10; shared interests: nan/10. Your importance weights for these attributes are: attractiveness: 70.0; sincerity: 0.0; intelligence: 15.0; being funny: 15.0; ambition: 0.0; shared interests: 0.0. Would you be willing to date this woman? And also tell me the reason. Your answer must be (YES) or (NO) followed by your reason. You must FOLLOW THIS RULE! You MUST NOT SAY other words.,NO; because her attractiveness score is significantly low in comparison to its high importance weight in your evaluation criteria.,526,552,,0
Assume you are a 30-year-old man with career type Management; currently matched with a partner. Your current partner's scores (out of 10): attractiveness: 9.0/10; sincerity: 9.0/10; intelligence: 8.0/10; being funny: 10.0/10; ambition: 8.0/10; shared interests: 7.0/10. A new woman is courting you with scores: attractiveness: 1.0/10; sincerity: 10.0/10; intelligence: 8.0/10; being funny: 1.0/10; ambition: 8.0/10; shared interests: 1.0/10. Your importance weights are: attractiveness: 40.0; sincerity: 10.0; intelligence: 20.0; being funny: 10.0; ambition: 0.0; shared interests: 20.0. Would you leave your current partner for the new woman? Your answer must be (YES) or (NO) followed by your reason. You must FOLLOW THIS RULE! You MUST NOT SAY other words.,NO; the current partner scores significantly higher in areas you value most such as attractiveness; being funny; and shared interests; which aligns better with your weighted priorities.,530,548,538,0
Assume you are a 29-year-old man with career type Finance; currently matched with a partner. Your current partner's scores (out of 10): attractiveness: 4.0/10; sincerity: 5.0/10; intelligence: 8.0/10; being funny: 5.0/10; ambition: 8.0/10; shared interests: 4.0/10. A new woman is courting you with scores: attractiveness: 8.0/10; sincerity: 6.0/10; intelligence: 6.0/10; being funny: 8.0/10; ambition: 7.0/10; shared interests: 3.0/10. Your importance weights are: attractiveness: 30.0; sincerity: 20.0; intelligence: 20.0; being funny: 20.0; ambition: 10.0; shared interests: 0.0. Would you leave your current partner for the new woman? Your answer must be (YES) or (NO) followed by your reason. You must FOLLOW THIS RULE! You MUST NOT SAY other words.,NO; because the new woman scores lower in areas you value significantly such as intelligence and ambition; and the increase in attractiveness and being funnier does not sufficiently compensate based on your weighted preferences.,515,536,541,0
Assume you are a 29-year-old man with career type Finance; currently matched with a partner. Your current partner's scores (out of 10): attractiveness: 3.0/10; sincerity: 10.0/10; intelligence: 9.0/10; being funny: 7.0/10; ambition: nan/10; shared interests: 5.0/10. A new woman is courting you with scores: attractiveness: 8.0/10; sincerity: 7.0/10; intelligence: 7.0/10; being funny: 7.0/10; ambition: 6.0/10; shared interests: 4.0/10. Your importance weights are: attractiveness: 30.0; sincerity: 20.0; intelligence: 20.0; being funny: 20.0; ambition: 10.0; shared interests: 0.0. Would you leave your current partner for the new woman? Your answer must be (YES) or (NO) followed by your reason. You must FOLLOW THIS RULE! You MUST NOT SAY other words.,NO; because the weighted scores calculated based on your importance weights result in your current partner having a higher overall score compared to the new woman.,518,536,540,0
Assume you are a 26-year-old woman with career type Social Work; currently matched with a partner. Your current partner's scores (out of 10): attractiveness: 7.0/10; sincerity: 8.0/10; intelligence: 8.0/10; being funny: 9.0/10; ambition: 9.0/10; shared interests: 7.0/10. A new man is courting you with scores: attractiveness: 7.0/10; sincerity: 4.0/10; intelligence: 6.0/10; being funny: 7.0/10; ambition: 7.0/10; shared interests: 5.0/10. Your importance weights are: attractiveness: 10.0; sincerity: 10.0; intelligence: 30.0; being funny: 20.0; ambition: 10.0; shared interests: 15.0. Would you leave your current partner for the new man? Your answer must be (YES) or (NO) followed by your reason. You must FOLLOW THIS RULE! You MUST NOT SAY other words.,NO; because your current partner scores higher in sincerity; intelligence; and shared interests which are heavily weighted in your importance scale.,539,526,524,0
Assume you are a 30-year-old man with career type Management; currently matched with a partner. Your current partner's scores (out of 10): attractiveness: 10.0/10; sincerity: 10.0/10; intelligence: 10.0/10; being funny: 10.0/10; ambition: 10.0/10; shared interests: 10.0/10. A new woman is courting you with scores: attractiveness: 1.0/10; sincerity: 10.0/10; intelligence: 6.0/10; being funny: 1.0/10; ambition: 3.0/10; shared interests: 1.0/10. Your importance weights are: attractiveness: 40.0; sincerity: 10.0; intelligence: 20.0; being funny: 10.0; ambition: 0.0; shared interests: 20.0. Would you leave your current partner for the new woman? Your answer must be (YES) or (NO) followed by your reason. You must FOLLOW THIS RULE! You MUST NOT SAY other words.,NO; because your current partner scores perfectly across all categories; aligning well with your priorities; making the best match compared to the new woman who scores significantly lower in key areas important to you.,523,548,543,0
Assume you are a 28-year-old man with career type General management/consulting; currently matched with a partner. Your current partner's scores (out of 10): attractiveness: 4.0/10; sincerity: 6.0/10; intelligence: 5.0/10; being funny: 5.0/10; ambition: 6.0/10; shared interests: 5.0/10. A new woman is courting you with scores: attractiveness: 4.0/10; sincerity: 7.0/10; intelligence: 6.0/10; being funny: 6.0/10; ambition: 7.0/10; shared interests: 6.0/10. Your importance weights are: attractiveness: 20.0; sincerity: 20.0; intelligence: 20.0; being funny: 20.0; ambition: 0.0; shared interests: 20.0. Would you leave your current partner for the new woman? Your answer must be (YES) or (NO) followed by your reason. You must FOLLOW THIS RULE! You MUST NOT SAY other words.,NO; because based on your weighted importance; the slight improvements in certain attributes of the new woman do not significantly outweigh the established relationship and mutual understanding you have with your current partner.,529,549,531,0
Assume you are a 29-year-old man with career type Finance; currently matched with a partner. Your current partner's scores (out of 10): attractiveness: 10.0/10; sincerity: 10.0/10; intelligence: 10.0/10; being funny: 10.0/10; ambition: 10.0/10; shared interests: 10.0/10. A new woman is courting you with scores: attractiveness: 4.0/10; sincerity: 8.0/10; intelligence: 7.0/10; being funny: 6.0/10; ambition: 6.0/10; shared interests: 3.0/10. Your importance weights are: attractiveness: 30.0; sincerity: 20.0; intelligence: 20.0; being funny: 20.0; ambition: 10.0; shared interests: 0.0. Would you leave your current partner for the new woman? Your answer must be (YES) or (NO) followed by your reason. You must FOLLOW THIS RULE! You MUST NOT SAY other words.,NO; because your current partner has perfect scores across all attributes that matter to you; significantly outscoring the new woman in every category; including your highest weighted categories.,523,536,543,0
Assume you are a 23-year-old man with career type To go into Finance; currently matched with a partner. Your current partner's scores (out of 10): attractiveness: 9.0/10; sincerity: 9.0/10; intelligence: 8.0/10; being funny: 10.0/10; ambition: 8.0/10; shared interests: 7.0/10. A new woman is courting you with scores: attractiveness: 1.0/10; sincerity: 7.0/10; intelligence: 8.0/10; being funny: 2.0/10; ambition: 3.0/10; shared interests: 4.0/10. Your importance weights are: attractiveness: 25.0; sincerity: 15.0; intelligence: 20.0; being funny: 20.0; ambition: 10.0; shared interests: 10.0. Would you leave your current partner for the new woman? Your answer must be (YES) or (NO) followed by your reason. You must FOLLOW THIS RULE! You MUST NOT SAY other words.,NO; because your current partner scores significantly higher in every category that is important to you according to your weighted preferences; indicating a stronger overall compatibility.,530,542,538,0
Assume you are a 26-year-old woman with career type Social Work; currently matched with a partner. Your current partner's scores (out of 10): attractiveness: 7.0/10; sincerity: 6.0/10; intelligence: 6.0/10; being funny: 7.0/10; ambition: 7.0/10; shared interests: 4.0/10. A new man is courting you with scores: attractiveness: 3.0/10; sincerity: 7.0/10; intelligence: 8.0/10; being funny: 5.0/10; ambition: 9.0/10; shared interests: 5.0/10. Your importance weights are: attractiveness: 10.0; sincerity: 10.0; intelligence: 30.0; being funny: 20.0; ambition: 10.0; shared interests: 15.0. Would you leave your current partner for the new man? Your answer must be (YES) or (NO) followed by your reason. You must FOLLOW THIS RULE! You MUST NOT SAY other words.,NO; because your current partner has higher scores in categories that are more important to you; such as attractiveness and being funny; which together make up 30% of the weighted importance in your relationship evaluation.,540,526,518,0
Assume you are a 30-year-old man with career type Management; currently matched with a partner. Your current partner's scores (out of 10): attractiveness: 4.0/10; sincerity: 7.0/10; intelligence: 8.0/10; being funny: 3.0/10; ambition: 8.0/10; shared interests: 2.0/10. A new woman is courting you with scores: attractiveness: 2.0/10; sincerity: 5.0/10; intelligence: 5.0/10; being funny: 3.0/10; ambition: 2.0/10; shared interests: 1.0/10. Your importance weights are: attractiveness: 40.0; sincerity: 10.0; intelligence: 20.0; being funny: 10.0; ambition: 0.0; shared interests: 20.0. Would you leave your current partner for the new woman? Your answer must be (YES) or (NO) followed by your reason. You must FOLLOW THIS RULE! You MUST NOT SAY other words.,NO; because your current partner scores higher in the categories you value most; including intelligence and sincerity; compared to the new woman who has lower scores across all categories.,527,548,532,0
Assume you are a 30-year-old man with career type Management; currently matched with a partner. Your current partner's scores (out of 10): attractiveness: 8.0/10; sincerity: 9.0/10; intelligence: 9.0/10; being funny: 6.0/10; ambition: 5.0/10; shared interests: 5.0/10. A new woman is courting you with scores: attractiveness: 3.0/10; sincerity: 6.0/10; intelligence: 2.0/10; being funny: 2.0/10; ambition: 2.0/10; shared interests: 1.0/10. Your importance weights are: attractiveness: 40.0; sincerity: 10.0; intelligence: 20.0; being funny: 10.0; ambition: 0.0; shared interests: 20.0. Would you leave your current partner for the new woman? Your answer must be (YES) or (NO) followed by your reason. You must FOLLOW THIS RULE! You MUST NOT SAY other words.,NO; your current partner scores significantly higher in the areas you value most; including attractiveness; intelligence; and sincerity; which align well with your importance weights.,514,548,533,0
Assume you are a 29-year-old man with career type Finance; currently matched with a partner. Your current partner's scores (out of 10): attractiveness: 8.0/10; sincerity: 8.0/10; intelligence: 8.0/10; being funny: 8.0/10; ambition: 9.0/10; shared interests: 9.0/10. A new woman is courting you with scores: attractiveness: 5.0/10; sincerity: 8.0/10; intelligence: 6.0/10; being funny: 6.0/10; ambition: 7.0/10; shared interests: 3.0/10. Your importance weights are: attractiveness: 30.0; sincerity: 20.0; intelligence: 20.0; being funny: 20.0; ambition: 10.0; shared interests: 0.0. Would you leave your current partner for the new woman? Your answer must be (YES) or (NO) followed by your reason. You must FOLLOW THIS RULE! You MUST NOT SAY other words.,NO; because your current partner has higher scores in most categories that are important to you; including those with the highest weights such as attractiveness and intelligence.,525,536,537,0
Assume you are a 30-year-old man with career type Management; currently matched with a partner. Your current partner's scores (out of 10): attractiveness: 8.0/10; sincerity: 8.0/10; intelligence: 8.0/10; being funny: 8.0/10; ambition: 9.0/10; shared interests: 9.0/10. A new woman is courting you with scores: attractiveness: 1.0/10; sincerity: 5.0/10; intelligence: 3.0/10; being funny: 1.0/10; ambition: 1.0/10; shared interests: 1.0/10. Your importance weights are: attractiveness: 40.0; sincerity: 10.0; intelligence: 20.0; being funny: 10.0; ambition: 0.0; shared interests: 20.0. Would you leave your current partner for the new woman? Your answer must be (YES) or (NO) followed by your reason. You must FOLLOW THIS RULE! You MUST NOT SAY other words.,NO; because your current partner scores higher in every category that is important to you according to your given weights; making them a better match overall compared to the new woman.,525,548,537,0
Assume you are a 28-year-old man with career type General management/consulting; currently matched with a partner. Your current partner's scores (out of 10): attractiveness: 9.0/10; sincerity: 9.0/10; intelligence: 8.0/10; being funny: 10.0/10; ambition: 8.0/10; shared interests: 7.0/10. A new woman is courting you with scores: attractiveness: 4.0/10; sincerity: 7.0/10; intelligence: 7.0/10; being funny: 7.0/10; ambition: 7.0/10; shared interests: 6.0/10. Your importance weights are: attractiveness: 20.0; sincerity: 20.0; intelligence: 20.0; being funny: 20.0; ambition: 0.0; shared interests: 20.0. Would you leave your current partner for the new woman? Your answer must be (YES) or (NO) followed by your reason. You must FOLLOW THIS RULE! You MUST NOT SAY other words.,NO; because your current partner scores higher in all categories that are important to you based on your weighted preferences.,530,549,538,0
Assume you are a 26-year-old woman with career type Social Work; currently matched with a partner. Your current partner's scores (out of 10): attractiveness: 9.0/10; sincerity: 9.0/10; intelligence: 9.0/10; being funny: 8.0/10; ambition: 7.0/10; shared interests: 5.0/10. A new man is courting you with scores: attractiveness: 4.0/10; sincerity: 7.0/10; intelligence: 7.0/10; being funny: 5.0/10; ambition: 7.0/10; shared interests: 5.0/10. Your importance weights are: attractiveness: 10.0; sincerity: 10.0; intelligence: 30.0; being funny: 20.0; ambition: 10.0; shared interests: 15.0. Would you leave your current partner for the new man? Your answer must be (YES) or (NO) followed by your reason. You must FOLLOW THIS RULE! You MUST NOT SAY other words.,NO; because your current partner scores significantly higher in the areas you value most; like intelligence; sincerity; and being funny.,541,526,515,0
Assume you are a 25-year-old man with career type assistant master of the universe (otherwise it's too much work); currently matched with a partner. Your current partner's scores (out of 10): attractiveness: 9.0/10; sincerity: 9.0/10; intelligence: 8.0/10; being funny: 10.0/10; ambition: 8.0/10; shared interests: 7.0/10. A new woman is courting you with scores: attractiveness: 3.0/10; sincerity: 7.0/10; intelligence: 6.0/10; being funny: 4.0/10; ambition: 8.0/10; shared interests: 1.0/10. Your importance weights are: attractiveness: 70.0; sincerity: 0.0; intelligence: 15.0; being funny: 15.0; ambition: 0.0; shared interests: 0.0. Would you leave your current partner for the new woman? Your answer must be (YES) or (NO) followed by your reason. You must FOLLOW THIS RULE! You MUST NOT SAY other words.,NO; because your current partner scores significantly higher in the categories you value most; particularly attractiveness; which has the highest weight in your importance scale.,530,552,538,0
Assume you are a 29-year-old single man; and there is a 26-year-old woman who is courting you. Your career type is Finance. You evaluated her on six dimensions with scores out of 10. These are attractiveness: 4.0/10; sincerity: 8.0/10; intelligence: 4.0/10; being funny: 5.0/10; ambition: 5.0/10; shared interests: 3.0/10. Your importance weights for these attributes are: attractiveness: 30.0; sincerity: 20.0; intelligence: 20.0; being funny: 20.0; ambition: 10.0; shared interests: 0.0. Would you be willing to date this woman? And also tell me the reason. Your answer must be (YES) or (NO) followed by your reason. You must FOLLOW THIS RULE! You MUST NOT SAY other words.,NO; because the weighted scores based on your importance for each attribute indicate that the overall compatibility and satisfaction might be low as crucial aspects for you like attractiveness and intelligence are not aligned with your preferences.,526,536,,0
Assume you are a 25-year-old man with career type assistant master of the universe (otherwise it's too much work); currently matched with a partner. Your current partner's scores (out of 10): attractiveness: 6.0/10; sincerity: 5.0/10; intelligence: 7.0/10; being funny: 8.0/10; ambition: 6.0/10; shared interests: 6.0/10. A new woman is courting you with scores: attractiveness: 7.0/10; sincerity: 5.0/10; intelligence: 5.0/10; being funny: 4.0/10; ambition: 5.0/10; shared interests: 1.0/10. Your importance weights are: attractiveness: 70.0; sincerity: 0.0; intelligence: 15.0; being funny: 15.0; ambition: 0.0; shared interests: 0.0. Would you leave your current partner for the new woman? Your answer must be (YES) or (NO) followed by your reason. You must FOLLOW THIS RULE! You MUST NOT SAY other words.,NO; because your current partner scores higher overall according to your weighted importance; particularly in intelligence and being funny; which are more significant to you than the slight increase in attractiveness offered by the new woman.,511,552,551,0
Assume you are a 29-year-old man with career type Finance; currently matched with a partner. Your current partner's scores (out of 10): attractiveness: 8.0/10; sincerity: 9.0/10; intelligence: 9.0/10; being funny: 6.0/10; ambition: 5.0/10; shared interests: 5.0/10. A new woman is courting you with scores: attractiveness: 2.0/10; sincerity: 5.0/10; intelligence: 4.0/10; being funny: 1.0/10; ambition: 4.0/10; shared interests: 2.0/10. Your importance weights are: attractiveness: 30.0; sincerity: 20.0; intelligence: 20.0; being funny: 20.0; ambition: 10.0; shared interests: 0.0. Would you leave your current partner for the new woman? Your answer must be (YES) or (NO) followed by your reason. You must FOLLOW THIS RULE! You MUST NOT SAY other words.,NO; because your current partner has higher scores in all the categories that are important to you.,514,536,533,0
Assume you are a 26-year-old single woman; and there is a 30-year-old man who is courting you. Your career type is Social Work. You evaluated him on six dimensions with scores out of 10. These are attractiveness: 9.0/10; sincerity: 7.0/10; intelligence: 8.0/10; being funny: 5.0/10; ambition: nan/10; shared interests: 5.0/10. Your importance weights for these attributes are: attractiveness: 10.0; sincerity: 10.0; intelligence: 30.0; being funny: 20.0; ambition: 10.0; shared interests: 15.0. Would you be willing to date this man? And also tell me the reason. Your answer must be (YES) or (NO) followed by your reason. You must FOLLOW THIS RULE! You MUST NOT SAY other words.,NO; because the information on his ambition is missing (NaN) and it is an important dimension with a weight of 10.0. Moreover; low scores in being funny and shared interests; which have significant weights; might affect the compatibility and enjoyment in the relationship.,546,526,,0
Assume you are a 26-year-old single woman; and there is a 30-year-old man who is courting you. Your career type is Social Work. You evaluated him on six dimensions with scores out of 10. These are attractiveness: 8.0/10; sincerity: 5.0/10; intelligence: 7.0/10; being funny: 6.0/10; ambition: 7.0/10; shared interests: 5.0/10. Your importance weights for these attributes are: attractiveness: 10.0; sincerity: 10.0; intelligence: 30.0; being funny: 20.0; ambition: 10.0; shared interests: 15.0. Would you be willing to date this man? And also tell me the reason. Your answer must be (YES) or (NO) followed by your reason. You must FOLLOW THIS RULE! You MUST NOT SAY other words.,NO; sincerity and shared interests; which are important to you; have low scores; and this might impact the quality of the relationship.,547,526,,0
Assume you are a 26-year-old single woman; and there is a 30-year-old man who is courting you. Your career type is Social Work. You evaluated him on six dimensions with scores out of 10. These are attractiveness: 10.0/10; sincerity: 5.0/10; intelligence: 7.0/10; being funny: 5.0/10; ambition: 8.0/10; shared interests: 5.0/10. Your importance weights for these attributes are: attractiveness: 10.0; sincerity: 10.0; intelligence: 30.0; being funny: 20.0; ambition: 10.0; shared interests: 15.0. Would you be willing to date this man? And also tell me the reason. Your answer must be (YES) or (NO) followed by your reason. You must FOLLOW THIS RULE! You MUST NOT SAY other words.,NO; because his sincerity and shared interests scores are too low for the high importance you place on them.,548,526,,0
Assume you are a 26-year-old woman with career type Social Work; currently matched with a partner. Your current partner's scores (out of 10): attractiveness: 5.0/10; sincerity: 7.0/10; intelligence: 7.0/10; being funny: 6.0/10; ambition: 9.0/10; shared interests: 3.0/10. A new man is courting you with scores: attractiveness: 6.0/10; sincerity: 7.0/10; intelligence: 6.0/10; being funny: 2.0/10; ambition: 5.0/10; shared interests: 2.0/10. Your importance weights are: attractiveness: 10.0; sincerity: 10.0; intelligence: 30.0; being funny: 20.0; ambition: 10.0; shared interests: 15.0. Would you leave your current partner for the new man? Your answer must be (YES) or (NO) followed by your reason. You must FOLLOW THIS RULE! You MUST NOT SAY other words.,NO; because the new man scores lower in intelligence; being funny; and ambition; which are the qualities you prioritize most according to your importance weights.,533,526,514,0
Assume you are a 26-year-old single woman; and there is a 23-year-old man who is courting you. Your career type is Social Work. You evaluated him on six dimensions with scores out of 10. These are attractiveness: 7.0/10; sincerity: 5.0/10; intelligence: 3.0/10; being funny: 3.0/10; ambition: 7.0/10; shared interests: 5.0/10. Your importance weights for these attributes are: attractiveness: 10.0; sincerity: 10.0; intelligence: 30.0; being funny: 20.0; ambition: 10.0; shared interests: 15.0. Would you be willing to date this man? And also tell me the reason. Your answer must be (YES) or (NO) followed by your reason. You must FOLLOW THIS RULE! You MUST NOT SAY other words.,NO; because the weighted scores for intelligence and being funny; which are highly valued attributes; are low; indicating compatibility issues based on your priorities.,542,526,,0
Assume you are a 26-year-old single woman; and there is a 30-year-old man who is courting you. Your career type is Social Work. You evaluated him on six dimensions with scores out of 10. These are attractiveness: 5.0/10; sincerity: 5.0/10; intelligence: 5.0/10; being funny: 3.0/10; ambition: 7.0/10; shared interests: 2.0/10. Your importance weights for these attributes are: attractiveness: 10.0; sincerity: 10.0; intelligence: 30.0; being funny: 20.0; ambition: 10.0; shared interests: 15.0. Would you be willing to date this man? And also tell me the reason. Your answer must be (YES) or (NO) followed by your reason. You must FOLLOW THIS RULE! You MUST NOT SAY other words.,NO; the weighted scores on critical dimensions like intelligence; being funny; and shared interests are too low; which suggests a lack of compatibility and fulfillment in the relationship based on your priorities.,550,526,,0
Assume you are a 26-year-old single woman; and there is a 25-year-old man who is courting you. Your career type is Social Work. You evaluated him on six dimensions with scores out of 10. These are attractiveness: 10.0/10; sincerity: 5.0/10; intelligence: 3.0/10; being funny: 2.0/10; ambition: 6.0/10; shared interests: 5.0/10. Your importance weights for these attributes are: attractiveness: 10.0; sincerity: 10.0; intelligence: 30.0; being funny: 20.0; ambition: 10.0; shared interests: 15.0. Would you be willing to date this man? And also tell me the reason. Your answer must be (YES) or (NO) followed by your reason. You must FOLLOW THIS RULE! You MUST NOT SAY other words.,NO; the scores for intelligence and being funny are significantly low considering their high importance weights in your evaluation criteria; which could lead to compatibility issues in the relationship.,552,526,,0
Assume you are a 26-year-old woman with career type Social Work; currently matched with a partner. Your current partner's scores (out of 10): attractiveness: 10.0/10; sincerity: 10.0/10; intelligence: 10.0/10; being funny: 10.0/10; ambition: 10.0/10; shared interests: 10.0/10. A new man is courting you with scores: attractiveness: 2.0/10; sincerity: 6.0/10; intelligence: 6.0/10; being funny: 3.0/10; ambition: 7.0/10; shared interests: 3.0/10. Your importance weights are: attractiveness: 10.0; sincerity: 10.0; intelligence: 30.0; being funny: 20.0; ambition: 10.0; shared interests: 15.0. Would you leave your current partner for the new man? Your answer must be (YES) or (NO) followed by your reason. You must FOLLOW THIS RULE! You MUST NOT SAY other words.,NO; because your current partner scores significantly higher in all categories that are important to you; indicating a stronger compatibility overall.,543,526,523,0
Assume you are a 26-year-old woman with career type Social Work; currently matched with a partner. Your current partner's scores (out of 10): attractiveness: 7.0/10; sincerity: 7.0/10; intelligence: 7.0/10; being funny: 7.0/10; ambition: 7.0/10; shared interests: 7.0/10. A new man is courting you with scores: attractiveness: 5.0/10; sincerity: 2.0/10; intelligence: 6.0/10; being funny: 3.0/10; ambition: 2.0/10; shared interests: 3.0/10. Your importance weights are: attractiveness: 10.0; sincerity: 10.0; intelligence: 30.0; being funny: 20.0; ambition: 10.0; shared interests: 15.0. Would you leave your current partner for the new man? Your answer must be (YES) or (NO) followed by your reason. You must FOLLOW THIS RULE! You MUST NOT SAY other words.,NO; because your current partner scores higher in every category; indicating a much better overall compatibility based on your importance weights.,544,526,522,0
Assume you are a 26-year-old woman with career type Social Work; currently matched with a partner. Your current partner's scores (out of 10): attractiveness: 7.0/10; sincerity: 6.0/10; intelligence: 7.0/10; being funny: 6.0/10; ambition: 5.0/10; shared interests: 5.0/10. A new man is courting you with scores: attractiveness: 3.0/10; sincerity: 7.0/10; intelligence: 7.0/10; being funny: 1.0/10; ambition: 1.0/10; shared interests: 3.0/10. Your importance weights are: attractiveness: 10.0; sincerity: 10.0; intelligence: 30.0; being funny: 20.0; ambition: 10.0; shared interests: 15.0. Would you leave your current partner for the new man? Your answer must be (YES) or (NO) followed by your reason. You must FOLLOW THIS RULE! You MUST NOT SAY other words.,NO; because the new man scores lower in areas that are important to you such as being funny; ambition; and shared interests; which are heavily weighted in your importance preferences.,532,526,527,0
